cpu-bind=MASK - lcn1312, task  0  0 [298770]: mask |BBBBBBBB|BBBBBBBB|BBBBBBBB|BBBBBBBB|BBBBBBBB|BBBBBBBB|BBBBBBBB|BBBBBBBB|BBBBBBBB|BBBBBBBB|BBBBBBBB|BBBBBBBB||||BBBBBBBB|BBBBBBBB|BBBBBBBB|BBBBBBBB|BBBBBBBB|BBBBBBBB|BBBBBBBB|BBBBBBBB|BBBBBBBB|BBBBBBBB|BBBBBBBB|BBBBBBBB|  set
Running "module reset". Resetting modules to system default. The following $MODULEPATH directories have been removed: None
Running "module reset". Resetting modules to system default. The following $MODULEPATH directories have been removed: None
malloc(): unsorted double linked list corrupted

Program received signal SIGABRT: Process abort signal.

Backtrace for this error:
malloc(): unsorted double linked list corrupted

Program received signal SIGABRT: Process abort signal.

Backtrace for this error:
corrupted double-linked list

Program received signal SIGABRT: Process abort signal.

Backtrace for this error:
malloc(): unsorted double linked list corrupted

Program received signal SIGABRT: Process abort signal.

Backtrace for this error:
malloc(): unsorted double linked list corrupted

Program received signal SIGABRT: Process abort signal.

Backtrace for this error:
malloc(): unsorted double linked list corrupted

Program received signal SIGABRT: Process abort signal.

Backtrace for this error:
malloc(): unsorted double linked list corrupted

Program received signal SIGABRT: Process abort signal.

Backtrace for this error:
malloc(): unsorted double linked list corrupted
malloc(): unsorted double linked list corrupted

Program received signal SIGABRT: Process abort signal.

Backtrace for this error:
corrupted double-linked list

Program received signal SIGABRT: Process abort signal.

Backtrace for this error:
corrupted double-linked list

Program received signal SIGABRT: Process abort signal.

Backtrace for this error:
malloc(): unsorted double linked list corrupted

Program received signal SIGABRT: Process abort signal.

Backtrace for this error:
malloc(): unsorted double linked list corrupted

Program received signal SIGABRT: Process abort signal.

Backtrace for this error:
malloc(): unsorted double linked list corrupted

Program received signal SIGABRT: Process abort signal.

Backtrace for this error:
malloc(): unsorted double linked list corrupted

Program received signal SIGABRT: Process abort signal.

Backtrace for this error:
malloc(): unsorted double linked list corrupted

Program received signal SIGABRT: Process abort signal.

Backtrace for this error:
malloc(): unsorted double linked list corrupted

Program received signal SIGABRT: Process abort signal.

Backtrace for this error:
malloc(): unsorted double linked list corrupted

Program received signal SIGABRT: Process abort signal.

Backtrace for this error:
malloc(): unsorted double linked list corrupted

Program received signal SIGABRT: Process abort signal.

Backtrace for this error:
malloc(): unsorted double linked list corrupted
corrupted double-linked list

Program received signal SIGABRT: Process abort signal.

Backtrace for this error:
corrupted double-linked list

Program received signal SIGABRT: Process abort signal.

Backtrace for this error:
malloc(): unsorted double linked list corrupted

Program received signal SIGABRT: Process abort signal.

Backtrace for this error:
malloc(): unsorted double linked list corrupted
corrupted double-linked list

Program received signal SIGABRT: Process abort signal.

Backtrace for this error:
corrupted double-linked list

Program received signal SIGABRT: Process abort signal.

Backtrace for this error:
malloc(): unsorted double linked list corrupted

Program received signal SIGABRT: Process abort signal.

Backtrace for this error:
malloc(): unsorted double linked list corrupted

Program received signal SIGABRT: Process abort signal.

Backtrace for this error:
malloc(): unsorted double linked list corrupted

Program received signal SIGABRT: Process abort signal.

Backtrace for this error:
corrupted double-linked list

Program received signal SIGABRT: Process abort signal.

Backtrace for this error:
malloc(): unsorted double linked list corrupted

Program received signal SIGABRT: Process abort signal.

Backtrace for this error:
malloc(): unsorted double linked list corrupted

Program received signal SIGABRT: Process abort signal.

Backtrace for this error:
malloc(): unsorted double linked list corrupted

Program received signal SIGABRT: Process abort signal.

Backtrace for this error:
malloc(): unsorted double linked list corrupted
malloc(): unsorted double linked list corrupted

Program received signal SIGABRT: Process abort signal.

Backtrace for this error:
malloc(): unsorted double linked list corrupted

Program received signal SIGABRT: Process abort signal.

Backtrace for this error:
corrupted double-linked list

Program received signal SIGABRT: Process abort signal.

Backtrace for this error:
malloc(): unsorted double linked list corrupted
malloc(): unsorted double linked list corrupted

Program received signal SIGABRT: Process abort signal.

Backtrace for this error:
malloc(): unsorted double linked list corrupted

Program received signal SIGABRT: Process abort signal.

Backtrace for this error:

Program received signal SIGABRT: Process abort signal.

Backtrace for this error:
malloc(): unsorted double linked list corrupted

Program received signal SIGABRT: Process abort signal.

Backtrace for this error:
malloc(): unsorted double linked list corrupted

Program received signal SIGABRT: Process abort signal.

Backtrace for this error:
malloc(): unsorted double linked list corrupted

Program received signal SIGABRT: Process abort signal.

Backtrace for this error:
malloc(): unsorted double linked list corrupted

Program received signal SIGABRT: Process abort signal.

Backtrace for this error:
corrupted double-linked list
corrupted double-linked list

Program received signal SIGABRT: Process abort signal.

Backtrace for this error:
malloc(): unsorted double linked list corrupted

Program received signal SIGABRT: Process abort signal.

Backtrace for this error:
malloc(): unsorted double linked list corrupted

Program received signal SIGABRT: Process abort signal.

Backtrace for this error:
malloc(): unsorted double linked list corrupted

Program received signal SIGABRT: Process abort signal.

Backtrace for this error:

Program received signal SIGABRT: Process abort signal.

Backtrace for this error:
malloc(): unsorted double linked list corrupted

Program received signal SIGABRT: Process abort signal.

Backtrace for this error:

Program received signal SIGABRT: Process abort signal.

Backtrace for this error:
malloc(): unsorted double linked list corrupted
malloc(): unsorted double linked list corrupted

Program received signal SIGABRT: Process abort signal.

Backtrace for this error:
malloc(): unsorted double linked list corrupted

Program received signal SIGABRT: Process abort signal.

Backtrace for this error:

Program received signal SIGABRT: Process abort signal.

Backtrace for this error:
malloc(): unsorted double linked list corrupted

Program received signal SIGABRT: Process abort signal.

Backtrace for this error:
malloc(): unsorted double linked list corrupted

Program received signal SIGABRT: Process abort signal.

Backtrace for this error:
malloc(): unsorted double linked list corrupted

Program received signal SIGABRT: Process abort signal.

Backtrace for this error:
malloc(): unsorted double linked list corrupted
malloc(): unsorted double linked list corrupted
malloc(): unsorted double linked list corrupted

Program received signal SIGABRT: Process abort signal.

Backtrace for this error:
malloc(): unsorted double linked list corrupted

Program received signal SIGABRT: Process abort signal.

Backtrace for this error:
malloc(): unsorted double linked list corrupted
malloc(): unsorted double linked list corrupted
malloc(): unsorted double linked list corrupted

Program received signal SIGABRT: Process abort signal.

Backtrace for this error:
malloc(): unsorted double linked list corrupted

Program received signal SIGABRT: Process abort signal.

Backtrace for this error:
malloc(): unsorted double linked list corrupted

Program received signal SIGABRT: Process abort signal.

Backtrace for this error:
malloc(): unsorted double linked list corrupted

Program received signal SIGABRT: Process abort signal.

Backtrace for this error:
malloc(): unsorted double linked list corrupted

Program received signal SIGABRT: Process abort signal.

Backtrace for this error:

Program received signal SIGABRT: Process abort signal.

Backtrace for this error:

Program received signal SIGABRT: Process abort signal.

Backtrace for this error:
malloc(): unsorted double linked list corrupted

Program received signal SIGABRT: Process abort signal.

Backtrace for this error:
malloc(): unsorted double linked list corrupted

Program received signal SIGABRT: Process abort signal.

Backtrace for this error:

Program received signal SIGABRT: Process abort signal.

Backtrace for this error:
corrupted double-linked list

Program received signal SIGABRT: Process abort signal.

Backtrace for this error:

Program received signal SIGABRT: Process abort signal.

Backtrace for this error:
malloc(): unsorted double linked list corrupted

Program received signal SIGABRT: Process abort signal.

Backtrace for this error:
malloc(): unsorted double linked list corrupted
malloc(): unsorted double linked list corrupted

Program received signal SIGABRT: Process abort signal.

Backtrace for this error:
corrupted double-linked list
malloc(): unsorted double linked list corrupted

Program received signal SIGABRT: Process abort signal.

Backtrace for this error:

Program received signal SIGABRT: Process abort signal.

Backtrace for this error:
malloc(): unsorted double linked list corrupted
malloc(): unsorted double linked list corrupted

Program received signal SIGABRT: Process abort signal.

Backtrace for this error:
malloc(): unsorted double linked list corrupted
malloc(): unsorted double linked list corrupted

Program received signal SIGABRT: Process abort signal.

Backtrace for this error:

Program received signal SIGABRT: Process abort signal.

Backtrace for this error:
malloc(): unsorted double linked list corrupted
malloc(): unsorted double linked list corrupted

Program received signal SIGABRT: Process abort signal.

Backtrace for this error:

Program received signal SIGABRT: Process abort signal.

Backtrace for this error:
malloc(): unsorted double linked list corrupted

Program received signal SIGABRT: Process abort signal.

Backtrace for this error:
corrupted double-linked list

Program received signal SIGABRT: Process abort signal.

Backtrace for this error:
malloc(): unsorted double linked list corrupted

Program received signal SIGABRT: Process abort signal.

Backtrace for this error:
malloc(): unsorted double linked list corrupted
malloc(): unsorted double linked list corrupted

Program received signal SIGABRT: Process abort signal.

Backtrace for this error:
corrupted double-linked list

Program received signal SIGABRT: Process abort signal.

Backtrace for this error:
malloc(): unsorted double linked list corrupted

Program received signal SIGABRT: Process abort signal.

Backtrace for this error:
malloc(): unsorted double linked list corrupted
malloc(): unsorted double linked list corrupted

Program received signal SIGABRT: Process abort signal.

Backtrace for this error:
corrupted double-linked list

Program received signal SIGABRT: Process abort signal.

Backtrace for this error:
malloc(): unsorted double linked list corrupted
malloc(): unsorted double linked list corrupted
malloc(): unsorted double linked list corrupted

Program received signal SIGABRT: Process abort signal.

Backtrace for this error:

Program received signal SIGABRT: Process abort signal.

Backtrace for this error:
malloc(): unsorted double linked list corrupted

Program received signal SIGABRT: Process abort signal.

Backtrace for this error:
malloc(): unsorted double linked list corrupted

Program received signal SIGABRT: Process abort signal.

Backtrace for this error:
malloc(): unsorted double linked list corrupted

Program received signal SIGABRT: Process abort signal.

Backtrace for this error:
corrupted double-linked list
malloc(): unsorted double linked list corrupted

Program received signal SIGABRT: Process abort signal.

Backtrace for this error:
malloc(): unsorted double linked list corrupted

Program received signal SIGABRT: Process abort signal.

Backtrace for this error:
malloc(): unsorted double linked list corrupted

Program received signal SIGABRT: Process abort signal.

Backtrace for this error:
malloc(): unsorted double linked list corrupted
malloc(): unsorted double linked list corrupted

Program received signal SIGABRT: Process abort signal.

Backtrace for this error:

Program received signal SIGABRT: Process abort signal.

Backtrace for this error:
malloc(): unsorted double linked list corrupted

Program received signal SIGABRT: Process abort signal.

Backtrace for this error:
malloc(): unsorted double linked list corrupted
malloc(): unsorted double linked list corrupted
malloc(): unsorted double linked list corrupted

Program received signal SIGABRT: Process abort signal.

Backtrace for this error:
malloc(): unsorted double linked list corrupted

Program received signal SIGABRT: Process abort signal.

Backtrace for this error:

Program received signal SIGABRT: Process abort signal.

Backtrace for this error:
corrupted double-linked list

Program received signal SIGABRT: Process abort signal.
malloc(): unsorted double linked list corrupted
malloc(): unsorted double linked list corrupted
malloc(): unsorted double linked list corrupted

Program received signal SIGABRT: Process abort signal.

Backtrace for this error:

Program received signal SIGABRT: Process abort signal.

Backtrace for this error:
malloc(): unsorted double linked list corrupted

Program received signal SIGABRT: Process abort signal.

Backtrace for this error:

Program received signal SIGABRT: Process abort signal.

Backtrace for this error:

Program received signal SIGABRT: Process abort signal.

Backtrace for this error:
malloc(): unsorted double linked list corrupted

Program received signal SIGABRT: Process abort signal.

Backtrace for this error:

Program received signal SIGABRT: Process abort signal.

Backtrace for this error:
malloc(): unsorted double linked list corrupted
malloc(): unsorted double linked list corrupted

Program received signal SIGABRT: Process abort signal.

Backtrace for this error:

Program received signal SIGABRT: Process abort signal.

Backtrace for this error:
malloc(): unsorted double linked list corrupted

Program received signal SIGABRT: Process abort signal.

Backtrace for this error:
malloc(): unsorted double linked list corrupted

Program received signal SIGABRT: Process abort signal.

Backtrace for this error:
malloc(): unsorted double linked list corrupted

Program received signal SIGABRT: Process abort signal.

Backtrace for this error:
corrupted double-linked list
malloc(): unsorted double linked list corrupted

Program received signal SIGABRT: Process abort signal.

Backtrace for this error:

Program received signal SIGABRT: Process abort signal.

Backtrace for this error:
malloc(): unsorted double linked list corrupted

Program received signal SIGABRT: Process abort signal.

Backtrace for this error:
malloc(): unsorted double linked list corrupted

Program received signal SIGABRT: Process abort signal.

Backtrace for this error:

Program received signal SIGABRT: Process abort signal.

Backtrace for this error:
malloc(): unsorted double linked list corrupted

Program received signal SIGABRT: Process abort signal.

Backtrace for this error:

Program received signal SIGABRT: Process abort signal.

Backtrace for this error:
malloc(): unsorted double linked list corrupted
malloc(): unsorted double linked list corrupted

Program received signal SIGABRT: Process abort signal.

Backtrace for this error:
corrupted double-linked list
malloc(): unsorted double linked list corrupted

Program received signal SIGABRT: Process abort signal.

Backtrace for this error:
corrupted double-linked list
malloc(): unsorted double linked list corrupted

Program received signal SIGABRT: Process abort signal.

Backtrace for this error:

Program received signal SIGABRT: Process abort signal.

Backtrace for this error:
malloc(): unsorted double linked list corrupted
malloc(): unsorted double linked list corrupted

Program received signal SIGABRT: Process abort signal.

Backtrace for this error:
corrupted double-linked list

Program received signal SIGABRT: Process abort signal.

Backtrace for this error:

Program received signal SIGABRT: Process abort signal.

Backtrace for this error:
malloc(): unsorted double linked list corrupted

Program received signal SIGABRT: Process abort signal.

Backtrace for this error:
malloc(): unsorted double linked list corrupted

Program received signal SIGABRT: Process abort signal.

Backtrace for this error:

Program received signal SIGABRT: Process abort signal.

Backtrace for this error:
malloc(): unsorted double linked list corrupted
malloc(): unsorted double linked list corrupted

Program received signal SIGABRT: Process abort signal.

Backtrace for this error:
malloc(): unsorted double linked list corrupted

Program received signal SIGABRT: Process abort signal.

Backtrace for this error:
malloc(): unsorted double linked list corrupted
malloc(): unsorted double linked list corrupted

Program received signal SIGABRT: Process abort signal.

Backtrace for this error:

Backtrace for this error:
malloc(): unsorted double linked list corrupted

Program received signal SIGABRT: Process abort signal.

Backtrace for this error:

Program received signal SIGABRT: Process abort signal.

Backtrace for this error:

Program received signal SIGABRT: Process abort signal.

Backtrace for this error:

Program received signal SIGABRT: Process abort signal.

Backtrace for this error:
malloc(): unsorted double linked list corrupted

Program received signal SIGABRT: Process abort signal.

Backtrace for this error:

Program received signal SIGABRT: Process abort signal.

Backtrace for this error:
malloc(): unsorted double linked list corrupted

Program received signal SIGABRT: Process abort signal.

Backtrace for this error:
malloc(): unsorted double linked list corrupted

Program received signal SIGABRT: Process abort signal.

Backtrace for this error:

Program received signal SIGABRT: Process abort signal.

Backtrace for this error:

Program received signal SIGABRT: Process abort signal.

Backtrace for this error:
malloc(): unsorted double linked list corrupted
malloc(): unsorted double linked list corrupted

Program received signal SIGABRT: Process abort signal.

Backtrace for this error:
malloc(): unsorted double linked list corrupted
malloc(): unsorted double linked list corrupted
malloc(): unsorted double linked list corrupted

Program received signal SIGABRT: Process abort signal.

Backtrace for this error:
malloc(): unsorted double linked list corrupted

Program received signal SIGABRT: Process abort signal.

Backtrace for this error:
malloc(): unsorted double linked list corrupted
malloc(): unsorted double linked list corrupted
malloc(): unsorted double linked list corrupted
malloc(): unsorted double linked list corrupted

Program received signal SIGABRT: Process abort signal.

Backtrace for this error:

Program received signal SIGABRT: Process abort signal.

Backtrace for this error:

Program received signal SIGABRT: Process abort signal.

Backtrace for this error:
malloc(): unsorted double linked list corrupted
malloc(): unsorted double linked list corrupted

Program received signal SIGABRT: Process abort signal.

Backtrace for this error:
malloc(): unsorted double linked list corrupted
malloc(): unsorted double linked list corrupted

Program received signal SIGABRT: Process abort signal.

Backtrace for this error:

Program received signal SIGABRT: Process abort signal.

Backtrace for this error:

Program received signal SIGABRT: Process abort signal.

Backtrace for this error:

Program received signal SIGABRT: Process abort signal.

Backtrace for this error:

Program received signal SIGABRT: Process abort signal.

Backtrace for this error:
malloc(): unsorted double linked list corrupted

Program received signal SIGABRT: Process abort signal.

Backtrace for this error:
corrupted double-linked list

Program received signal SIGABRT: Process abort signal.

Backtrace for this error:

Program received signal SIGABRT: Process abort signal.

Backtrace for this error:
malloc(): unsorted double linked list corrupted

Program received signal SIGABRT: Process abort signal.

Backtrace for this error:
malloc(): unsorted double linked list corrupted
malloc(): unsorted double linked list corrupted

Program received signal SIGABRT: Process abort signal.

Backtrace for this error:

Program received signal SIGABRT: Process abort signal.

Backtrace for this error:
malloc(): unsorted double linked list corrupted

Program received signal SIGABRT: Process abort signal.

Backtrace for this error:
malloc(): unsorted double linked list corrupted

Program received signal SIGABRT: Process abort signal.

Backtrace for this error:

Program received signal SIGABRT: Process abort signal.

Backtrace for this error:

Program received signal SIGABRT: Process abort signal.

Backtrace for this error:

Program received signal SIGABRT: Process abort signal.

Backtrace for this error:

Program received signal SIGABRT: Process abort signal.

Backtrace for this error:
#0  0x14682bc54daf in ???
#1  0x14682bca154c in ???
#2  0x14682bc54d05 in ???
#3  0x14682bc287f2 in ???
#4  0x14682bc2912f in ???
#5  0x14682bcab616 in ???
#6  0x14682bcae5eb in ???
#7  0x14682bcaf428 in ???
#0  0x14efed654daf in ???
#1  0x14efed6a154c in ???
#2  0x14efed654d05 in ???
#3  0x14efed6287f2 in ???
#4  0x14efed62912f in ???
#5  0x14efed6ab616 in ???
#6  0x14efed6ae5eb in ???
#7  0x14efed6af428 in ???
#0  0x15062ea54daf in ???
#1  0x15062eaa154c in ???
#2  0x15062ea54d05 in ???
#3  0x15062ea287f2 in ???
#4  0x15062ea2912f in ???
#5  0x15062eaab616 in ???
#6  0x15062eaae5eb in ???
#7  0x15062eaaf428 in ???
#0  0x14e27ba54daf in ???
#1  0x14e27baa154c in ???
#2  0x14e27ba54d05 in ???
#3  0x14e27ba287f2 in ???
#4  0x14e27ba2912f in ???
#5  0x14e27baab616 in ???
#6  0x14e27baae5eb in ???
#7  0x14e27baaf428 in ???
#0  0x151a29a54daf in ???
#1  0x151a29aa154c in ???
#2  0x151a29a54d05 in ???
#3  0x151a29a287f2 in ???
#4  0x151a29a2912f in ???
#5  0x151a29aab616 in ???
#6  0x151a29aae5eb in ???
#7  0x151a29aaf428 in ???
#0  0x147bcd054daf in ???
#1  0x147bcd0a154c in ???
#2  0x147bcd054d05 in ???
#3  0x147bcd0287f2 in ???
#4  0x147bcd02912f in ???
#5  0x147bcd0ab616 in ???
#6  0x147bcd0ae5eb in ???
#7  0x147bcd0af428 in ???
#0  0x1531f7a54daf in ???
#1  0x1531f7aa154c in ???
#2  0x1531f7a54d05 in ???
#3  0x1531f7a287f2 in ???
#4  0x1531f7a2912f in ???
#5  0x1531f7aab616 in ???
#6  0x1531f7aae5eb in ???
#7  0x1531f7aaf428 in ???
#0  0x154708a54daf in ???
#1  0x154708aa154c in ???
#2  0x154708a54d05 in ???
#3  0x154708a287f2 in ???
#4  0x154708a2912f in ???
#5  0x154708aab616 in ???
#6  0x154708aae5eb in ???
#7  0x154708aaf428 in ???
#0  0x14c24b254daf in ???
#1  0x14c24b2a154c in ???
#2  0x14c24b254d05 in ???
#3  0x14c24b2287f2 in ???
#4  0x14c24b22912f in ???
#5  0x14c24b2ab616 in ???
#6  0x14c24b2ae5eb in ???
#7  0x14c24b2af428 in ???
#0  0x1487cfa54daf in ???
#1  0x1487cfaa154c in ???
#2  0x1487cfa54d05 in ???
#3  0x1487cfa287f2 in ???
#4  0x1487cfa2912f in ???
#5  0x1487cfaab616 in ???
#6  0x1487cfaac16b in ???
#7  0x1487cfaad1ca in ???
#8  0x1487cfaaf954 in ???
#0  0x14bba4854daf in ???
#1  0x14bba48a154c in ???
#2  0x14bba4854d05 in ???
#3  0x14bba48287f2 in ???
#4  0x14bba482912f in ???
#5  0x14bba48ab616 in ???
#6  0x14bba48ac16b in ???
#7  0x14bba48acd48 in ???
#8  0x14bba48af954 in ???
#9  0x14bba4354608 in ???
#0  0x14e58d654daf in ???
#1  0x14e58d6a154c in ???
#2  0x14e58d654d05 in ???
#3  0x14e58d6287f2 in ???
#4  0x14e58d62912f in ???
#5  0x14e58d6ab616 in ???
#6  0x14e58d6ae5eb in ???
#7  0x14e58d6af428 in ???
#0  0x14f15a254daf in ???
#1  0x14f15a2a154c in ???
#2  0x14f15a254d05 in ???
#3  0x14f15a2287f2 in ???
#4  0x14f15a22912f in ???
#5  0x14f15a2ab616 in ???
#6  0x14f15a2ae5eb in ???
#7  0x14f15a2af428 in ???
#0  0x14bc0c254daf in ???
#1  0x14bc0c2a154c in ???
#2  0x14bc0c254d05 in ???
#3  0x14bc0c2287f2 in ???
#4  0x14bc0c22912f in ???
#5  0x14bc0c2ab616 in ???
#6  0x14bc0c2ae5eb in ???
#7  0x14bc0c2af428 in ???
#8  0x14682c7d06fe in ???
#9  0x14682c62cc9c in ???
#10  0x14682b675cb9 in ???
#0  0x1518c3254daf in ???
#1  0x1518c32a154c in ???
#2  0x1518c3254d05 in ???
#3  0x1518c32287f2 in ???
#4  0x1518c322912f in ???
#5  0x1518c32ab616 in ???
#6  0x1518c32ae5eb in ???
#7  0x1518c32af428 in ???
#0  0x15401b054daf in ???
#1  0x15401b0a154c in ???
#2  0x15401b054d05 in ???
#3  0x15401b0287f2 in ???
#4  0x15401b02912f in ???
#5  0x15401b0ab616 in ???
#6  0x15401b0ae5eb in ???
#7  0x15401b0af428 in ???
#0  0x151c3ec54daf in ???
#1  0x151c3eca154c in ???
#2  0x151c3ec54d05 in ???
#3  0x151c3ec287f2 in ???
#4  0x151c3ec2912f in ???
#5  0x151c3ecab616 in ???
#6  0x151c3ecae5eb in ???
#7  0x151c3ecaf428 in ???
#0  0x15228e054daf in ???
#1  0x15228e0a154c in ???
#2  0x15228e054d05 in ???
#3  0x15228e0287f2 in ???
#4  0x15228e02912f in ???
#5  0x15228e0ab616 in ???
#6  0x15228e0ac16b in ???
#7  0x15228e0ad1ca in ???
#8  0x15228e0af954 in ???
#0  0x1546c2e54daf in ???
#1  0x1546c2ea154c in ???
#2  0x1546c2e54d05 in ???
#3  0x1546c2e287f2 in ???
#4  0x1546c2e2912f in ???
#5  0x1546c2eab616 in ???
#6  0x1546c2eae5eb in ???
#7  0x1546c2eaf428 in ???
#0  0x15363fc54daf in ???
#1  0x15363fca154c in ???
#2  0x15363fc54d05 in ???
#3  0x15363fc287f2 in ???
#4  0x15363fc2912f in ???
#5  0x15363fcab616 in ???
#6  0x15363fcae5eb in ???
#7  0x15363fcaf428 in ???
#0  0x1551a4a54daf in ???
#1  0x1551a4aa154c in ???
#2  0x1551a4a54d05 in ???
#3  0x1551a4a287f2 in ???
#4  0x1551a4a2912f in ???
#5  0x1551a4aab616 in ???
#6  0x1551a4aae5eb in ???
#7  0x1551a4aaf428 in ???
#8  0x15062f4c56fe in ???
#9  0x15062f321c9c in ???
#10  0x15062e475cb9 in ???
#11  0x15062e46b0ee in ???
#12  0x15062f320259 in ???
#13  0x15062f322eab in ???
#14  0x15062f324424 in ???
#0  0x147cab454daf in ???
#1  0x147cab4a154c in ???
#2  0x147cab454d05 in ???
#3  0x147cab4287f2 in ???
#4  0x147cab42912f in ???
#5  0x147cab4ab616 in ???
#6  0x147cab4ac16b in ???
#7  0x147cab4ad1ca in ???
#8  0x147cab4af954 in ???
#8  0x1547094e26fe in ???
#9  0x15470933ec9c in ???
#10  0x154708475cb9 in ???
#11  0x15470846b0ee in ???
#12  0x15470933d259 in ???
#13  0x15470933feab in ???
#14  0x154709341424 in ???
#15  0x1547093397b0 in ???
#0  0x14c3d5054daf in ???
#1  0x14c3d50a154c in ???
#2  0x14c3d5054d05 in ???
#3  0x14c3d50287f2 in ???
#4  0x14c3d502912f in ???
#5  0x14c3d50ab616 in ???
#6  0x14c3d50ae5eb in ???
#7  0x14c3d50af428 in ???
#8  0x147bcd8a43ed in ???
#9  0x147bcd8adc87 in ???
#10  0x147bcc6b0cb9 in ???
#11  0x147bcc6a60ee in ???
#12  0x147bcd8ac259 in ???
#13  0x147bcd8aeeab in ???
#14  0x147bcd8b0424 in ???
#15  0x147bcd8a87b0 in ???
#16  0x147bcec5a8c8 in ???
#0  0x14c139c54daf in ???
#1  0x14c139ca154c in ???
#2  0x14c139c54d05 in ???
#3  0x14c139c287f2 in ???
#4  0x14c139c2912f in ???
#5  0x14c139cab616 in ???
#6  0x14c139cac16b in ???
#7  0x14c139cac30f in ???
#8  0x14c139cad32f in ???
#9  0x14c139caf954 in ???
#11  0x14682b66b0ee in ???
#12  0x14682c62b259 in ???
#13  0x14682c62deab in ???
#14  0x14682c62f424 in ???
#15  0x14682c6277b0 in ???
#16  0x14682d9d98c8 in ???
#0  0x1481fdc54daf in ???
#1  0x1481fdca154c in ???
#2  0x1481fdc54d05 in ???
#3  0x1481fdc287f2 in ???
#4  0x1481fdc2912f in ???
#5  0x1481fdcab616 in ???
#6  0x1481fdcac16b in ???
#7  0x1481fdcad1ca in ???
#8  0x1481fdcaf954 in ???
#9  0x1481fd754608 in ???
#15  0x15062f31c7b0 in ???
#16  0x1506306ce8c8 in ???
#0  0x14571c854daf in ???
#1  0x14571c8a154c in ???
#2  0x14571c854d05 in ???
#3  0x14571c8287f2 in ???
#4  0x14571c82912f in ???
#5  0x14571c8ab616 in ???
#6  0x14571c8ae5eb in ???
#7  0x14571c8af428 in ???
#16  0x15470a6eb8c8 in ???
#0  0x1468f3e54daf in ???
#1  0x1468f3ea154c in ???
#2  0x1468f3e54d05 in ???
#3  0x1468f3e287f2 in ???
#4  0x1468f3e2912f in ???
#5  0x1468f3eab616 in ???
#6  0x1468f3eae5eb in ???
#7  0x1468f3eaf428 in ???
#0  0x1527cc254daf in ???
#1  0x1527cc2a154c in ???
#2  0x1527cc254d05 in ???
#3  0x1527cc2287f2 in ???
#4  0x1527cc22912f in ???
#5  0x1527cc2ab616 in ???
#6  0x1527cc2ae5eb in ???
#7  0x1527cc2af428 in ???
#0  0x14e283c54daf in ???
#1  0x14e283ca154c in ???
#2  0x14e283c54d05 in ???
#3  0x14e283c287f2 in ???
#0  0x1491d0e54daf in ???
#1  0x1491d0ea154c in ???
#2  0x1491d0e54d05 in ???
#3  0x1491d0e287f2 in ???
#4  0x1491d0e2912f in ???
#5  0x1491d0eab616 in ???
#6  0x1491d0eae5eb in ???
#7  0x1491d0eaf428 in ???
#0  0x14be71c54daf in ???
#1  0x14be71ca154c in ???
#2  0x14be71c54d05 in ???
#3  0x14be71c287f2 in ???
#4  0x14be71c2912f in ???
#5  0x14be71cab616 in ???
#6  0x14be71cae5eb in ???
#7  0x14be71caf428 in ???
#0  0x14a0ca054daf in ???
#1  0x14a0ca0a154c in ???
#2  0x14a0ca054d05 in ???
#3  0x14a0ca0287f2 in ???
#4  0x14a0ca02912f in ???
#5  0x14a0ca0ab616 in ???
#6  0x14a0ca0ae5eb in ???
#7  0x14a0ca0af428 in ???
#0  0x14d982a54daf in ???
#1  0x14d982aa154c in ???
#2  0x14d982a54d05 in ???
#3  0x14d982a287f2 in ???
#4  0x14d982a2912f in ???
#5  0x14d982aab616 in ???
#6  0x14d982aac16b in ???
#7  0x14d982aacd48 in ???
#8  0x14d982aaf954 in ???
#4  0x14e283c2912f in ???
#5  0x14e283cab616 in ???
#6  0x14e283cae5eb in ???
#7  0x14e283caf428 in ???
#0  0x14c8b7254daf in ???
#1  0x14c8b72a154c in ???
#2  0x14c8b7254d05 in ???
#3  0x14c8b72287f2 in ???
#4  0x14c8b722912f in ???
#5  0x14c8b72ab616 in ???
#6  0x14c8b72ae5eb in ???
#7  0x14c8b72af428 in ???
#0  0x14970a654daf in ???
#1  0x14970a6a154c in ???
#2  0x14970a654d05 in ???
#3  0x14970a6287f2 in ???
#4  0x14970a62912f in ???
#5  0x14970a6ab616 in ???
#6  0x14970a6ae5eb in ???
#7  0x14970a6af428 in ???
#0  0x149b01854daf in ???
#1  0x149b018a154c in ???
#2  0x149b01854d05 in ???
#3  0x149b018287f2 in ???
#4  0x149b0182912f in ???
#5  0x149b018ab616 in ???
#6  0x149b018ae5eb in ???
#7  0x149b018af428 in ???
#8  0x14e2846216fe in ???
#9  0x14e28447dc9c in ???
#10  0x14e2832b0cb9 in ???
#11  0x14e2832a60ee in ???
#12  0x14e28447c259 in ???
#13  0x14e28447eeab in ???
#14  0x14e284480424 in ???
#15  0x14e2844787b0 in ???
#0  0x153c50654daf in ???
#0  0x147a3de54daf in ???
#1  0x147a3dea154c in ???
#2  0x147a3de54d05 in ???
#3  0x147a3de287f2 in ???
#4  0x147a3de2912f in ???
#5  0x147a3deab616 in ???
#6  0x147a3deae5eb in ???
#7  0x147a3deaf428 in ???
#0  0x14f323e54daf in ???
#1  0x14f323ea154c in ???
#2  0x14f323e54d05 in ???
#3  0x14f323e287f2 in ???
#4  0x14f323e2912f in ???
#5  0x14f323eab616 in ???
#6  0x14f323eae5eb in ???
#7  0x14f323eaf428 in ???
#16  0x14e28582a8c8 in ???
#8  0x14e27c4c36fe in ???
#0  0x14ea1fc54daf in ???
#1  0x14ea1fca154c in ???
#2  0x14ea1fc54d05 in ???
#3  0x14ea1fc287f2 in ???
#4  0x14ea1fc2912f in ???
#5  0x14ea1fcab616 in ???
#6  0x14ea1fcac16b in ???
#7  0x14ea1fcad1ca in ???
#8  0x14ea1fcaf954 in ???
#8  0x1551a541d3ed in ???
#9  0x1551a5426c87 in ???
#10  0x1551a4475cb9 in ???
#11  0x1551a446b0ee in ???
#12  0x1551a5425259 in ???
#13  0x1551a5427eab in ???
#14  0x1551a5429424 in ???
#15  0x1551a54217b0 in ???
#0  0x14a6a9254daf in ???
#1  0x14a6a92a154c in ???
#2  0x14a6a9254d05 in ???
#3  0x14a6a92287f2 in ???
#4  0x14a6a922912f in ???
#5  0x14a6a92ab616 in ???
#6  0x14a6a92ae5eb in ???
#1  0x153c506a154c in ???
#2  0x153c50654d05 in ???
#3  0x153c506287f2 in ???
#4  0x153c5062912f in ???
#5  0x153c506ab616 in ???
#6  0x153c506ae5eb in ???
#7  0x153c506af428 in ???
#0  0x14b382854daf in ???
#1  0x14b3828a154c in ???
#2  0x14b382854d05 in ???
#3  0x14b3828287f2 in ???
#4  0x14b38282912f in ???
#5  0x14b3828ab616 in ???
#6  0x14b3828ae5eb in ???
#7  0x14b3828af428 in ???
#8  0x14c3d5a356fe in ???
#9  0x14c3d5891c9c in ???
#10  0x14c3d46b0cb9 in ???
#11  0x14c3d46a60ee in ???
#12  0x14c3d5890259 in ???
#13  0x14c3d5892eab in ???
#14  0x14c3d5894424 in ???
#15  0x14c3d588c7b0 in ???
#16  0x14c3d6c3e8c8 in ???
#7  0x14a6a92af428 in ???
#8  0x14a6a9d3b6fe in ???
#8  0x14c24bc436fe in ???
#0  0x15504f054daf in ???
#1  0x15504f0a154c in ???
#2  0x15504f054d05 in ???
#3  0x15504f0287f2 in ???
#4  0x15504f02912f in ???
#5  0x15504f0ab616 in ???
#6  0x15504f0ae5eb in ???
#7  0x15504f0af428 in ???
#8  0x14efee08e6fe in ???
#9  0x14efedeeac9c in ???
#10  0x14efeccb0cb9 in ???
#11  0x14efecca60ee in ???
#12  0x14efedee9259 in ???
#13  0x14efedeebeab in ???
#14  0x14efedeed424 in ???
#15  0x14efedee57b0 in ???
#16  0x14efef2978c8 in ???
#9  0x14a6a9b97c9c in ???
#10  0x14a6a8c75cb9 in ???
#11  0x14a6a8c6b0ee in ???
#12  0x14a6a9b96259 in ???
#13  0x14a6a9b98eab in ???
#14  0x14a6a9b9a424 in ???
#15  0x14a6a9b927b0 in ???
#10  0x14bba51ff028 in ???
#11  0x14bba4275cb9 in ???
#12  0x14bba426b0ee in ???
#0  0x14afdd654daf in ???
#1  0x14afdd6a154c in ???
#2  0x14afdd654d05 in ???
#3  0x14afdd6287f2 in ???
#4  0x14afdd62912f in ???
#5  0x14afdd6ab616 in ???
#6  0x14afdd6ae5eb in ???
#7  0x14afdd6af428 in ???
#8  0x151a2a5896fe in ???
#9  0x151a2a3e5c9c in ???
#10  0x151a29475cb9 in ???
#11  0x151a2946b0ee in ???
#12  0x151a2a3e4259 in ???
#13  0x151a2a3e6eab in ???
#14  0x151a2a3e8424 in ???
#15  0x151a2a3e07b0 in ???
#16  0x151a2b7928c8 in ???
#0  0x145b0b054daf in ???
#1  0x145b0b0a154c in ???
#2  0x145b0b054d05 in ???
#3  0x145b0b0287f2 in ???
#4  0x145b0b02912f in ???
#5  0x145b0b0ab616 in ???
#6  0x145b0b0ae5eb in ???
#7  0x145b0b0af428 in ???
#16  0x14a6aaf448c8 in ???
#8  0x14f15ad6c6fe in ???
#0  0x150ac9e54daf in ???
#1  0x150ac9ea154c in ???
#2  0x150ac9e54d05 in ???
#3  0x150ac9e287f2 in ???
#4  0x150ac9e2912f in ???
#5  0x150ac9eab616 in ???
#6  0x150ac9eae5eb in ???
#7  0x150ac9eaf428 in ???
#8  0x1531f83ec3ed in ???
#9  0x1531f83f5c87 in ???
#10  0x1531f7475cb9 in ???
#11  0x1531f746b0ee in ???
#12  0x1531f83f4259 in ???
#13  0x1531f83f6eab in ???
#14  0x1531f83f8424 in ???
#15  0x1531f83f07b0 in ???
#16  0x1531f97a28c8 in ???
#0  0x14dc4de54daf in ???
#1  0x14dc4dea154c in ???
#2  0x14dc4de54d05 in ???
#3  0x14dc4de287f2 in ???
#4  0x14dc4de2912f in ???
#5  0x14dc4deab616 in ???
#6  0x14dc4deae5eb in ???
#7  0x14dc4deaf428 in ???
#0  0x1484f0454daf in ???
#1  0x1484f04a154c in ???
#2  0x1484f0454d05 in ???
#3  0x1484f04287f2 in ???
#4  0x1484f042912f in ???
#8  0x1546c380c6fe in ???
#0  0x152e84454daf in ???
#1  0x152e844a154c in ???
#2  0x152e84454d05 in ???
#3  0x152e844287f2 in ???
#4  0x152e8442912f in ???
#5  0x152e844ab616 in ???
#6  0x152e844ae5eb in ???
#7  0x152e844af428 in ???
#8  0x14bc0cd9d6fe in ???
#9  0x14bc0cbf9c9c in ???
#10  0x14bc0bc75cb9 in ???
#11  0x14bc0bc6b0ee in ???
#0  0x152ba4854daf in ???
#1  0x152ba48a154c in ???
#2  0x152ba4854d05 in ???
#3  0x152ba48287f2 in ???
#4  0x152ba482912f in ???
#5  0x152ba48ab616 in ???
#6  0x152ba48ae5eb in ???
#7  0x152ba48af428 in ???
#5  0x1484f04ab616 in ???
#6  0x1484f04ae5eb in ???
#7  0x1484f04af428 in ???
#8  0x14be724a53ed in ???
#0  0x150bc3254daf in ???
#1  0x150bc32a154c in ???
#2  0x150bc3254d05 in ???
#3  0x150bc32287f2 in ???
#4  0x150bc322912f in ???
#5  0x150bc32ab616 in ???
#6  0x150bc32ae5eb in ???
#7  0x150bc32af428 in ???
#8  0x15364065a3ed in ???
#9  0x153640663c87 in ???
#10  0x15363f675cb9 in ???
#11  0x15363f66b0ee in ???
#12  0x153640662259 in ???
#13  0x153640664eab in ???
#14  0x153640666424 in ???
#15  0x15364065e7b0 in ???
#16  0x153641a108c8 in ???
#8  0x1484f0ead6fe in ???
#9  0x1484f0d09c9c in ???
#8  0x14c8b7bf03ed in ???
#0  0x14d19ea54daf in ???
#1  0x14d19eaa154c in ???
#2  0x14d19ea54d05 in ???
#3  0x14d19ea287f2 in ???
#4  0x14d19ea2912f in ???
#5  0x14d19eaab616 in ???
#6  0x14d19eaae5eb in ???
#7  0x14d19eaaf428 in ???
#16  0x1551a67d38c8 in ???
#10  0x1484efe75cb9 in ???
#11  0x1484efe6b0ee in ???
#12  0x1484f0d08259 in ???
#13  0x1484f0d0aeab in ???
#14  0x1484f0d0c424 in ???
#15  0x1484f0d047b0 in ???
#8  0x1518c3b153ed in ???
#0  0x14dd1d254daf in ???
#1  0x14dd1d2a154c in ???
#2  0x14dd1d254d05 in ???
#3  0x14dd1d2287f2 in ???
#4  0x14dd1d22912f in ???
#5  0x14dd1d2ab616 in ???
#6  0x14dd1d2ae5eb in ???
#7  0x14dd1d2af428 in ???
#10  0x14c13a618088 in ???
#11  0x14c139675cb9 in ???
#12  0x14c13966b0ee in ???
#13  0x14c13a647259 in ???
#14  0x14c13a649eab in ???
#15  0x14c13a64b424 in ???
#16  0x14c13a6437b0 in ???
#17  0x14c13b9f58c8 in ???
#16  0x1484f20b68c8 in ???
#8  0x151c3f5fd3ed in ???
#0  0x151582654daf in ???
#1  0x1515826a154c in ???
#2  0x151582654d05 in ???
#3  0x1515826287f2 in ???
#4  0x15158262912f in ???
#5  0x1515826ab616 in ???
#6  0x1515826ae5eb in ???
#7  0x1515826af428 in ???
#10  0x1481fe521028 in ???
#11  0x1481fd675cb9 in ???
#12  0x1481fd66b0ee in ???
#13  0x1481fe550259 in ???
#14  0x1481fe552eab in ???
#15  0x1481fe554424 in ???
#16  0x1481fe54c7b0 in ???
#17  0x1481ff8fe8c8 in ???
#0  0x14d2d0e54daf in ???
#8  0x153c50e813ed in ???
#9  0x153c50e8ac87 in ???
#10  0x153c4fcb0cb9 in ???
#11  0x153c4fca60ee in ???
#12  0x153c50e89259 in ???
#13  0x153c50e8beab in ???
#14  0x153c50e8d424 in ???
#15  0x153c50e857b0 in ???
#0  0x151666a54daf in ???
#1  0x151666aa154c in ???
#2  0x151666a54d05 in ???
#3  0x151666a287f2 in ???
#4  0x151666a2912f in ???
#5  0x151666aab616 in ???
#6  0x151666aae5eb in ???
#7  0x151666aaf428 in ???
#8  0x14571d2563ed in ???
#9  0x14571d25fc87 in ???
#10  0x14571c275cb9 in ???
#11  0x14571c26b0ee in ???
#12  0x14571d25e259 in ???
#13  0x14571d260eab in ???
#14  0x14571d262424 in ???
#15  0x14571d25a7b0 in ???
#16  0x14571e60c8c8 in ???
#1  0x14d2d0ea154c in ???
#2  0x14d2d0e54d05 in ???
#3  0x14d2d0e287f2 in ???
#4  0x14d2d0e2912f in ???
#5  0x14d2d0eab616 in ???
#6  0x14d2d0eae5eb in ???
#9  0x14be724aec87 in ???
#10  0x14be712b0cb9 in ???
#11  0x14be712a60ee in ???
#12  0x14be724ad259 in ???
#13  0x14be724afeab in ???
#14  0x14be724b1424 in ???
#15  0x14be724a97b0 in ???
#16  0x14be7385b8c8 in ???
#0  0x14c6c8a54daf in ???
#1  0x14c6c8aa154c in ???
#2  0x14c6c8a54d05 in ???
#3  0x14c6c8a287f2 in ???
#4  0x14c6c8a2912f in ???
#5  0x14c6c8aab616 in ???
#6  0x14c6c8aac16b in ???
#7  0x14c6c8aacd48 in ???
#8  0x14c6c8aaf954 in ???
#8  0x1527ccc0d6fe in ???
#9  0x1527cca69c9c in ???
#10  0x1527cb8b0cb9 in ???
#11  0x1527cb8a60ee in ???
#12  0x1527cca68259 in ???
#13  0x1527cca6aeab in ???
#14  0x1527cca6c424 in ???
#15  0x1527cca647b0 in ???
#16  0x1527cde168c8 in ???
#7  0x14d2d0eaf428 in ???
#8  0x14d2d19d56fe in ???
#9  0x14d2d1831c9c in ???
#9  0x14e27c31fc9c in ???
#10  0x14e27b475cb9 in ???
#11  0x14e27b46b0ee in ???
#12  0x14e27c31e259 in ???
#13  0x14e27c320eab in ???
#14  0x14e27c322424 in ???
#15  0x14e27c31a7b0 in ???
#16  0x14e27d6cc8c8 in ???
#0  0x147a61254daf in ???
#1  0x147a612a154c in ???
#2  0x147a61254d05 in ???
#3  0x147a612287f2 in ???
#4  0x147a6122912f in ???
#5  0x147a612ab616 in ???
#6  0x147a612ae5eb in ???
#7  0x147a612af428 in ???
#8  0x1491d19666fe in ???
#9  0x1491d17c2c9c in ???
#10  0x1491d0875cb9 in ???
#11  0x1491d086b0ee in ???
#12  0x1491d17c1259 in ???
#13  0x1491d17c3eab in ???
#14  0x1491d17c5424 in ???
#15  0x1491d17bd7b0 in ???
#16  0x1491d2b6f8c8 in ???
#10  0x14d2d0875cb9 in ???
#11  0x14d2d086b0ee in ???
#12  0x14d2d1830259 in ???
#9  0x14c24ba9fc9c in ???
#10  0x14c24a8b0cb9 in ???
#11  0x14c24a8a60ee in ???
#12  0x14c24ba9e259 in ???
#13  0x14c24baa0eab in ???
#14  0x14c24baa2424 in ???
#15  0x14c24ba9a7b0 in ???
#16  0x14c24ce4c8c8 in ???
#0  0x14f87bc54daf in ???
#1  0x14f87bca154c in ???
#2  0x14f87bc54d05 in ???
#3  0x14f87bc287f2 in ???
#4  0x14f87bc2912f in ???
#5  0x14f87bcab616 in ???
#6  0x14f87bcac16b in ???
#7  0x14f87bcacd48 in ???
#8  0x14f87bcaf954 in ???
#8  0x14e58e0b96fe in ???
#9  0x14e58df15c9c in ???
#10  0x14e58d075cb9 in ???
#11  0x14e58d06b0ee in ???
#12  0x14e58df14259 in ???
#13  0x14e58df16eab in ???
#14  0x14e58df18424 in ???
#15  0x14e58df107b0 in ???
#16  0x14e58f2c28c8 in ???
#13  0x14d2d1832eab in ???
#14  0x14d2d1834424 in ???
#15  0x14d2d182c7b0 in ???
#16  0x14d2d2bde8c8 in ???
#13  0x14bba522e259 in ???
#14  0x14bba5230eab in ???
#15  0x14bba5232424 in ???
#16  0x14bba522a7b0 in ???
#17  0x14bba65dc8c8 in ???
#0  0x1543e9e54daf in ???
#1  0x1543e9ea154c in ???
#2  0x1543e9e54d05 in ???
#3  0x1543e9e287f2 in ???
#4  0x1543e9e2912f in ???
#5  0x1543e9eab616 in ???
#6  0x1543e9eae5eb in ???
#7  0x1543e9eaf428 in ???
#0  0x14f004a54daf in ???
#1  0x14f004aa154c in ???
#2  0x14f004a54d05 in ???
#3  0x14f004a287f2 in ???
#4  0x14f004a2912f in ???
#5  0x14f004aab616 in ???
#6  0x14f004aac16b in ???
#7  0x14f004aad1ca in ???
#8  0x14f004aaf954 in ???
#0  0x14c5a9a54daf in ???
#9  0x14c8b7bf9c87 in ???
#10  0x14c8b6c75cb9 in ???
#11  0x14c8b6c6b0ee in ???
#12  0x14c8b7bf8259 in ???
#13  0x14c8b7bfaeab in ???
#14  0x14c8b7bfc424 in ???
#15  0x14c8b7bf47b0 in ???
#16  0x14c8b8fa68c8 in ???
#0  0x14a903e54daf in ???
#1  0x14a903ea154c in ???
#2  0x14a903e54d05 in ???
#3  0x14a903e287f2 in ???
#4  0x14a903e2912f in ???
#5  0x14a903eab616 in ???
#6  0x14a903eae5eb in ???
#7  0x14a903eaf428 in ???
#8  0x149b022116fe in ???
#9  0x149b0206dc9c in ???
#10  0x149b00eb0cb9 in ???
#11  0x149b00ea60ee in ???
#12  0x149b0206c259 in ???
#13  0x149b0206eeab in ???
#14  0x149b02070424 in ???
#15  0x149b020687b0 in ???
#16  0x149b0341a8c8 in ???
#1  0x14c5a9aa154c in ???
#2  0x14c5a9a54d05 in ???
#3  0x14c5a9a287f2 in ???
#4  0x14c5a9a2912f in ???
#5  0x14c5a9aab616 in ???
#6  0x14c5a9aae5eb in ???
#7  0x14c5a9aaf428 in ???
#0  0x149927054daf in ???
#1  0x1499270a154c in ???
#2  0x149927054d05 in ???
#3  0x1499270287f2 in ???
#4  0x14992702912f in ???
#5  0x1499270ab616 in ???
#6  0x1499270ae5eb in ???
#7  0x1499270af428 in ???
#8  0x1499279b93ed in ???
#9  0x1499279c2c87 in ???
#10  0x149926a75cb9 in ???
#11  0x149926a6b0ee in ???
#12  0x1499279c1259 in ???
#13  0x1499279c3eab in ???
#14  0x1499279c5424 in ???
#15  0x1499279bd7b0 in ???
#0  0x151be7654daf in ???
#1  0x151be76a154c in ???
#2  0x151be7654d05 in ???
#3  0x151be76287f2 in ???
#4  0x151be762912f in ???
#5  0x151be76ab616 in ???
#6  0x151be76ae5eb in ???
#7  0x151be76af428 in ???
#8  0x14f3248ed6fe in ???
#9  0x14f324749c9c in ???
#10  0x14f323875cb9 in ???
#11  0x14f32386b0ee in ???
#12  0x14f324748259 in ???
#13  0x14f32474aeab in ???
#14  0x14f32474c424 in ???
#15  0x14f3247447b0 in ???
#16  0x14f325af68c8 in ???
#8  0x14c5aa5b66fe in ???
#9  0x14c5aa412c9c in ???
#9  0x14f15abc8c9c in ???
#10  0x14f159c75cb9 in ???
#11  0x14f159c6b0ee in ???
#12  0x14f15abc7259 in ???
#13  0x14f15abc9eab in ???
#14  0x14f15abcb424 in ???
#15  0x14f15abc37b0 in ???
#16  0x14f15bf758c8 in ???
#0  0x145c36654daf in ???
#1  0x145c366a154c in ???
#2  0x145c36654d05 in ???
#3  0x145c366287f2 in ???
#4  0x145c3662912f in ???
#5  0x145c366ab616 in ???
#6  0x145c366ae5eb in ???
#7  0x145c366af428 in ???
#12  0x14bc0cbf8259 in ???
#13  0x14bc0cbfaeab in ???
#14  0x14bc0cbfc424 in ???
#15  0x14bc0cbf47b0 in ???
#16  0x14bc0dfa68c8 in ???
#10  0x14c5a9475cb9 in ???
#11  0x14c5a946b0ee in ???
#12  0x14c5aa411259 in ???
#13  0x14c5aa413eab in ???
#14  0x14c5aa415424 in ???
#9  0x1518c3b1ec87 in ???
#10  0x1518c2c75cb9 in ???
#11  0x1518c2c6b0ee in ???
#12  0x1518c3b1d259 in ???
#13  0x1518c3b1feab in ???
#14  0x1518c3b21424 in ???
#15  0x1518c3b197b0 in ???
#16  0x1518c4ecb8c8 in ???
#8  0x1468f49986fe in ???
#9  0x1468f47f4c9c in ???
#10  0x1468f3875cb9 in ???
#11  0x1468f386b0ee in ???
#12  0x1468f47f3259 in ???
#8  0x15401bb1f6fe in ???
#9  0x15401b97bc9c in ???
#10  0x15401aa75cb9 in ???
#11  0x15401aa6b0ee in ???
#12  0x15401b97a259 in ???
#13  0x15401b97ceab in ???
#14  0x15401b97e424 in ???
#15  0x15401b9767b0 in ???
#16  0x15401cd288c8 in ???
#15  0x14c5aa40d7b0 in ???
#16  0x14c5ab7bf8c8 in ???
#9  0x151c3f606c87 in ???
#10  0x151c3e675cb9 in ???
#11  0x151c3e66b0ee in ???
#12  0x151c3f605259 in ???
#13  0x151c3f607eab in ???
#14  0x151c3f609424 in ???
#15  0x151c3f6017b0 in ???
#16  0x151c409b38c8 in ???
#8  0x14a0caa536fe in ???
#9  0x14a0ca8afc9c in ???
#10  0x14a0c96b0cb9 in ???
#11  0x14a0c96a60ee in ???
#12  0x14a0ca8ae259 in ???
#13  0x14a0ca8b0eab in ???
#14  0x14a0ca8b2424 in ???
#15  0x14a0ca8aa7b0 in ???
#0  0x1491db054daf in ???
#1  0x1491db0a154c in ???
#2  0x1491db054d05 in ???
#3  0x1491db0287f2 in ???
#4  0x1491db02912f in ???
#5  0x1491db0ab616 in ???
#6  0x1491db0ae5eb in ???
#7  0x1491db0af428 in ???
#8  0x1491db86e3ed in ???
#9  0x1491db877c87 in ???
#10  0x1491da6b0cb9 in ???
#11  0x1491da6a60ee in ???
#12  0x1491db876259 in ???
#13  0x1491db878eab in ???
#14  0x1491db87a424 in ???
#15  0x1491db8727b0 in ???
#16  0x1491dcc248c8 in ???
#0  0x151d20854daf in ???
#1  0x151d208a154c in ???
#2  0x151d20854d05 in ???
#3  0x151d208287f2 in ???
#4  0x151d2082912f in ???
#5  0x151d208ab616 in ???
#6  0x151d208ae5eb in ???
#7  0x151d208af428 in ???
#8  0x151d212a56fe in ???
#9  0x151d21101c9c in ???
#10  0x151d1feb0cb9 in ???
#11  0x151d1fea60ee in ???
#12  0x151d21100259 in ???
#13  0x151d21102eab in ???
#14  0x151d21104424 in ???
#15  0x151d210fc7b0 in ???
#16  0x151d224ae8c8 in ???
#16  0x153c522378c8 in ???
#8  0x14b3832916fe in ???
#9  0x14b3830edc9c in ???
#10  0x14b381eb0cb9 in ???
#11  0x14b381ea60ee in ???
#12  0x14b3830ec259 in ???
#13  0x14b3830eeeab in ???
#14  0x14b3830f0424 in ???
#15  0x14b3830e87b0 in ???
#0  0x146038e54daf in ???
#1  0x146038ea154c in ???
#2  0x146038e54d05 in ???
#3  0x146038e287f2 in ???
#4  0x146038e2912f in ???
#5  0x146038eab616 in ???
#6  0x146038eae5eb in ???
#7  0x146038eaf428 in ???
#8  0x1460398566fe in ???
#9  0x1460396b2c9c in ???
#9  0x1546c3668c9c in ???
#10  0x1546c24b0cb9 in ???
#11  0x1546c24a60ee in ???
#12  0x1546c3667259 in ???
#13  0x1546c3669eab in ???
#14  0x1546c366b424 in ???
#15  0x1546c36637b0 in ???
#16  0x1546c4a158c8 in ???
#13  0x1468f47f5eab in ???
#14  0x1468f47f7424 in ???
#15  0x1468f47ef7b0 in ???
#16  0x1468f5ba18c8 in ???
#10  0x1460384b0cb9 in ???
#11  0x1460384a60ee in ???
#12  0x1460396b1259 in ???
#13  0x1460396b3eab in ???
#14  0x1460396b5424 in ???
#15  0x1460396ad7b0 in ???
#16  0x14603aa5f8c8 in ???
#16  0x149928d6f8c8 in ???
#16  0x14a0cbc5c8c8 in ???
#0  0x14d893454daf in ???
#1  0x14d8934a154c in ???
#0  0x152f8f454daf in ???
#1  0x152f8f4a154c in ???
#2  0x152f8f454d05 in ???
#3  0x152f8f4287f2 in ???
#4  0x152f8f42912f in ???
#5  0x152f8f4ab616 in ???
#6  0x152f8f4ae5eb in ???
#7  0x152f8f4af428 in ???
#8  0x15504f9f03ed in ???
#9  0x15504f9f9c87 in ???
#10  0x15504ea75cb9 in ???
#11  0x15504ea6b0ee in ???
#12  0x15504f9f8259 in ???
#13  0x15504f9faeab in ???
#14  0x15504f9fc424 in ???
#15  0x15504f9f47b0 in ???
#16  0x155050da68c8 in ???
#2  0x14d893454d05 in ???
#3  0x14d8934287f2 in ???
#4  0x14d89342912f in ???
#5  0x14d8934ab616 in ???
#6  0x14d8934ae5eb in ???
#7  0x14d8934af428 in ???
#8  0x152f8fcc83ed in ???
#9  0x152f8fcd1c87 in ???
#10  0x152f8eab0cb9 in ???
#11  0x152f8eaa60ee in ???
#12  0x152f8fcd0259 in ???
#13  0x152f8fcd2eab in ???
#14  0x152f8fcd4424 in ???
#15  0x152f8fccc7b0 in ???
#8  0x14afde0033ed in ???
#9  0x14afde00cc87 in ???
#10  0x14afdd075cb9 in ???
#11  0x14afdd06b0ee in ???
#12  0x14afde00b259 in ???
#13  0x14afde00deab in ???
#14  0x14afde00f424 in ???
#15  0x14afde0077b0 in ???
#16  0x14afdf3b98c8 in ???
#8  0x14d893e416fe in ???
#9  0x14d893c9dc9c in ???
#10  0x14d892ab0cb9 in ???
#11  0x14d892aa60ee in ???
#12  0x14d893c9c259 in ???
#13  0x14d893c9eeab in ???
#14  0x14d893ca0424 in ???
#15  0x14d893c987b0 in ???
#16  0x14d89504a8c8 in ???
#16  0x152f9107e8c8 in ???
#8  0x14970b0386fe in ???
#9  0x14970ae94c9c in ???
#10  0x149709cb0cb9 in ???
#11  0x149709ca60ee in ???
#12  0x14970ae93259 in ???
#13  0x14970ae95eab in ???
#14  0x14970ae97424 in ???
#15  0x14970ae8f7b0 in ???
#16  0x14970c2418c8 in ???
#9  0x15228e9f740d in ???
#10  0x15228e9bc2c8 in ???
#11  0x15228e92a8f9 in ???
#12  0x15228e92b028 in ???
#13  0x15228da75cb9 in ???
#14  0x15228da6b0ee in ???
#15  0x15228e95a259 in ???
#16  0x15228e95ceab in ???
#0  0x155400e54daf in ???
#1  0x155400ea154c in ???
#2  0x155400e54d05 in ???
#3  0x155400e287f2 in ???
#16  0x14b38449a8c8 in ???
#9  0x147cabdc440d in ???
#10  0x147cabd892c8 in ???
#11  0x147cabcf78f9 in ???
#12  0x147cabcf8028 in ???
#13  0x147caae75cb9 in ???
#14  0x147caae6b0ee in ???
#15  0x147cabd27259 in ???
#4  0x155400e2912f in ???
#5  0x155400eab616 in ???
#6  0x155400eae5eb in ???
#7  0x155400eaf428 in ???
#8  0x1554018a76fe in ???
#8  0x14a9048316fe in ???
#9  0x14a90468dc9c in ???
#10  0x14a9034b0cb9 in ???
#11  0x14a9034a60ee in ???
#12  0x14a90468c259 in ???
#13  0x14a90468eeab in ???
#14  0x14a904690424 in ???
#15  0x14a9046887b0 in ???
#16  0x14a905a3a8c8 in ???
#9  0x1487d04372dc in ???
#10  0x1487d03a58f9 in ???
#11  0x1487d03a6028 in ???
#12  0x1487cf475cb9 in ???
#13  0x1487cf46b0ee in ???
#14  0x1487d03d5259 in ???
#15  0x1487d03d7eab in ???
#16  0x1487d03d9424 in ???
#17  0x1487d03d17b0 in ???
#18  0x1487d17838c8 in ???
#0  0x14ea0e254daf in ???
#1  0x14ea0e2a154c in ???
#2  0x14ea0e254d05 in ???
#3  0x14ea0e2287f2 in ???
#4  0x14ea0e22912f in ???
#5  0x14ea0e2ab616 in ???
#6  0x14ea0e2ac16b in ???
#7  0x14ea0e2ad1ca in ???
#8  0x14ea0e2af954 in ???
#8  0x1515830196fe in ???
#9  0x151582e75c9c in ???
#10  0x151581cb0cb9 in ???
#11  0x151581ca60ee in ???
#12  0x151582e74259 in ???
#13  0x151582e76eab in ???
#14  0x151582e78424 in ???
#15  0x151582e707b0 in ???
#16  0x1515842228c8 in ???
#9  0x14d9833cc40d in ???
#10  0x14d9833912c8 in ???
#11  0x14d9832ff8f9 in ???
#12  0x14d983300028 in ???
#13  0x14d982475cb9 in ???
#14  0x14d98246b0ee in ???
#15  0x14d98332f259 in ???
#16  0x14d983331eab in ???
#17  0x14d983333424 in ???
#18  0x14d98332b7b0 in ???
#19  0x14d9846dd8c8 in ???
#9  0x155401703c9c in ???
#10  0x1554004b0cb9 in ???
#11  0x1554004a60ee in ???
#12  0x155401702259 in ???
#13  0x155401704eab in ???
#14  0x155401706424 in ???
#15  0x1554016fe7b0 in ???
#16  0x155402ab08c8 in ???
#8  0x15166744b3ed in ???
#9  0x151667454c87 in ???
#10  0x151666475cb9 in ???
#11  0x15166646b0ee in ???
#12  0x151667453259 in ???
#13  0x151667455eab in ???
#14  0x151667457424 in ???
#15  0x15166744f7b0 in ???
#16  0x1516688018c8 in ???
#9  0x14f00544a19e in ???
#10  0x14f0053b88f9 in ???
#11  0x14f0053b9028 in ???
#12  0x14f004475cb9 in ???
#13  0x14f00446b0ee in ???
#14  0x14f0053e8259 in ???
#15  0x14f0053eaeab in ???
#16  0x14f0053ec424 in ???
#17  0x14f0053e47b0 in ???
#0  0x149123854daf in ???
#1  0x1491238a154c in ???
#2  0x149123854d05 in ???
#3  0x1491238287f2 in ???
#4  0x14912382912f in ???
#5  0x1491238ab616 in ???
#6  0x1491238ae5eb in ???
#7  0x1491238af428 in ???
#8  0x147a61aba3ed in ???
#9  0x147a61ac3c87 in ???
#10  0x147a608b0cb9 in ???
#11  0x147a608a60ee in ???
#12  0x147a61ac2259 in ???
#13  0x147a61ac4eab in ???
#14  0x147a61ac6424 in ???
#15  0x147a61abe7b0 in ???
#16  0x147a62e708c8 in ???
#0  0x1548b5054daf in ???
#1  0x1548b50a154c in ???
#2  0x1548b5054d05 in ???
#3  0x1548b50287f2 in ???
#4  0x1548b502912f in ???
#5  0x1548b50ab616 in ???
#6  0x1548b50ae5eb in ???
#7  0x1548b50af428 in ???
#8  0x1548b5b736fe in ???
#9  0x1548b59cfc9c in ???
#8  0x1491243b96fe in ???
#9  0x149124215c9c in ???
#10  0x149123275cb9 in ???
#11  0x14912326b0ee in ???
#12  0x149124214259 in ???
#8  0x150aca6c03ed in ???
#9  0x150aca6c9c87 in ???
#10  0x150ac94b0cb9 in ???
#11  0x150ac94a60ee in ???
#12  0x150aca6c8259 in ???
#13  0x150aca6caeab in ???
#14  0x150aca6cc424 in ???
#15  0x150aca6c47b0 in ???
#16  0x150acba768c8 in ???
#17  0x15228e95e424 in ???
#18  0x15228e9567b0 in ???
#19  0x15228fd088c8 in ???
#0  0x150384854daf in ???
#1  0x1503848a154c in ???
#2  0x150384854d05 in ???
#3  0x1503848287f2 in ???
#4  0x15038482912f in ???
#8  0x152e84ece6fe in ???
#9  0x152e84d2ac9c in ???
#10  0x152e83e75cb9 in ???
#11  0x152e83e6b0ee in ???
#12  0x152e84d29259 in ???
#13  0x152e84d2beab in ???
#14  0x152e84d2d424 in ???
#15  0x152e84d257b0 in ???
#16  0x152e860d78c8 in ???
#16  0x147cabd29eab in ???
#17  0x147cabd2b424 in ???
#18  0x147cabd237b0 in ???
#19  0x147cad0d58c8 in ???
#13  0x149124216eab in ???
#14  0x149124218424 in ???
#15  0x1491242107b0 in ???
#16  0x1491255c28c8 in ???
#8  0x1543ea8183ed in ???
#9  0x1543ea821c87 in ???
#10  0x1543e9875cb9 in ???
#11  0x1543e986b0ee in ???
#12  0x1543ea820259 in ???
#13  0x1543ea822eab in ???
#14  0x1543ea824424 in ???
#15  0x1543ea81c7b0 in ???
#16  0x1543ebbce8c8 in ???
#18  0x14f0067968c8 in ???
#5  0x1503848ab616 in ???
#6  0x1503848ae5eb in ???
#7  0x1503848af428 in ???
#8  0x1503852143ed in ???
#9  0x15038521dc87 in ???
#10  0x150384275cb9 in ???
#11  0x15038426b0ee in ???
#12  0x15038521c259 in ???
#13  0x15038521eeab in ???
#8  0x151be80c26fe in ???
#9  0x151be7f1ec9c in ???
#10  0x151be7075cb9 in ???
#11  0x151be706b0ee in ???
#12  0x151be7f1d259 in ???
#13  0x151be7f1feab in ???
#14  0x151be7f21424 in ???
#15  0x151be7f197b0 in ???
#16  0x151be92cb8c8 in ???
#10  0x1548b4a75cb9 in ???
#11  0x1548b4a6b0ee in ???
#12  0x1548b59ce259 in ???
#13  0x1548b59d0eab in ???
#14  0x1548b59d2424 in ???
#15  0x1548b59ca7b0 in ???
#16  0x1548b6d7c8c8 in ???
#14  0x150385220424 in ???
#15  0x1503852187b0 in ???
#16  0x1503865ca8c8 in ???
#8  0x145c371e66fe in ???
#9  0x145c37042c9c in ???
#10  0x145c36075cb9 in ???
#11  0x145c3606b0ee in ???
#12  0x145c37041259 in ???
#13  0x145c37043eab in ???
#14  0x145c37045424 in ???
#15  0x145c3703d7b0 in ???
#16  0x145c383ef8c8 in ???
#0  0x1488e3054daf in ???
#1  0x1488e30a154c in ???
#2  0x1488e3054d05 in ???
#3  0x1488e30287f2 in ???
#4  0x1488e302912f in ???
#5  0x1488e30ab616 in ???
#6  0x1488e30ae5eb in ???
#7  0x1488e30af428 in ???
#8  0x145b0b9313ed in ???
#9  0x145b0b93ac87 in ???
#10  0x145b0aa75cb9 in ???
#11  0x145b0aa6b0ee in ???
#12  0x145b0b939259 in ???
#13  0x145b0b93beab in ???
#14  0x145b0b93d424 in ???
#15  0x145b0b9357b0 in ???
#16  0x145b0cce78c8 in ???
#9  0x14ea0ec24250 in ???
#10  0x14ea0ebe92c8 in ???
#11  0x14ea0eb578f9 in ???
#12  0x14ea0eb58028 in ???
#13  0x14ea0dc75cb9 in ???
#14  0x14ea0dc6b0ee in ???
#15  0x14ea0eb87259 in ???
#8  0x150bc3ce96fe in ???
#9  0x150bc3b45c9c in ???
#10  0x150bc2c75cb9 in ???
#11  0x150bc2c6b0ee in ???
#12  0x150bc3b44259 in ???
#13  0x150bc3b46eab in ???
#14  0x150bc3b48424 in ???
#15  0x150bc3b407b0 in ???
#16  0x150bc4ef28c8 in ???
#8  0x1488e3b3e6fe in ???
#9  0x1488e399ac9c in ???
#10  0x1488e2a75cb9 in ???
#11  0x1488e2a6b0ee in ???
#12  0x1488e3999259 in ???
#13  0x1488e399beab in ???
#14  0x1488e399d424 in ???
#15  0x1488e39957b0 in ???
#8  0x14dc4e6603ed in ???
#9  0x14dc4e669c87 in ???
#10  0x14dc4d4b0cb9 in ???
#11  0x14dc4d4a60ee in ???
#12  0x14dc4e668259 in ???
#13  0x14dc4e66aeab in ???
#14  0x14dc4e66c424 in ???
#15  0x14dc4e6647b0 in ???
#16  0x14dc4fa168c8 in ???
#0  0x14b0fe254daf in ???
#1  0x14b0fe2a154c in ???
#2  0x14b0fe254d05 in ???
#3  0x14b0fe2287f2 in ???
#16  0x14ea0eb89eab in ???
#17  0x14ea0eb8b424 in ???
#18  0x14ea0eb837b0 in ???
#19  0x14ea0ff358c8 in ???
#8  0x14d19f31c3ed in ???
#9  0x14d19f325c87 in ???
#10  0x14d19e475cb9 in ???
#11  0x14d19e46b0ee in ???
#12  0x14d19f324259 in ???
#13  0x14d19f326eab in ???
#14  0x14d19f328424 in ???
#15  0x14d19f3207b0 in ???
#16  0x14d1a06d28c8 in ???
#16  0x1488e4d478c8 in ???
#8  0x152ba508b3ed in ???
#9  0x152ba5094c87 in ???
#10  0x152ba3eb0cb9 in ???
#11  0x152ba3ea60ee in ???
#12  0x152ba5093259 in ???
#13  0x152ba5095eab in ???
#14  0x152ba5097424 in ???
#15  0x152ba508f7b0 in ???
#16  0x152ba64418c8 in ???
#0  0x148720a54daf in ???
#1  0x148720aa154c in ???
#2  0x148720a54d05 in ???
#3  0x148720a287f2 in ???
#4  0x148720a2912f in ???
#5  0x148720aab616 in ???
#6  0x148720aae5eb in ???
#7  0x148720aaf428 in ???
#8  0x14dd1dce96fe in ???
#9  0x14dd1db45c9c in ???
#10  0x14dd1cc75cb9 in ???
#11  0x14dd1cc6b0ee in ???
#12  0x14dd1db44259 in ???
#13  0x14dd1db46eab in ???
#14  0x14dd1db48424 in ???
#15  0x14dd1db407b0 in ???
#16  0x14dd1eef28c8 in ???
#0  0x150232654daf in ???
#8  0x1487213d73ed in ???
#9  0x1487213e0c87 in ???
#10  0x148720475cb9 in ???
#11  0x14872046b0ee in ???
#12  0x1487213df259 in ???
#13  0x1487213e1eab in ???
#14  0x1487213e3424 in ???
#15  0x1487213db7b0 in ???
#0  0x151d50a54daf in ???
#1  0x1502326a154c in ???
#2  0x150232654d05 in ???
#3  0x1502326287f2 in ???
#4  0x15023262912f in ???
#5  0x1502326ab616 in ???
#6  0x1502326ac16b in ???
#7  0x1502326ad1ca in ???
#8  0x1502326af954 in ???
#16  0x14872278d8c8 in ???
#1  0x151d50aa154c in ???
#2  0x151d50a54d05 in ???
#3  0x151d50a287f2 in ???
#4  0x151d50a2912f in ???
#5  0x151d50aab616 in ???
#6  0x151d50aae5eb in ???
#7  0x151d50aaf428 in ???
#9  0x150232f542dc in ???
#10  0x150232ec28f9 in ???
#11  0x150232ec3028 in ???
#12  0x150231cb0cb9 in ???
#0  0x15255a254daf in ???
#1  0x15255a2a154c in ???
#2  0x15255a254d05 in ???
#3  0x15255a2287f2 in ???
#4  0x15255a22912f in ???
#5  0x15255a2ab616 in ???
#6  0x15255a2ae5eb in ???
#7  0x15255a2af428 in ???
#8  0x15255ac043ed in ???
#9  0x15255ac0dc87 in ???
#10  0x152559c75cb9 in ???
#11  0x152559c6b0ee in ???
#12  0x15255ac0c259 in ???
#13  0x15255ac0eeab in ???
#14  0x15255ac10424 in ???
#15  0x15255ac087b0 in ???
#16  0x15255bfba8c8 in ???
#8  0x151d513483ed in ???
#9  0x151d51351c87 in ???
#13  0x150231ca60ee in ???
#14  0x150232ef2259 in ???
#15  0x150232ef4eab in ???
#16  0x150232ef6424 in ???
#17  0x150232eee7b0 in ???
#18  0x1502342a08c8 in ???
#4  0x14b0fe22912f in ???
#5  0x14b0fe2ab616 in ???
#6  0x14b0fe2ae5eb in ???
#7  0x14b0fe2af428 in ???
#0  0x149360a54daf in ???
#1  0x149360aa154c in ???
#2  0x149360a54d05 in ???
#3  0x149360a287f2 in ???
#4  0x149360a2912f in ???
#5  0x149360aab616 in ???
#6  0x149360aae5eb in ???
#7  0x149360aaf428 in ???
#8  0x1493614f66fe in ???
#9  0x149361352c9c in ???
#10  0x149360475cb9 in ???
#11  0x14936046b0ee in ???
#12  0x149361351259 in ???
#13  0x149361353eab in ???
#14  0x149361355424 in ???
#15  0x14936134d7b0 in ???
#16  0x1493626ff8c8 in ???
#10  0x151d50475cb9 in ???
#11  0x151d5046b0ee in ???
#12  0x151d51350259 in ???
#13  0x151d51352eab in ???
#14  0x151d51354424 in ???
#15  0x151d5134c7b0 in ???
#0  0x14a9a6e54daf in ???
#1  0x14a9a6ea154c in ???
#2  0x14a9a6e54d05 in ???
#3  0x14a9a6e287f2 in ???
#4  0x14a9a6e2912f in ???
#5  0x14a9a6eab616 in ???
#6  0x14a9a6eac16b in ???
#7  0x14a9a6eacd48 in ???
#8  0x14a9a6eaf954 in ???
#8  0x14b0fedb26fe in ???
#9  0x14b0fec0ec9c in ???
#0  0x1546f2c54daf in ???
#16  0x151d526fe8c8 in ???
#9  0x14a9a78e9250 in ???
#10  0x14a9a78ae2c8 in ???
#11  0x14a9a781c8f9 in ???
#12  0x14a9a781d028 in ???
#10  0x14b0fdc75cb9 in ???
#11  0x14b0fdc6b0ee in ???
#12  0x14b0fec0d259 in ???
#13  0x14b0fec0feab in ???
#14  0x14b0fec11424 in ???
#15  0x14b0fec097b0 in ???
#1  0x1546f2ca154c in ???
#2  0x1546f2c54d05 in ???
#3  0x1546f2c287f2 in ???
#4  0x1546f2c2912f in ???
#5  0x1546f2cab616 in ???
#6  0x1546f2cae5eb in ???
#7  0x1546f2caf428 in ???
#8  0x147a3e9636fe in ???
#9  0x147a3e7bfc9c in ???
#0  0x14f858454daf in ???
#16  0x14b0fffbb8c8 in ???
#8  0x1546f34613ed in ???
#9  0x1546f346ac87 in ???
#10  0x147a3d875cb9 in ???
#11  0x147a3d86b0ee in ???
#12  0x147a3e7be259 in ???
#13  0x147a3e7c0eab in ???
#14  0x147a3e7c2424 in ???
#15  0x147a3e7ba7b0 in ???
#13  0x14a9a6875cb9 in ???
#14  0x14a9a686b0ee in ???
#15  0x14a9a784c259 in ???
#16  0x14a9a784eeab in ???
#17  0x14a9a7850424 in ???
#18  0x14a9a78487b0 in ???
#10  0x1546f22b0cb9 in ???
#11  0x1546f22a60ee in ???
#12  0x1546f3469259 in ???
#13  0x1546f346beab in ???
#14  0x1546f346d424 in ???
#15  0x1546f34657b0 in ???
#16  0x147a3fb6c8c8 in ???
#1  0x14f8584a154c in ???
#2  0x14f858454d05 in ???
#3  0x14f8584287f2 in ???
#4  0x14f85842912f in ???
#5  0x14f8584ab616 in ???
#6  0x14f8584ac16b in ???
#7  0x14f8584acd48 in ???
#8  0x14f8584af954 in ???
#9  0x14f858ea573f in ???
#0  0x152bb0054daf in ???
#9  0x14c6c93c273f in ???
#10  0x14c6c93fb468 in ???
#11  0x14c6c93c02c8 in ???
#12  0x14c6c932e8f9 in ???
#13  0x14c6c932f028 in ???
#19  0x14a9a8bfa8c8 in ???
#16  0x1546f48178c8 in ???
#9  0x14f87c562480 in ???
#10  0x14f87c5272c8 in ???
#11  0x14f87c4958f9 in ???
#12  0x14f87c496028 in ???
#13  0x14f87b2b0cb9 in ???
#10  0x14f858ede468 in ???
#11  0x14f858ea32c8 in ???
#12  0x14f858e118f9 in ???
#13  0x14f858e12028 in ???
#14  0x14f857e75cb9 in ???
#15  0x14f857e6b0ee in ???
#16  0x14f858e41259 in ???
#17  0x14f858e43eab in ???
#18  0x14f858e45424 in ???
#19  0x14f858e3d7b0 in ???
#0  0x152ba0854daf in ???
#1  0x152ba08a154c in ???
#2  0x152ba0854d05 in ???
#3  0x152ba08287f2 in ???
#4  0x152ba082912f in ???
#5  0x152ba08ab616 in ???
#6  0x152ba08ae5eb in ???
#7  0x152ba08af428 in ???
#8  0x152ba12bb6fe in ???
#9  0x152ba1117c9c in ???
#10  0x152ba0275cb9 in ???
#11  0x152ba026b0ee in ???
#12  0x152ba1116259 in ???
#13  0x152ba1118eab in ???
#14  0x152ba111a424 in ???
#15  0x152ba11127b0 in ???
#1  0x152bb00a154c in ???
#2  0x152bb0054d05 in ???
#3  0x152bb00287f2 in ???
#4  0x152bb002912f in ???
#5  0x152bb00ab616 in ???
#6  0x152bb00ac16b in ???
#7  0x152bb00ad1ca in ???
#8  0x152bb00af954 in ???
#9  0x14ea2059f2dc in ???
#10  0x14ea2050d8f9 in ???
#11  0x14ea2050e028 in ???
#12  0x14ea1f675cb9 in ???
#13  0x14ea1f66b0ee in ???
#14  0x14ea2053d259 in ???
#15  0x14ea2053feab in ???
#16  0x14ea20541424 in ???
#17  0x14ea205397b0 in ???
#18  0x14ea218eb8c8 in ???
#20  0x14f85a1ef8c8 in ???
#9  0x152bb0aca250 in ???
#10  0x152bb0a8f2c8 in ???
#11  0x152bb09fd8f9 in ???
#12  0x152bb09fe028 in ???
#14  0x14c6c8475cb9 in ???
#15  0x14c6c846b0ee in ???
#16  0x14c6c935e259 in ???
#17  0x14c6c9360eab in ???
#18  0x14c6c9362424 in ???
#19  0x14c6c935a7b0 in ???
#20  0x14c6ca70c8c8 in ???
#0  0x152577454daf in ???
#1  0x1525774a154c in ???
#2  0x152577454d05 in ???
#3  0x1525774287f2 in ???
#4  0x15257742912f in ???
#5  0x1525774ab616 in ???
#6  0x1525774ae5eb in ???
#7  0x1525774af428 in ???
#8  0x152577f926fe in ???
#9  0x152577deec9c in ???
#10  0x152576e75cb9 in ???
#11  0x152576e6b0ee in ???
#12  0x152577ded259 in ???
#13  0x152577defeab in ???
#14  0x152577df1424 in ???
#15  0x152577de97b0 in ???
#16  0x15257919b8c8 in ???
#13  0x152bafa75cb9 in ???
#14  0x152bafa6b0ee in ???
#15  0x152bb0a2d259 in ???
#16  0x152bb0a2feab in ???
#17  0x152bb0a31424 in ???
#18  0x152bb0a297b0 in ???
#14  0x14f87b2a60ee in ???
#15  0x14f87c4c5259 in ???
#16  0x14f87c4c7eab in ???
#17  0x14f87c4c9424 in ???
#18  0x14f87c4c17b0 in ???
#19  0x14f87d8738c8 in ???
#19  0x152bb1ddb8c8 in ???
#0  0x14b67a054daf in ???
#0  0x15263ca54daf in ???
#1  0x15263caa154c in ???
#2  0x15263ca54d05 in ???
#3  0x15263ca287f2 in ???
#4  0x15263ca2912f in ???
#5  0x15263caab616 in ???
#6  0x15263caae5eb in ???
#7  0x15263caaf428 in ???
#8  0x15263d5896fe in ???
#9  0x15263d3e5c9c in ???
#10  0x15263c475cb9 in ???
#11  0x15263c46b0ee in ???
#12  0x15263d3e4259 in ???
#13  0x15263d3e6eab in ???
#14  0x15263d3e8424 in ???
#15  0x15263d3e07b0 in ???
#16  0x15263e7928c8 in ???
#0  0x146785854daf in ???
#1  0x14b67a0a154c in ???
#2  0x14b67a054d05 in ???
#3  0x14b67a0287f2 in ???
#4  0x14b67a02912f in ???
#5  0x14b67a0ab616 in ???
#6  0x14b67a0ae5eb in ???
#16  0x152ba24c48c8 in ???
#1  0x1467858a154c in ???
#2  0x146785854d05 in ???
#7  0x14b67a0af428 in ???
#8  0x14b67aab06fe in ???
#0  0x14ec1f054daf in ???
#1  0x14ec1f0a154c in ???
#2  0x14ec1f054d05 in ???
#3  0x14ec1f0287f2 in ???
#4  0x14ec1f02912f in ???
#5  0x14ec1f0ab616 in ???
#6  0x14ec1f0ae5eb in ???
#7  0x14ec1f0af428 in ???
#8  0x14ec1fb386fe in ???
#9  0x14ec1f994c9c in ???
#10  0x14ec1ea75cb9 in ???
#11  0x14ec1ea6b0ee in ???
#12  0x14ec1f993259 in ???
#13  0x14ec1f995eab in ???
#14  0x14ec1f997424 in ???
#15  0x14ec1f98f7b0 in ???
#16  0x14ec20d418c8 in ???
#3  0x1467858287f2 in ???
#4  0x14678582912f in ???
#5  0x1467858ab616 in ???
#6  0x1467858ae5eb in ???
#7  0x1467858af428 in ???
#9  0x14b67a90cc9c in ???
#10  0x14b679a75cb9 in ???
#11  0x14b679a6b0ee in ???
#12  0x14b67a90b259 in ???
#13  0x14b67a90deab in ???
#0  0x1547be254daf in ???
#1  0x1547be2a154c in ???
#2  0x1547be254d05 in ???
#3  0x1547be2287f2 in ???
#4  0x1547be22912f in ???
#5  0x1547be2ab616 in ???
#6  0x1547be2ae5eb in ???
#7  0x1547be2af428 in ???
#8  0x1547bebe43ed in ???
#9  0x1547bebedc87 in ???
#10  0x1547bdc75cb9 in ???
#11  0x1547bdc6b0ee in ???
#12  0x1547bebec259 in ???
#13  0x1547bebeeeab in ???
#14  0x1547bebf0424 in ???
#15  0x1547bebe87b0 in ???
#16  0x1547bff9a8c8 in ???
#8  0x1467860dd3ed in ???
#9  0x1467860e6c87 in ???
#10  0x146784eb0cb9 in ???
#11  0x146784ea60ee in ???
#12  0x1467860e5259 in ???
#13  0x1467860e7eab in ???
#14  0x1467860e9424 in ???
#15  0x1467860e17b0 in ???
#14  0x14b67a90f424 in ???
#15  0x14b67a9077b0 in ???
#16  0x14b67bcb98c8 in ???
#0  0x1501fe854daf in ???
#1  0x1501fe8a154c in ???
#2  0x1501fe854d05 in ???
#3  0x1501fe8287f2 in ???
#4  0x1501fe82912f in ???
#5  0x1501fe8ab616 in ???
#6  0x1501fe8ae5eb in ???
#7  0x1501fe8af428 in ???
#8  0x1501ff2746fe in ???
#9  0x1501ff0d0c9c in ???
#10  0x1501fdeb0cb9 in ???
#11  0x1501fdea60ee in ???
#12  0x1501ff0cf259 in ???
#13  0x1501ff0d1eab in ???
#14  0x1501ff0d3424 in ???
#15  0x1501ff0cb7b0 in ???
#16  0x15020047d8c8 in ???
#16  0x1467874938c8 in ???
#0  0x151ec5a54daf in ???
#1  0x151ec5aa154c in ???
#2  0x151ec5a54d05 in ???
#3  0x151ec5a287f2 in ???
#4  0x151ec5a2912f in ???
#0  0x1517b8054daf in ???
#1  0x1517b80a154c in ???
#2  0x1517b8054d05 in ???
#3  0x1517b80287f2 in ???
#4  0x1517b802912f in ???
#5  0x1517b80ab616 in ???
#6  0x1517b80ae5eb in ???
#7  0x1517b80af428 in ???
#8  0x1517b8a6c6fe in ???
#9  0x1517b88c8c9c in ???
#10  0x1517b76b0cb9 in ???
#11  0x1517b76a60ee in ???
#12  0x1517b88c7259 in ???
#13  0x1517b88c9eab in ???
#14  0x1517b88cb424 in ???
#15  0x1517b88c37b0 in ???
#16  0x1517b9c758c8 in ???
#0  0x14c5ba854daf in ???
#1  0x14c5ba8a154c in ???
#2  0x14c5ba854d05 in ???
#5  0x151ec5aab616 in ???
#6  0x151ec5aae5eb in ???
#7  0x151ec5aaf428 in ???
#8  0x151ec63243ed in ???
#3  0x14c5ba8287f2 in ???
#4  0x14c5ba82912f in ???
#5  0x14c5ba8ab616 in ???
#6  0x14c5ba8ae5eb in ???
#7  0x14c5ba8af428 in ???
#9  0x151ec632dc87 in ???
#10  0x151ec5475cb9 in ???
#11  0x151ec546b0ee in ???
#12  0x151ec632c259 in ???
#13  0x151ec632eeab in ???
#0  0x151031854daf in ???
#1  0x1510318a154c in ???
#2  0x151031854d05 in ???
#3  0x1510318287f2 in ???
#4  0x15103182912f in ???
#5  0x1510318ab616 in ???
#6  0x1510318ac16b in ???
#7  0x1510318acd48 in ???
#8  0x1510318af954 in ???
#0  0x1459da654daf in ???
#8  0x14c5bb1003ed in ???
#9  0x14c5bb109c87 in ???
#10  0x14c5ba275cb9 in ???
#11  0x14c5ba26b0ee in ???
#12  0x14c5bb108259 in ???
#13  0x14c5bb10aeab in ???
#14  0x14c5bb10c424 in ???
#15  0x14c5bb1047b0 in ???
#14  0x151ec6330424 in ???
#15  0x151ec63287b0 in ???
#16  0x151ec76da8c8 in ???
#9  0x151032280480 in ???
#0  0x152ac4854daf in ???
#1  0x152ac48a154c in ???
#2  0x152ac4854d05 in ???
#3  0x152ac48287f2 in ???
#4  0x152ac482912f in ???
#5  0x152ac48ab616 in ???
#16  0x14c5bc4b68c8 in ???
#1  0x1459da6a154c in ???
#2  0x1459da654d05 in ???
#3  0x1459da6287f2 in ???
#4  0x1459da62912f in ???
#5  0x1459da6ab616 in ???
#6  0x1459da6ae5eb in ???
#7  0x1459da6af428 in ???
#8  0x1459db0353ed in ???
#9  0x1459db03ec87 in ???
#10  0x1510322452c8 in ???
#11  0x1510321b38f9 in ???
#12  0x1510321b4028 in ???
#0  0x151db7e54daf in ???
#1  0x151db7ea154c in ???
#2  0x151db7e54d05 in ???
#3  0x151db7e287f2 in ???
#4  0x151db7e2912f in ???
#5  0x151db7eab616 in ???
#6  0x151db7eae5eb in ???
#7  0x151db7eaf428 in ???
#13  0x151031275cb9 in ???
#14  0x15103126b0ee in ???
#15  0x1510321e3259 in ???
#16  0x1510321e5eab in ???
#0  0x1533b1c54daf in ???
#1  0x1533b1ca154c in ???
#2  0x1533b1c54d05 in ???
#3  0x1533b1c287f2 in ???
#4  0x1533b1c2912f in ???
#5  0x1533b1cab616 in ???
#6  0x1533b1cae5eb in ???
#7  0x1533b1caf428 in ???
#8  0x1533b25ad3ed in ???
#9  0x1533b25b6c87 in ???
#10  0x1533b1675cb9 in ???
#11  0x1533b166b0ee in ???
#12  0x1533b25b5259 in ???
#13  0x1533b25b7eab in ???
#14  0x1533b25b9424 in ???
#15  0x1533b25b17b0 in ???
#16  0x1533b39638c8 in ???
#17  0x1510321e7424 in ???
#18  0x1510321df7b0 in ???
#0  0x14b81ce54daf in ???
#1  0x14b81cea154c in ???
#2  0x14b81ce54d05 in ???
#3  0x14b81ce287f2 in ???
#4  0x14b81ce2912f in ???
#5  0x14b81ceab616 in ???
#6  0x14b81ceae5eb in ???
#7  0x14b81ceaf428 in ???
#8  0x14b81d6703ed in ???
#9  0x14b81d679c87 in ???
#10  0x14b81c4b0cb9 in ???
#11  0x14b81c4a60ee in ???
#12  0x14b81d678259 in ???
#13  0x14b81d67aeab in ???
#14  0x14b81d67c424 in ???
#0  0x14a03a254daf in ???
#1  0x14a03a2a154c in ???
#2  0x14a03a254d05 in ???
#3  0x14a03a2287f2 in ???
#4  0x14a03a22912f in ???
#5  0x14a03a2ab616 in ???
#6  0x14a03a2ae5eb in ???
#7  0x14a03a2af428 in ???
#19  0x1510335918c8 in ???
#6  0x152ac48ae5eb in ???
#7  0x152ac48af428 in ???
#8  0x152ac52306fe in ???
#9  0x152ac508cc9c in ???
#10  0x152ac3eb0cb9 in ???
#11  0x152ac3ea60ee in ???
#12  0x152ac508b259 in ???
#13  0x152ac508deab in ???
#14  0x152ac508f424 in ???
#15  0x152ac50877b0 in ???
#16  0x152ac64398c8 in ???
#0  0x14dedce54daf in ???
#1  0x14dedcea154c in ???
#2  0x14dedce54d05 in ???
#3  0x14dedce287f2 in ???
#4  0x14dedce2912f in ???
#10  0x1459da075cb9 in ???
#11  0x1459da06b0ee in ???
#12  0x1459db03d259 in ???
#13  0x1459db03feab in ???
#14  0x1459db041424 in ???
#15  0x1459db0397b0 in ???
#16  0x1459dc3eb8c8 in ???
#5  0x14dedceab616 in ???
#6  0x14dedceae5eb in ???
#7  0x14dedceaf428 in ???
#0  0x14b841854daf in ???
#1  0x14b8418a154c in ???
#2  0x14b841854d05 in ???
#3  0x14b8418287f2 in ???
#4  0x14b84182912f in ???
#5  0x14b8418ab616 in ???
#6  0x14b8418ae5eb in ???
#7  0x14b8418af428 in ???
#8  0x14b8421383ed in ???
#9  0x14b842141c87 in ???
#10  0x14b841275cb9 in ???
#11  0x14b84126b0ee in ???
#12  0x14b842140259 in ???
#13  0x14b842142eab in ???
#14  0x14b842144424 in ???
#15  0x14b84213c7b0 in ???
#16  0x14b8434ee8c8 in ???
#0  0x14aef9054daf in ???
#1  0x14aef90a154c in ???
#2  0x14aef9054d05 in ???
#0  0x154291654daf in ???
#1  0x1542916a154c in ???
#2  0x154291654d05 in ???
#3  0x1542916287f2 in ???
#4  0x15429162912f in ???
#5  0x1542916ab616 in ???
#6  0x1542916ac16b in ???
#7  0x1542916acd48 in ???
#8  0x1542916af954 in ???
#9  0x154291fa9480 in ???
#10  0x154291f6e2c8 in ???
#11  0x154291edc8f9 in ???
#12  0x154291edd028 in ???
#13  0x154291075cb9 in ???
#14  0x15429106b0ee in ???
#15  0x154291f0c259 in ???
#16  0x154291f0eeab in ???
#17  0x154291f10424 in ???
#18  0x154291f087b0 in ???
#8  0x14dedd8213ed in ???
#9  0x14dedd82ac87 in ???
#10  0x14dedc875cb9 in ???
#11  0x14dedc86b0ee in ???
#0  0x15176c654daf in ???
#1  0x15176c6a154c in ???
#2  0x15176c654d05 in ???
#3  0x15176c6287f2 in ???
#4  0x15176c62912f in ???
#5  0x15176c6ab616 in ???
#6  0x15176c6ae5eb in ???
#7  0x15176c6af428 in ???
#8  0x15176cf903ed in ???
#9  0x15176cf99c87 in ???
#10  0x15176c075cb9 in ???
#11  0x15176c06b0ee in ???
#12  0x15176cf98259 in ???
#13  0x15176cf9aeab in ???
#14  0x15176cf9c424 in ???
#15  0x15176cf947b0 in ???
#16  0x15176e3468c8 in ???
#3  0x14aef90287f2 in ???
#4  0x14aef902912f in ???
#5  0x14aef90ab616 in ???
#6  0x14aef90ac16b in ???
#7  0x14aef90ad1ca in ???
#8  0x14aef90af954 in ???
#8  0x151db87913ed in ???
#9  0x151db879ac87 in ???
#10  0x151db7875cb9 in ???
#11  0x151db786b0ee in ???
#12  0x151db8799259 in ???
#13  0x151db879beab in ???
#14  0x151db879d424 in ???
#15  0x151db87957b0 in ???
#16  0x151db9b478c8 in ???
#12  0x14dedd829259 in ???
#13  0x14dedd82beab in ???
#14  0x14dedd82d424 in ???
#15  0x14dedd8257b0 in ???
#16  0x14dedebd78c8 in ???
#0  0x14da23854daf in ???
#1  0x14da238a154c in ???
#2  0x14da23854d05 in ???
#3  0x14da238287f2 in ???
#4  0x14da2382912f in ???
#5  0x14da238ab616 in ???
#6  0x14da238ae5eb in ???
#7  0x14da238af428 in ???
#8  0x14da241ec3ed in ???
#9  0x14da241f5c87 in ???
#10  0x14da23275cb9 in ???
#11  0x14da2326b0ee in ???
#12  0x14da241f4259 in ???
#13  0x14da241f6eab in ???
#14  0x14da241f8424 in ???
#15  0x14da241f07b0 in ???
#16  0x14da255a28c8 in ???
#9  0x14aef99b7250 in ???
#10  0x14aef997c2c8 in ???
#11  0x14aef98ea8f9 in ???
#12  0x14aef98eb028 in ???
#0  0x1545a7a54daf in ???
#1  0x1545a7aa154c in ???
#2  0x1545a7a54d05 in ???
#3  0x1545a7a287f2 in ???
#4  0x1545a7a2912f in ???
#5  0x1545a7aab616 in ???
#6  0x1545a7aae5eb in ???
#7  0x1545a7aaf428 in ???
#8  0x1545a832b3ed in ???
#9  0x1545a8334c87 in ???
#10  0x1545a7475cb9 in ???
#11  0x1545a746b0ee in ???
#12  0x1545a8333259 in ???
#13  0x1545a8335eab in ???
#14  0x1545a8337424 in ???
#15  0x1545a832f7b0 in ???
#16  0x1545a96e18c8 in ???
#8  0x14a03ac0d6fe in ???
#9  0x14a03aa69c9c in ???
#10  0x14a0398b0cb9 in ???
#11  0x14a0398a60ee in ???
#12  0x14a03aa68259 in ???
#13  0x14a03aa6aeab in ???
#14  0x14a03aa6c424 in ???
#15  0x14a03aa647b0 in ???
#13  0x14aef8a75cb9 in ???
#14  0x14aef8a6b0ee in ???
#15  0x14aef991a259 in ???
#0  0x14d0b7054daf in ???
#1  0x14d0b70a154c in ???
#2  0x14d0b7054d05 in ???
#3  0x14d0b70287f2 in ???
#4  0x14d0b702912f in ???
#5  0x14d0b70ab616 in ???
#6  0x14d0b70ae5eb in ???
#7  0x14d0b70af428 in ???
#8  0x14d0b7a866fe in ???
#9  0x14d0b78e2c9c in ???
#10  0x14d0b66b0cb9 in ???
#11  0x14d0b66a60ee in ???
#12  0x14d0b78e1259 in ???
#13  0x14d0b78e3eab in ???
#14  0x14d0b78e5424 in ???
#15  0x14d0b78dd7b0 in ???
#16  0x14d0b8c8f8c8 in ???
#16  0x14a03be168c8 in ???
#0  0x151afea54daf in ???
#1  0x151afeaa154c in ???
#2  0x151afea54d05 in ???
#3  0x151afea287f2 in ???
#4  0x151afea2912f in ???
#5  0x151afeaab616 in ???
#6  0x151afeaac16b in ???
#15  0x14b81d6747b0 in ???
#16  0x14b81ea268c8 in ???
#16  0x14aef991ceab in ???
#17  0x14aef991e424 in ???
#18  0x14aef99167b0 in ???
#19  0x14aefacc88c8 in ???
#19  0x1542932ba8c8 in ???
#0  0x145e95c54daf in ???
#1  0x145e95ca154c in ???
#2  0x145e95c54d05 in ???
#3  0x145e95c287f2 in ???
#4  0x145e95c2912f in ???
#5  0x145e95cab616 in ???
#6  0x145e95cae5eb in ???
#7  0x151afeaac2cd in ???
#8  0x151afeaad32f in ???
#9  0x151afeaaf954 in ???
#10  0x151aff410088 in ???
#11  0x151afe475cb9 in ???
#12  0x151afe46b0ee in ???
#13  0x151aff43f259 in ???
#14  0x151aff441eab in ???
#15  0x151aff443424 in ???
#16  0x151aff43b7b0 in ???
#17  0x151b007ed8c8 in ???
#0  0x152b8f854daf in ???
#1  0x152b8f8a154c in ???
#2  0x152b8f854d05 in ???
#3  0x152b8f8287f2 in ???
#4  0x152b8f82912f in ???
#5  0x152b8f8ab616 in ???
#6  0x152b8f8ae5eb in ???
#7  0x152b8f8af428 in ???
#8  0x152b903876fe in ???
#9  0x152b901e3c9c in ???
#10  0x152b8f275cb9 in ???
#11  0x152b8f26b0ee in ???
#12  0x152b901e2259 in ???
#0  0x14735f654daf in ???
#1  0x14735f6a154c in ???
#13  0x152b901e4eab in ???
#14  0x152b901e6424 in ???
#15  0x152b901de7b0 in ???
#16  0x152b915908c8 in ???
#2  0x14735f654d05 in ???
#3  0x14735f6287f2 in ???
#4  0x14735f62912f in ???
#5  0x14735f6ab616 in ???
#6  0x14735f6ae5eb in ???
#7  0x14735f6af428 in ???
#7  0x145e95caf428 in ???
#8  0x1473600126fe in ???
#9  0x14735fe6ec9c in ???
#10  0x14735ecb0cb9 in ???
#11  0x14735eca60ee in ???
#12  0x14735fe6d259 in ???
#0  0x147fcc854daf in ???
#1  0x147fcc8a154c in ???
#2  0x147fcc854d05 in ???
#3  0x147fcc8287f2 in ???
#4  0x147fcc82912f in ???
#5  0x147fcc8ab616 in ???
#6  0x147fcc8ae5eb in ???
#7  0x147fcc8af428 in ???
#8  0x147fcd3746fe in ???
#9  0x147fcd1d0c9c in ???
#10  0x147fcc275cb9 in ???
#8  0x145e965933ed in ???
#9  0x145e9659cc87 in ???
#10  0x145e95675cb9 in ???
#11  0x145e9566b0ee in ???
#12  0x145e9659b259 in ???
#13  0x145e9659deab in ???
#14  0x145e9659f424 in ???
#13  0x14735fe6feab in ???
#14  0x14735fe71424 in ???
#15  0x14735fe697b0 in ???
#16  0x14736121b8c8 in ???
#0  0x14bb80654daf in ???
#1  0x14bb806a154c in ???
#2  0x14bb80654d05 in ???
#3  0x14bb806287f2 in ???
#4  0x14bb8062912f in ???
#5  0x14bb806ab616 in ???
#6  0x14bb806ae5eb in ???
#7  0x14bb806af428 in ???
#8  0x14bb80ea33ed in ???
#9  0x14bb80eacc87 in ???
#10  0x14bb7fcb0cb9 in ???
#11  0x14bb7fca60ee in ???
#12  0x14bb80eab259 in ???
#13  0x14bb80eadeab in ???
#14  0x14bb80eaf424 in ???
#15  0x14bb80ea77b0 in ???
#16  0x14bb822598c8 in ???
#15  0x145e965977b0 in ???
#16  0x145e979498c8 in ???
#0  0x14ce65054daf in ???
#1  0x14ce650a154c in ???
#2  0x14ce65054d05 in ???
#3  0x14ce650287f2 in ???
#4  0x14ce6502912f in ???
#5  0x14ce650ab616 in ???
#6  0x14ce650ae5eb in ???
#7  0x14ce650af428 in ???
#8  0x14ce659243ed in ???
#9  0x14ce6592dc87 in ???
#10  0x14ce64a75cb9 in ???
#11  0x14ce64a6b0ee in ???
#12  0x14ce6592c259 in ???
#13  0x14ce6592eeab in ???
#14  0x14ce65930424 in ???
#15  0x14ce659287b0 in ???
#16  0x14ce66cda8c8 in ???
#0  0x14c314254daf in ???
#1  0x14c3142a154c in ???
#2  0x14c314254d05 in ???
#3  0x14c3142287f2 in ???
#4  0x14c31422912f in ???
#5  0x14c3142ab616 in ???
#6  0x14c3142ae5eb in ???
#7  0x14c3142af428 in ???
#8  0x14c314c223ed in ???
#9  0x14c314c2bc87 in ???
#10  0x14c313c75cb9 in ???
#11  0x14c313c6b0ee in ???
#12  0x14c314c2a259 in ???
#13  0x14c314c2ceab in ???
#14  0x14c314c2e424 in ???
#15  0x14c314c267b0 in ???
#16  0x14c315fd88c8 in ???
#0  0x14b7a9654daf in ???
#1  0x14b7a96a154c in ???
#2  0x14b7a9654d05 in ???
#3  0x14b7a96287f2 in ???
#4  0x14b7a962912f in ???
#5  0x14b7a96ab616 in ???
#6  0x14b7a96ae5eb in ???
#7  0x14b7a96af428 in ???
#8  0x14b7a9fcf3ed in ???
#9  0x14b7a9fd8c87 in ???
#10  0x14b7a9075cb9 in ???
#11  0x14b7a906b0ee in ???
#12  0x14b7a9fd7259 in ???
#13  0x14b7a9fd9eab in ???
#14  0x14b7a9fdb424 in ???
#15  0x14b7a9fd37b0 in ???
#16  0x14b7ab3858c8 in ???
#11  0x147fcc26b0ee in ???
#12  0x147fcd1cf259 in ???
#13  0x147fcd1d1eab in ???
#14  0x147fcd1d3424 in ???
#15  0x147fcd1cb7b0 in ???
#16  0x147fce57d8c8 in ???
#0  0x150c9d654daf in ???
#1  0x150c9d6a154c in ???
#2  0x150c9d654d05 in ???
#3  0x150c9d6287f2 in ???
#4  0x150c9d62912f in ???
#5  0x150c9d6ab616 in ???
#6  0x150c9d6ae5eb in ???
#7  0x150c9d6af428 in ???
#8  0x150c9e1cf6fe in ???
#9  0x150c9e02bc9c in ???
#10  0x150c9d075cb9 in ???
#11  0x150c9d06b0ee in ???
#12  0x150c9e02a259 in ???
#13  0x150c9e02ceab in ???
#14  0x150c9e02e424 in ???
#15  0x150c9e0267b0 in ???
#16  0x150c9f3d88c8 in ???
#0  0x14cffcc54daf in ???
#1  0x14cffcca154c in ???
#2  0x14cffcc54d05 in ???
#3  0x14cffcc287f2 in ???
#4  0x14cffcc2912f in ???
#5  0x14cffccab616 in ???
#6  0x14cffccae5eb in ???
#7  0x14cffccaf428 in ???
#8  0x14cffd6fb6fe in ???
#9  0x14cffd557c9c in ???
#10  0x14cffc675cb9 in ???
#11  0x14cffc66b0ee in ???
#12  0x14cffd556259 in ???
#13  0x14cffd558eab in ???
#14  0x14cffd55a424 in ???
#15  0x14cffd5527b0 in ???
#16  0x14cffe9048c8 in ???
#0  0x1493c3654daf in ???
#1  0x1493c36a154c in ???
#2  0x1493c3654d05 in ???
#3  0x1493c36287f2 in ???
#4  0x1493c362912f in ???
#5  0x1493c36ab616 in ???
#6  0x1493c36ae5eb in ???
#7  0x1493c36af428 in ???
#0  0x14f01e454daf in ???
#1  0x14f01e4a154c in ???
#2  0x14f01e454d05 in ???
#3  0x14f01e4287f2 in ???
#4  0x14f01e42912f in ???
#5  0x14f01e4ab616 in ???
#6  0x14f01e4ae5eb in ???
#7  0x14f01e4af428 in ???
#0  0x14d824054daf in ???
#1  0x14d8240a154c in ???
#2  0x14d824054d05 in ???
#3  0x14d8240287f2 in ???
#4  0x14d82402912f in ???
#5  0x14d8240ab616 in ???
#6  0x14d8240ae5eb in ???
#7  0x14d8240af428 in ???
#8  0x14d82496d3ed in ???
#0  0x14dafd854daf in ???
#1  0x14dafd8a154c in ???
#2  0x14dafd854d05 in ???
#3  0x14dafd8287f2 in ???
#4  0x14dafd82912f in ???
#5  0x14dafd8ab616 in ???
#6  0x14dafd8ae5eb in ???
#7  0x14dafd8af428 in ???
#8  0x14dafe2153ed in ???
#9  0x14dafe21ec87 in ???
#8  0x1493c41816fe in ???
#9  0x1493c3fddc9c in ???
#10  0x1493c3075cb9 in ???
#11  0x1493c306b0ee in ???
#12  0x1493c3fdc259 in ???
#13  0x1493c3fdeeab in ???
#14  0x1493c3fe0424 in ???
#15  0x1493c3fd87b0 in ???
#16  0x1493c538a8c8 in ???
#8  0x14f01ef246fe in ???
#9  0x14f01ed80c9c in ???
#10  0x14f01de75cb9 in ???
#11  0x14f01de6b0ee in ???
#12  0x14f01ed7f259 in ???
#13  0x14f01ed81eab in ???
#14  0x14f01ed83424 in ???
#15  0x14f01ed7b7b0 in ???
#16  0x14f02012d8c8 in ???
#9  0x14d824976c87 in ???
#10  0x14d823a75cb9 in ???
#11  0x14d823a6b0ee in ???
#12  0x14d824975259 in ???
#13  0x14d824977eab in ???
#14  0x14d824979424 in ???
#15  0x14d8249717b0 in ???
#16  0x14d825d238c8 in ???
#0  0x14f853654daf in ???
#1  0x14f8536a154c in ???
#2  0x14f853654d05 in ???
#3  0x14f8536287f2 in ???
#4  0x14f85362912f in ???
#5  0x14f8536ab616 in ???
#6  0x14f8536ac16b in ???
#7  0x14f8536acd48 in ???
#8  0x14f8536af954 in ???
#0  0x15030b054daf in ???
#1  0x15030b0a154c in ???
#2  0x15030b054d05 in ???
#3  0x15030b0287f2 in ???
#4  0x15030b02912f in ???
#5  0x15030b0ab616 in ???
#6  0x15030b0ae5eb in ???
#7  0x15030b0af428 in ???
#8  0x15030b9603ed in ???
#9  0x15030b969c87 in ???
#10  0x15030aa75cb9 in ???
#11  0x15030aa6b0ee in ???
#12  0x15030b968259 in ???
#13  0x15030b96aeab in ???
#14  0x15030b96c424 in ???
#15  0x15030b9647b0 in ???
#16  0x15030cd168c8 in ???
#0  0x14cbef254daf in ???
#1  0x14cbef2a154c in ???
#2  0x14cbef254d05 in ???
#3  0x14cbef2287f2 in ???
#4  0x14cbef22912f in ???
#5  0x14cbef2ab616 in ???
#6  0x14cbef2ae5eb in ???
#7  0x14cbef2af428 in ???
#8  0x14cbefc4b6fe in ???
#9  0x14cbefaa7c9c in ???
#10  0x14cbee8b0cb9 in ???
#11  0x14cbee8a60ee in ???
#12  0x14cbefaa6259 in ???
#13  0x14cbefaa8eab in ???
#14  0x14cbefaaa424 in ???
#15  0x14cbefaa27b0 in ???
#16  0x14cbf0e548c8 in ???
#10  0x14dafd275cb9 in ???
#11  0x14dafd26b0ee in ???
#12  0x14dafe21d259 in ???
#13  0x14dafe21feab in ???
#14  0x14dafe221424 in ???
#15  0x14dafe2197b0 in ???
#16  0x14daff5cb8c8 in ???
#9  0x14f853f7a2dc in ???
#10  0x14f853ee88f9 in ???
#11  0x14f853ee9028 in ???
#12  0x14f853075cb9 in ???
#13  0x14f85306b0ee in ???
#14  0x14f853f18259 in ???
#15  0x14f853f1aeab in ???
#16  0x14f853f1c424 in ???
#17  0x14f853f147b0 in ???
#18  0x14f8552c68c8 in ???
#0  0x147d20a54daf in ???
#1  0x147d20aa154c in ???
#2  0x147d20a54d05 in ???
#3  0x147d20a287f2 in ???
#4  0x147d20a2912f in ???
#5  0x147d20aab616 in ???
#6  0x147d20aac16b in ???
#7  0x147d20aacd48 in ???
#8  0x147d20aaf954 in ???
#0  0x153f57e54daf in ???
#1  0x153f57ea154c in ???
#2  0x153f57e54d05 in ???
#3  0x153f57e287f2 in ???
#4  0x153f57e2912f in ???
#5  0x153f57eab616 in ???
#6  0x153f57eae5eb in ???
#7  0x153f57eaf428 in ???
#0  0x1553a2854daf in ???
#1  0x1553a28a154c in ???
#2  0x1553a2854d05 in ???
#3  0x1553a28287f2 in ???
#4  0x1553a282912f in ???
#5  0x1553a28ab616 in ???
#6  0x1553a28ae5eb in ???
#7  0x1553a28af428 in ???
#0  0x149092c54daf in ???
#1  0x149092ca154c in ???
#2  0x149092c54d05 in ???
#3  0x149092c287f2 in ???
#4  0x149092c2912f in ???
#5  0x149092cab616 in ???
#6  0x149092cae5eb in ???
#7  0x149092caf428 in ???
#8  0x1490937de6fe in ???
#0  0x147a2ac54daf in ???
#1  0x147a2aca154c in ???
#2  0x147a2ac54d05 in ???
#3  0x147a2ac287f2 in ???
#4  0x147a2ac2912f in ???
#5  0x147a2acab616 in ???
#6  0x147a2acae5eb in ???
#7  0x147a2acaf428 in ???
#8  0x147a2b7046fe in ???
#9  0x147a2b560c9c in ???
#10  0x147a2a675cb9 in ???
#11  0x147a2a66b0ee in ???
#12  0x147a2b55f259 in ???
#8  0x153f588226fe in ???
#9  0x153f5867ec9c in ???
#10  0x153f574b0cb9 in ???
#11  0x153f574a60ee in ???
#12  0x153f5867d259 in ???
#13  0x153f5867feab in ???
#14  0x153f58681424 in ???
#15  0x153f586797b0 in ???
#16  0x153f59a2b8c8 in ???
#8  0x1553a33f26fe in ???
#9  0x1553a324ec9c in ???
#10  0x1553a2275cb9 in ???
#11  0x1553a226b0ee in ???
#12  0x1553a324d259 in ???
#13  0x1553a324feab in ???
#14  0x1553a3251424 in ???
#15  0x1553a32497b0 in ???
#16  0x1553a45fb8c8 in ???
#9  0x14909363ac9c in ???
#10  0x149092675cb9 in ???
#11  0x14909266b0ee in ???
#12  0x149093639259 in ???
#13  0x14909363beab in ???
#14  0x14909363d424 in ???
#15  0x1490936357b0 in ???
#16  0x1490949e78c8 in ???
#13  0x147a2b561eab in ???
#14  0x147a2b563424 in ???
#15  0x147a2b55b7b0 in ???
#16  0x147a2c90d8c8 in ???
#9  0x147d21310480 in ???
#10  0x147d212d52c8 in ???
#11  0x147d212438f9 in ???
#12  0x147d21244028 in ???
#13  0x147d200b0cb9 in ???
#14  0x147d200a60ee in ???
#15  0x147d21273259 in ???
#16  0x147d21275eab in ???
#17  0x147d21277424 in ???
#18  0x147d2126f7b0 in ???
#19  0x147d226218c8 in ???
#0  0x14fc57854daf in ???
#1  0x14fc578a154c in ???
#2  0x14fc57854d05 in ???
#3  0x14fc578287f2 in ???
#4  0x14fc5782912f in ???
#0  0x149421e54daf in ???
#1  0x149421ea154c in ???
#2  0x149421e54d05 in ???
#3  0x149421e287f2 in ???
#4  0x149421e2912f in ???
#5  0x149421eab616 in ???
#6  0x149421eac16b in ???
#5  0x14fc578ab616 in ???
#6  0x14fc578ae5eb in ???
#7  0x14fc578af428 in ???
#8  0x14fc583b26fe in ???
#9  0x14fc5820ec9c in ???
#10  0x14fc57275cb9 in ???
#11  0x14fc5726b0ee in ???
#12  0x14fc5820d259 in ???
#7  0x149421ead1ca in ???
#8  0x149421eaf954 in ???
#13  0x14fc5820feab in ???
#14  0x14fc58211424 in ???
#15  0x14fc582097b0 in ???
#16  0x14fc595bb8c8 in ???
#9  0x14942284619e in ???
#10  0x1494227b48f9 in ???
#11  0x1494227b5028 in ???
#12  0x149421875cb9 in ???
#13  0x14942186b0ee in ???
#14  0x1494227e4259 in ???
#15  0x1494227e6eab in ???
#16  0x1494227e8424 in ???
#17  0x1494227e07b0 in ???
#18  0x149423b928c8 in ???
#0  0x14ffc1654daf in ???
#1  0x14ffc16a154c in ???
#2  0x14ffc1654d05 in ???
#3  0x14ffc16287f2 in ???
#4  0x14ffc162912f in ???
#5  0x14ffc16ab616 in ???
#6  0x14ffc16ae5eb in ???
#7  0x14ffc16af428 in ???
#8  0x14ffc213e6fe in ???
#9  0x14ffc1f9ac9c in ???
#10  0x14ffc1075cb9 in ???
#11  0x14ffc106b0ee in ???
#12  0x14ffc1f99259 in ???
#13  0x14ffc1f9beab in ???
#14  0x14ffc1f9d424 in ???
#15  0x14ffc1f957b0 in ???
#16  0x14ffc33478c8 in ???
#0  0x149bc9654daf in ???
#1  0x149bc96a154c in ???
#2  0x149bc9654d05 in ???
#3  0x149bc96287f2 in ???
#4  0x149bc962912f in ???
#5  0x149bc96ab616 in ???
#6  0x149bc96ae5eb in ???
#7  0x149bc96af428 in ???
#8  0x149bca1e96fe in ???
#9  0x149bca045c9c in ???
#10  0x149bc9075cb9 in ???
#11  0x149bc906b0ee in ???
#12  0x149bca044259 in ???
#13  0x149bca046eab in ???
#14  0x149bca048424 in ???
#15  0x149bca0407b0 in ???
#16  0x149bcb3f28c8 in ???
#0  0x148414654daf in ???
#1  0x1484146a154c in ???
#2  0x148414654d05 in ???
#3  0x1484146287f2 in ???
#4  0x14841462912f in ???
#5  0x1484146ab616 in ???
#6  0x1484146ae5eb in ???
#7  0x1484146af428 in ???
#8  0x14841517a6fe in ???
#9  0x148414fd6c9c in ???
#10  0x148414075cb9 in ???
#11  0x14841406b0ee in ???
#12  0x148414fd5259 in ???
#13  0x148414fd7eab in ???
#14  0x148414fd9424 in ???
#15  0x148414fd17b0 in ???
#16  0x1484163838c8 in ???
#0  0x145fc8e54daf in ???
#1  0x145fc8ea154c in ???
#2  0x145fc8e54d05 in ???
#3  0x145fc8e287f2 in ???
#4  0x145fc8e2912f in ???
#5  0x145fc8eab616 in ???
#6  0x145fc8eae5eb in ???
#7  0x145fc8eaf428 in ???
#8  0x145fc97043ed in ???
#9  0x145fc970dc87 in ???
#10  0x145fc8875cb9 in ???
#11  0x145fc886b0ee in ???
#12  0x145fc970c259 in ???
#13  0x145fc970eeab in ???
#14  0x145fc9710424 in ???
#15  0x145fc97087b0 in ???
#16  0x145fcaaba8c8 in ???
#0  0x153db7254daf in ???
#1  0x153db72a154c in ???
#2  0x153db7254d05 in ???
#3  0x153db72287f2 in ???
#4  0x153db722912f in ???
#5  0x153db72ab616 in ???
#6  0x153db72ae5eb in ???
#7  0x153db72af428 in ???
#8  0x153db7ca46fe in ???
#9  0x153db7b00c9c in ???
#10  0x153db68b0cb9 in ???
#11  0x153db68a60ee in ???
#12  0x153db7aff259 in ???
#13  0x153db7b01eab in ???
#14  0x153db7b03424 in ???
#15  0x153db7afb7b0 in ???
#16  0x153db8ead8c8 in ???
#0  0x14745ba54daf in ???
#1  0x14745baa154c in ???
#2  0x14745ba54d05 in ???
#3  0x14745ba287f2 in ???
#4  0x14745ba2912f in ???
#5  0x14745baab616 in ???
#6  0x14745baae5eb in ???
#7  0x14745baaf428 in ???
#8  0x14745c55d6fe in ???
#9  0x14745c3b9c9c in ???
#10  0x14745b475cb9 in ???
#11  0x14745b46b0ee in ???
#12  0x14745c3b8259 in ???
#13  0x14745c3baeab in ???
#14  0x14745c3bc424 in ???
#15  0x14745c3b47b0 in ???
#16  0x14745d7668c8 in ???
#0  0x14cf2a454daf in ???
#1  0x14cf2a4a154c in ???
#2  0x14cf2a454d05 in ???
#3  0x14cf2a4287f2 in ???
#4  0x14cf2a42912f in ???
#5  0x14cf2a4ab616 in ???
#6  0x14cf2a4ae5eb in ???
#7  0x14cf2a4af428 in ???
#8  0x14cf2ac923ed in ???
#9  0x14cf2ac9bc87 in ???
#10  0x14cf29ab0cb9 in ???
#11  0x14cf29aa60ee in ???
#12  0x14cf2ac9a259 in ???
#13  0x14cf2ac9ceab in ???
#14  0x14cf2ac9e424 in ???
#15  0x14cf2ac967b0 in ???
#16  0x14cf2c0488c8 in ???
#0  0x1488a3054daf in ???
#1  0x1488a30a154c in ???
#2  0x1488a3054d05 in ???
#3  0x1488a30287f2 in ???
#4  0x1488a302912f in ???
#5  0x1488a30ab616 in ???
#6  0x1488a30ae5eb in ???
#7  0x1488a30af428 in ???
#8  0x1488a3a363ed in ???
#9  0x1488a3a3fc87 in ???
#10  0x1488a2a75cb9 in ???
#11  0x1488a2a6b0ee in ???
#12  0x1488a3a3e259 in ???
#13  0x1488a3a40eab in ???
#14  0x1488a3a42424 in ???
#15  0x1488a3a3a7b0 in ???
#16  0x1488a4dec8c8 in ???
#0  0x1481f3854daf in ???
#1  0x1481f38a154c in ???
#2  0x1481f3854d05 in ???
#3  0x1481f38287f2 in ???
#4  0x1481f382912f in ???
#5  0x1481f38ab616 in ???
#6  0x1481f38ae5eb in ???
#7  0x1481f38af428 in ???
#8  0x1481f41fa3ed in ???
#9  0x1481f4203c87 in ???
#10  0x1481f3275cb9 in ???
#11  0x1481f326b0ee in ???
#12  0x1481f4202259 in ???
#13  0x1481f4204eab in ???
#14  0x1481f4206424 in ???
#15  0x1481f41fe7b0 in ???
#16  0x1481f55b08c8 in ???
#0  0x146b6c854daf in ???
#1  0x146b6c8a154c in ???
#2  0x146b6c854d05 in ???
#3  0x146b6c8287f2 in ???
#4  0x146b6c82912f in ???
#5  0x146b6c8ab616 in ???
#6  0x146b6c8ae5eb in ???
#7  0x146b6c8af428 in ???
#8  0x146b6d2103ed in ???
#9  0x146b6d219c87 in ???
#10  0x146b6c275cb9 in ???
#11  0x146b6c26b0ee in ???
#12  0x146b6d218259 in ???
#13  0x146b6d21aeab in ???
#14  0x146b6d21c424 in ???
#15  0x146b6d2147b0 in ???
#16  0x146b6e5c68c8 in ???
#0  0x147416a54daf in ???
#1  0x147416aa154c in ???
#2  0x147416a54d05 in ???
#3  0x147416a287f2 in ???
#4  0x147416a2912f in ???
#5  0x147416aab616 in ???
#6  0x147416aae5eb in ???
#7  0x147416aaf428 in ???
#8  0x1474175976fe in ???
#9  0x1474173f3c9c in ???
#10  0x147416475cb9 in ???
#11  0x14741646b0ee in ???
#12  0x1474173f2259 in ???
#13  0x1474173f4eab in ???
#14  0x1474173f6424 in ???
#15  0x1474173ee7b0 in ???
#16  0x1474187a08c8 in ???
#0  0x150602054daf in ???
#1  0x1506020a154c in ???
#2  0x150602054d05 in ???
#3  0x1506020287f2 in ???
#4  0x15060202912f in ???
#5  0x1506020ab616 in ???
#6  0x1506020ae5eb in ???
#7  0x1506020af428 in ???
#8  0x1506028ca3ed in ???
#9  0x1506028d3c87 in ???
#10  0x1506016b0cb9 in ???
#11  0x1506016a60ee in ???
#12  0x1506028d2259 in ???
#13  0x1506028d4eab in ???
#14  0x1506028d6424 in ???
#15  0x1506028ce7b0 in ???
#16  0x150603c808c8 in ???
#0  0x14a253454daf in ???
#1  0x14a2534a154c in ???
#2  0x14a253454d05 in ???
#3  0x14a2534287f2 in ???
#4  0x14a25342912f in ???
#5  0x14a2534ab616 in ???
#6  0x14a2534ae5eb in ???
#7  0x14a2534af428 in ???
#8  0x14a253d4e3ed in ???
#9  0x14a253d57c87 in ???
#10  0x14a252e75cb9 in ???
#11  0x14a252e6b0ee in ???
#12  0x14a253d56259 in ???
#13  0x14a253d58eab in ???
#14  0x14a253d5a424 in ???
#15  0x14a253d527b0 in ???
#16  0x14a2551048c8 in ???
#0  0x1462f3454daf in ???
#1  0x1462f34a154c in ???
#2  0x1462f3454d05 in ???
#3  0x1462f34287f2 in ???
#4  0x1462f342912f in ???
#5  0x1462f34ab616 in ???
#6  0x1462f34ae5eb in ???
#7  0x1462f34af428 in ???
#8  0x1462f3fbe6fe in ???
#9  0x1462f3e1ac9c in ???
#10  0x1462f2e75cb9 in ???
#11  0x1462f2e6b0ee in ???
#12  0x1462f3e19259 in ???
#13  0x1462f3e1beab in ???
#14  0x1462f3e1d424 in ???
#15  0x1462f3e157b0 in ???
#16  0x1462f51c78c8 in ???
#0  0x14c5bc254daf in ???
#1  0x14c5bc2a154c in ???
#2  0x14c5bc254d05 in ???
#3  0x14c5bc2287f2 in ???
#4  0x14c5bc22912f in ???
#5  0x14c5bc2ab616 in ???
#6  0x14c5bc2ae5eb in ???
#7  0x14c5bc2af428 in ???
#0  0x152617c54daf in ???
#1  0x152617ca154c in ???
#2  0x152617c54d05 in ???
#3  0x152617c287f2 in ???
#4  0x152617c2912f in ???
#5  0x152617cab616 in ???
#6  0x152617cae5eb in ???
#7  0x152617caf428 in ???
#8  0x1526187286fe in ???
#9  0x152618584c9c in ???
#10  0x152617675cb9 in ???
#11  0x15261766b0ee in ???
#12  0x152618583259 in ???
#13  0x152618585eab in ???
#14  0x152618587424 in ???
#15  0x15261857f7b0 in ???
#8  0x14c5bcba13ed in ???
#9  0x14c5bcbaac87 in ???
#10  0x14c5bbc75cb9 in ???
#11  0x14c5bbc6b0ee in ???
#12  0x14c5bcba9259 in ???
#13  0x14c5bcbabeab in ???
#14  0x14c5bcbad424 in ???
#15  0x14c5bcba57b0 in ???
#16  0x1526199318c8 in ???
#16  0x14c5bdf578c8 in ???
#0  0x148c8b854daf in ???
#1  0x148c8b8a154c in ???
#2  0x148c8b854d05 in ???
#3  0x148c8b8287f2 in ???
#4  0x148c8b82912f in ???
#5  0x148c8b8ab616 in ???
#6  0x148c8b8ae5eb in ???
#7  0x148c8b8af428 in ???
#8  0x148c8c3e76fe in ???
#9  0x148c8c243c9c in ???
#10  0x148c8b275cb9 in ???
#11  0x148c8b26b0ee in ???
#12  0x148c8c242259 in ???
#13  0x148c8c244eab in ???
#14  0x148c8c246424 in ???
#15  0x148c8c23e7b0 in ???
#16  0x148c8d5f08c8 in ???
#0  0x152dab254daf in ???
#1  0x152dab2a154c in ???
#2  0x152dab254d05 in ???
#3  0x152dab2287f2 in ???
#4  0x152dab22912f in ???
#5  0x152dab2ab616 in ???
#6  0x152dab2ae5eb in ???
#7  0x152dab2af428 in ???
#8  0x152dabcae6fe in ???
#9  0x152dabb0ac9c in ???
#10  0x152daac75cb9 in ???
#11  0x152daac6b0ee in ???
#12  0x152dabb09259 in ???
#13  0x152dabb0beab in ???
#14  0x152dabb0d424 in ???
#15  0x152dabb057b0 in ???
#16  0x152daceb78c8 in ???
#0  0x1458f9654daf in ???
#1  0x1458f96a154c in ???
#2  0x1458f9654d05 in ???
#3  0x1458f96287f2 in ???
#4  0x1458f962912f in ???
#5  0x1458f96ab616 in ???
#6  0x1458f96ae5eb in ???
#7  0x1458f96af428 in ???
#8  0x1458f9ede3ed in ???
#9  0x1458f9ee7c87 in ???
#10  0x1458f8cb0cb9 in ???
#11  0x1458f8ca60ee in ???
#12  0x1458f9ee6259 in ???
#13  0x1458f9ee8eab in ???
#14  0x1458f9eea424 in ???
#15  0x1458f9ee27b0 in ???
#0  0x152c78e54daf in ???
#1  0x152c78ea154c in ???
#2  0x152c78e54d05 in ???
#3  0x152c78e287f2 in ???
#4  0x152c78e2912f in ???
#5  0x152c78eab616 in ???
#6  0x152c78eae5eb in ???
#7  0x152c78eaf428 in ???
#16  0x1458fb2948c8 in ???
#8  0x152c797253ed in ???
#9  0x152c7972ec87 in ???
#10  0x152c78875cb9 in ???
#11  0x152c7886b0ee in ???
#12  0x152c7972d259 in ???
#13  0x152c7972feab in ???
#14  0x152c79731424 in ???
#15  0x152c797297b0 in ???
#16  0x152c7aadb8c8 in ???
#0  0x146d1b254daf in ???
#1  0x146d1b2a154c in ???
#2  0x146d1b254d05 in ???
#3  0x146d1b2287f2 in ???
#4  0x146d1b22912f in ???
#5  0x146d1b2ab616 in ???
#6  0x146d1b2ae5eb in ???
#7  0x146d1b2af428 in ???
#8  0x146d1bcc66fe in ???
#9  0x146d1bb22c9c in ???
#10  0x146d1ac75cb9 in ???
#11  0x146d1ac6b0ee in ???
#12  0x146d1bb21259 in ???
#13  0x146d1bb23eab in ???
#14  0x146d1bb25424 in ???
#15  0x146d1bb1d7b0 in ???
#16  0x146d1cecf8c8 in ???
#0  0x145801454daf in ???
#1  0x1458014a154c in ???
#2  0x145801454d05 in ???
#3  0x1458014287f2 in ???
#4  0x14580142912f in ???
#5  0x1458014ab616 in ???
#6  0x1458014ae5eb in ???
#7  0x1458014af428 in ???
#8  0x145801e316fe in ???
#9  0x145801c8dc9c in ???
#10  0x145800ab0cb9 in ???
#11  0x145800aa60ee in ???
#12  0x145801c8c259 in ???
#13  0x145801c8eeab in ???
#14  0x145801c90424 in ???
#0  0x149c22254daf in ???
#1  0x149c222a154c in ???
#2  0x149c22254d05 in ???
#3  0x149c222287f2 in ???
#4  0x149c2222912f in ???
#5  0x149c222ab616 in ???
#6  0x149c222ae5eb in ???
#7  0x149c222af428 in ???
#8  0x149c22d826fe in ???
#9  0x149c22bdec9c in ???
#10  0x149c21c75cb9 in ???
#11  0x149c21c6b0ee in ???
#12  0x149c22bdd259 in ???
#13  0x149c22bdfeab in ???
#14  0x149c22be1424 in ???
#15  0x149c22bd97b0 in ???
#16  0x149c23f8b8c8 in ???
#15  0x145801c887b0 in ???
#16  0x14580303a8c8 in ???
#0  0x14c7ff454daf in ???
#1  0x14c7ff4a154c in ???
#2  0x14c7ff454d05 in ???
#3  0x14c7ff4287f2 in ???
#4  0x14c7ff42912f in ???
#5  0x14c7ff4ab616 in ???
#6  0x14c7ff4ae5eb in ???
#7  0x14c7ff4af428 in ???
#8  0x14c7ffe966fe in ???
#9  0x14c7ffcf2c9c in ???
#10  0x14c7feab0cb9 in ???
#11  0x14c7feaa60ee in ???
#12  0x14c7ffcf1259 in ???
#13  0x14c7ffcf3eab in ???
#14  0x14c7ffcf5424 in ???
#15  0x14c7ffced7b0 in ???
#16  0x14c80109f8c8 in ???
#0  0x14ba81854daf in ???
#1  0x14ba818a154c in ???
#2  0x14ba81854d05 in ???
#3  0x14ba818287f2 in ???
#4  0x14ba8182912f in ???
#5  0x14ba818ab616 in ???
#6  0x14ba818ae5eb in ???
#7  0x14ba818af428 in ???
#8  0x14ba821c63ed in ???
#9  0x14ba821cfc87 in ???
#10  0x14ba81275cb9 in ???
#11  0x14ba8126b0ee in ???
#12  0x14ba821ce259 in ???
#13  0x14ba821d0eab in ???
#14  0x14ba821d2424 in ???
#15  0x14ba821ca7b0 in ???
#16  0x14ba8357c8c8 in ???
#0  0x153067e54daf in ???
#1  0x153067ea154c in ???
#2  0x153067e54d05 in ???
#3  0x153067e287f2 in ???
#4  0x153067e2912f in ???
#5  0x153067eab616 in ???
#6  0x153067eae5eb in ???
#7  0x153067eaf428 in ???
#8  0x1530689316fe in ???
#9  0x15306878dc9c in ???
#10  0x153067875cb9 in ???
#11  0x15306786b0ee in ???
#12  0x15306878c259 in ???
#13  0x15306878eeab in ???
#14  0x153068790424 in ???
#15  0x1530687887b0 in ???
#16  0x153069b3a8c8 in ???
#0  0x14ce2e054daf in ???
#1  0x14ce2e0a154c in ???
#2  0x14ce2e054d05 in ???
#3  0x14ce2e0287f2 in ???
#4  0x14ce2e02912f in ???
#5  0x14ce2e0ab616 in ???
#6  0x14ce2e0ae5eb in ???
#7  0x14ce2e0af428 in ???
#8  0x14ce2e9ac3ed in ???
#9  0x14ce2e9b5c87 in ???
#10  0x14ce2da75cb9 in ???
#11  0x14ce2da6b0ee in ???
#12  0x14ce2e9b4259 in ???
#13  0x14ce2e9b6eab in ???
#14  0x14ce2e9b8424 in ???
#15  0x14ce2e9b07b0 in ???
#16  0x14ce2fd628c8 in ???
#17  0x15255f318682 in __message_passing_MOD_mp_world_finalize
	at /pc2/users/e/eprop2d2/cp2k_dev/build/src/mpiwrap/message_passing.F:1358
#17  0x14e280a2a682 in __message_passing_MOD_mp_world_finalize
	at /pc2/users/e/eprop2d2/cp2k_dev/build/src/mpiwrap/message_passing.F:1358
#17  0x14c8bc304682 in __message_passing_MOD_mp_world_finalize
	at /pc2/users/e/eprop2d2/cp2k_dev/build/src/mpiwrap/message_passing.F:1358
#17  0x14f15f2d3682 in __message_passing_MOD_mp_world_finalize
	at /pc2/users/e/eprop2d2/cp2k_dev/build/src/mpiwrap/message_passing.F:1358
#17  0x150389928682 in __message_passing_MOD_mp_world_finalize
	at /pc2/users/e/eprop2d2/cp2k_dev/build/src/mpiwrap/message_passing.F:1358
#17  0x14be76bb9682 in __message_passing_MOD_mp_world_finalize
	at /pc2/users/e/eprop2d2/cp2k_dev/build/src/mpiwrap/message_passing.F:1358
#17  0x152b948ee682 in __message_passing_MOD_mp_world_finalize
	at /pc2/users/e/eprop2d2/cp2k_dev/build/src/mpiwrap/message_passing.F:1358
#18  0x151b03b4b682 in __message_passing_MOD_mp_world_finalize
	at /pc2/users/e/eprop2d2/cp2k_dev/build/src/mpiwrap/message_passing.F:1358
#17  0x14c2501aa682 in __message_passing_MOD_mp_world_finalize
	at /pc2/users/e/eprop2d2/cp2k_dev/build/src/mpiwrap/message_passing.F:1358
#18  0x14bba993a682 in __message_passing_MOD_mp_world_finalize
	at /pc2/users/e/eprop2d2/cp2k_dev/build/src/mpiwrap/message_passing.F:1358
#20  0x14ea13293682 in __message_passing_MOD_mp_world_finalize
	at /pc2/users/e/eprop2d2/cp2k_dev/build/src/mpiwrap/message_passing.F:1358
#17  0x14992c0cd682 in __message_passing_MOD_mp_world_finalize
	at /pc2/users/e/eprop2d2/cp2k_dev/build/src/mpiwrap/message_passing.F:1358
#17  0x1518c8229682 in __message_passing_MOD_mp_world_finalize
	at /pc2/users/e/eprop2d2/cp2k_dev/build/src/mpiwrap/message_passing.F:1358
#17  0x149128920682 in __message_passing_MOD_mp_world_finalize
	at /pc2/users/e/eprop2d2/cp2k_dev/build/src/mpiwrap/message_passing.F:1358
#17  0x14dee1f35682 in __message_passing_MOD_mp_world_finalize
	at /pc2/users/e/eprop2d2/cp2k_dev/build/src/mpiwrap/message_passing.F:1358
#17  0x14c5bf814682 in __message_passing_MOD_mp_world_finalize
	at /pc2/users/e/eprop2d2/cp2k_dev/build/src/mpiwrap/message_passing.F:1358
#17  0x1546f7b75682 in __message_passing_MOD_mp_world_finalize
	at /pc2/users/e/eprop2d2/cp2k_dev/build/src/mpiwrap/message_passing.F:1358
#20  0x152bb5139682 in __message_passing_MOD_mp_world_finalize
	at /pc2/users/e/eprop2d2/cp2k_dev/build/src/mpiwrap/message_passing.F:1358
#17  0x152f943dc682 in __message_passing_MOD_mp_world_finalize
	at /pc2/users/e/eprop2d2/cp2k_dev/build/src/mpiwrap/message_passing.F:1358
#17  0x151c43d11682 in __message_passing_MOD_mp_world_finalize
	at /pc2/users/e/eprop2d2/cp2k_dev/build/src/mpiwrap/message_passing.F:1358
#17  0x148725aeb682 in __message_passing_MOD_mp_world_finalize
	at /pc2/users/e/eprop2d2/cp2k_dev/build/src/mpiwrap/message_passing.F:1358
#17  0x153c55595682 in __message_passing_MOD_mp_world_finalize
	at /pc2/users/e/eprop2d2/cp2k_dev/build/src/mpiwrap/message_passing.F:1358
#17  0x1546c7d73682 in __message_passing_MOD_mp_world_finalize
	at /pc2/users/e/eprop2d2/cp2k_dev/build/src/mpiwrap/message_passing.F:1358
#17  0x147364579682 in __message_passing_MOD_mp_world_finalize
	at /pc2/users/e/eprop2d2/cp2k_dev/build/src/mpiwrap/message_passing.F:1358
#20  0x14aefe026682 in __message_passing_MOD_mp_world_finalize
	at /pc2/users/e/eprop2d2/cp2k_dev/build/src/mpiwrap/message_passing.F:1358
#20  0x1510368ef682 in __message_passing_MOD_mp_world_finalize
	at /pc2/users/e/eprop2d2/cp2k_dev/build/src/mpiwrap/message_passing.F:1358
#17  0x14678a7f1682 in __message_passing_MOD_mp_world_finalize
	at /pc2/users/e/eprop2d2/cp2k_dev/build/src/mpiwrap/message_passing.F:1358
#17  0x155405e0e682 in __message_passing_MOD_mp_world_finalize
	at /pc2/users/e/eprop2d2/cp2k_dev/build/src/mpiwrap/message_passing.F:1358
#17  0x149365a5d682 in __message_passing_MOD_mp_world_finalize
	at /pc2/users/e/eprop2d2/cp2k_dev/build/src/mpiwrap/message_passing.F:1358
#17  0x14ce330c0682 in __message_passing_MOD_mp_world_finalize
	at /pc2/users/e/eprop2d2/cp2k_dev/build/src/mpiwrap/message_passing.F:1358
#17  0x153dbc20b682 in __message_passing_MOD_mp_world_finalize
	at /pc2/users/e/eprop2d2/cp2k_dev/build/src/mpiwrap/message_passing.F:1358
#17  0x145806398682 in __message_passing_MOD_mp_world_finalize
	at /pc2/users/e/eprop2d2/cp2k_dev/build/src/mpiwrap/message_passing.F:1358
#17  0x14d001c62682 in __message_passing_MOD_mp_world_finalize
	at /pc2/users/e/eprop2d2/cp2k_dev/build/src/mpiwrap/message_passing.F:1358
#17  0x14e288b88682 in __message_passing_MOD_mp_world_finalize
	at /pc2/users/e/eprop2d2/cp2k_dev/build/src/mpiwrap/message_passing.F:1358
#17  0x146d2022d682 in __message_passing_MOD_mp_world_finalize
	at /pc2/users/e/eprop2d2/cp2k_dev/build/src/mpiwrap/message_passing.F:1358
#17  0x14a03f174682 in __message_passing_MOD_mp_world_finalize
	at /pc2/users/e/eprop2d2/cp2k_dev/build/src/mpiwrap/message_passing.F:1358
#17  0x14b103319682 in __message_passing_MOD_mp_world_finalize
	at /pc2/users/e/eprop2d2/cp2k_dev/build/src/mpiwrap/message_passing.F:1358
#17  0x145e9aca7682 in __message_passing_MOD_mp_world_finalize
	at /pc2/users/e/eprop2d2/cp2k_dev/build/src/mpiwrap/message_passing.F:1358
#17  0x14ba868da682 in __message_passing_MOD_mp_world_finalize
	at /pc2/users/e/eprop2d2/cp2k_dev/build/src/mpiwrap/message_passing.F:1358
#17  0x1484f5414682 in __message_passing_MOD_mp_world_finalize
	at /pc2/users/e/eprop2d2/cp2k_dev/build/src/mpiwrap/message_passing.F:1358
#17  0x152c7de39682 in __message_passing_MOD_mp_world_finalize
	at /pc2/users/e/eprop2d2/cp2k_dev/build/src/mpiwrap/message_passing.F:1358
#17  0x14c5aeb1d682 in __message_passing_MOD_mp_world_finalize
	at /pc2/users/e/eprop2d2/cp2k_dev/build/src/mpiwrap/message_passing.F:1358
#17  0x147bd1fb8682 in __message_passing_MOD_mp_world_finalize
	at /pc2/users/e/eprop2d2/cp2k_dev/build/src/mpiwrap/message_passing.F:1358
#17  0x14a6ae2a2682 in __message_passing_MOD_mp_world_finalize
	at /pc2/users/e/eprop2d2/cp2k_dev/build/src/mpiwrap/message_passing.F:1358
#17  0x146830d37682 in __message_passing_MOD_mp_world_finalize
	at /pc2/users/e/eprop2d2/cp2k_dev/build/src/mpiwrap/message_passing.F:1358
#17  0x1458fe5f2682 in __message_passing_MOD_mp_world_finalize
	at /pc2/users/e/eprop2d2/cp2k_dev/build/src/mpiwrap/message_passing.F:1358
#17  0x15261cc8f682 in __message_passing_MOD_mp_world_finalize
	at /pc2/users/e/eprop2d2/cp2k_dev/build/src/mpiwrap/message_passing.F:1358
#17  0x14c5c12b5682 in __message_passing_MOD_mp_world_finalize
	at /pc2/users/e/eprop2d2/cp2k_dev/build/src/mpiwrap/message_passing.F:1358
#17  0x150633a2c682 in __message_passing_MOD_mp_world_finalize
	at /pc2/users/e/eprop2d2/cp2k_dev/build/src/mpiwrap/message_passing.F:1358
#17  0x152db0215682 in __message_passing_MOD_mp_world_finalize
	at /pc2/users/e/eprop2d2/cp2k_dev/build/src/mpiwrap/message_passing.F:1358
#17  0x14cf2f3a6682 in __message_passing_MOD_mp_world_finalize
	at /pc2/users/e/eprop2d2/cp2k_dev/build/src/mpiwrap/message_passing.F:1358
#17  0x15470da49682 in __message_passing_MOD_mp_world_finalize
	at /pc2/users/e/eprop2d2/cp2k_dev/build/src/mpiwrap/message_passing.F:1358
#17  0x14fc5c919682 in __message_passing_MOD_mp_world_finalize
	at /pc2/users/e/eprop2d2/cp2k_dev/build/src/mpiwrap/message_passing.F:1358
#17  0x14ffc66a5682 in __message_passing_MOD_mp_world_finalize
	at /pc2/users/e/eprop2d2/cp2k_dev/build/src/mpiwrap/message_passing.F:1358
#17  0x152ba5822682 in __message_passing_MOD_mp_world_finalize
	at /pc2/users/e/eprop2d2/cp2k_dev/build/src/mpiwrap/message_passing.F:1358
#17  0x150ca2736682 in __message_passing_MOD_mp_world_finalize
	at /pc2/users/e/eprop2d2/cp2k_dev/build/src/mpiwrap/message_passing.F:1358
#17  0x149bce750682 in __message_passing_MOD_mp_world_finalize
	at /pc2/users/e/eprop2d2/cp2k_dev/build/src/mpiwrap/message_passing.F:1358
#17  0x151d2580c682 in __message_passing_MOD_mp_world_finalize
	at /pc2/users/e/eprop2d2/cp2k_dev/build/src/mpiwrap/message_passing.F:1358
#20  0x147d2597f682 in __message_passing_MOD_mp_world_finalize
	at /pc2/users/e/eprop2d2/cp2k_dev/build/src/mpiwrap/message_passing.F:1358
#17  0x147460ac4682 in __message_passing_MOD_mp_world_finalize
	at /pc2/users/e/eprop2d2/cp2k_dev/build/src/mpiwrap/message_passing.F:1358
#17  0x1488a814a682 in __message_passing_MOD_mp_world_finalize
	at /pc2/users/e/eprop2d2/cp2k_dev/build/src/mpiwrap/message_passing.F:1358
#17  0x148c9094e682 in __message_passing_MOD_mp_world_finalize
	at /pc2/users/e/eprop2d2/cp2k_dev/build/src/mpiwrap/message_passing.F:1358
#17  0x14d2d5f3c682 in __message_passing_MOD_mp_world_finalize
	at /pc2/users/e/eprop2d2/cp2k_dev/build/src/mpiwrap/message_passing.F:1358
#17  0x14c8043fd682 in __message_passing_MOD_mp_world_finalize
	at /pc2/users/e/eprop2d2/cp2k_dev/build/src/mpiwrap/message_passing.F:1358
#17  0x15306ce98682 in __message_passing_MOD_mp_world_finalize
	at /pc2/users/e/eprop2d2/cp2k_dev/build/src/mpiwrap/message_passing.F:1358
#17  0x14a258462682 in __message_passing_MOD_mp_world_finalize
	at /pc2/users/e/eprop2d2/cp2k_dev/build/src/mpiwrap/message_passing.F:1358
#17  0x14b84684c682 in __message_passing_MOD_mp_world_finalize
	at /pc2/users/e/eprop2d2/cp2k_dev/build/src/mpiwrap/message_passing.F:1358
#17  0x1468f8eff682 in __message_passing_MOD_mp_world_finalize
	at /pc2/users/e/eprop2d2/cp2k_dev/build/src/mpiwrap/message_passing.F:1358
#17  0x155054104682 in __message_passing_MOD_mp_world_finalize
	at /pc2/users/e/eprop2d2/cp2k_dev/build/src/mpiwrap/message_passing.F:1358
#17  0x14afe2717682 in __message_passing_MOD_mp_world_finalize
	at /pc2/users/e/eprop2d2/cp2k_dev/build/src/mpiwrap/message_passing.F:1358
#17  0x15166bb5f682 in __message_passing_MOD_mp_world_finalize
	at /pc2/users/e/eprop2d2/cp2k_dev/build/src/mpiwrap/message_passing.F:1358
#21  0x14c6cda6a682 in __message_passing_MOD_mp_world_finalize
	at /pc2/users/e/eprop2d2/cp2k_dev/build/src/mpiwrap/message_passing.F:1358
#20  0x154296618682 in __message_passing_MOD_mp_world_finalize
	at /pc2/users/e/eprop2d2/cp2k_dev/build/src/mpiwrap/message_passing.F:1358
#17  0x14a908d98682 in __message_passing_MOD_mp_world_finalize
	at /pc2/users/e/eprop2d2/cp2k_dev/build/src/mpiwrap/message_passing.F:1358
#17  0x151587580682 in __message_passing_MOD_mp_world_finalize
	at /pc2/users/e/eprop2d2/cp2k_dev/build/src/mpiwrap/message_passing.F:1358
#17  0x14a0cefba682 in __message_passing_MOD_mp_world_finalize
	at /pc2/users/e/eprop2d2/cp2k_dev/build/src/mpiwrap/message_passing.F:1358
#17  0x153f5cd89682 in __message_passing_MOD_mp_world_finalize
	at /pc2/users/e/eprop2d2/cp2k_dev/build/src/mpiwrap/message_passing.F:1358
#17  0x147a661ce682 in __message_passing_MOD_mp_world_finalize
	at /pc2/users/e/eprop2d2/cp2k_dev/build/src/mpiwrap/message_passing.F:1358
#17  0x1545aca3f682 in __message_passing_MOD_mp_world_finalize
	at /pc2/users/e/eprop2d2/cp2k_dev/build/src/mpiwrap/message_passing.F:1358
#17  0x147a42eca682 in __message_passing_MOD_mp_world_finalize
	at /pc2/users/e/eprop2d2/cp2k_dev/build/src/mpiwrap/message_passing.F:1358
#17  0x145fcde18682 in __message_passing_MOD_mp_world_finalize
	at /pc2/users/e/eprop2d2/cp2k_dev/build/src/mpiwrap/message_passing.F:1358
#17  0x14b821d84682 in __message_passing_MOD_mp_world_finalize
	at /pc2/users/e/eprop2d2/cp2k_dev/build/src/mpiwrap/message_passing.F:1358
#17  0x152ac9797682 in __message_passing_MOD_mp_world_finalize
	at /pc2/users/e/eprop2d2/cp2k_dev/build/src/mpiwrap/message_passing.F:1358
#19  0x149426ef0682 in __message_passing_MOD_mp_world_finalize
	at /pc2/users/e/eprop2d2/cp2k_dev/build/src/mpiwrap/message_passing.F:1358
#17  0x1459df749682 in __message_passing_MOD_mp_world_finalize
	at /pc2/users/e/eprop2d2/cp2k_dev/build/src/mpiwrap/message_passing.F:1358
#19  0x14ea24c49682 in __message_passing_MOD_mp_world_finalize
	at /pc2/users/e/eprop2d2/cp2k_dev/build/src/mpiwrap/message_passing.F:1358
#17  0x149c272e9682 in __message_passing_MOD_mp_world_finalize
	at /pc2/users/e/eprop2d2/cp2k_dev/build/src/mpiwrap/message_passing.F:1358
#17  0x14b3877f8682 in __message_passing_MOD_mp_world_finalize
	at /pc2/users/e/eprop2d2/cp2k_dev/build/src/mpiwrap/message_passing.F:1358
#17  0x1517716a4682 in __message_passing_MOD_mp_world_finalize
	at /pc2/users/e/eprop2d2/cp2k_dev/build/src/mpiwrap/message_passing.F:1358
#18  0x1518c6586384 in __f77_interface_MOD_finalize_cp2k
	at /pc2/users/e/eprop2d2/cp2k_dev/build/src/f77_interface.F:364
#17  0x151dbcea5682 in __message_passing_MOD_mp_world_finalize
	at /pc2/users/e/eprop2d2/cp2k_dev/build/src/mpiwrap/message_passing.F:1358
#17  0x146b71924682 in __message_passing_MOD_mp_world_finalize
	at /pc2/users/e/eprop2d2/cp2k_dev/build/src/mpiwrap/message_passing.F:1358
#17  0x151d55a5c682 in __message_passing_MOD_mp_world_finalize
	at /pc2/users/e/eprop2d2/cp2k_dev/build/src/mpiwrap/message_passing.F:1358
#17  0x1462f8525682 in __message_passing_MOD_mp_world_finalize
	at /pc2/users/e/eprop2d2/cp2k_dev/build/src/mpiwrap/message_passing.F:1358
#17  0x14970f59f682 in __message_passing_MOD_mp_world_finalize
	at /pc2/users/e/eprop2d2/cp2k_dev/build/src/mpiwrap/message_passing.F:1358
#17  0x14b7ae6e3682 in __message_passing_MOD_mp_world_finalize
	at /pc2/users/e/eprop2d2/cp2k_dev/build/src/mpiwrap/message_passing.F:1358
#17  0x150acedd4682 in __message_passing_MOD_mp_world_finalize
	at /pc2/users/e/eprop2d2/cp2k_dev/build/src/mpiwrap/message_passing.F:1358
#17  0x14f02348b682 in __message_passing_MOD_mp_world_finalize
	at /pc2/users/e/eprop2d2/cp2k_dev/build/src/mpiwrap/message_passing.F:1358
#17  0x14b67f017682 in __message_passing_MOD_mp_world_finalize
	at /pc2/users/e/eprop2d2/cp2k_dev/build/src/mpiwrap/message_passing.F:1358
#20  0x14f880bd1682 in __message_passing_MOD_mp_world_finalize
	at /pc2/users/e/eprop2d2/cp2k_dev/build/src/mpiwrap/message_passing.F:1358
#17  0x15257c4f9682 in __message_passing_MOD_mp_world_finalize
	at /pc2/users/e/eprop2d2/cp2k_dev/build/src/mpiwrap/message_passing.F:1358
#17  0x152e89435682 in __message_passing_MOD_mp_world_finalize
	at /pc2/users/e/eprop2d2/cp2k_dev/build/src/mpiwrap/message_passing.F:1358
#17  0x145b10045682 in __message_passing_MOD_mp_world_finalize
	at /pc2/users/e/eprop2d2/cp2k_dev/build/src/mpiwrap/message_passing.F:1358
#17  0x1543eef2c682 in __message_passing_MOD_mp_world_finalize
	at /pc2/users/e/eprop2d2/cp2k_dev/build/src/mpiwrap/message_passing.F:1358
#17  0x14d829081682 in __message_passing_MOD_mp_world_finalize
	at /pc2/users/e/eprop2d2/cp2k_dev/build/src/mpiwrap/message_passing.F:1358
#18  0x152b92c4b384 in __f77_interface_MOD_finalize_cp2k
	at /pc2/users/e/eprop2d2/cp2k_dev/build/src/f77_interface.F:364
#17  0x14da28900682 in __message_passing_MOD_mp_world_finalize
	at /pc2/users/e/eprop2d2/cp2k_dev/build/src/mpiwrap/message_passing.F:1358
#18  0x14dee0292384 in __f77_interface_MOD_finalize_cp2k
	at /pc2/users/e/eprop2d2/cp2k_dev/build/src/f77_interface.F:364
#17  0x151bec629682 in __message_passing_MOD_mp_world_finalize
	at /pc2/users/e/eprop2d2/cp2k_dev/build/src/mpiwrap/message_passing.F:1358
#17  0x1553a7959682 in __message_passing_MOD_mp_world_finalize
	at /pc2/users/e/eprop2d2/cp2k_dev/build/src/mpiwrap/message_passing.F:1358
#17  0x151ecaa38682 in __message_passing_MOD_mp_world_finalize
	at /pc2/users/e/eprop2d2/cp2k_dev/build/src/mpiwrap/message_passing.F:1358
#19  0x14f858624682 in __message_passing_MOD_mp_world_finalize
	at /pc2/users/e/eprop2d2/cp2k_dev/build/src/mpiwrap/message_passing.F:1358
#17  0x145c3b74d682 in __message_passing_MOD_mp_world_finalize
	at /pc2/users/e/eprop2d2/cp2k_dev/build/src/mpiwrap/message_passing.F:1358
#17  0x149097d45682 in __message_passing_MOD_mp_world_finalize
	at /pc2/users/e/eprop2d2/cp2k_dev/build/src/mpiwrap/message_passing.F:1358
#17  0x1533b6cc1682 in __message_passing_MOD_mp_world_finalize
	at /pc2/users/e/eprop2d2/cp2k_dev/build/src/mpiwrap/message_passing.F:1358
#17  0x150bc8250682 in __message_passing_MOD_mp_world_finalize
	at /pc2/users/e/eprop2d2/cp2k_dev/build/src/mpiwrap/message_passing.F:1358
#17  0x152641af0682 in __message_passing_MOD_mp_world_finalize
	at /pc2/users/e/eprop2d2/cp2k_dev/build/src/mpiwrap/message_passing.F:1358
#17  0x14d1a3a30682 in __message_passing_MOD_mp_world_finalize
	at /pc2/users/e/eprop2d2/cp2k_dev/build/src/mpiwrap/message_passing.F:1358
#17  0x150310074682 in __message_passing_MOD_mp_world_finalize
	at /pc2/users/e/eprop2d2/cp2k_dev/build/src/mpiwrap/message_passing.F:1358
#17  0x14d0bbfed682 in __message_passing_MOD_mp_world_finalize
	at /pc2/users/e/eprop2d2/cp2k_dev/build/src/mpiwrap/message_passing.F:1358
#17  0x14dd22250682 in __message_passing_MOD_mp_world_finalize
	at /pc2/users/e/eprop2d2/cp2k_dev/build/src/mpiwrap/message_passing.F:1358
#17  0x14cbf41b2682 in __message_passing_MOD_mp_world_finalize
	at /pc2/users/e/eprop2d2/cp2k_dev/build/src/mpiwrap/message_passing.F:1358
#17  0x147a2fc6b682 in __message_passing_MOD_mp_world_finalize
	at /pc2/users/e/eprop2d2/cp2k_dev/build/src/mpiwrap/message_passing.F:1358
#18  0x14c24e507384 in __f77_interface_MOD_finalize_cp2k
	at /pc2/users/e/eprop2d2/cp2k_dev/build/src/f77_interface.F:364
#17  0x147fd18db682 in __message_passing_MOD_mp_world_finalize
	at /pc2/users/e/eprop2d2/cp2k_dev/build/src/mpiwrap/message_passing.F:1358
#17  0x14ec2409f682 in __message_passing_MOD_mp_world_finalize
	at /pc2/users/e/eprop2d2/cp2k_dev/build/src/mpiwrap/message_passing.F:1358
#17  0x14c3d9f9c682 in __message_passing_MOD_mp_world_finalize
	at /pc2/users/e/eprop2d2/cp2k_dev/build/src/mpiwrap/message_passing.F:1358
#17  0x14dc52d74682 in __message_passing_MOD_mp_world_finalize
	at /pc2/users/e/eprop2d2/cp2k_dev/build/src/mpiwrap/message_passing.F:1358
#17  0x14ce6a038682 in __message_passing_MOD_mp_world_finalize
	at /pc2/users/e/eprop2d2/cp2k_dev/build/src/mpiwrap/message_passing.F:1358
#17  0x1484196e1682 in __message_passing_MOD_mp_world_finalize
	at /pc2/users/e/eprop2d2/cp2k_dev/build/src/mpiwrap/message_passing.F:1358
#17  0x14eff25f5682 in __message_passing_MOD_mp_world_finalize
	at /pc2/users/e/eprop2d2/cp2k_dev/build/src/mpiwrap/message_passing.F:1358
#18  0x14c13ed53682 in __message_passing_MOD_mp_world_finalize
	at /pc2/users/e/eprop2d2/cp2k_dev/build/src/mpiwrap/message_passing.F:1358
#17  0x1481f890e682 in __message_passing_MOD_mp_world_finalize
	at /pc2/users/e/eprop2d2/cp2k_dev/build/src/mpiwrap/message_passing.F:1358
#17  0x151a2eaf0682 in __message_passing_MOD_mp_world_finalize
	at /pc2/users/e/eprop2d2/cp2k_dev/build/src/mpiwrap/message_passing.F:1358
#17  0x1502037db682 in __message_passing_MOD_mp_world_finalize
	at /pc2/users/e/eprop2d2/cp2k_dev/build/src/mpiwrap/message_passing.F:1358
#19  0x1487d4ae1682 in __message_passing_MOD_mp_world_finalize
	at /pc2/users/e/eprop2d2/cp2k_dev/build/src/mpiwrap/message_passing.F:1358
#17  0x14741bafe682 in __message_passing_MOD_mp_world_finalize
	at /pc2/users/e/eprop2d2/cp2k_dev/build/src/mpiwrap/message_passing.F:1358
#17  0x1488e80a5682 in __message_passing_MOD_mp_world_finalize
	at /pc2/users/e/eprop2d2/cp2k_dev/build/src/mpiwrap/message_passing.F:1358
#17  0x14572196a682 in __message_passing_MOD_mp_world_finalize
	at /pc2/users/e/eprop2d2/cp2k_dev/build/src/mpiwrap/message_passing.F:1358
#17  0x14bc11304682 in __message_passing_MOD_mp_world_finalize
	at /pc2/users/e/eprop2d2/cp2k_dev/build/src/mpiwrap/message_passing.F:1358
#17  0x150606fde682 in __message_passing_MOD_mp_world_finalize
	at /pc2/users/e/eprop2d2/cp2k_dev/build/src/mpiwrap/message_passing.F:1358
#17  0x154020086682 in __message_passing_MOD_mp_world_finalize
	at /pc2/users/e/eprop2d2/cp2k_dev/build/src/mpiwrap/message_passing.F:1358
#17  0x152ba979f682 in __message_passing_MOD_mp_world_finalize
	at /pc2/users/e/eprop2d2/cp2k_dev/build/src/mpiwrap/message_passing.F:1358
#20  0x152293066682 in __message_passing_MOD_mp_world_finalize
	at /pc2/users/e/eprop2d2/cp2k_dev/build/src/mpiwrap/message_passing.F:1358
#17  0x153644d6e682 in __message_passing_MOD_mp_world_finalize
	at /pc2/users/e/eprop2d2/cp2k_dev/build/src/mpiwrap/message_passing.F:1358
#17  0x1517bcfd3682 in __message_passing_MOD_mp_world_finalize
	at /pc2/users/e/eprop2d2/cp2k_dev/build/src/mpiwrap/message_passing.F:1358
#17  0x14603ddbd682 in __message_passing_MOD_mp_world_finalize
	at /pc2/users/e/eprop2d2/cp2k_dev/build/src/mpiwrap/message_passing.F:1358
#17  0x14db02929682 in __message_passing_MOD_mp_world_finalize
	at /pc2/users/e/eprop2d2/cp2k_dev/build/src/mpiwrap/message_passing.F:1358
#17  0x1491dff82682 in __message_passing_MOD_mp_world_finalize
	at /pc2/users/e/eprop2d2/cp2k_dev/build/src/mpiwrap/message_passing.F:1358
#17  0x14c319336682 in __message_passing_MOD_mp_world_finalize
	at /pc2/users/e/eprop2d2/cp2k_dev/build/src/mpiwrap/message_passing.F:1358
#17  0x1551a9b31682 in __message_passing_MOD_mp_world_finalize
	at /pc2/users/e/eprop2d2/cp2k_dev/build/src/mpiwrap/message_passing.F:1358
#17  0x1493c86e8682 in __message_passing_MOD_mp_world_finalize
	at /pc2/users/e/eprop2d2/cp2k_dev/build/src/mpiwrap/message_passing.F:1358
#20  0x147cb0433682 in __message_passing_MOD_mp_world_finalize
	at /pc2/users/e/eprop2d2/cp2k_dev/build/src/mpiwrap/message_passing.F:1358
#17  0x1531fcb00682 in __message_passing_MOD_mp_world_finalize
	at /pc2/users/e/eprop2d2/cp2k_dev/build/src/mpiwrap/message_passing.F:1358
#17  0x14bb855b7682 in __message_passing_MOD_mp_world_finalize
	at /pc2/users/e/eprop2d2/cp2k_dev/build/src/mpiwrap/message_passing.F:1358
#18  0x148202c5c682 in __message_passing_MOD_mp_world_finalize
	at /pc2/users/e/eprop2d2/cp2k_dev/build/src/mpiwrap/message_passing.F:1358
#17  0x1547c32f8682 in __message_passing_MOD_mp_world_finalize
	at /pc2/users/e/eprop2d2/cp2k_dev/build/src/mpiwrap/message_passing.F:1358
#21  0x14f85d54d682 in __message_passing_MOD_mp_world_finalize
	at /pc2/users/e/eprop2d2/cp2k_dev/build/src/mpiwrap/message_passing.F:1358
#17  0x1527d1174682 in __message_passing_MOD_mp_world_finalize
	at /pc2/users/e/eprop2d2/cp2k_dev/build/src/mpiwrap/message_passing.F:1358
#17  0x1491d5ecd682 in __message_passing_MOD_mp_world_finalize
	at /pc2/users/e/eprop2d2/cp2k_dev/build/src/mpiwrap/message_passing.F:1358
#17  0x14e592620682 in __message_passing_MOD_mp_world_finalize
	at /pc2/users/e/eprop2d2/cp2k_dev/build/src/mpiwrap/message_passing.F:1358
#20  0x14d987a3b682 in __message_passing_MOD_mp_world_finalize
	at /pc2/users/e/eprop2d2/cp2k_dev/build/src/mpiwrap/message_passing.F:1358
#19  0x14f009af4682 in __message_passing_MOD_mp_world_finalize
	at /pc2/users/e/eprop2d2/cp2k_dev/build/src/mpiwrap/message_passing.F:1358
#17  0x1548ba0da682 in __message_passing_MOD_mp_world_finalize
	at /pc2/users/e/eprop2d2/cp2k_dev/build/src/mpiwrap/message_passing.F:1358
#19  0x1502375fe682 in __message_passing_MOD_mp_world_finalize
	at /pc2/users/e/eprop2d2/cp2k_dev/build/src/mpiwrap/message_passing.F:1358
#17  0x14d8983a8682 in __message_passing_MOD_mp_world_finalize
	at /pc2/users/e/eprop2d2/cp2k_dev/build/src/mpiwrap/message_passing.F:1358
#17  0x149b06778682 in __message_passing_MOD_mp_world_finalize
	at /pc2/users/e/eprop2d2/cp2k_dev/build/src/mpiwrap/message_passing.F:1358
#17  0x14f328e54682 in __message_passing_MOD_mp_world_finalize
	at /pc2/users/e/eprop2d2/cp2k_dev/build/src/mpiwrap/message_passing.F:1358
#20  0x14a9abf58682 in __message_passing_MOD_mp_world_finalize
	at /pc2/users/e/eprop2d2/cp2k_dev/build/src/mpiwrap/message_passing.F:1358
#19  0x14bba7c97384 in __f77_interface_MOD_finalize_cp2k
	at /pc2/users/e/eprop2d2/cp2k_dev/build/src/f77_interface.F:364
#21  0x14ea115f0384 in __f77_interface_MOD_finalize_cp2k
	at /pc2/users/e/eprop2d2/cp2k_dev/build/src/f77_interface.F:364
#18  0x14c5bdb71384 in __f77_interface_MOD_finalize_cp2k
	at /pc2/users/e/eprop2d2/cp2k_dev/build/src/f77_interface.F:364
#18  0x14992a42a384 in __f77_interface_MOD_finalize_cp2k
	at /pc2/users/e/eprop2d2/cp2k_dev/build/src/f77_interface.F:364
#21  0x152bb3496384 in __f77_interface_MOD_finalize_cp2k
	at /pc2/users/e/eprop2d2/cp2k_dev/build/src/f77_interface.F:364
#18  0x152f92739384 in __f77_interface_MOD_finalize_cp2k
	at /pc2/users/e/eprop2d2/cp2k_dev/build/src/f77_interface.F:364
#18  0x149363dba384 in __f77_interface_MOD_finalize_cp2k
	at /pc2/users/e/eprop2d2/cp2k_dev/build/src/f77_interface.F:364
#18  0x153c538f2384 in __f77_interface_MOD_finalize_cp2k
	at /pc2/users/e/eprop2d2/cp2k_dev/build/src/f77_interface.F:364
#18  0x1473628d6384 in __f77_interface_MOD_finalize_cp2k
	at /pc2/users/e/eprop2d2/cp2k_dev/build/src/f77_interface.F:364
#18  0x14be74f16384 in __f77_interface_MOD_finalize_cp2k
	at /pc2/users/e/eprop2d2/cp2k_dev/build/src/f77_interface.F:364
#18  0x14e27ed87384 in __f77_interface_MOD_finalize_cp2k
	at /pc2/users/e/eprop2d2/cp2k_dev/build/src/f77_interface.F:364
#21  0x14aefc383384 in __f77_interface_MOD_finalize_cp2k
	at /pc2/users/e/eprop2d2/cp2k_dev/build/src/f77_interface.F:364
#18  0x14c8ba661384 in __f77_interface_MOD_finalize_cp2k
	at /pc2/users/e/eprop2d2/cp2k_dev/build/src/f77_interface.F:364
#18  0x14f15d630384 in __f77_interface_MOD_finalize_cp2k
	at /pc2/users/e/eprop2d2/cp2k_dev/build/src/f77_interface.F:364
#18  0x150387c85384 in __f77_interface_MOD_finalize_cp2k
	at /pc2/users/e/eprop2d2/cp2k_dev/build/src/f77_interface.F:364
#18  0x149126c7d384 in __f77_interface_MOD_finalize_cp2k
	at /pc2/users/e/eprop2d2/cp2k_dev/build/src/f77_interface.F:364
#21  0x151034c4c384 in __f77_interface_MOD_finalize_cp2k
	at /pc2/users/e/eprop2d2/cp2k_dev/build/src/f77_interface.F:364
#18  0x146788b4e384 in __f77_interface_MOD_finalize_cp2k
	at /pc2/users/e/eprop2d2/cp2k_dev/build/src/f77_interface.F:364
#19  0x4029c2 in cp2k
	at /pc2/users/e/eprop2d2/cp2k_dev/build/src/start/cp2k.F:389
#20  0x40226e in main
	at /pc2/users/e/eprop2d2/cp2k_dev/build/src/start/cp2k.F:44
#19  0x4029c2 in cp2k
	at /pc2/users/e/eprop2d2/cp2k_dev/build/src/start/cp2k.F:389
#20  0x40226e in main
	at /pc2/users/e/eprop2d2/cp2k_dev/build/src/start/cp2k.F:44
#19  0x151b01ea8384 in __f77_interface_MOD_finalize_cp2k
	at /pc2/users/e/eprop2d2/cp2k_dev/build/src/f77_interface.F:364
#18  0x15540416b384 in __f77_interface_MOD_finalize_cp2k
	at /pc2/users/e/eprop2d2/cp2k_dev/build/src/f77_interface.F:364
#18  0x1546f5ed2384 in __f77_interface_MOD_finalize_cp2k
	at /pc2/users/e/eprop2d2/cp2k_dev/build/src/f77_interface.F:364
#18  0x151c4206e384 in __f77_interface_MOD_finalize_cp2k
	at /pc2/users/e/eprop2d2/cp2k_dev/build/src/f77_interface.F:364
#18  0x148723e48384 in __f77_interface_MOD_finalize_cp2k
	at /pc2/users/e/eprop2d2/cp2k_dev/build/src/f77_interface.F:364
#18  0x1546c60d0384 in __f77_interface_MOD_finalize_cp2k
	at /pc2/users/e/eprop2d2/cp2k_dev/build/src/f77_interface.F:364
#19  0x4029c2 in cp2k
	at /pc2/users/e/eprop2d2/cp2k_dev/build/src/start/cp2k.F:389
#20  0x40226e in main
	at /pc2/users/e/eprop2d2/cp2k_dev/build/src/start/cp2k.F:44
#18  0x15255d675384 in __f77_interface_MOD_finalize_cp2k
	at /pc2/users/e/eprop2d2/cp2k_dev/build/src/f77_interface.F:364
#19  0x4029c2 in cp2k
	at /pc2/users/e/eprop2d2/cp2k_dev/build/src/start/cp2k.F:389
#20  0x40226e in main
	at /pc2/users/e/eprop2d2/cp2k_dev/build/src/start/cp2k.F:44
#19  0x4029c2 in cp2k
	at /pc2/users/e/eprop2d2/cp2k_dev/build/src/start/cp2k.F:389
#20  0x40226e in main
	at /pc2/users/e/eprop2d2/cp2k_dev/build/src/start/cp2k.F:44
#19  0x4029c2 in cp2k
	at /pc2/users/e/eprop2d2/cp2k_dev/build/src/start/cp2k.F:389
#20  0x40226e in main
	at /pc2/users/e/eprop2d2/cp2k_dev/build/src/start/cp2k.F:44
#19  0x4029c2 in cp2k
	at /pc2/users/e/eprop2d2/cp2k_dev/build/src/start/cp2k.F:389
#20  0x40226e in main
	at /pc2/users/e/eprop2d2/cp2k_dev/build/src/start/cp2k.F:44
#19  0x4029c2 in cp2k
	at /pc2/users/e/eprop2d2/cp2k_dev/build/src/start/cp2k.F:389
#20  0x40226e in main
	at /pc2/users/e/eprop2d2/cp2k_dev/build/src/start/cp2k.F:44
#20  0x4029c2 in cp2k
	at /pc2/users/e/eprop2d2/cp2k_dev/build/src/start/cp2k.F:389
#21  0x40226e in main
	at /pc2/users/e/eprop2d2/cp2k_dev/build/src/start/cp2k.F:44
#22  0x4029c2 in cp2k
	at /pc2/users/e/eprop2d2/cp2k_dev/build/src/start/cp2k.F:389
#23  0x40226e in main
	at /pc2/users/e/eprop2d2/cp2k_dev/build/src/start/cp2k.F:44
#22  0x4029c2 in cp2k
	at /pc2/users/e/eprop2d2/cp2k_dev/build/src/start/cp2k.F:389
#23  0x40226e in main
	at /pc2/users/e/eprop2d2/cp2k_dev/build/src/start/cp2k.F:44
#19  0x4029c2 in cp2k
	at /pc2/users/e/eprop2d2/cp2k_dev/build/src/start/cp2k.F:389
#20  0x40226e in main
	at /pc2/users/e/eprop2d2/cp2k_dev/build/src/start/cp2k.F:44
#19  0x4029c2 in cp2k
	at /pc2/users/e/eprop2d2/cp2k_dev/build/src/start/cp2k.F:389
#20  0x40226e in main
	at /pc2/users/e/eprop2d2/cp2k_dev/build/src/start/cp2k.F:44
#19  0x4029c2 in cp2k
	at /pc2/users/e/eprop2d2/cp2k_dev/build/src/start/cp2k.F:389
#20  0x40226e in main
	at /pc2/users/e/eprop2d2/cp2k_dev/build/src/start/cp2k.F:44
#19  0x4029c2 in cp2k
	at /pc2/users/e/eprop2d2/cp2k_dev/build/src/start/cp2k.F:389
#20  0x40226e in main
	at /pc2/users/e/eprop2d2/cp2k_dev/build/src/start/cp2k.F:44
#19  0x4029c2 in cp2k
	at /pc2/users/e/eprop2d2/cp2k_dev/build/src/start/cp2k.F:389
#20  0x40226e in main
	at /pc2/users/e/eprop2d2/cp2k_dev/build/src/start/cp2k.F:44
#19  0x4029c2 in cp2k
	at /pc2/users/e/eprop2d2/cp2k_dev/build/src/start/cp2k.F:389
#20  0x40226e in main
	at /pc2/users/e/eprop2d2/cp2k_dev/build/src/start/cp2k.F:44
#22  0x4029c2 in cp2k
	at /pc2/users/e/eprop2d2/cp2k_dev/build/src/start/cp2k.F:389
#23  0x40226e in main
	at /pc2/users/e/eprop2d2/cp2k_dev/build/src/start/cp2k.F:44
#19  0x4029c2 in cp2k
	at /pc2/users/e/eprop2d2/cp2k_dev/build/src/start/cp2k.F:389
#20  0x40226e in main
	at /pc2/users/e/eprop2d2/cp2k_dev/build/src/start/cp2k.F:44
#20  0x4029c2 in cp2k
	at /pc2/users/e/eprop2d2/cp2k_dev/build/src/start/cp2k.F:389
#21  0x40226e in main
	at /pc2/users/e/eprop2d2/cp2k_dev/build/src/start/cp2k.F:44
#19  0x4029c2 in cp2k
	at /pc2/users/e/eprop2d2/cp2k_dev/build/src/start/cp2k.F:389
#20  0x40226e in main
	at /pc2/users/e/eprop2d2/cp2k_dev/build/src/start/cp2k.F:44
#19  0x4029c2 in cp2k
	at /pc2/users/e/eprop2d2/cp2k_dev/build/src/start/cp2k.F:389
#20  0x40226e in main
	at /pc2/users/e/eprop2d2/cp2k_dev/build/src/start/cp2k.F:44
#19  0x4029c2 in cp2k
	at /pc2/users/e/eprop2d2/cp2k_dev/build/src/start/cp2k.F:389
#20  0x40226e in main
	at /pc2/users/e/eprop2d2/cp2k_dev/build/src/start/cp2k.F:44
#22  0x4029c2 in cp2k
	at /pc2/users/e/eprop2d2/cp2k_dev/build/src/start/cp2k.F:389
#23  0x40226e in main
	at /pc2/users/e/eprop2d2/cp2k_dev/build/src/start/cp2k.F:44
#19  0x4029c2 in cp2k
	at /pc2/users/e/eprop2d2/cp2k_dev/build/src/start/cp2k.F:389
#20  0x40226e in main
	at /pc2/users/e/eprop2d2/cp2k_dev/build/src/start/cp2k.F:44
#19  0x4029c2 in cp2k
	at /pc2/users/e/eprop2d2/cp2k_dev/build/src/start/cp2k.F:389
#20  0x40226e in main
	at /pc2/users/e/eprop2d2/cp2k_dev/build/src/start/cp2k.F:44
#19  0x4029c2 in cp2k
	at /pc2/users/e/eprop2d2/cp2k_dev/build/src/start/cp2k.F:389
#20  0x40226e in main
	at /pc2/users/e/eprop2d2/cp2k_dev/build/src/start/cp2k.F:44
#19  0x4029c2 in cp2k
	at /pc2/users/e/eprop2d2/cp2k_dev/build/src/start/cp2k.F:389
#20  0x40226e in main
	at /pc2/users/e/eprop2d2/cp2k_dev/build/src/start/cp2k.F:44
#19  0x4029c2 in cp2k
	at /pc2/users/e/eprop2d2/cp2k_dev/build/src/start/cp2k.F:389
#20  0x40226e in main
	at /pc2/users/e/eprop2d2/cp2k_dev/build/src/start/cp2k.F:44
#18  0x14cffffbf384 in __f77_interface_MOD_finalize_cp2k
	at /pc2/users/e/eprop2d2/cp2k_dev/build/src/f77_interface.F:364
#18  0x14e286ee5384 in __f77_interface_MOD_finalize_cp2k
	at /pc2/users/e/eprop2d2/cp2k_dev/build/src/f77_interface.F:364
#18  0x146d1e58a384 in __f77_interface_MOD_finalize_cp2k
	at /pc2/users/e/eprop2d2/cp2k_dev/build/src/f77_interface.F:364
#18  0x14b844ba9384 in __f77_interface_MOD_finalize_cp2k
	at /pc2/users/e/eprop2d2/cp2k_dev/build/src/f77_interface.F:364
#19  0x4029c2 in cp2k
	at /pc2/users/e/eprop2d2/cp2k_dev/build/src/start/cp2k.F:389
#20  0x40226e in main
	at /pc2/users/e/eprop2d2/cp2k_dev/build/src/start/cp2k.F:44
#21  0x154294975384 in __f77_interface_MOD_finalize_cp2k
	at /pc2/users/e/eprop2d2/cp2k_dev/build/src/f77_interface.F:364
#22  0x4029c2 in cp2k
	at /pc2/users/e/eprop2d2/cp2k_dev/build/src/start/cp2k.F:389
#23  0x40226e in main
	at /pc2/users/e/eprop2d2/cp2k_dev/build/src/start/cp2k.F:44
#18  0x14ce3141d384 in __f77_interface_MOD_finalize_cp2k
	at /pc2/users/e/eprop2d2/cp2k_dev/build/src/f77_interface.F:364
#18  0x1515858dd384 in __f77_interface_MOD_finalize_cp2k
	at /pc2/users/e/eprop2d2/cp2k_dev/build/src/f77_interface.F:364
#19  0x4029c2 in cp2k
	at /pc2/users/e/eprop2d2/cp2k_dev/build/src/start/cp2k.F:389
#20  0x40226e in main
	at /pc2/users/e/eprop2d2/cp2k_dev/build/src/start/cp2k.F:44
#18  0x14a03d4d1384 in __f77_interface_MOD_finalize_cp2k
	at /pc2/users/e/eprop2d2/cp2k_dev/build/src/f77_interface.F:364
#18  0x1468f725c384 in __f77_interface_MOD_finalize_cp2k
	at /pc2/users/e/eprop2d2/cp2k_dev/build/src/f77_interface.F:364
#19  0x4029c2 in cp2k
	at /pc2/users/e/eprop2d2/cp2k_dev/build/src/start/cp2k.F:389
#20  0x40226e in main
	at /pc2/users/e/eprop2d2/cp2k_dev/build/src/start/cp2k.F:44
#18  0x15470bda6384 in __f77_interface_MOD_finalize_cp2k
	at /pc2/users/e/eprop2d2/cp2k_dev/build/src/f77_interface.F:364
#18  0x14a0cd317384 in __f77_interface_MOD_finalize_cp2k
	at /pc2/users/e/eprop2d2/cp2k_dev/build/src/f77_interface.F:364
#19  0x4029c2 in cp2k
	at /pc2/users/e/eprop2d2/cp2k_dev/build/src/start/cp2k.F:389
#20  0x40226e in main
	at /pc2/users/e/eprop2d2/cp2k_dev/build/src/start/cp2k.F:44
#18  0x14682f094384 in __f77_interface_MOD_finalize_cp2k
	at /pc2/users/e/eprop2d2/cp2k_dev/build/src/f77_interface.F:364
#18  0x14b101676384 in __f77_interface_MOD_finalize_cp2k
	at /pc2/users/e/eprop2d2/cp2k_dev/build/src/f77_interface.F:364
#18  0x155052461384 in __f77_interface_MOD_finalize_cp2k
	at /pc2/users/e/eprop2d2/cp2k_dev/build/src/f77_interface.F:364
#19  0x4029c2 in cp2k
	at /pc2/users/e/eprop2d2/cp2k_dev/build/src/start/cp2k.F:389
#20  0x40226e in main
	at /pc2/users/e/eprop2d2/cp2k_dev/build/src/start/cp2k.F:44
#18  0x145e99004384 in __f77_interface_MOD_finalize_cp2k
	at /pc2/users/e/eprop2d2/cp2k_dev/build/src/f77_interface.F:364
#18  0x14afe0a74384 in __f77_interface_MOD_finalize_cp2k
	at /pc2/users/e/eprop2d2/cp2k_dev/build/src/f77_interface.F:364
#19  0x4029c2 in cp2k
	at /pc2/users/e/eprop2d2/cp2k_dev/build/src/start/cp2k.F:389
#20  0x40226e in main
	at /pc2/users/e/eprop2d2/cp2k_dev/build/src/start/cp2k.F:44
#18  0x14ba84c37384 in __f77_interface_MOD_finalize_cp2k
	at /pc2/users/e/eprop2d2/cp2k_dev/build/src/f77_interface.F:364
#18  0x151669ebc384 in __f77_interface_MOD_finalize_cp2k
	at /pc2/users/e/eprop2d2/cp2k_dev/build/src/f77_interface.F:364
#19  0x4029c2 in cp2k
	at /pc2/users/e/eprop2d2/cp2k_dev/build/src/start/cp2k.F:389
#20  0x40226e in main
	at /pc2/users/e/eprop2d2/cp2k_dev/build/src/start/cp2k.F:44
#18  0x1484f3771384 in __f77_interface_MOD_finalize_cp2k
	at /pc2/users/e/eprop2d2/cp2k_dev/build/src/f77_interface.F:364
#18  0x153dba568384 in __f77_interface_MOD_finalize_cp2k
	at /pc2/users/e/eprop2d2/cp2k_dev/build/src/f77_interface.F:364
#22  0x14c6cbdc7384 in __f77_interface_MOD_finalize_cp2k
	at /pc2/users/e/eprop2d2/cp2k_dev/build/src/f77_interface.F:364
#23  0x4029c2 in cp2k
	at /pc2/users/e/eprop2d2/cp2k_dev/build/src/start/cp2k.F:389
#24  0x40226e in main
	at /pc2/users/e/eprop2d2/cp2k_dev/build/src/start/cp2k.F:44
#18  0x14f0217e8384 in __f77_interface_MOD_finalize_cp2k
	at /pc2/users/e/eprop2d2/cp2k_dev/build/src/f77_interface.F:364
#18  0x1458046f5384 in __f77_interface_MOD_finalize_cp2k
	at /pc2/users/e/eprop2d2/cp2k_dev/build/src/f77_interface.F:364
#18  0x147a6452b384 in __f77_interface_MOD_finalize_cp2k
	at /pc2/users/e/eprop2d2/cp2k_dev/build/src/f77_interface.F:364
#19  0x4029c2 in cp2k
	at /pc2/users/e/eprop2d2/cp2k_dev/build/src/start/cp2k.F:389
#20  0x40226e in main
	at /pc2/users/e/eprop2d2/cp2k_dev/build/src/start/cp2k.F:44
#18  0x150631d89384 in __f77_interface_MOD_finalize_cp2k
	at /pc2/users/e/eprop2d2/cp2k_dev/build/src/f77_interface.F:364
#18  0x1545aad9c384 in __f77_interface_MOD_finalize_cp2k
	at /pc2/users/e/eprop2d2/cp2k_dev/build/src/f77_interface.F:364
#19  0x4029c2 in cp2k
	at /pc2/users/e/eprop2d2/cp2k_dev/build/src/start/cp2k.F:389
#20  0x40226e in main
	at /pc2/users/e/eprop2d2/cp2k_dev/build/src/start/cp2k.F:44
#18  0x152c7c196384 in __f77_interface_MOD_finalize_cp2k
	at /pc2/users/e/eprop2d2/cp2k_dev/build/src/f77_interface.F:364
#18  0x14c5ace7a384 in __f77_interface_MOD_finalize_cp2k
	at /pc2/users/e/eprop2d2/cp2k_dev/build/src/f77_interface.F:364
#18  0x145c39aaa384 in __f77_interface_MOD_finalize_cp2k
	at /pc2/users/e/eprop2d2/cp2k_dev/build/src/f77_interface.F:364
#19  0x4029c2 in cp2k
	at /pc2/users/e/eprop2d2/cp2k_dev/build/src/start/cp2k.F:389
#20  0x40226e in main
	at /pc2/users/e/eprop2d2/cp2k_dev/build/src/start/cp2k.F:44
#18  0x147bd0315384 in __f77_interface_MOD_finalize_cp2k
	at /pc2/users/e/eprop2d2/cp2k_dev/build/src/f77_interface.F:364
#18  0x1533b501e384 in __f77_interface_MOD_finalize_cp2k
	at /pc2/users/e/eprop2d2/cp2k_dev/build/src/f77_interface.F:364
#19  0x4029c2 in cp2k
	at /pc2/users/e/eprop2d2/cp2k_dev/build/src/start/cp2k.F:389
#20  0x40226e in main
	at /pc2/users/e/eprop2d2/cp2k_dev/build/src/start/cp2k.F:44
#19  0x4029c2 in cp2k
	at /pc2/users/e/eprop2d2/cp2k_dev/build/src/start/cp2k.F:389
#20  0x40226e in main
	at /pc2/users/e/eprop2d2/cp2k_dev/build/src/start/cp2k.F:44
#19  0x4029c2 in cp2k
	at /pc2/users/e/eprop2d2/cp2k_dev/build/src/start/cp2k.F:389
#20  0x40226e in main
	at /pc2/users/e/eprop2d2/cp2k_dev/build/src/start/cp2k.F:44
#18  0x14d0ba34a384 in __f77_interface_MOD_finalize_cp2k
	at /pc2/users/e/eprop2d2/cp2k_dev/build/src/f77_interface.F:364
#19  0x4029c2 in cp2k
	at /pc2/users/e/eprop2d2/cp2k_dev/build/src/start/cp2k.F:389
#20  0x40226e in main
	at /pc2/users/e/eprop2d2/cp2k_dev/build/src/start/cp2k.F:44
#18  0x14a6ac5ff384 in __f77_interface_MOD_finalize_cp2k
	at /pc2/users/e/eprop2d2/cp2k_dev/build/src/f77_interface.F:364
#19  0x4029c2 in cp2k
	at /pc2/users/e/eprop2d2/cp2k_dev/build/src/start/cp2k.F:389
#20  0x40226e in main
	at /pc2/users/e/eprop2d2/cp2k_dev/build/src/start/cp2k.F:44
#18  0x14dd205ad384 in __f77_interface_MOD_finalize_cp2k
	at /pc2/users/e/eprop2d2/cp2k_dev/build/src/f77_interface.F:364
#19  0x4029c2 in cp2k
	at /pc2/users/e/eprop2d2/cp2k_dev/build/src/start/cp2k.F:389
#20  0x40226e in main
	at /pc2/users/e/eprop2d2/cp2k_dev/build/src/start/cp2k.F:44
#18  0x1458fc94f384 in __f77_interface_MOD_finalize_cp2k
	at /pc2/users/e/eprop2d2/cp2k_dev/build/src/f77_interface.F:364
#19  0x4029c2 in cp2k
	at /pc2/users/e/eprop2d2/cp2k_dev/build/src/start/cp2k.F:389
#20  0x40226e in main
	at /pc2/users/e/eprop2d2/cp2k_dev/build/src/start/cp2k.F:44
#19  0x4029c2 in cp2k
	at /pc2/users/e/eprop2d2/cp2k_dev/build/src/start/cp2k.F:389
#20  0x40226e in main
	at /pc2/users/e/eprop2d2/cp2k_dev/build/src/start/cp2k.F:44
#18  0x147a41227384 in __f77_interface_MOD_finalize_cp2k
	at /pc2/users/e/eprop2d2/cp2k_dev/build/src/f77_interface.F:364
#19  0x4029c2 in cp2k
	at /pc2/users/e/eprop2d2/cp2k_dev/build/src/start/cp2k.F:389
#20  0x40226e in main
	at /pc2/users/e/eprop2d2/cp2k_dev/build/src/start/cp2k.F:44
#19  0x4029c2 in cp2k
	at /pc2/users/e/eprop2d2/cp2k_dev/build/src/start/cp2k.F:389
#20  0x40226e in main
	at /pc2/users/e/eprop2d2/cp2k_dev/build/src/start/cp2k.F:44
#18  0x14b8200e1384 in __f77_interface_MOD_finalize_cp2k
	at /pc2/users/e/eprop2d2/cp2k_dev/build/src/f77_interface.F:364
#19  0x4029c2 in cp2k
	at /pc2/users/e/eprop2d2/cp2k_dev/build/src/start/cp2k.F:389
#20  0x40226e in main
	at /pc2/users/e/eprop2d2/cp2k_dev/build/src/start/cp2k.F:44
#19  0x4029c2 in cp2k
	at /pc2/users/e/eprop2d2/cp2k_dev/build/src/start/cp2k.F:389
#20  0x40226e in main
	at /pc2/users/e/eprop2d2/cp2k_dev/build/src/start/cp2k.F:44
#18  0x15261afec384 in __f77_interface_MOD_finalize_cp2k
	at /pc2/users/e/eprop2d2/cp2k_dev/build/src/f77_interface.F:364
#19  0x4029c2 in cp2k
	at /pc2/users/e/eprop2d2/cp2k_dev/build/src/start/cp2k.F:389
#20  0x40226e in main
	at /pc2/users/e/eprop2d2/cp2k_dev/build/src/start/cp2k.F:44
#18  0x152ac7af4384 in __f77_interface_MOD_finalize_cp2k
	at /pc2/users/e/eprop2d2/cp2k_dev/build/src/f77_interface.F:364
#19  0x4029c2 in cp2k
	at /pc2/users/e/eprop2d2/cp2k_dev/build/src/start/cp2k.F:389
#20  0x40226e in main
	at /pc2/users/e/eprop2d2/cp2k_dev/build/src/start/cp2k.F:44
#18  0x145fcc175384 in __f77_interface_MOD_finalize_cp2k
	at /pc2/users/e/eprop2d2/cp2k_dev/build/src/f77_interface.F:364
#18  0x14c5bf612384 in __f77_interface_MOD_finalize_cp2k
	at /pc2/users/e/eprop2d2/cp2k_dev/build/src/f77_interface.F:364
#19  0x4029c2 in cp2k
	at /pc2/users/e/eprop2d2/cp2k_dev/build/src/start/cp2k.F:389
#20  0x40226e in main
	at /pc2/users/e/eprop2d2/cp2k_dev/build/src/start/cp2k.F:44
#18  0x1459ddaa6384 in __f77_interface_MOD_finalize_cp2k
	at /pc2/users/e/eprop2d2/cp2k_dev/build/src/f77_interface.F:364
#19  0x4029c2 in cp2k
	at /pc2/users/e/eprop2d2/cp2k_dev/build/src/start/cp2k.F:389
#20  0x40226e in main
	at /pc2/users/e/eprop2d2/cp2k_dev/build/src/start/cp2k.F:44
#19  0x4029c2 in cp2k
	at /pc2/users/e/eprop2d2/cp2k_dev/build/src/start/cp2k.F:389
#20  0x40226e in main
	at /pc2/users/e/eprop2d2/cp2k_dev/build/src/start/cp2k.F:44
#20  0x14ea22fa6384 in __f77_interface_MOD_finalize_cp2k
	at /pc2/users/e/eprop2d2/cp2k_dev/build/src/f77_interface.F:364
#21  0x4029c2 in cp2k
	at /pc2/users/e/eprop2d2/cp2k_dev/build/src/start/cp2k.F:389
#22  0x40226e in main
	at /pc2/users/e/eprop2d2/cp2k_dev/build/src/start/cp2k.F:44
#21  0x1522913c3384 in __f77_interface_MOD_finalize_cp2k
	at /pc2/users/e/eprop2d2/cp2k_dev/build/src/f77_interface.F:364
#20  0x14942524d384 in __f77_interface_MOD_finalize_cp2k
	at /pc2/users/e/eprop2d2/cp2k_dev/build/src/f77_interface.F:364
#18  0x152dae572384 in __f77_interface_MOD_finalize_cp2k
	at /pc2/users/e/eprop2d2/cp2k_dev/build/src/f77_interface.F:364
#19  0x4029c2 in cp2k
	at /pc2/users/e/eprop2d2/cp2k_dev/build/src/start/cp2k.F:389
#20  0x40226e in main
	at /pc2/users/e/eprop2d2/cp2k_dev/build/src/start/cp2k.F:44
#18  0x14b385b55384 in __f77_interface_MOD_finalize_cp2k
	at /pc2/users/e/eprop2d2/cp2k_dev/build/src/f77_interface.F:364
#19  0x4029c2 in cp2k
	at /pc2/users/e/eprop2d2/cp2k_dev/build/src/start/cp2k.F:389
#20  0x40226e in main
	at /pc2/users/e/eprop2d2/cp2k_dev/build/src/start/cp2k.F:44
#18  0x14603c11a384 in __f77_interface_MOD_finalize_cp2k
	at /pc2/users/e/eprop2d2/cp2k_dev/build/src/f77_interface.F:364
#18  0x14ce68395384 in __f77_interface_MOD_finalize_cp2k
	at /pc2/users/e/eprop2d2/cp2k_dev/build/src/f77_interface.F:364
#18  0x14cf2d703384 in __f77_interface_MOD_finalize_cp2k
	at /pc2/users/e/eprop2d2/cp2k_dev/build/src/f77_interface.F:364
#19  0x4029c2 in cp2k
	at /pc2/users/e/eprop2d2/cp2k_dev/build/src/start/cp2k.F:389
#20  0x40226e in main
	at /pc2/users/e/eprop2d2/cp2k_dev/build/src/start/cp2k.F:44
#18  0x15176fa01384 in __f77_interface_MOD_finalize_cp2k
	at /pc2/users/e/eprop2d2/cp2k_dev/build/src/f77_interface.F:364
#19  0x4029c2 in cp2k
	at /pc2/users/e/eprop2d2/cp2k_dev/build/src/start/cp2k.F:389
#20  0x40226e in main
	at /pc2/users/e/eprop2d2/cp2k_dev/build/src/start/cp2k.F:44
#18  0x150201b38384 in __f77_interface_MOD_finalize_cp2k
	at /pc2/users/e/eprop2d2/cp2k_dev/build/src/f77_interface.F:364
#19  0x4029c2 in cp2k
	at /pc2/users/e/eprop2d2/cp2k_dev/build/src/start/cp2k.F:389
#20  0x40226e in main
	at /pc2/users/e/eprop2d2/cp2k_dev/build/src/start/cp2k.F:44
#18  0x14a9070f5384 in __f77_interface_MOD_finalize_cp2k
	at /pc2/users/e/eprop2d2/cp2k_dev/build/src/f77_interface.F:364
#19  0x4029c2 in cp2k
	at /pc2/users/e/eprop2d2/cp2k_dev/build/src/start/cp2k.F:389
#20  0x40226e in main
	at /pc2/users/e/eprop2d2/cp2k_dev/build/src/start/cp2k.F:44
#18  0x1517bb330384 in __f77_interface_MOD_finalize_cp2k
	at /pc2/users/e/eprop2d2/cp2k_dev/build/src/f77_interface.F:364
#18  0x14fc5ac76384 in __f77_interface_MOD_finalize_cp2k
	at /pc2/users/e/eprop2d2/cp2k_dev/build/src/f77_interface.F:364
#19  0x4029c2 in cp2k
	at /pc2/users/e/eprop2d2/cp2k_dev/build/src/start/cp2k.F:389
#20  0x40226e in main
	at /pc2/users/e/eprop2d2/cp2k_dev/build/src/start/cp2k.F:44
#18  0x151dbb202384 in __f77_interface_MOD_finalize_cp2k
	at /pc2/users/e/eprop2d2/cp2k_dev/build/src/f77_interface.F:364
#19  0x4029c2 in cp2k
	at /pc2/users/e/eprop2d2/cp2k_dev/build/src/start/cp2k.F:389
#20  0x40226e in main
	at /pc2/users/e/eprop2d2/cp2k_dev/build/src/start/cp2k.F:44
#18  0x1462f6882384 in __f77_interface_MOD_finalize_cp2k
	at /pc2/users/e/eprop2d2/cp2k_dev/build/src/f77_interface.F:364
#18  0x14ffc4a02384 in __f77_interface_MOD_finalize_cp2k
	at /pc2/users/e/eprop2d2/cp2k_dev/build/src/f77_interface.F:364
#19  0x4029c2 in cp2k
	at /pc2/users/e/eprop2d2/cp2k_dev/build/src/start/cp2k.F:389
#20  0x40226e in main
	at /pc2/users/e/eprop2d2/cp2k_dev/build/src/start/cp2k.F:44
#18  0x151d53db9384 in __f77_interface_MOD_finalize_cp2k
	at /pc2/users/e/eprop2d2/cp2k_dev/build/src/f77_interface.F:364
#19  0x4029c2 in cp2k
	at /pc2/users/e/eprop2d2/cp2k_dev/build/src/start/cp2k.F:389
#20  0x40226e in main
	at /pc2/users/e/eprop2d2/cp2k_dev/build/src/start/cp2k.F:44
#18  0x14b7aca40384 in __f77_interface_MOD_finalize_cp2k
	at /pc2/users/e/eprop2d2/cp2k_dev/build/src/f77_interface.F:364
#18  0x152ba3b7f384 in __f77_interface_MOD_finalize_cp2k
	at /pc2/users/e/eprop2d2/cp2k_dev/build/src/f77_interface.F:364
#19  0x4029c2 in cp2k
	at /pc2/users/e/eprop2d2/cp2k_dev/build/src/start/cp2k.F:389
#20  0x40226e in main
	at /pc2/users/e/eprop2d2/cp2k_dev/build/src/start/cp2k.F:44
#18  0x14970d8fc384 in __f77_interface_MOD_finalize_cp2k
	at /pc2/users/e/eprop2d2/cp2k_dev/build/src/f77_interface.F:364
#19  0x4029c2 in cp2k
	at /pc2/users/e/eprop2d2/cp2k_dev/build/src/start/cp2k.F:389
#20  0x40226e in main
	at /pc2/users/e/eprop2d2/cp2k_dev/build/src/start/cp2k.F:44
#18  0x15257a856384 in __f77_interface_MOD_finalize_cp2k
	at /pc2/users/e/eprop2d2/cp2k_dev/build/src/f77_interface.F:364
#19  0x4029c2 in cp2k
	at /pc2/users/e/eprop2d2/cp2k_dev/build/src/start/cp2k.F:389
#20  0x40226e in main
	at /pc2/users/e/eprop2d2/cp2k_dev/build/src/start/cp2k.F:44
#18  0x153f5b0e6384 in __f77_interface_MOD_finalize_cp2k
	at /pc2/users/e/eprop2d2/cp2k_dev/build/src/f77_interface.F:364
#18  0x150ca0a93384 in __f77_interface_MOD_finalize_cp2k
	at /pc2/users/e/eprop2d2/cp2k_dev/build/src/f77_interface.F:364
#19  0x4029c2 in cp2k
	at /pc2/users/e/eprop2d2/cp2k_dev/build/src/start/cp2k.F:389
#20  0x40226e in main
	at /pc2/users/e/eprop2d2/cp2k_dev/build/src/start/cp2k.F:44
#18  0x150acd131384 in __f77_interface_MOD_finalize_cp2k
	at /pc2/users/e/eprop2d2/cp2k_dev/build/src/f77_interface.F:364
#19  0x4029c2 in cp2k
	at /pc2/users/e/eprop2d2/cp2k_dev/build/src/start/cp2k.F:389
#20  0x40226e in main
	at /pc2/users/e/eprop2d2/cp2k_dev/build/src/start/cp2k.F:44
#18  0x1491de2df384 in __f77_interface_MOD_finalize_cp2k
	at /pc2/users/e/eprop2d2/cp2k_dev/build/src/f77_interface.F:364
#18  0x1553a5cb6384 in __f77_interface_MOD_finalize_cp2k
	at /pc2/users/e/eprop2d2/cp2k_dev/build/src/f77_interface.F:364
#18  0x149bccaad384 in __f77_interface_MOD_finalize_cp2k
	at /pc2/users/e/eprop2d2/cp2k_dev/build/src/f77_interface.F:364
#19  0x4029c2 in cp2k
	at /pc2/users/e/eprop2d2/cp2k_dev/build/src/start/cp2k.F:389
#20  0x40226e in main
	at /pc2/users/e/eprop2d2/cp2k_dev/build/src/start/cp2k.F:44
#18  0x14b67d374384 in __f77_interface_MOD_finalize_cp2k
	at /pc2/users/e/eprop2d2/cp2k_dev/build/src/f77_interface.F:364
#19  0x4029c2 in cp2k
	at /pc2/users/e/eprop2d2/cp2k_dev/build/src/start/cp2k.F:389
#20  0x40226e in main
	at /pc2/users/e/eprop2d2/cp2k_dev/build/src/start/cp2k.F:44
#21  0x14a9aa2b5384 in __f77_interface_MOD_finalize_cp2k
	at /pc2/users/e/eprop2d2/cp2k_dev/build/src/f77_interface.F:364
#20  0x14f856981384 in __f77_interface_MOD_finalize_cp2k
	at /pc2/users/e/eprop2d2/cp2k_dev/build/src/f77_interface.F:364
#18  0x151d23b69384 in __f77_interface_MOD_finalize_cp2k
	at /pc2/users/e/eprop2d2/cp2k_dev/build/src/f77_interface.F:364
#19  0x4029c2 in cp2k
	at /pc2/users/e/eprop2d2/cp2k_dev/build/src/start/cp2k.F:389
#20  0x40226e in main
	at /pc2/users/e/eprop2d2/cp2k_dev/build/src/start/cp2k.F:44
#21  0x14f87ef2e384 in __f77_interface_MOD_finalize_cp2k
	at /pc2/users/e/eprop2d2/cp2k_dev/build/src/f77_interface.F:364
#22  0x4029c2 in cp2k
	at /pc2/users/e/eprop2d2/cp2k_dev/build/src/start/cp2k.F:389
#23  0x40226e in main
	at /pc2/users/e/eprop2d2/cp2k_dev/build/src/start/cp2k.F:44
#18  0x14bc0f661384 in __f77_interface_MOD_finalize_cp2k
	at /pc2/users/e/eprop2d2/cp2k_dev/build/src/f77_interface.F:364
#18  0x15263fe4d384 in __f77_interface_MOD_finalize_cp2k
	at /pc2/users/e/eprop2d2/cp2k_dev/build/src/f77_interface.F:364
#19  0x4029c2 in cp2k
	at /pc2/users/e/eprop2d2/cp2k_dev/build/src/start/cp2k.F:389
#20  0x40226e in main
	at /pc2/users/e/eprop2d2/cp2k_dev/build/src/start/cp2k.F:44
#21  0x147d23cdc384 in __f77_interface_MOD_finalize_cp2k
	at /pc2/users/e/eprop2d2/cp2k_dev/build/src/f77_interface.F:364
#22  0x4029c2 in cp2k
	at /pc2/users/e/eprop2d2/cp2k_dev/build/src/start/cp2k.F:389
#23  0x40226e in main
	at /pc2/users/e/eprop2d2/cp2k_dev/build/src/start/cp2k.F:44
#18  0x152e87792384 in __f77_interface_MOD_finalize_cp2k
	at /pc2/users/e/eprop2d2/cp2k_dev/build/src/f77_interface.F:364
#19  0x4029c2 in cp2k
	at /pc2/users/e/eprop2d2/cp2k_dev/build/src/start/cp2k.F:389
#20  0x40226e in main
	at /pc2/users/e/eprop2d2/cp2k_dev/build/src/start/cp2k.F:44
#18  0x15401e3e3384 in __f77_interface_MOD_finalize_cp2k
	at /pc2/users/e/eprop2d2/cp2k_dev/build/src/f77_interface.F:364
#19  0x4029c2 in cp2k
	at /pc2/users/e/eprop2d2/cp2k_dev/build/src/start/cp2k.F:389
#20  0x40226e in main
	at /pc2/users/e/eprop2d2/cp2k_dev/build/src/start/cp2k.F:44
#18  0x15030e3d1384 in __f77_interface_MOD_finalize_cp2k
	at /pc2/users/e/eprop2d2/cp2k_dev/build/src/f77_interface.F:364
#18  0x14745ee21384 in __f77_interface_MOD_finalize_cp2k
	at /pc2/users/e/eprop2d2/cp2k_dev/build/src/f77_interface.F:364
#19  0x4029c2 in cp2k
	at /pc2/users/e/eprop2d2/cp2k_dev/build/src/start/cp2k.F:389
#20  0x40226e in main
	at /pc2/users/e/eprop2d2/cp2k_dev/build/src/start/cp2k.F:44
#18  0x1543ed289384 in __f77_interface_MOD_finalize_cp2k
	at /pc2/users/e/eprop2d2/cp2k_dev/build/src/f77_interface.F:364
#19  0x4029c2 in cp2k
	at /pc2/users/e/eprop2d2/cp2k_dev/build/src/start/cp2k.F:389
#20  0x40226e in main
	at /pc2/users/e/eprop2d2/cp2k_dev/build/src/start/cp2k.F:44
#22  0x4029c2 in cp2k
	at /pc2/users/e/eprop2d2/cp2k_dev/build/src/start/cp2k.F:389
#23  0x40226e in main
	at /pc2/users/e/eprop2d2/cp2k_dev/build/src/start/cp2k.F:44
#18  0x14cbf250f384 in __f77_interface_MOD_finalize_cp2k
	at /pc2/users/e/eprop2d2/cp2k_dev/build/src/f77_interface.F:364
#19  0x4029c2 in cp2k
	at /pc2/users/e/eprop2d2/cp2k_dev/build/src/start/cp2k.F:389
#20  0x40226e in main
	at /pc2/users/e/eprop2d2/cp2k_dev/build/src/start/cp2k.F:44
#18  0x1488a64a7384 in __f77_interface_MOD_finalize_cp2k
	at /pc2/users/e/eprop2d2/cp2k_dev/build/src/f77_interface.F:364
#19  0x4029c2 in cp2k
	at /pc2/users/e/eprop2d2/cp2k_dev/build/src/start/cp2k.F:389
#20  0x40226e in main
	at /pc2/users/e/eprop2d2/cp2k_dev/build/src/start/cp2k.F:44
#18  0x14da26c5d384 in __f77_interface_MOD_finalize_cp2k
	at /pc2/users/e/eprop2d2/cp2k_dev/build/src/f77_interface.F:364
#19  0x4029c2 in cp2k
	at /pc2/users/e/eprop2d2/cp2k_dev/build/src/start/cp2k.F:389
#20  0x40226e in main
	at /pc2/users/e/eprop2d2/cp2k_dev/build/src/start/cp2k.F:44
#18  0x1536430cb384 in __f77_interface_MOD_finalize_cp2k
	at /pc2/users/e/eprop2d2/cp2k_dev/build/src/f77_interface.F:364
#18  0x149c25646384 in __f77_interface_MOD_finalize_cp2k
	at /pc2/users/e/eprop2d2/cp2k_dev/build/src/f77_interface.F:364
#19  0x4029c2 in cp2k
	at /pc2/users/e/eprop2d2/cp2k_dev/build/src/start/cp2k.F:389
#20  0x40226e in main
	at /pc2/users/e/eprop2d2/cp2k_dev/build/src/start/cp2k.F:44
#18  0x148c8ecab384 in __f77_interface_MOD_finalize_cp2k
	at /pc2/users/e/eprop2d2/cp2k_dev/build/src/f77_interface.F:364
#19  0x4029c2 in cp2k
	at /pc2/users/e/eprop2d2/cp2k_dev/build/src/start/cp2k.F:389
#20  0x40226e in main
	at /pc2/users/e/eprop2d2/cp2k_dev/build/src/start/cp2k.F:44
#18  0x151bea986384 in __f77_interface_MOD_finalize_cp2k
	at /pc2/users/e/eprop2d2/cp2k_dev/build/src/f77_interface.F:364
#19  0x4029c2 in cp2k
	at /pc2/users/e/eprop2d2/cp2k_dev/build/src/start/cp2k.F:389
#20  0x40226e in main
	at /pc2/users/e/eprop2d2/cp2k_dev/build/src/start/cp2k.F:44
#19  0x4029c2 in cp2k
	at /pc2/users/e/eprop2d2/cp2k_dev/build/src/start/cp2k.F:389
#20  0x40226e in main
	at /pc2/users/e/eprop2d2/cp2k_dev/build/src/start/cp2k.F:44
#18  0x14ec223fc384 in __f77_interface_MOD_finalize_cp2k
	at /pc2/users/e/eprop2d2/cp2k_dev/build/src/f77_interface.F:364
#18  0x14d2d4299384 in __f77_interface_MOD_finalize_cp2k
	at /pc2/users/e/eprop2d2/cp2k_dev/build/src/f77_interface.F:364
#19  0x4029c2 in cp2k
	at /pc2/users/e/eprop2d2/cp2k_dev/build/src/start/cp2k.F:389
#20  0x40226e in main
	at /pc2/users/e/eprop2d2/cp2k_dev/build/src/start/cp2k.F:44
#18  0x151ec8d95384 in __f77_interface_MOD_finalize_cp2k
	at /pc2/users/e/eprop2d2/cp2k_dev/build/src/f77_interface.F:364
#19  0x4029c2 in cp2k
	at /pc2/users/e/eprop2d2/cp2k_dev/build/src/start/cp2k.F:389
#20  0x40226e in main
	at /pc2/users/e/eprop2d2/cp2k_dev/build/src/start/cp2k.F:44
#19  0x4029c2 in cp2k
	at /pc2/users/e/eprop2d2/cp2k_dev/build/src/start/cp2k.F:389
#20  0x40226e in main
	at /pc2/users/e/eprop2d2/cp2k_dev/build/src/start/cp2k.F:44
#18  0x14bb83914384 in __f77_interface_MOD_finalize_cp2k
	at /pc2/users/e/eprop2d2/cp2k_dev/build/src/f77_interface.F:364
#19  0x4029c2 in cp2k
	at /pc2/users/e/eprop2d2/cp2k_dev/build/src/start/cp2k.F:389
#20  0x40226e in main
	at /pc2/users/e/eprop2d2/cp2k_dev/build/src/start/cp2k.F:44
#18  0x14c80275a384 in __f77_interface_MOD_finalize_cp2k
	at /pc2/users/e/eprop2d2/cp2k_dev/build/src/f77_interface.F:364
#19  0x4029c2 in cp2k
	at /pc2/users/e/eprop2d2/cp2k_dev/build/src/start/cp2k.F:389
#20  0x40226e in main
	at /pc2/users/e/eprop2d2/cp2k_dev/build/src/start/cp2k.F:44
#18  0x150bc65ad384 in __f77_interface_MOD_finalize_cp2k
	at /pc2/users/e/eprop2d2/cp2k_dev/build/src/f77_interface.F:364
#19  0x4029c2 in cp2k
	at /pc2/users/e/eprop2d2/cp2k_dev/build/src/start/cp2k.F:389
#20  0x40226e in main
	at /pc2/users/e/eprop2d2/cp2k_dev/build/src/start/cp2k.F:44
#18  0x1551a7e8e384 in __f77_interface_MOD_finalize_cp2k
	at /pc2/users/e/eprop2d2/cp2k_dev/build/src/f77_interface.F:364
#19  0x4029c2 in cp2k
	at /pc2/users/e/eprop2d2/cp2k_dev/build/src/start/cp2k.F:389
#20  0x40226e in main
	at /pc2/users/e/eprop2d2/cp2k_dev/build/src/start/cp2k.F:44
#18  0x1547c1655384 in __f77_interface_MOD_finalize_cp2k
	at /pc2/users/e/eprop2d2/cp2k_dev/build/src/f77_interface.F:364
#19  0x4029c2 in cp2k
	at /pc2/users/e/eprop2d2/cp2k_dev/build/src/start/cp2k.F:389
#20  0x40226e in main
	at /pc2/users/e/eprop2d2/cp2k_dev/build/src/start/cp2k.F:44
#18  0x15306b1f5384 in __f77_interface_MOD_finalize_cp2k
	at /pc2/users/e/eprop2d2/cp2k_dev/build/src/f77_interface.F:364
#19  0x4029c2 in cp2k
	at /pc2/users/e/eprop2d2/cp2k_dev/build/src/start/cp2k.F:389
#20  0x40226e in main
	at /pc2/users/e/eprop2d2/cp2k_dev/build/src/start/cp2k.F:44
#18  0x14d1a1d8d384 in __f77_interface_MOD_finalize_cp2k
	at /pc2/users/e/eprop2d2/cp2k_dev/build/src/f77_interface.F:364
#19  0x4029c2 in cp2k
	at /pc2/users/e/eprop2d2/cp2k_dev/build/src/start/cp2k.F:389
#20  0x40226e in main
	at /pc2/users/e/eprop2d2/cp2k_dev/build/src/start/cp2k.F:44
#21  0x147cae790384 in __f77_interface_MOD_finalize_cp2k
	at /pc2/users/e/eprop2d2/cp2k_dev/build/src/f77_interface.F:364
#22  0x4029c2 in cp2k
	at /pc2/users/e/eprop2d2/cp2k_dev/build/src/start/cp2k.F:389
#23  0x40226e in main
	at /pc2/users/e/eprop2d2/cp2k_dev/build/src/start/cp2k.F:44
#18  0x14dc510d1384 in __f77_interface_MOD_finalize_cp2k
	at /pc2/users/e/eprop2d2/cp2k_dev/build/src/f77_interface.F:364
#19  0x4029c2 in cp2k
	at /pc2/users/e/eprop2d2/cp2k_dev/build/src/start/cp2k.F:389
#20  0x40226e in main
	at /pc2/users/e/eprop2d2/cp2k_dev/build/src/start/cp2k.F:44
#18  0x14a2567bf384 in __f77_interface_MOD_finalize_cp2k
	at /pc2/users/e/eprop2d2/cp2k_dev/build/src/f77_interface.F:364
#19  0x4029c2 in cp2k
	at /pc2/users/e/eprop2d2/cp2k_dev/build/src/start/cp2k.F:389
#20  0x40226e in main
	at /pc2/users/e/eprop2d2/cp2k_dev/build/src/start/cp2k.F:44
#18  0x14c3d82f9384 in __f77_interface_MOD_finalize_cp2k
	at /pc2/users/e/eprop2d2/cp2k_dev/build/src/f77_interface.F:364
#19  0x4029c2 in cp2k
	at /pc2/users/e/eprop2d2/cp2k_dev/build/src/start/cp2k.F:389
#20  0x40226e in main
	at /pc2/users/e/eprop2d2/cp2k_dev/build/src/start/cp2k.F:44
#18  0x148417a3e384 in __f77_interface_MOD_finalize_cp2k
	at /pc2/users/e/eprop2d2/cp2k_dev/build/src/f77_interface.F:364
#19  0x4029c2 in cp2k
	at /pc2/users/e/eprop2d2/cp2k_dev/build/src/start/cp2k.F:389
#20  0x40226e in main
	at /pc2/users/e/eprop2d2/cp2k_dev/build/src/start/cp2k.F:44
#19  0x4029c2 in cp2k
	at /pc2/users/e/eprop2d2/cp2k_dev/build/src/start/cp2k.F:389
#20  0x40226e in main
	at /pc2/users/e/eprop2d2/cp2k_dev/build/src/start/cp2k.F:44
#18  0x14eff0952384 in __f77_interface_MOD_finalize_cp2k
	at /pc2/users/e/eprop2d2/cp2k_dev/build/src/f77_interface.F:364
#19  0x4029c2 in cp2k
	at /pc2/users/e/eprop2d2/cp2k_dev/build/src/start/cp2k.F:389
#20  0x40226e in main
	at /pc2/users/e/eprop2d2/cp2k_dev/build/src/start/cp2k.F:44
#18  0x1481f6c6b384 in __f77_interface_MOD_finalize_cp2k
	at /pc2/users/e/eprop2d2/cp2k_dev/build/src/f77_interface.F:364
#19  0x4029c2 in cp2k
	at /pc2/users/e/eprop2d2/cp2k_dev/build/src/start/cp2k.F:389
#20  0x40226e in main
	at /pc2/users/e/eprop2d2/cp2k_dev/build/src/start/cp2k.F:44
#19  0x4029c2 in cp2k
	at /pc2/users/e/eprop2d2/cp2k_dev/build/src/start/cp2k.F:389
#20  0x40226e in main
	at /pc2/users/e/eprop2d2/cp2k_dev/build/src/start/cp2k.F:44
#19  0x14c13d0b0384 in __f77_interface_MOD_finalize_cp2k
	at /pc2/users/e/eprop2d2/cp2k_dev/build/src/f77_interface.F:364
#20  0x4029c2 in cp2k
	at /pc2/users/e/eprop2d2/cp2k_dev/build/src/start/cp2k.F:389
#21  0x40226e in main
	at /pc2/users/e/eprop2d2/cp2k_dev/build/src/start/cp2k.F:44
#18  0x147419e5b384 in __f77_interface_MOD_finalize_cp2k
	at /pc2/users/e/eprop2d2/cp2k_dev/build/src/f77_interface.F:364
#19  0x4029c2 in cp2k
	at /pc2/users/e/eprop2d2/cp2k_dev/build/src/start/cp2k.F:389
#20  0x40226e in main
	at /pc2/users/e/eprop2d2/cp2k_dev/build/src/start/cp2k.F:44
#19  0x4029c2 in cp2k
	at /pc2/users/e/eprop2d2/cp2k_dev/build/src/start/cp2k.F:389
#20  0x40226e in main
	at /pc2/users/e/eprop2d2/cp2k_dev/build/src/start/cp2k.F:44
#18  0x151a2ce4d384 in __f77_interface_MOD_finalize_cp2k
	at /pc2/users/e/eprop2d2/cp2k_dev/build/src/f77_interface.F:364
#19  0x4029c2 in cp2k
	at /pc2/users/e/eprop2d2/cp2k_dev/build/src/start/cp2k.F:389
#20  0x40226e in main
	at /pc2/users/e/eprop2d2/cp2k_dev/build/src/start/cp2k.F:44
#18  0x15060533b384 in __f77_interface_MOD_finalize_cp2k
	at /pc2/users/e/eprop2d2/cp2k_dev/build/src/f77_interface.F:364
#19  0x4029c2 in cp2k
	at /pc2/users/e/eprop2d2/cp2k_dev/build/src/start/cp2k.F:389
#20  0x40226e in main
	at /pc2/users/e/eprop2d2/cp2k_dev/build/src/start/cp2k.F:44
#19  0x4029c2 in cp2k
	at /pc2/users/e/eprop2d2/cp2k_dev/build/src/start/cp2k.F:389
#20  0x40226e in main
	at /pc2/users/e/eprop2d2/cp2k_dev/build/src/start/cp2k.F:44
#18  0x1531fae5d384 in __f77_interface_MOD_finalize_cp2k
	at /pc2/users/e/eprop2d2/cp2k_dev/build/src/f77_interface.F:364
#19  0x4029c2 in cp2k
	at /pc2/users/e/eprop2d2/cp2k_dev/build/src/start/cp2k.F:389
#20  0x40226e in main
	at /pc2/users/e/eprop2d2/cp2k_dev/build/src/start/cp2k.F:44
#18  0x14db00c86384 in __f77_interface_MOD_finalize_cp2k
	at /pc2/users/e/eprop2d2/cp2k_dev/build/src/f77_interface.F:364
#19  0x4029c2 in cp2k
	at /pc2/users/e/eprop2d2/cp2k_dev/build/src/start/cp2k.F:389
#20  0x40226e in main
	at /pc2/users/e/eprop2d2/cp2k_dev/build/src/start/cp2k.F:44
#19  0x4029c2 in cp2k
	at /pc2/users/e/eprop2d2/cp2k_dev/build/src/start/cp2k.F:389
#20  0x40226e in main
	at /pc2/users/e/eprop2d2/cp2k_dev/build/src/start/cp2k.F:44
#20  0x1487d2e3e384 in __f77_interface_MOD_finalize_cp2k
	at /pc2/users/e/eprop2d2/cp2k_dev/build/src/f77_interface.F:364
#21  0x4029c2 in cp2k
	at /pc2/users/e/eprop2d2/cp2k_dev/build/src/start/cp2k.F:389
#22  0x40226e in main
	at /pc2/users/e/eprop2d2/cp2k_dev/build/src/start/cp2k.F:44
#18  0x146b6fc81384 in __f77_interface_MOD_finalize_cp2k
	at /pc2/users/e/eprop2d2/cp2k_dev/build/src/f77_interface.F:364
#19  0x4029c2 in cp2k
	at /pc2/users/e/eprop2d2/cp2k_dev/build/src/start/cp2k.F:389
#20  0x40226e in main
	at /pc2/users/e/eprop2d2/cp2k_dev/build/src/start/cp2k.F:44
#19  0x4029c2 in cp2k
	at /pc2/users/e/eprop2d2/cp2k_dev/build/src/start/cp2k.F:389
#20  0x40226e in main
	at /pc2/users/e/eprop2d2/cp2k_dev/build/src/start/cp2k.F:44
#19  0x148200fb9384 in __f77_interface_MOD_finalize_cp2k
	at /pc2/users/e/eprop2d2/cp2k_dev/build/src/f77_interface.F:364
#20  0x4029c2 in cp2k
	at /pc2/users/e/eprop2d2/cp2k_dev/build/src/start/cp2k.F:389
#21  0x40226e in main
	at /pc2/users/e/eprop2d2/cp2k_dev/build/src/start/cp2k.F:44
#18  0x14c317693384 in __f77_interface_MOD_finalize_cp2k
	at /pc2/users/e/eprop2d2/cp2k_dev/build/src/f77_interface.F:364
#19  0x4029c2 in cp2k
	at /pc2/users/e/eprop2d2/cp2k_dev/build/src/start/cp2k.F:389
#20  0x40226e in main
	at /pc2/users/e/eprop2d2/cp2k_dev/build/src/start/cp2k.F:44
#19  0x4029c2 in cp2k
	at /pc2/users/e/eprop2d2/cp2k_dev/build/src/start/cp2k.F:389
#20  0x40226e in main
	at /pc2/users/e/eprop2d2/cp2k_dev/build/src/start/cp2k.F:44
#18  0x1488e6402384 in __f77_interface_MOD_finalize_cp2k
	at /pc2/users/e/eprop2d2/cp2k_dev/build/src/f77_interface.F:364
#19  0x4029c2 in cp2k
	at /pc2/users/e/eprop2d2/cp2k_dev/build/src/start/cp2k.F:389
#20  0x40226e in main
	at /pc2/users/e/eprop2d2/cp2k_dev/build/src/start/cp2k.F:44
#19  0x4029c2 in cp2k
	at /pc2/users/e/eprop2d2/cp2k_dev/build/src/start/cp2k.F:389
#20  0x40226e in main
	at /pc2/users/e/eprop2d2/cp2k_dev/build/src/start/cp2k.F:44
#19  0x4029c2 in cp2k
	at /pc2/users/e/eprop2d2/cp2k_dev/build/src/start/cp2k.F:389
#20  0x40226e in main
	at /pc2/users/e/eprop2d2/cp2k_dev/build/src/start/cp2k.F:44
#18  0x14571fcc7384 in __f77_interface_MOD_finalize_cp2k
	at /pc2/users/e/eprop2d2/cp2k_dev/build/src/f77_interface.F:364
#19  0x4029c2 in cp2k
	at /pc2/users/e/eprop2d2/cp2k_dev/build/src/start/cp2k.F:389
#20  0x40226e in main
	at /pc2/users/e/eprop2d2/cp2k_dev/build/src/start/cp2k.F:44
#19  0x4029c2 in cp2k
	at /pc2/users/e/eprop2d2/cp2k_dev/build/src/start/cp2k.F:389
#20  0x40226e in main
	at /pc2/users/e/eprop2d2/cp2k_dev/build/src/start/cp2k.F:44
#19  0x4029c2 in cp2k
	at /pc2/users/e/eprop2d2/cp2k_dev/build/src/start/cp2k.F:389
#20  0x40226e in main
	at /pc2/users/e/eprop2d2/cp2k_dev/build/src/start/cp2k.F:44
#22  0x14f85b8aa384 in __f77_interface_MOD_finalize_cp2k
	at /pc2/users/e/eprop2d2/cp2k_dev/build/src/f77_interface.F:364
#23  0x4029c2 in cp2k
	at /pc2/users/e/eprop2d2/cp2k_dev/build/src/start/cp2k.F:389
#24  0x40226e in main
	at /pc2/users/e/eprop2d2/cp2k_dev/build/src/start/cp2k.F:44
#18  0x1493c6a45384 in __f77_interface_MOD_finalize_cp2k
	at /pc2/users/e/eprop2d2/cp2k_dev/build/src/f77_interface.F:364
#19  0x4029c2 in cp2k
	at /pc2/users/e/eprop2d2/cp2k_dev/build/src/start/cp2k.F:389
#20  0x40226e in main
	at /pc2/users/e/eprop2d2/cp2k_dev/build/src/start/cp2k.F:44
#18  0x1527cf4d1384 in __f77_interface_MOD_finalize_cp2k
	at /pc2/users/e/eprop2d2/cp2k_dev/build/src/f77_interface.F:364
#19  0x4029c2 in cp2k
	at /pc2/users/e/eprop2d2/cp2k_dev/build/src/start/cp2k.F:389
#20  0x40226e in main
	at /pc2/users/e/eprop2d2/cp2k_dev/build/src/start/cp2k.F:44
#19  0x4029c2 in cp2k
	at /pc2/users/e/eprop2d2/cp2k_dev/build/src/start/cp2k.F:389
#20  0x40226e in main
	at /pc2/users/e/eprop2d2/cp2k_dev/build/src/start/cp2k.F:44
#18  0x1491d422a384 in __f77_interface_MOD_finalize_cp2k
	at /pc2/users/e/eprop2d2/cp2k_dev/build/src/f77_interface.F:364
#19  0x4029c2 in cp2k
	at /pc2/users/e/eprop2d2/cp2k_dev/build/src/start/cp2k.F:389
#20  0x40226e in main
	at /pc2/users/e/eprop2d2/cp2k_dev/build/src/start/cp2k.F:44
#19  0x4029c2 in cp2k
	at /pc2/users/e/eprop2d2/cp2k_dev/build/src/start/cp2k.F:389
#20  0x40226e in main
	at /pc2/users/e/eprop2d2/cp2k_dev/build/src/start/cp2k.F:44
#18  0x14e59097d384 in __f77_interface_MOD_finalize_cp2k
	at /pc2/users/e/eprop2d2/cp2k_dev/build/src/f77_interface.F:364
#19  0x4029c2 in cp2k
	at /pc2/users/e/eprop2d2/cp2k_dev/build/src/start/cp2k.F:389
#20  0x40226e in main
	at /pc2/users/e/eprop2d2/cp2k_dev/build/src/start/cp2k.F:44
#18  0x145b0e3a2384 in __f77_interface_MOD_finalize_cp2k
	at /pc2/users/e/eprop2d2/cp2k_dev/build/src/f77_interface.F:364
#19  0x4029c2 in cp2k
	at /pc2/users/e/eprop2d2/cp2k_dev/build/src/start/cp2k.F:389
#20  0x40226e in main
	at /pc2/users/e/eprop2d2/cp2k_dev/build/src/start/cp2k.F:44
#21  0x14d985d98384 in __f77_interface_MOD_finalize_cp2k
	at /pc2/users/e/eprop2d2/cp2k_dev/build/src/f77_interface.F:364
#22  0x4029c2 in cp2k
	at /pc2/users/e/eprop2d2/cp2k_dev/build/src/start/cp2k.F:389
#23  0x40226e in main
	at /pc2/users/e/eprop2d2/cp2k_dev/build/src/start/cp2k.F:44
#19  0x4029c2 in cp2k
	at /pc2/users/e/eprop2d2/cp2k_dev/build/src/start/cp2k.F:389
#20  0x40226e in main
	at /pc2/users/e/eprop2d2/cp2k_dev/build/src/start/cp2k.F:44
#20  0x14f007e51384 in __f77_interface_MOD_finalize_cp2k
	at /pc2/users/e/eprop2d2/cp2k_dev/build/src/f77_interface.F:364
#21  0x4029c2 in cp2k
	at /pc2/users/e/eprop2d2/cp2k_dev/build/src/start/cp2k.F:389
#22  0x40226e in main
	at /pc2/users/e/eprop2d2/cp2k_dev/build/src/start/cp2k.F:44
#18  0x14d8273de384 in __f77_interface_MOD_finalize_cp2k
	at /pc2/users/e/eprop2d2/cp2k_dev/build/src/f77_interface.F:364
#19  0x4029c2 in cp2k
	at /pc2/users/e/eprop2d2/cp2k_dev/build/src/start/cp2k.F:389
#20  0x40226e in main
	at /pc2/users/e/eprop2d2/cp2k_dev/build/src/start/cp2k.F:44
#18  0x1548b8437384 in __f77_interface_MOD_finalize_cp2k
	at /pc2/users/e/eprop2d2/cp2k_dev/build/src/f77_interface.F:364
#19  0x4029c2 in cp2k
	at /pc2/users/e/eprop2d2/cp2k_dev/build/src/start/cp2k.F:389
#20  0x40226e in main
	at /pc2/users/e/eprop2d2/cp2k_dev/build/src/start/cp2k.F:44
#19  0x4029c2 in cp2k
	at /pc2/users/e/eprop2d2/cp2k_dev/build/src/start/cp2k.F:389
#20  0x40226e in main
	at /pc2/users/e/eprop2d2/cp2k_dev/build/src/start/cp2k.F:44
#20  0x15023595b384 in __f77_interface_MOD_finalize_cp2k
	at /pc2/users/e/eprop2d2/cp2k_dev/build/src/f77_interface.F:364
#21  0x4029c2 in cp2k
	at /pc2/users/e/eprop2d2/cp2k_dev/build/src/start/cp2k.F:389
#22  0x40226e in main
	at /pc2/users/e/eprop2d2/cp2k_dev/build/src/start/cp2k.F:44
#19  0x4029c2 in cp2k
	at /pc2/users/e/eprop2d2/cp2k_dev/build/src/start/cp2k.F:389
#20  0x40226e in main
	at /pc2/users/e/eprop2d2/cp2k_dev/build/src/start/cp2k.F:44
#18  0x14d896705384 in __f77_interface_MOD_finalize_cp2k
	at /pc2/users/e/eprop2d2/cp2k_dev/build/src/f77_interface.F:364
#19  0x4029c2 in cp2k
	at /pc2/users/e/eprop2d2/cp2k_dev/build/src/start/cp2k.F:389
#20  0x40226e in main
	at /pc2/users/e/eprop2d2/cp2k_dev/build/src/start/cp2k.F:44
#21  0x4029c2 in cp2k
	at /pc2/users/e/eprop2d2/cp2k_dev/build/src/start/cp2k.F:389
#22  0x40226e in main
	at /pc2/users/e/eprop2d2/cp2k_dev/build/src/start/cp2k.F:44
#18  0x149b04ad5384 in __f77_interface_MOD_finalize_cp2k
	at /pc2/users/e/eprop2d2/cp2k_dev/build/src/f77_interface.F:364
#19  0x4029c2 in cp2k
	at /pc2/users/e/eprop2d2/cp2k_dev/build/src/start/cp2k.F:389
#20  0x40226e in main
	at /pc2/users/e/eprop2d2/cp2k_dev/build/src/start/cp2k.F:44
#18  0x1490960a2384 in __f77_interface_MOD_finalize_cp2k
	at /pc2/users/e/eprop2d2/cp2k_dev/build/src/f77_interface.F:364
#19  0x4029c2 in cp2k
	at /pc2/users/e/eprop2d2/cp2k_dev/build/src/start/cp2k.F:389
#20  0x40226e in main
	at /pc2/users/e/eprop2d2/cp2k_dev/build/src/start/cp2k.F:44
#18  0x14f3271b1384 in __f77_interface_MOD_finalize_cp2k
	at /pc2/users/e/eprop2d2/cp2k_dev/build/src/f77_interface.F:364
#19  0x4029c2 in cp2k
	at /pc2/users/e/eprop2d2/cp2k_dev/build/src/start/cp2k.F:389
#20  0x40226e in main
	at /pc2/users/e/eprop2d2/cp2k_dev/build/src/start/cp2k.F:44
#19  0x4029c2 in cp2k
	at /pc2/users/e/eprop2d2/cp2k_dev/build/src/start/cp2k.F:389
#20  0x40226e in main
	at /pc2/users/e/eprop2d2/cp2k_dev/build/src/start/cp2k.F:44
#22  0x4029c2 in cp2k
	at /pc2/users/e/eprop2d2/cp2k_dev/build/src/start/cp2k.F:389
#23  0x40226e in main
	at /pc2/users/e/eprop2d2/cp2k_dev/build/src/start/cp2k.F:44
#21  0x4029c2 in cp2k
	at /pc2/users/e/eprop2d2/cp2k_dev/build/src/start/cp2k.F:389
#22  0x40226e in main
	at /pc2/users/e/eprop2d2/cp2k_dev/build/src/start/cp2k.F:44
#19  0x4029c2 in cp2k
	at /pc2/users/e/eprop2d2/cp2k_dev/build/src/start/cp2k.F:389
#20  0x40226e in main
	at /pc2/users/e/eprop2d2/cp2k_dev/build/src/start/cp2k.F:44
#18  0x147a2dfc8384 in __f77_interface_MOD_finalize_cp2k
	at /pc2/users/e/eprop2d2/cp2k_dev/build/src/f77_interface.F:364
#19  0x4029c2 in cp2k
	at /pc2/users/e/eprop2d2/cp2k_dev/build/src/start/cp2k.F:389
#20  0x40226e in main
	at /pc2/users/e/eprop2d2/cp2k_dev/build/src/start/cp2k.F:44
#19  0x4029c2 in cp2k
	at /pc2/users/e/eprop2d2/cp2k_dev/build/src/start/cp2k.F:389
#20  0x40226e in main
	at /pc2/users/e/eprop2d2/cp2k_dev/build/src/start/cp2k.F:44
#18  0x147fcfc38384 in __f77_interface_MOD_finalize_cp2k
	at /pc2/users/e/eprop2d2/cp2k_dev/build/src/f77_interface.F:364
#19  0x4029c2 in cp2k
	at /pc2/users/e/eprop2d2/cp2k_dev/build/src/start/cp2k.F:389
#20  0x40226e in main
	at /pc2/users/e/eprop2d2/cp2k_dev/build/src/start/cp2k.F:44
#19  0x4029c2 in cp2k
	at /pc2/users/e/eprop2d2/cp2k_dev/build/src/start/cp2k.F:389
#20  0x40226e in main
	at /pc2/users/e/eprop2d2/cp2k_dev/build/src/start/cp2k.F:44
#19  0x4029c2 in cp2k
	at /pc2/users/e/eprop2d2/cp2k_dev/build/src/start/cp2k.F:389
#20  0x40226e in main
	at /pc2/users/e/eprop2d2/cp2k_dev/build/src/start/cp2k.F:44
#19  0x4029c2 in cp2k
	at /pc2/users/e/eprop2d2/cp2k_dev/build/src/start/cp2k.F:389
#20  0x40226e in main
	at /pc2/users/e/eprop2d2/cp2k_dev/build/src/start/cp2k.F:44
#18  0x152ba7afc384 in __f77_interface_MOD_finalize_cp2k
	at /pc2/users/e/eprop2d2/cp2k_dev/build/src/f77_interface.F:364
#19  0x4029c2 in cp2k
	at /pc2/users/e/eprop2d2/cp2k_dev/build/src/start/cp2k.F:389
#20  0x40226e in main
	at /pc2/users/e/eprop2d2/cp2k_dev/build/src/start/cp2k.F:44
#19  0x4029c2 in cp2k
	at /pc2/users/e/eprop2d2/cp2k_dev/build/src/start/cp2k.F:389
#20  0x40226e in main
	at /pc2/users/e/eprop2d2/cp2k_dev/build/src/start/cp2k.F:44
srun: error: lcn1501: task 146: Aborted (core dumped)
srun: Terminating StepId=887436.0
slurmstepd: error: *** STEP 887436.0 ON lcn1312 CANCELLED AT 2026-02-07T03:18:20 ***
srun: error: lcn1315: tasks 68,72,79: Terminated
srun: error: lcn1315: tasks 86-87: Terminated
slurmstepd: error:  mpi/pmix_v3: _errhandler: lcn1501 [3]: pmixp_client_v2.c:211: Error handler invoked: status = -25, source = [slurm.pmix.887436.0:146]
srun: Job step aborted: Waiting up to 32 seconds for job step to finish.
srun: error: lcn1312: tasks 6-7,10,14,16,19,25-26,29-30,37: Terminated
srun: error: lcn1312: task 1: Terminated
srun: error: lcn1321: tasks 100,102,106-107,109,113,115,117,123-124,128,130,133,138: Terminated
srun: error: lcn1315: tasks 53,57,82,89,94-95: Terminated
srun: error: lcn1501: tasks 164-165,167,177: Terminated
srun: error: lcn1502: tasks 204,214,216,220,224,228-229,239: Terminated
srun: error: lcn1501: tasks 166,168-170,176,178-179: Terminated
srun: error: lcn1501: tasks 174-175: Terminated
srun: error: lcn1502: tasks 201,206-207,211-212,221,225,230-231: Terminated
srun: error: lcn1502: tasks 196-197: Terminated
srun: error: lcn1501: tasks 154,157,159,185,189-190: Terminated
slurmstepd: error:  mpi/pmix_v3: _errhandler: lcn1312 [0]: pmixp_client_v2.c:211: Error handler invoked: status = -25, source = [slurm.pmix.887436.0:29]
slurmstepd: error:  mpi/pmix_v3: _errhandler: lcn1321 [2]: pmixp_client_v2.c:211: Error handler invoked: status = -25, source = [slurm.pmix.887436.0:138]
slurmstepd: error:  mpi/pmix_v3: _errhandler: lcn1315 [1]: pmixp_client_v2.c:211: Error handler invoked: status = -25, source = [slurm.pmix.887436.0:68]
slurmstepd: error:  mpi/pmix_v3: _errhandler: lcn1502 [4]: pmixp_client_v2.c:211: Error handler invoked: status = -25, source = [slurm.pmix.887436.0:239]
slurmstepd: error:  mpi/pmix_v3: _errhandler: lcn1501 [3]: pmixp_client_v2.c:211: Error handler invoked: status = -25, source = [slurm.pmix.887436.0:177]
srun: error: lcn1502: task 199: Aborted (core dumped)
srun: error: lcn1501: task 145: Aborted (core dumped)
slurmstepd: error:  mpi/pmix_v3: _errhandler: lcn1502 [4]: pmixp_client_v2.c:211: Error handler invoked: status = -25, source = [slurm.pmix.887436.0:199]
srun: error: lcn1502: task 198: Aborted (core dumped)
slurmstepd: error:  mpi/pmix_v3: _errhandler: lcn1501 [3]: pmixp_client_v2.c:211: Error handler invoked: status = -25, source = [slurm.pmix.887436.0:145]
slurmstepd: error:  mpi/pmix_v3: _errhandler: lcn1502 [4]: pmixp_client_v2.c:211: Error handler invoked: status = -25, source = [slurm.pmix.887436.0:198]
srun: error: lcn1501: task 150: Aborted (core dumped)
srun: error: lcn1501: task 155: Aborted (core dumped)
slurmstepd: error:  mpi/pmix_v3: _errhandler: lcn1501 [3]: pmixp_client_v2.c:211: Error handler invoked: status = -25, source = [slurm.pmix.887436.0:150]
srun: error: lcn1501: task 153: Aborted (core dumped)
srun: error: lcn1501: tasks 158,162,191: Aborted (core dumped)
slurmstepd: error:  mpi/pmix_v3: _errhandler: lcn1501 [3]: pmixp_client_v2.c:211: Error handler invoked: status = -25, source = [slurm.pmix.887436.0:153]
srun: error: lcn1501: tasks 151,187: Aborted (core dumped)
srun: error: lcn1501: task 183: Aborted (core dumped)
srun: error: lcn1501: task 163: Aborted (core dumped)
srun: error: lcn1502: task 219: Aborted (core dumped)
srun: error: lcn1501: tasks 156,171: Aborted (core dumped)
srun: error: lcn1502: task 193: Aborted (core dumped)
srun: error: lcn1501: task 186: Aborted (core dumped)
srun: error: lcn1501: task 149: Aborted (core dumped)
slurmstepd: error:  mpi/pmix_v3: _errhandler: lcn1502 [4]: pmixp_client_v2.c:211: Error handler invoked: status = -25, source = [slurm.pmix.887436.0:219]
srun: error: lcn1501: task 182: Aborted (core dumped)
srun: error: lcn1502: task 217: Aborted (core dumped)
srun: error: lcn1501: task 161: Aborted (core dumped)
srun: error: lcn1501: task 147: Aborted (core dumped)
srun: error: lcn1502: tasks 203,209: Aborted (core dumped)
srun: error: lcn1501: tasks 180,184,188: Aborted (core dumped)
slurmstepd: error:  mpi/pmix_v3: _errhandler: lcn1502 [4]: pmixp_client_v2.c:211: Error handler invoked: status = -25, source = [slurm.pmix.887436.0:217]
srun: error: lcn1502: task 210: Aborted (core dumped)
srun: error: lcn1501: task 160: Aborted (core dumped)
srun: error: lcn1501: tasks 148,172-173: Aborted (core dumped)
srun: error: lcn1501: task 144: Aborted (core dumped)
srun: error: lcn1502: tasks 195,208,213: Aborted (core dumped)
srun: error: lcn1501: task 181: Aborted (core dumped)
srun: error: lcn1502: task 233: Aborted (core dumped)
srun: error: lcn1501: task 152: Aborted (core dumped)
srun: error: lcn1502: tasks 202,215,232: Aborted (core dumped)
srun: error: lcn1502: task 234: Aborted (core dumped)
srun: error: lcn1502: tasks 205,237: Aborted (core dumped)
srun: error: lcn1502: task 192: Aborted (core dumped)
srun: error: lcn1502: tasks 200,223: Aborted (core dumped)
srun: error: lcn1502: tasks 218,235: Aborted (core dumped)
srun: error: lcn1502: task 226: Aborted (core dumped)
srun: error: lcn1502: task 236: Aborted (core dumped)
srun: error: lcn1502: tasks 222,238: Aborted (core dumped)
srun: error: lcn1502: task 227: Aborted (core dumped)
slurmstepd: error:  mpi/pmix_v3: _errhandler: lcn1502 [4]: pmixp_client_v2.c:211: Error handler invoked: status = -25, source = [slurm.pmix.887436.0:210]
srun: error: lcn1502: task 194: Aborted (core dumped)
srun: error: lcn1321: task 122: Aborted (core dumped)
srun: error: lcn1321: task 110: Aborted (core dumped)
srun: error: lcn1312: task 20: Aborted (core dumped)
slurmstepd: error:  mpi/pmix_v3: _errhandler: lcn1321 [2]: pmixp_client_v2.c:211: Error handler invoked: status = -25, source = [slurm.pmix.887436.0:122]
srun: error: lcn1321: task 135: Aborted (core dumped)
slurmstepd: error:  mpi/pmix_v3: _errhandler: lcn1312 [0]: pmixp_client_v2.c:211: Error handler invoked: status = -25, source = [slurm.pmix.887436.0:20]
srun: error: lcn1321: tasks 125-126: Aborted (core dumped)
srun: error: lcn1312: task 3: Aborted (core dumped)
srun: error: lcn1321: task 142: Aborted (core dumped)
srun: error: lcn1321: task 121: Aborted (core dumped)
srun: error: lcn1321: tasks 104,116: Aborted (core dumped)
srun: error: lcn1312: task 38: Aborted (core dumped)
srun: error: lcn1312: task 33: Aborted (core dumped)
srun: error: lcn1321: tasks 101,131: Aborted (core dumped)
srun: error: lcn1321: tasks 111,129,139: Aborted (core dumped)
srun: error: lcn1312: tasks 15,35: Aborted (core dumped)
srun: error: lcn1315: task 61: Aborted (core dumped)
srun: error: lcn1321: task 103: Aborted (core dumped)
srun: error: lcn1312: task 22: Aborted (core dumped)
srun: error: lcn1321: tasks 127,136: Aborted (core dumped)
srun: error: lcn1315: task 64: Aborted (core dumped)
srun: error: lcn1321: tasks 114,137: Aborted (core dumped)
srun: error: lcn1312: task 4: Aborted (core dumped)
srun: error: lcn1321: tasks 105,140: Aborted (core dumped)
srun: error: lcn1312: task 8: Aborted (core dumped)
srun: error: lcn1312: tasks 2,42: Aborted (core dumped)
srun: error: Timed out waiting for job step to complete
