 
  kpoint:       1             coordinate:     0.0000    0.0000    0.0000
 
    n           k   ϵ_nk^DFT (eV)     Σ^c_nk (eV)     Σ^x_nk (eV)    v_nk^xc (eV)   ϵ_nk^G0W0 (eV)
 
    1 (occ)     1        -266.705          -7.068         -91.572         -61.083         -304.262
    2 (occ)     1        -266.705          -7.068         -91.572         -61.083         -304.262
    3 (occ)     1        -266.705          -7.082         -91.574         -61.085         -304.276
    4 (occ)     1        -266.705          -7.082         -91.574         -61.085         -304.276
    5 (occ)     1        -266.679          -7.724         -91.553         -61.073         -304.883
    6 (occ)     1        -266.679          -7.724         -91.553         -61.073         -304.883
    7 (occ)     1        -266.672          -7.921         -91.620         -61.069         -305.144
    8 (occ)     1        -266.672          -7.921         -91.621         -61.069         -305.144
    9 (occ)     1        -266.672          -7.921         -91.621         -61.069         -305.145
   10 (occ)     1        -266.672          -7.921         -91.621         -61.069         -305.145
   11 (occ)     1        -266.672          -7.921         -91.621         -61.069         -305.145
   12 (occ)     1        -266.672          -7.922         -91.621         -61.069         -305.145
   13 (occ)     1        -266.672          -7.922         -91.621         -61.070         -305.145
   14 (occ)     1        -266.672          -7.922         -91.621         -61.070         -305.145
   15 (occ)     1        -266.671          -7.922         -91.621         -61.070         -305.145
   16 (occ)     1        -266.671          -7.922         -91.622         -61.070         -305.145
   17 (occ)     1        -266.671          -7.923         -91.622         -61.070         -305.146
   18 (occ)     1        -266.671          -7.923         -91.622         -61.070         -305.146
   19 (occ)     1        -266.671          -7.923         -91.622         -61.071         -305.146
   20 (occ)     1        -266.671          -7.923         -91.622         -61.071         -305.146
   21 (occ)     1        -266.671          -7.924         -91.622         -61.071         -305.146
   22 (occ)     1        -266.671          -7.924         -91.623         -61.071         -305.146
   23 (occ)     1        -266.671          -7.924         -91.623         -61.071         -305.146
   24 (occ)     1        -266.671          -7.925         -91.623         -61.072         -305.146
   25 (occ)     1        -266.671          -7.925         -91.623         -61.072         -305.147
   26 (occ)     1        -266.671          -7.925         -91.623         -61.072         -305.147
   27 (occ)     1        -266.670          -7.925         -91.623         -61.072         -305.147
   28 (occ)     1        -266.670          -7.926         -91.623         -61.072         -305.147
   29 (occ)     1        -266.670          -7.926         -91.624         -61.073         -305.147
   30 (occ)     1        -266.670          -7.926         -91.624         -61.073         -305.147
   31 (occ)     1        -266.670          -7.927         -91.624         -61.073         -305.147
   32 (occ)     1        -266.670          -7.927         -91.624         -61.073         -305.148
   33 (occ)     1        -266.670          -7.927         -91.624         -61.073         -305.148
   34 (occ)     1        -266.670          -7.927         -91.624         -61.074         -305.148
   35 (occ)     1        -266.670          -7.928         -91.624         -61.074         -305.148
   36 (occ)     1        -266.670          -7.928         -91.624         -61.074         -305.148
   37 (occ)     1        -266.669          -7.928         -91.625         -61.074         -305.148
   38 (occ)     1        -266.669          -7.929         -91.625         -61.074         -305.148
   39 (occ)     1        -266.669          -7.929         -91.625         -61.074         -305.149
   40 (occ)     1        -266.669          -7.929         -91.625         -61.074         -305.149
   41 (occ)     1        -266.669          -7.930         -91.625         -61.075         -305.149
   42 (occ)     1        -266.669          -7.930         -91.625         -61.075         -305.149
   43 (occ)     1        -266.669          -7.930         -91.625         -61.075         -305.149
   44 (occ)     1        -266.669          -7.931         -91.625         -61.075         -305.149
   45 (occ)     1        -266.668          -7.931         -91.625         -61.075         -305.149
   46 (occ)     1        -266.668          -7.931         -91.625         -61.075         -305.149
   47 (occ)     1        -266.668          -7.931         -91.625         -61.075         -305.149
   48 (occ)     1        -266.668          -7.932         -91.625         -61.075         -305.149
   49 (occ)     1        -266.668          -7.931         -91.627         -61.078         -305.149
   50 (occ)     1        -266.668          -7.933         -91.623         -61.073         -305.150
   51 (occ)     1        -266.668          -7.930         -91.632         -61.082         -305.147
   52 (occ)     1        -266.668          -7.939         -91.609         -61.061         -305.154
   53 (occ)     1        -266.668          -7.934         -91.620         -61.071         -305.150
   54 (occ)     1        -266.667          -7.932         -91.625         -61.076         -305.149
   55 (occ)     1        -266.667          -7.937         -91.618         -61.069         -305.152
   56 (occ)     1        -266.667          -7.939         -91.613         -61.065         -305.153
   57 (occ)     1        -266.667          -7.939         -91.612         -61.065         -305.153
   58 (occ)     1        -266.667          -7.936         -91.617         -61.069         -305.151
   59 (occ)     1        -266.667          -7.934         -91.621         -61.073         -305.150
   60 (occ)     1        -266.667          -7.935         -91.621         -61.072         -305.151
   61 (occ)     1        -266.667          -7.938         -91.617         -61.069         -305.152
   62 (occ)     1        -266.667          -7.940         -91.614         -61.067         -305.153
   63 (occ)     1        -266.666          -7.940         -91.612         -61.065         -305.154
   64 (occ)     1        -266.666          -7.941         -91.612         -61.065         -305.154
   65 (occ)     1        -266.666          -7.941         -91.613         -61.066         -305.154
   66 (occ)     1        -266.666          -7.940         -91.614         -61.067         -305.153
   67 (occ)     1        -266.666          -7.938         -91.617         -61.070         -305.152
   68 (occ)     1        -266.666          -7.937         -91.619         -61.071         -305.151
   69 (occ)     1        -266.666          -7.938         -91.618         -61.071         -305.152
   70 (occ)     1        -266.666          -7.940         -91.616         -61.069         -305.153
   71 (occ)     1        -266.666          -7.942         -91.614         -61.068         -305.154
   72 (occ)     1        -266.666          -7.943         -91.613         -61.067         -305.155
   73 (occ)     1        -266.665          -7.944         -91.613         -61.067         -305.155
   74 (occ)     1        -266.665          -7.944         -91.612         -61.067         -305.155
   75 (occ)     1        -266.665          -7.945         -91.613         -61.067         -305.156
   76 (occ)     1        -266.665          -7.945         -91.613         -61.067         -305.156
   77 (occ)     1        -266.665          -7.946         -91.613         -61.068         -305.156
   78 (occ)     1        -266.665          -7.946         -91.614         -61.068         -305.156
   79 (occ)     1        -266.665          -7.945         -91.615         -61.069         -305.156
   80 (occ)     1        -266.665          -7.945         -91.616         -61.070         -305.155
   81 (occ)     1        -266.665          -7.944         -91.618         -61.071         -305.155
   82 (occ)     1        -266.665          -7.943         -91.619         -61.073         -305.154
   83 (occ)     1        -266.664          -7.944         -91.619         -61.073         -305.154
   84 (occ)     1        -266.664          -7.945         -91.618         -61.072         -305.155
   85 (occ)     1        -266.664          -7.947         -91.617         -61.072         -305.157
   86 (occ)     1        -266.664          -7.948         -91.617         -61.072         -305.158
   87 (occ)     1        -266.664          -7.949         -91.616         -61.072         -305.158
   88 (occ)     1        -266.664          -7.950         -91.616         -61.072         -305.159
   89 (occ)     1        -266.664          -7.951         -91.617         -61.072         -305.160
   90 (occ)     1        -266.664          -7.952         -91.617         -61.073         -305.160
   91 (occ)     1        -266.664          -7.953         -91.617         -61.073         -305.160
   92 (occ)     1        -266.664          -7.953         -91.617         -61.073         -305.161
   93 (occ)     1        -266.664          -7.954         -91.618         -61.074         -305.161
   94 (occ)     1        -266.664          -7.954         -91.618         -61.075         -305.162
   95 (occ)     1        -266.664          -7.955         -91.619         -61.075         -305.162
   96 (occ)     1        -266.664          -7.956         -91.620         -61.076         -305.163
   97 (occ)     1        -266.664          -7.955         -91.619         -61.075         -305.162
   98 (occ)     1        -266.664          -7.955         -91.619         -61.075         -305.162
   99 (occ)     1        -266.663          -7.954         -91.618         -61.074         -305.161
  100 (occ)     1        -266.663          -7.954         -91.618         -61.074         -305.161
  101 (occ)     1        -266.663          -7.953         -91.618         -61.073         -305.160
  102 (occ)     1        -266.663          -7.953         -91.618         -61.073         -305.160
  103 (occ)     1        -266.663          -7.951         -91.618         -61.073         -305.158
  104 (occ)     1        -266.663          -7.951         -91.618         -61.073         -305.158
  105 (occ)     1        -266.663          -7.942         -91.623         -61.076         -305.152
  106 (occ)     1        -266.663          -7.942         -91.623         -61.076         -305.152
  107 (occ)     1        -266.662          -7.946         -91.620         -61.074         -305.154
  108 (occ)     1        -266.662          -7.946         -91.620         -61.074         -305.154
  109 (occ)     1        -266.662          -7.951         -91.616         -61.071         -305.157
  110 (occ)     1        -266.662          -7.951         -91.616         -61.071         -305.157
  111 (occ)     1        -266.661          -7.951         -91.615         -61.070         -305.157
  112 (occ)     1        -266.661          -7.951         -91.615         -61.070         -305.157
  113 (occ)     1        -266.660          -7.942         -91.621         -61.074         -305.149
  114 (occ)     1        -266.660          -7.942         -91.621         -61.074         -305.149
  115 (occ)     1        -266.659          -7.940         -91.621         -61.074         -305.147
  116 (occ)     1        -266.659          -7.940         -91.621         -61.074         -305.147
  117 (occ)     1        -266.658          -7.952         -91.613         -61.069         -305.154
  118 (occ)     1        -266.658          -7.952         -91.613         -61.069         -305.154
  119 (occ)     1        -266.655          -7.939         -91.620         -61.074         -305.140
  120 (occ)     1        -266.655          -7.939         -91.620         -61.074         -305.140
  121 (occ)     1        -266.654          -7.936         -91.618         -61.072         -305.136
  122 (occ)     1        -266.654          -7.936         -91.618         -61.072         -305.136
  123 (occ)     1        -266.651          -7.970         -91.630         -61.066         -305.184
  124 (occ)     1        -266.651          -7.970         -91.630         -61.067         -305.184
  125 (occ)     1        -266.651          -7.970         -91.630         -61.067         -305.184
  126 (occ)     1        -266.651          -7.970         -91.631         -61.067         -305.184
  127 (occ)     1        -266.651          -7.970         -91.631         -61.067         -305.184
  128 (occ)     1        -266.651          -7.970         -91.631         -61.068         -305.184
  129 (occ)     1        -266.651          -7.970         -91.631         -61.068         -305.184
  130 (occ)     1        -266.651          -7.970         -91.632         -61.068         -305.184
  131 (occ)     1        -266.650          -7.970         -91.632         -61.068         -305.184
  132 (occ)     1        -266.650          -7.970         -91.632         -61.069         -305.184
  133 (occ)     1        -266.650          -7.970         -91.633         -61.069         -305.184
  134 (occ)     1        -266.650          -7.970         -91.633         -61.069         -305.184
  135 (occ)     1        -266.650          -7.970         -91.633         -61.070         -305.184
  136 (occ)     1        -266.650          -7.970         -91.634         -61.070         -305.184
  137 (occ)     1        -266.650          -7.970         -91.634         -61.070         -305.184
  138 (occ)     1        -266.650          -7.970         -91.634         -61.071         -305.183
  139 (occ)     1        -266.650          -7.970         -91.635         -61.071         -305.183
  140 (occ)     1        -266.650          -7.969         -91.635         -61.071         -305.183
  141 (occ)     1        -266.650          -7.969         -91.636         -61.072         -305.183
  142 (occ)     1        -266.650          -7.969         -91.636         -61.072         -305.183
  143 (occ)     1        -266.650          -7.949         -91.610         -61.068         -305.140
  144 (occ)     1        -266.650          -7.949         -91.610         -61.068         -305.140
  145 (occ)     1        -266.650          -7.969         -91.636         -61.072         -305.182
  146 (occ)     1        -266.649          -7.969         -91.637         -61.073         -305.182
  147 (occ)     1        -266.649          -7.969         -91.637         -61.073         -305.182
  148 (occ)     1        -266.649          -7.968         -91.638         -61.074         -305.181
  149 (occ)     1        -266.649          -7.968         -91.638         -61.074         -305.181
  150 (occ)     1        -266.649          -7.967         -91.638         -61.074         -305.181
  151 (occ)     1        -266.649          -7.967         -91.639         -61.075         -305.180
  152 (occ)     1        -266.649          -7.966         -91.639         -61.075         -305.179
  153 (occ)     1        -266.649          -7.966         -91.640         -61.076         -305.179
  154 (occ)     1        -266.649          -7.965         -91.640         -61.076         -305.178
  155 (occ)     1        -266.649          -7.964         -91.640         -61.076         -305.177
  156 (occ)     1        -266.648          -7.963         -91.641         -61.077         -305.176
  157 (occ)     1        -266.648          -7.914         -91.623         -61.074         -305.111
  158 (occ)     1        -266.648          -7.914         -91.623         -61.074         -305.111
  159 (occ)     1        -266.648          -7.962         -91.641         -61.077         -305.174
  160 (occ)     1        -266.648          -7.961         -91.642         -61.078         -305.173
  161 (occ)     1        -266.648          -7.959         -91.642         -61.078         -305.171
  162 (occ)     1        -266.648          -7.762         -91.655         -61.082         -304.984
  163 (occ)     1        -266.648          -7.764         -91.655         -61.082         -304.985
  164 (occ)     1        -266.648          -7.957         -91.643         -61.078         -305.170
  165 (occ)     1        -266.648          -7.765         -91.655         -61.082         -304.986
  166 (occ)     1        -266.648          -7.766         -91.655         -61.082         -304.988
  167 (occ)     1        -266.648          -7.768         -91.655         -61.082         -304.989
  168 (occ)     1        -266.648          -7.955         -91.643         -61.079         -305.168
  169 (occ)     1        -266.648          -7.769         -91.655         -61.082         -304.990
  170 (occ)     1        -266.648          -7.770         -91.655         -61.082         -304.991
  171 (occ)     1        -266.648          -7.953         -91.643         -61.079         -305.165
  172 (occ)     1        -266.648          -7.771         -91.655         -61.082         -304.992
  173 (occ)     1        -266.648          -7.772         -91.655         -61.082         -304.993
  174 (occ)     1        -266.648          -7.951         -91.644         -61.080         -305.163
  175 (occ)     1        -266.648          -7.773         -91.655         -61.082         -304.993
  176 (occ)     1        -266.648          -7.774         -91.654         -61.081         -304.994
  177 (occ)     1        -266.648          -7.949         -91.645         -61.080         -305.161
  178 (occ)     1        -266.648          -7.775         -91.654         -61.081         -304.995
  179 (occ)     1        -266.648          -7.776         -91.653         -61.081         -304.996
  180 (occ)     1        -266.647          -7.946         -91.645         -61.081         -305.159
  181 (occ)     1        -266.647          -7.777         -91.653         -61.081         -304.997
  182 (occ)     1        -266.647          -7.778         -91.652         -61.080         -304.998
  183 (occ)     1        -266.647          -7.949         -91.650         -61.085         -305.161
  184 (occ)     1        -266.647          -7.780         -91.652         -61.080         -304.999
  185 (occ)     1        -266.647          -7.781         -91.651         -61.079         -305.000
  186 (occ)     1        -266.647          -7.719         -91.657         -61.083         -304.941
  187 (occ)     1        -266.647          -7.937         -91.643         -61.078         -305.149
  188 (occ)     1        -266.647          -7.952         -91.650         -61.085         -305.165
  189 (occ)     1        -266.647          -7.783         -91.650         -61.079         -305.001
  190 (occ)     1        -266.647          -7.720         -91.657         -61.083         -304.941
  191 (occ)     1        -266.647          -7.785         -91.648         -61.078         -305.003
  192 (occ)     1        -266.647          -7.721         -91.657         -61.083         -304.942
  193 (occ)     1        -266.647          -7.788         -91.646         -61.076         -305.005
  194 (occ)     1        -266.647          -7.721         -91.657         -61.083         -304.942
  195 (occ)     1        -266.647          -7.791         -91.644         -61.075         -305.007
  196 (occ)     1        -266.647          -7.869         -91.631         -61.067         -305.080
  197 (occ)     1        -266.647          -7.722         -91.657         -61.083         -304.943
  198 (occ)     1        -266.647          -7.795         -91.641         -61.073         -305.011
  199 (occ)     1        -266.647          -7.834         -91.617         -61.056         -305.042
  200 (occ)     1        -266.647          -7.723         -91.657         -61.083         -304.944
  201 (occ)     1        -266.647          -7.807         -91.634         -61.068         -305.020
  202 (occ)     1        -266.647          -7.898         -91.635         -61.071         -305.109
  203 (occ)     1        -266.647          -7.826         -91.623         -61.060         -305.035
  204 (occ)     1        -266.647          -7.817         -91.628         -61.064         -305.028
  205 (occ)     1        -266.647          -7.724         -91.657         -61.083         -304.944
  206 (occ)     1        -266.647          -7.816         -91.629         -61.064         -305.027
  207 (occ)     1        -266.647          -7.816         -91.628         -61.064         -305.027
  208 (occ)     1        -266.647          -7.927         -91.643         -61.078         -305.139
  209 (occ)     1        -266.647          -7.725         -91.657         -61.083         -304.945
  210 (occ)     1        -266.647          -7.814         -91.630         -61.065         -305.025
  211 (occ)     1        -266.647          -7.814         -91.630         -61.065         -305.025
  212 (occ)     1        -266.647          -7.903         -91.643         -61.078         -305.115
  213 (occ)     1        -266.647          -7.726         -91.657         -61.083         -304.946
  214 (occ)     1        -266.647          -7.811         -91.631         -61.066         -305.023
  215 (occ)     1        -266.647          -7.811         -91.631         -61.066         -305.023
  216 (occ)     1        -266.647          -7.727         -91.657         -61.083         -304.947
  217 (occ)     1        -266.647          -7.869         -91.639         -61.073         -305.081
  218 (occ)     1        -266.647          -7.728         -91.656         -61.083         -304.948
  219 (occ)     1        -266.647          -7.810         -91.633         -61.067         -305.022
  220 (occ)     1        -266.647          -7.810         -91.633         -61.067         -305.022
  221 (occ)     1        -266.647          -7.854         -91.637         -61.072         -305.066
  222 (occ)     1        -266.647          -7.730         -91.656         -61.083         -304.950
  223 (occ)     1        -266.647          -7.732         -91.656         -61.083         -304.951
  224 (occ)     1        -266.647          -7.808         -91.634         -61.068         -305.020
  225 (occ)     1        -266.647          -7.808         -91.634         -61.068         -305.020
  226 (occ)     1        -266.647          -7.847         -91.637         -61.071         -305.059
  227 (occ)     1        -266.647          -7.734         -91.656         -61.083         -304.953
  228 (occ)     1        -266.647          -7.848         -91.638         -61.072         -305.060
  229 (occ)     1        -266.647          -7.737         -91.655         -61.083         -304.956
  230 (occ)     1        -266.646          -7.855         -91.640         -61.074         -305.068
  231 (occ)     1        -266.646          -7.740         -91.655         -61.083         -304.958
  232 (occ)     1        -266.646          -7.806         -91.635         -61.069         -305.019
  233 (occ)     1        -266.646          -7.806         -91.635         -61.069         -305.019
  234 (occ)     1        -266.646          -7.857         -91.643         -61.077         -305.069
  235 (occ)     1        -266.646          -7.748         -91.654         -61.082         -304.966
  236 (occ)     1        -266.646          -7.822         -91.647         -61.079         -305.037
  237 (occ)     1        -266.646          -7.780         -91.651         -61.081         -304.997
  238 (occ)     1        -266.646          -7.800         -91.648         -61.080         -305.015
  239 (occ)     1        -266.646          -7.795         -91.650         -61.080         -305.011
  240 (occ)     1        -266.646          -7.796         -91.649         -61.080         -305.012
  241 (occ)     1        -266.646          -7.791         -91.649         -61.080         -305.007
  242 (occ)     1        -266.646          -7.791         -91.649         -61.080         -305.007
  243 (occ)     1        -266.646          -7.804         -91.636         -61.069         -305.017
  244 (occ)     1        -266.646          -7.804         -91.636         -61.069         -305.017
  245 (occ)     1        -266.646          -7.785         -91.649         -61.079         -305.001
  246 (occ)     1        -266.646          -7.785         -91.649         -61.079         -305.001
  247 (occ)     1        -266.646          -7.782         -91.648         -61.079         -304.997
  248 (occ)     1        -266.646          -7.782         -91.648         -61.079         -304.997
  249 (occ)     1        -266.646          -7.781         -91.648         -61.078         -304.996
  250 (occ)     1        -266.646          -7.781         -91.648         -61.078         -304.996
  251 (occ)     1        -266.646          -7.803         -91.637         -61.070         -305.016
  252 (occ)     1        -266.646          -7.803         -91.637         -61.070         -305.016
  253 (occ)     1        -266.646          -7.960         -91.646         -61.087         -305.166
  254 (occ)     1        -266.646          -7.959         -91.646         -61.087         -305.165
  255 (occ)     1        -266.646          -7.958         -91.646         -61.087         -305.163
  256 (occ)     1        -266.646          -7.788         -91.647         -61.078         -305.003
  257 (occ)     1        -266.646          -7.788         -91.647         -61.078         -305.003
  258 (occ)     1        -266.646          -7.956         -91.646         -61.086         -305.162
  259 (occ)     1        -266.646          -7.955         -91.646         -61.086         -305.161
  260 (occ)     1        -266.646          -7.954         -91.646         -61.086         -305.159
  261 (occ)     1        -266.646          -7.953         -91.646         -61.087         -305.158
  262 (occ)     1        -266.646          -7.951         -91.647         -61.087         -305.157
  263 (occ)     1        -266.646          -7.827         -91.647         -61.079         -305.041
  264 (occ)     1        -266.646          -7.827         -91.647         -61.079         -305.041
  265 (occ)     1        -266.646          -7.950         -91.647         -61.087         -305.156
  266 (occ)     1        -266.646          -7.802         -91.638         -61.071         -305.015
  267 (occ)     1        -266.646          -7.802         -91.638         -61.071         -305.015
  268 (occ)     1        -266.646          -7.949         -91.647         -61.087         -305.155
  269 (occ)     1        -266.646          -7.948         -91.648         -61.087         -305.154
  270 (occ)     1        -266.646          -7.947         -91.648         -61.088         -305.153
  271 (occ)     1        -266.646          -7.846         -91.649         -61.081         -305.060
  272 (occ)     1        -266.646          -7.846         -91.649         -61.081         -305.060
  273 (occ)     1        -266.646          -7.946         -91.649         -61.088         -305.152
  274 (occ)     1        -266.645          -7.945         -91.649         -61.088         -305.152
  275 (occ)     1        -266.645          -7.944         -91.650         -61.089         -305.151
  276 (occ)     1        -266.645          -7.943         -91.651         -61.089         -305.150
  277 (occ)     1        -266.645          -7.942         -91.651         -61.090         -305.149
  278 (occ)     1        -266.645          -7.796         -91.648         -61.079         -305.010
  279 (occ)     1        -266.645          -7.796         -91.648         -61.079         -305.010
  280 (occ)     1        -266.645          -7.940         -91.652         -61.090         -305.148
  281 (occ)     1        -266.645          -7.939         -91.653         -61.091         -305.147
  282 (occ)     1        -266.645          -7.938         -91.654         -61.092         -305.145
  283 (occ)     1        -266.645          -7.801         -91.639         -61.071         -305.014
  284 (occ)     1        -266.645          -7.801         -91.639         -61.071         -305.014
  285 (occ)     1        -266.645          -7.936         -91.655         -61.092         -305.144
  286 (occ)     1        -266.645          -7.934         -91.656         -61.093         -305.143
  287 (occ)     1        -266.645          -7.933         -91.657         -61.094         -305.141
  288 (occ)     1        -266.645          -7.784         -91.647         -61.077         -304.999
  289 (occ)     1        -266.645          -7.784         -91.647         -61.077         -304.999
  290 (occ)     1        -266.645          -7.931         -91.658         -61.094         -305.140
  291 (occ)     1        -266.645          -7.929         -91.659         -61.095         -305.138
  292 (occ)     1        -266.645          -7.927         -91.660         -61.096         -305.136
  293 (occ)     1        -266.645          -7.924         -91.662         -61.097         -305.134
  294 (occ)     1        -266.645          -7.922         -91.663         -61.097         -305.132
  295 (occ)     1        -266.645          -7.833         -91.646         -61.078         -305.046
  296 (occ)     1        -266.645          -7.833         -91.646         -61.078         -305.046
  297 (occ)     1        -266.645          -7.920         -91.664         -61.098         -305.130
  298 (occ)     1        -266.645          -7.818         -91.644         -61.076         -305.030
  299 (occ)     1        -266.645          -7.802         -91.640         -61.072         -305.014
  300 (occ)     1        -266.645          -7.902         -91.661         -61.095         -305.113
  301 (occ)     1        -266.644          -7.915         -91.667         -61.100         -305.126
  302 (occ)     1        -266.644          -7.912         -91.668         -61.101         -305.124
  303 (occ)     1        -266.644          -7.867         -91.649         -61.081         -305.079
  304 (occ)     1        -266.644          -7.867         -91.649         -61.081         -305.079
  305 (occ)     1        -266.644          -7.909         -91.670         -61.102         -305.121
  306 (occ)     1        -266.644          -7.906         -91.672         -61.103         -305.119
  307 (occ)     1        -266.644          -7.904         -91.673         -61.104         -305.117
  308 (occ)     1        -266.644          -7.897         -91.677         -61.107         -305.110
  309 (occ)     1        -266.644          -7.904         -91.673         -61.104         -305.117
  310 (occ)     1        -266.644          -7.902         -91.674         -61.105         -305.115
  311 (occ)     1        -266.644          -7.909         -91.670         -61.102         -305.120
  312 (occ)     1        -266.644          -7.909         -91.670         -61.102         -305.120
  313 (occ)     1        -266.644          -7.788         -91.646         -61.077         -305.001
  314 (occ)     1        -266.644          -7.788         -91.646         -61.077         -305.001
  315 (occ)     1        -266.644          -7.812         -91.644         -61.076         -305.023
  316 (occ)     1        -266.644          -7.812         -91.644         -61.076         -305.023
  317 (occ)     1        -266.644          -7.908         -91.664         -61.098         -305.118
  318 (occ)     1        -266.644          -7.908         -91.664         -61.098         -305.118
  319 (occ)     1        -266.643          -7.913         -91.666         -61.099         -305.123
  320 (occ)     1        -266.643          -7.913         -91.666         -61.099         -305.123
  321 (occ)     1        -266.643          -7.820         -91.645         -61.077         -305.032
  322 (occ)     1        -266.643          -7.820         -91.645         -61.077         -305.032
  323 (occ)     1        -266.643          -7.918         -91.662         -61.096         -305.126
  324 (occ)     1        -266.643          -7.918         -91.662         -61.096         -305.126
  325 (occ)     1        -266.643          -7.893         -91.648         -61.081         -305.103
  326 (occ)     1        -266.643          -7.893         -91.648         -61.081         -305.103
  327 (occ)     1        -266.643          -7.827         -91.647         -61.079         -305.037
  328 (occ)     1        -266.643          -7.827         -91.647         -61.079         -305.037
  329 (occ)     1        -266.642          -7.744         -91.644         -61.079         -304.952
  330 (occ)     1        -266.642          -7.748         -91.643         -61.078         -304.955
  331 (occ)     1        -266.642          -7.747         -91.643         -61.078         -304.955
  332 (occ)     1        -266.642          -7.751         -91.642         -61.077         -304.958
  333 (occ)     1        -266.642          -7.753         -91.641         -61.077         -304.960
  334 (occ)     1        -266.642          -7.755         -91.640         -61.076         -304.962
  335 (occ)     1        -266.642          -7.757         -91.640         -61.076         -304.964
  336 (occ)     1        -266.642          -7.759         -91.639         -61.075         -304.966
  337 (occ)     1        -266.642          -7.894         -91.658         -61.093         -305.102
  338 (occ)     1        -266.642          -7.894         -91.658         -61.093         -305.102
  339 (occ)     1        -266.642          -7.762         -91.638         -61.075         -304.968
  340 (occ)     1        -266.642          -7.764         -91.638         -61.074         -304.970
  341 (occ)     1        -266.642          -7.767         -91.637         -61.074         -304.972
  342 (occ)     1        -266.642          -7.769         -91.636         -61.073         -304.974
  343 (occ)     1        -266.642          -7.771         -91.636         -61.073         -304.976
  344 (occ)     1        -266.642          -7.783         -91.646         -61.076         -304.994
  345 (occ)     1        -266.642          -7.783         -91.646         -61.076         -304.994
  346 (occ)     1        -266.642          -7.774         -91.635         -61.072         -304.978
  347 (occ)     1        -266.642          -7.776         -91.634         -61.072         -304.980
  348 (occ)     1        -266.642          -7.778         -91.634         -61.072         -304.982
  349 (occ)     1        -266.642          -7.780         -91.633         -61.071         -304.984
  350 (occ)     1        -266.642          -7.920         -91.657         -61.093         -305.126
  351 (occ)     1        -266.642          -7.920         -91.657         -61.093         -305.126
  352 (occ)     1        -266.642          -7.783         -91.633         -61.071         -304.986
  353 (occ)     1        -266.641          -7.785         -91.632         -61.071         -304.988
  354 (occ)     1        -266.641          -7.787         -91.632         -61.071         -304.989
  355 (occ)     1        -266.641          -7.789         -91.632         -61.071         -304.991
  356 (occ)     1        -266.641          -7.790         -91.631         -61.070         -304.992
  357 (occ)     1        -266.641          -7.792         -91.631         -61.070         -304.994
  358 (occ)     1        -266.641          -7.805         -91.649         -61.079         -305.015
  359 (occ)     1        -266.641          -7.805         -91.649         -61.079         -305.015
  360 (occ)     1        -266.641          -7.793         -91.631         -61.070         -304.995
  361 (occ)     1        -266.641          -7.795         -91.631         -61.070         -304.996
  362 (occ)     1        -266.641          -7.891         -91.643         -61.077         -305.098
  363 (occ)     1        -266.641          -7.891         -91.643         -61.077         -305.098
  364 (occ)     1        -266.641          -7.823         -91.642         -61.083         -305.023
  365 (occ)     1        -266.641          -7.824         -91.641         -61.082         -305.023
  366 (occ)     1        -266.641          -7.825         -91.640         -61.082         -305.024
  367 (occ)     1        -266.641          -7.796         -91.630         -61.070         -304.997
  368 (occ)     1        -266.641          -7.825         -91.640         -61.081         -305.024
  369 (occ)     1        -266.641          -7.826         -91.639         -61.081         -305.025
  370 (occ)     1        -266.641          -7.826         -91.639         -61.081         -305.025
  371 (occ)     1        -266.641          -7.826         -91.638         -61.080         -305.025
  372 (occ)     1        -266.641          -7.797         -91.630         -61.070         -304.998
  373 (occ)     1        -266.641          -7.827         -91.638         -61.080         -305.025
  374 (occ)     1        -266.640          -7.827         -91.637         -61.079         -305.026
  375 (occ)     1        -266.640          -7.828         -91.637         -61.079         -305.026
  376 (occ)     1        -266.640          -7.798         -91.630         -61.070         -304.998
  377 (occ)     1        -266.640          -7.828         -91.636         -61.078         -305.026
  378 (occ)     1        -266.640          -7.829         -91.636         -61.078         -305.027
  379 (occ)     1        -266.640          -7.829         -91.635         -61.078         -305.027
  380 (occ)     1        -266.640          -7.799         -91.630         -61.070         -304.999
  381 (occ)     1        -266.640          -7.930         -91.655         -61.092         -305.134
  382 (occ)     1        -266.640          -7.930         -91.655         -61.092         -305.134
  383 (occ)     1        -266.640          -7.829         -91.635         -61.077         -305.027
  384 (occ)     1        -266.640          -7.830         -91.634         -61.077         -305.028
  385 (occ)     1        -266.640          -7.800         -91.630         -61.070         -305.000
  386 (occ)     1        -266.640          -7.830         -91.634         -61.076         -305.028
  387 (occ)     1        -266.640          -7.941         -91.614         -61.071         -305.125
  388 (occ)     1        -266.640          -7.941         -91.614         -61.071         -305.125
  389 (occ)     1        -266.640          -7.831         -91.634         -61.076         -305.029
  390 (occ)     1        -266.640          -7.822         -91.646         -61.079         -305.029
  391 (occ)     1        -266.640          -7.825         -91.649         -61.080         -305.033
  392 (occ)     1        -266.640          -7.831         -91.633         -61.076         -305.029
  393 (occ)     1        -266.640          -7.804         -91.633         -61.072         -305.005
  394 (occ)     1        -266.640          -7.832         -91.633         -61.075         -305.029
  395 (occ)     1        -266.640          -7.833         -91.632         -61.075         -305.030
  396 (occ)     1        -266.640          -7.800         -91.630         -61.071         -304.999
  397 (occ)     1        -266.640          -7.833         -91.632         -61.075         -305.030
  398 (occ)     1        -266.640          -7.834         -91.631         -61.074         -305.030
  399 (occ)     1        -266.640          -7.800         -91.630         -61.071         -304.999
  400 (occ)     1        -266.640          -7.834         -91.631         -61.074         -305.031
  401 (occ)     1        -266.640          -7.835         -91.631         -61.074         -305.031
  402 (occ)     1        -266.640          -7.799         -91.630         -61.071         -304.998
  403 (occ)     1        -266.640          -7.835         -91.630         -61.074         -305.032
  404 (occ)     1        -266.640          -7.799         -91.630         -61.071         -304.997
  405 (occ)     1        -266.640          -7.836         -91.630         -61.073         -305.032
  406 (occ)     1        -266.640          -7.836         -91.630         -61.073         -305.032
  407 (occ)     1        -266.640          -7.797         -91.630         -61.071         -304.996
  408 (occ)     1        -266.639          -7.837         -91.629         -61.073         -305.032
  409 (occ)     1        -266.639          -7.837         -91.629         -61.073         -305.033
  410 (occ)     1        -266.639          -7.796         -91.630         -61.071         -304.994
  411 (occ)     1        -266.639          -7.837         -91.629         -61.072         -305.033
  412 (occ)     1        -266.639          -7.793         -91.630         -61.071         -304.991
  413 (occ)     1        -266.639          -7.837         -91.628         -61.072         -305.033
  414 (occ)     1        -266.639          -7.837         -91.628         -61.072         -305.033
  415 (occ)     1        -266.639          -7.789         -91.630         -61.071         -304.987
  416 (occ)     1        -266.639          -7.837         -91.628         -61.072         -305.032
  417 (occ)     1        -266.639          -7.783         -91.631         -61.071         -304.981
  418 (occ)     1        -266.639          -7.837         -91.628         -61.072         -305.032
  419 (occ)     1        -266.639          -7.779         -91.631         -61.072         -304.977
  420 (occ)     1        -266.639          -7.836         -91.628         -61.072         -305.031
  421 (occ)     1        -266.639          -7.763         -91.632         -61.072         -304.961
  422 (occ)     1        -266.639          -7.834         -91.628         -61.072         -305.029
  423 (occ)     1        -266.639          -7.833         -91.630         -61.073         -305.029
  424 (occ)     1        -266.639          -7.830         -91.664         -61.093         -305.040
  425 (occ)     1        -266.639          -7.830         -91.661         -61.091         -305.040
  426 (occ)     1        -266.639          -7.777         -91.631         -61.072         -304.975
  427 (occ)     1        -266.639          -7.773         -91.631         -61.072         -304.972
  428 (occ)     1        -266.639          -7.823         -91.628         -61.071         -305.018
  429 (occ)     1        -266.639          -7.829         -91.628         -61.072         -305.023
  430 (occ)     1        -266.639          -7.806         -91.629         -61.072         -305.001
  431 (occ)     1        -266.639          -7.900         -91.638         -61.078         -305.099
  432 (occ)     1        -266.639          -7.900         -91.638         -61.078         -305.099
  433 (occ)     1        -266.638          -7.783         -91.631         -61.071         -304.982
  434 (occ)     1        -266.638          -7.783         -91.631         -61.071         -304.981
  435 (occ)     1        -266.638          -7.838         -91.628         -61.072         -305.032
  436 (occ)     1        -266.638          -7.824         -91.629         -61.072         -305.019
  437 (occ)     1        -266.638          -7.937         -91.617         -61.067         -305.125
  438 (occ)     1        -266.638          -7.866         -91.626         -61.071         -305.059
  439 (occ)     1        -266.638          -7.846         -91.627         -61.072         -305.039
  440 (occ)     1        -266.638          -7.811         -91.637         -61.072         -305.015
  441 (occ)     1        -266.638          -7.806         -91.638         -61.072         -305.010
  442 (occ)     1        -266.638          -7.964         -91.622         -61.072         -305.151
  443 (occ)     1        -266.638          -7.899         -91.620         -61.069         -305.089
  444 (occ)     1        -266.638          -7.889         -91.627         -61.073         -305.081
  445 (occ)     1        -266.638          -7.797         -91.633         -61.073         -304.996
  446 (occ)     1        -266.638          -7.859         -91.628         -61.073         -305.052
  447 (occ)     1        -266.638          -7.913         -91.619         -61.068         -305.102
  448 (occ)     1        -266.638          -7.937         -91.623         -61.073         -305.125
  449 (occ)     1        -266.638          -7.908         -91.620         -61.069         -305.097
  450 (occ)     1        -266.638          -7.876         -91.624         -61.071         -305.067
  451 (occ)     1        -266.638          -7.898         -91.612         -61.061         -305.086
  452 (occ)     1        -266.638          -7.932         -91.623         -61.073         -305.120
  453 (occ)     1        -266.638          -7.861         -91.625         -61.071         -305.053
  454 (occ)     1        -266.638          -7.898         -91.612         -61.062         -305.086
  455 (occ)     1        -266.638          -7.881         -91.622         -61.070         -305.071
  456 (occ)     1        -266.638          -7.927         -91.623         -61.073         -305.115
  457 (occ)     1        -266.638          -7.899         -91.613         -61.062         -305.087
  458 (occ)     1        -266.638          -7.897         -91.620         -61.069         -305.086
  459 (occ)     1        -266.638          -7.923         -91.623         -61.073         -305.111
  460 (occ)     1        -266.638          -7.899         -91.613         -61.063         -305.087
  461 (occ)     1        -266.637          -7.920         -91.623         -61.073         -305.108
  462 (occ)     1        -266.637          -7.899         -91.614         -61.063         -305.087
  463 (occ)     1        -266.637          -7.905         -91.620         -61.069         -305.093
  464 (occ)     1        -266.637          -7.900         -91.614         -61.064         -305.088
  465 (occ)     1        -266.637          -7.916         -91.623         -61.073         -305.104
  466 (occ)     1        -266.637          -7.909         -91.620         -61.069         -305.097
  467 (occ)     1        -266.637          -7.900         -91.615         -61.065         -305.088
  468 (occ)     1        -266.637          -7.908         -91.624         -61.073         -305.096
  469 (occ)     1        -266.637          -7.905         -91.620         -61.069         -305.094
  470 (occ)     1        -266.637          -7.878         -91.626         -61.072         -305.069
  471 (occ)     1        -266.637          -7.901         -91.616         -61.065         -305.088
  472 (occ)     1        -266.637          -7.846         -91.628         -61.072         -305.040
  473 (occ)     1        -266.637          -7.893         -91.622         -61.070         -305.082
  474 (occ)     1        -266.637          -7.858         -91.627         -61.072         -305.050
  475 (occ)     1        -266.637          -7.901         -91.616         -61.066         -305.089
  476 (occ)     1        -266.637          -7.887         -91.625         -61.072         -305.077
  477 (occ)     1        -266.637          -7.881         -91.623         -61.071         -305.070
  478 (occ)     1        -266.637          -7.902         -91.617         -61.067         -305.089
  479 (occ)     1        -266.637          -7.898         -91.623         -61.072         -305.087
  480 (occ)     1        -266.637          -7.902         -91.618         -61.068         -305.089
  481 (occ)     1        -266.637          -7.881         -91.622         -61.070         -305.071
  482 (occ)     1        -266.637          -7.902         -91.622         -61.071         -305.090
  483 (occ)     1        -266.637          -7.902         -91.620         -61.069         -305.090
  484 (occ)     1        -266.637          -7.902         -91.621         -61.070         -305.090
  485 (occ)     1        -266.637          -7.890         -91.621         -61.070         -305.078
  486 (occ)     1        -266.637          -7.903         -91.621         -61.070         -305.090
  487 (occ)     1        -266.637          -7.903         -91.621         -61.070         -305.091
  488 (occ)     1        -266.637          -7.907         -91.625         -61.072         -305.097
  489 (occ)     1        -266.637          -7.907         -91.625         -61.072         -305.097
  490 (occ)     1        -266.637          -7.898         -91.620         -61.070         -305.086
  491 (occ)     1        -266.637          -7.907         -91.644         -61.080         -305.107
  492 (occ)     1        -266.637          -7.907         -91.644         -61.080         -305.107
  493 (occ)     1        -266.637          -7.904         -91.620         -61.069         -305.091
  494 (occ)     1        -266.637          -7.903         -91.621         -61.070         -305.090
  495 (occ)     1        -266.637          -7.903         -91.621         -61.070         -305.090
  496 (occ)     1        -266.637          -7.908         -91.619         -61.069         -305.095
  497 (occ)     1        -266.637          -7.904         -91.620         -61.069         -305.091
  498 (occ)     1        -266.637          -7.904         -91.620         -61.069         -305.091
  499 (occ)     1        -266.637          -7.912         -91.619         -61.069         -305.098
  500 (occ)     1        -266.637          -7.914         -91.619         -61.069         -305.101
  501 (occ)     1        -266.637          -7.904         -91.620         -61.069         -305.092
  502 (occ)     1        -266.637          -7.904         -91.620         -61.069         -305.092
  503 (occ)     1        -266.637          -7.916         -91.619         -61.069         -305.102
  504 (occ)     1        -266.637          -7.918         -91.618         -61.069         -305.104
  505 (occ)     1        -266.637          -7.919         -91.618         -61.069         -305.104
  506 (occ)     1        -266.637          -7.919         -91.618         -61.069         -305.105
  507 (occ)     1        -266.636          -7.940         -91.613         -61.067         -305.123
  508 (occ)     1        -266.636          -7.906         -91.620         -61.069         -305.093
  509 (occ)     1        -266.636          -7.906         -91.620         -61.069         -305.093
  510 (occ)     1        -266.636          -7.921         -91.618         -61.069         -305.106
  511 (occ)     1        -266.636          -7.937         -91.614         -61.067         -305.121
  512 (occ)     1        -266.636          -7.926         -91.617         -61.069         -305.111
  513 (occ)     1        -266.636          -7.931         -91.616         -61.068         -305.115
  514 (occ)     1        -266.636          -7.927         -91.616         -61.068         -305.112
  515 (occ)     1        -266.636          -7.925         -91.616         -61.068         -305.110
  516 (occ)     1        -266.636          -7.925         -91.617         -61.068         -305.110
  517 (occ)     1        -266.636          -7.921         -91.617         -61.069         -305.106
  518 (occ)     1        -266.636          -7.921         -91.617         -61.069         -305.106
  519 (occ)     1        -266.636          -7.917         -91.618         -61.069         -305.102
  520 (occ)     1        -266.636          -7.917         -91.618         -61.069         -305.102
  521 (occ)     1        -266.636          -7.901         -91.621         -61.070         -305.088
  522 (occ)     1        -266.636          -7.901         -91.621         -61.070         -305.088
  523 (occ)     1        -266.636          -7.915         -91.618         -61.069         -305.101
  524 (occ)     1        -266.636          -7.915         -91.618         -61.069         -305.101
  525 (occ)     1        -266.636          -7.905         -91.664         -61.097         -305.108
  526 (occ)     1        -266.636          -7.905         -91.664         -61.097         -305.108
  527 (occ)     1        -266.636          -7.916         -91.618         -61.069         -305.101
  528 (occ)     1        -266.636          -7.916         -91.618         -61.069         -305.101
  529 (occ)     1        -266.636          -7.854         -91.626         -61.071         -305.045
  530 (occ)     1        -266.636          -7.854         -91.626         -61.071         -305.045
  531 (occ)     1        -266.636          -7.917         -91.617         -61.069         -305.102
  532 (occ)     1        -266.636          -7.917         -91.617         -61.069         -305.102
  533 (occ)     1        -266.636          -7.873         -91.622         -61.070         -305.062
  534 (occ)     1        -266.636          -7.873         -91.622         -61.070         -305.062
  535 (occ)     1        -266.636          -7.920         -91.617         -61.069         -305.105
  536 (occ)     1        -266.636          -7.920         -91.617         -61.069         -305.105
  537 (occ)     1        -266.636          -7.662         -91.564         -61.078         -304.784
  538 (occ)     1        -266.636          -7.662         -91.564         -61.078         -304.784
  539 (occ)     1        -266.636          -7.923         -91.617         -61.069         -305.108
  540 (occ)     1        -266.636          -7.923         -91.617         -61.069         -305.108
  541 (occ)     1        -266.636          -7.894         -91.621         -61.069         -305.081
  542 (occ)     1        -266.636          -7.894         -91.621         -61.069         -305.081
  543 (occ)     1        -266.635          -7.921         -91.618         -61.069         -305.106
  544 (occ)     1        -266.635          -7.921         -91.618         -61.069         -305.106
  545 (occ)     1        -266.635          -7.827         -91.639         -61.074         -305.027
  546 (occ)     1        -266.635          -7.827         -91.639         -61.074         -305.027
  547 (occ)     1        -266.635          -7.898         -91.621         -61.070         -305.084
  548 (occ)     1        -266.635          -7.898         -91.621         -61.070         -305.084
  549 (occ)     1        -266.635          -7.904         -91.621         -61.070         -305.090
  550 (occ)     1        -266.635          -7.904         -91.621         -61.070         -305.090
  551 (occ)     1        -266.635          -7.891         -91.621         -61.070         -305.077
  552 (occ)     1        -266.635          -7.891         -91.621         -61.070         -305.077
  553 (occ)     1        -266.635          -7.647         -91.573         -61.081         -304.774
  554 (occ)     1        -266.635          -7.647         -91.573         -61.081         -304.774
  555 (occ)     1        -266.635          -7.872         -91.625         -61.071         -305.061
  556 (occ)     1        -266.635          -7.872         -91.625         -61.071         -305.061
  557 (occ)     1        -266.635          -7.909         -91.619         -61.069         -305.093
  558 (occ)     1        -266.635          -7.909         -91.619         -61.069         -305.093
  559 (occ)     1        -266.634          -7.803         -91.637         -61.074         -305.001
  560 (occ)     1        -266.634          -7.803         -91.637         -61.074         -305.001
  561 (occ)     1        -266.634          -7.841         -91.626         -61.069         -305.032
  562 (occ)     1        -266.634          -7.841         -91.626         -61.069         -305.032
  563 (occ)     1        -266.634          -7.922         -91.619         -61.069         -305.106
  564 (occ)     1        -266.634          -7.922         -91.619         -61.069         -305.106
  565 (occ)     1        -266.634          -7.882         -91.623         -61.071         -305.067
  566 (occ)     1        -266.634          -7.882         -91.623         -61.071         -305.067
  567 (occ)     1        -266.634          -7.889         -91.621         -61.069         -305.075
  568 (occ)     1        -266.634          -7.889         -91.621         -61.069         -305.075
  569 (occ)     1        -266.633          -7.887         -91.622         -61.070         -305.071
  570 (occ)     1        -266.633          -7.887         -91.622         -61.070         -305.071
  571 (occ)     1        -266.633          -7.907         -91.622         -61.070         -305.092
  572 (occ)     1        -266.633          -7.907         -91.622         -61.070         -305.092
  573 (occ)     1        -266.632          -7.910         -91.652         -61.089         -305.104
  574 (occ)     1        -266.632          -7.910         -91.652         -61.089         -305.104
  575 (occ)     1        -266.632          -7.930         -91.625         -61.073         -305.114
  576 (occ)     1        -266.632          -7.930         -91.625         -61.073         -305.114
  577 (occ)     1        -266.632          -7.848         -91.627         -61.070         -305.036
  578 (occ)     1        -266.632          -7.848         -91.627         -61.070         -305.036
  579 (occ)     1        -266.632          -7.876         -91.647         -61.083         -305.071
  580 (occ)     1        -266.632          -7.876         -91.647         -61.083         -305.071
  581 (occ)     1        -266.631          -7.877         -91.624         -61.072         -305.061
  582 (occ)     1        -266.631          -7.877         -91.624         -61.072         -305.061
  583 (occ)     1        -266.631          -7.873         -91.625         -61.071         -305.057
  584 (occ)     1        -266.631          -7.873         -91.625         -61.071         -305.057
  585 (occ)     1        -266.630          -7.809         -91.643         -61.079         -305.002
  586 (occ)     1        -266.630          -7.809         -91.643         -61.079         -305.002
  587 (occ)     1        -266.630          -7.879         -91.622         -61.070         -305.061
  588 (occ)     1        -266.630          -7.879         -91.622         -61.070         -305.061
  589 (occ)     1        -266.629          -7.831         -91.630         -61.073         -305.018
  590 (occ)     1        -266.629          -7.831         -91.630         -61.073         -305.018
  591 (occ)     1        -266.629          -7.596         -91.566         -61.068         -304.724
  592 (occ)     1        -266.629          -7.596         -91.566         -61.068         -304.724
  593 (occ)     1        -266.629          -7.882         -91.623         -61.068         -305.064
  594 (occ)     1        -266.629          -7.882         -91.623         -61.068         -305.064
  595 (occ)     1        -266.629          -7.933         -91.618         -61.069         -305.111
  596 (occ)     1        -266.629          -7.933         -91.618         -61.069         -305.111
  597 (occ)     1        -266.628          -7.626         -91.559         -61.072         -304.741
  598 (occ)     1        -266.628          -7.626         -91.559         -61.072         -304.741
  599 (occ)     1        -266.627          -7.824         -91.625         -61.069         -305.008
  600 (occ)     1        -266.627          -7.824         -91.625         -61.069         -305.008
  601 (occ)     1        -266.627          -7.838         -91.627         -61.073         -305.019
  602 (occ)     1        -266.627          -7.838         -91.627         -61.073         -305.019
  603 (occ)     1        -266.626          -7.933         -91.644         -61.087         -305.116
  604 (occ)     1        -266.626          -7.933         -91.644         -61.087         -305.116
  605 (occ)     1        -266.625          -7.878         -91.630         -61.082         -305.051
  606 (occ)     1        -266.625          -7.878         -91.630         -61.082         -305.051
  607 (occ)     1        -266.625          -7.908         -91.621         -61.070         -305.083
  608 (occ)     1        -266.625          -7.908         -91.621         -61.070         -305.083
  609 (occ)     1        -266.624          -7.931         -91.618         -61.069         -305.104
  610 (occ)     1        -266.624          -7.931         -91.618         -61.069         -305.104
  611 (occ)     1        -266.623          -7.772         -91.640         -61.079         -304.956
  612 (occ)     1        -266.623          -7.772         -91.640         -61.079         -304.956
  613 (occ)     1        -266.623          -7.742         -91.632         -61.077         -304.919
  614 (occ)     1        -266.623          -7.742         -91.632         -61.077         -304.919
  615 (occ)     1        -266.622          -7.916         -91.621         -61.097         -305.061
  616 (occ)     1        -266.622          -7.916         -91.621         -61.097         -305.061
  617 (occ)     1        -266.622          -7.859         -91.619         -61.071         -305.029
  618 (occ)     1        -266.622          -7.859         -91.619         -61.071         -305.029
  619 (occ)     1        -266.621          -7.861         -91.622         -61.072         -305.032
  620 (occ)     1        -266.621          -7.861         -91.622         -61.072         -305.032
  621 (occ)     1        -266.617          -7.848         -91.619         -61.070         -305.015
  622 (occ)     1        -266.617          -7.848         -91.619         -61.070         -305.015
  623 (occ)     1        -266.617          -7.880         -91.619         -61.071         -305.044
  624 (occ)     1        -266.617          -7.880         -91.619         -61.071         -305.044
  625 (occ)     1        -266.615          -7.877         -91.601         -61.067         -305.026
  626 (occ)     1        -266.615          -7.877         -91.601         -61.067         -305.026
  627 (occ)     1        -266.614          -7.894         -91.608         -61.070         -305.046
  628 (occ)     1        -266.614          -7.894         -91.608         -61.070         -305.046
  629 (occ)     1        -266.610          -7.886         -91.547         -61.069         -304.974
  630 (occ)     1        -266.610          -7.886         -91.547         -61.069         -304.974
  631 (occ)     1        -266.596          -7.627         -91.591         -61.075         -304.740
  632 (occ)     1        -266.596          -7.627         -91.591         -61.075         -304.740
  633 (occ)     1        -266.596          -7.638         -91.592         -61.077         -304.749
  634 (occ)     1        -266.596          -7.638         -91.592         -61.077         -304.749
  635 (occ)     1        -266.403          -8.616         -91.555         -61.084         -305.489
  636 (occ)     1        -266.403          -8.616         -91.555         -61.084         -305.489
  637 (occ)     1        -266.398          -6.262         -91.559         -61.087         -303.131
  638 (occ)     1        -266.398          -6.262         -91.559         -61.087         -303.131
  639 (occ)     1        -266.398          -6.520         -91.564         -61.094         -303.388
  640 (occ)     1        -266.398          -6.520         -91.564         -61.094         -303.388
  641 (occ)     1        -266.362          -6.454         -91.567         -61.092         -303.291
  642 (occ)     1        -266.362          -6.454         -91.567         -61.092         -303.291
  643 (occ)     1        -266.362          -6.454         -91.568         -61.092         -303.291
  644 (occ)     1        -266.362          -6.454         -91.568         -61.092         -303.291
  645 (occ)     1        -266.353          -6.990         -91.643         -61.095         -303.890
  646 (occ)     1        -266.352          -6.990         -91.643         -61.095         -303.890
  647 (occ)     1        -266.352          -6.990         -91.643         -61.095         -303.890
  648 (occ)     1        -266.352          -6.990         -91.643         -61.095         -303.890
  649 (occ)     1        -266.352          -6.990         -91.644         -61.096         -303.890
  650 (occ)     1        -266.352          -6.990         -91.643         -61.096         -303.890
  651 (occ)     1        -266.352          -6.990         -91.644         -61.096         -303.890
  652 (occ)     1        -266.352          -6.990         -91.644         -61.096         -303.890
  653 (occ)     1        -266.352          -6.990         -91.644         -61.097         -303.891
  654 (occ)     1        -266.352          -6.990         -91.644         -61.096         -303.890
  655 (occ)     1        -266.352          -6.990         -91.645         -61.097         -303.891
  656 (occ)     1        -266.352          -6.991         -91.645         -61.097         -303.891
  657 (occ)     1        -266.352          -6.990         -91.644         -61.096         -303.891
  658 (occ)     1        -266.352          -6.991         -91.645         -61.097         -303.891
  659 (occ)     1        -266.352          -6.991         -91.644         -61.096         -303.891
  660 (occ)     1        -266.352          -6.991         -91.645         -61.097         -303.891
  661 (occ)     1        -266.352          -6.991         -91.644         -61.096         -303.891
  662 (occ)     1        -266.352          -6.991         -91.645         -61.097         -303.891
  663 (occ)     1        -266.352          -6.991         -91.644         -61.096         -303.891
  664 (occ)     1        -266.352          -6.991         -91.645         -61.097         -303.891
  665 (occ)     1        -266.352          -6.991         -91.645         -61.097         -303.891
  666 (occ)     1        -266.352          -6.991         -91.644         -61.097         -303.891
  667 (occ)     1        -266.352          -6.991         -91.645         -61.097         -303.891
  668 (occ)     1        -266.352          -6.991         -91.645         -61.097         -303.891
  669 (occ)     1        -266.352          -6.991         -91.645         -61.097         -303.891
  670 (occ)     1        -266.352          -6.991         -91.645         -61.097         -303.891
  671 (occ)     1        -266.352          -6.991         -91.645         -61.098         -303.891
  672 (occ)     1        -266.352          -6.991         -91.645         -61.097         -303.891
  673 (occ)     1        -266.352          -6.991         -91.646         -61.098         -303.891
  674 (occ)     1        -266.352          -6.991         -91.645         -61.097         -303.891
  675 (occ)     1        -266.352          -6.991         -91.646         -61.098         -303.891
  676 (occ)     1        -266.352          -6.991         -91.646         -61.098         -303.891
  677 (occ)     1        -266.352          -6.991         -91.646         -61.098         -303.891
  678 (occ)     1        -266.351          -6.992         -91.646         -61.098         -303.891
  679 (occ)     1        -266.351          -6.991         -91.646         -61.098         -303.891
  680 (occ)     1        -266.351          -6.992         -91.646         -61.098         -303.891
  681 (occ)     1        -266.351          -6.992         -91.646         -61.098         -303.891
  682 (occ)     1        -266.351          -6.992         -91.646         -61.099         -303.891
  683 (occ)     1        -266.351          -6.992         -91.646         -61.098         -303.891
  684 (occ)     1        -266.351          -6.992         -91.647         -61.099         -303.891
  685 (occ)     1        -266.351          -6.992         -91.647         -61.099         -303.891
  686 (occ)     1        -266.351          -6.992         -91.647         -61.099         -303.891
  687 (occ)     1        -266.351          -6.992         -91.647         -61.099         -303.891
  688 (occ)     1        -266.351          -6.992         -91.647         -61.099         -303.891
  689 (occ)     1        -266.351          -6.992         -91.647         -61.100         -303.891
  690 (occ)     1        -266.351          -6.992         -91.647         -61.099         -303.891
  691 (occ)     1        -266.351          -6.992         -91.648         -61.100         -303.891
  692 (occ)     1        -266.351          -6.992         -91.647         -61.100         -303.891
  693 (occ)     1        -266.351          -6.992         -91.648         -61.100         -303.891
  694 (occ)     1        -266.351          -6.992         -91.648         -61.100         -303.891
  695 (occ)     1        -266.351          -6.992         -91.648         -61.100         -303.891
  696 (occ)     1        -266.351          -6.992         -91.648         -61.100         -303.891
  697 (occ)     1        -266.351          -6.992         -91.648         -61.101         -303.891
  698 (occ)     1        -266.351          -6.992         -91.648         -61.101         -303.891
  699 (occ)     1        -266.351          -6.992         -91.649         -61.101         -303.891
  700 (occ)     1        -266.351          -6.992         -91.649         -61.101         -303.891
  701 (occ)     1        -266.351          -6.993         -91.649         -61.101         -303.891
  702 (occ)     1        -266.351          -6.993         -91.649         -61.102         -303.891
  703 (occ)     1        -266.351          -6.992         -91.649         -61.101         -303.891
  704 (occ)     1        -266.351          -6.993         -91.650         -61.102         -303.891
  705 (occ)     1        -266.351          -6.993         -91.649         -61.102         -303.891
  706 (occ)     1        -266.350          -6.993         -91.650         -61.102         -303.891
  707 (occ)     1        -266.350          -6.993         -91.650         -61.102         -303.891
  708 (occ)     1        -266.350          -6.993         -91.650         -61.103         -303.891
  709 (occ)     1        -266.350          -6.993         -91.650         -61.102         -303.891
  710 (occ)     1        -266.350          -6.993         -91.651         -61.103         -303.891
  711 (occ)     1        -266.350          -6.993         -91.651         -61.103         -303.891
  712 (occ)     1        -266.350          -6.993         -91.651         -61.104         -303.891
  713 (occ)     1        -266.350          -6.993         -91.652         -61.105         -303.891
  714 (occ)     1        -266.350          -6.993         -91.651         -61.103         -303.891
  715 (occ)     1        -266.350          -6.993         -91.651         -61.104         -303.891
  716 (occ)     1        -266.350          -6.993         -91.652         -61.104         -303.891
  717 (occ)     1        -266.350          -6.993         -91.652         -61.104         -303.891
  718 (occ)     1        -266.350          -6.993         -91.652         -61.105         -303.891
  719 (occ)     1        -266.350          -6.993         -91.652         -61.104         -303.891
  720 (occ)     1        -266.350          -6.993         -91.651         -61.103         -303.891
  721 (occ)     1        -266.350          -6.993         -91.651         -61.103         -303.891
  722 (occ)     1        -266.350          -6.993         -91.653         -61.105         -303.891
  723 (occ)     1        -266.350          -6.993         -91.652         -61.104         -303.891
  724 (occ)     1        -266.350          -6.993         -91.652         -61.104         -303.891
  725 (occ)     1        -266.350          -6.993         -91.650         -61.102         -303.890
  726 (occ)     1        -266.350          -6.993         -91.650         -61.102         -303.890
  727 (occ)     1        -266.350          -6.993         -91.651         -61.103         -303.890
  728 (occ)     1        -266.350          -6.993         -91.651         -61.103         -303.890
  729 (occ)     1        -266.350          -6.993         -91.650         -61.102         -303.890
  730 (occ)     1        -266.350          -6.993         -91.650         -61.102         -303.890
  731 (occ)     1        -266.349          -6.993         -91.650         -61.103         -303.890
  732 (occ)     1        -266.349          -6.993         -91.650         -61.103         -303.890
  733 (occ)     1        -266.349          -6.993         -91.649         -61.102         -303.889
  734 (occ)     1        -266.349          -6.993         -91.649         -61.102         -303.889
  735 (occ)     1        -266.349          -6.993         -91.650         -61.102         -303.889
  736 (occ)     1        -266.349          -6.993         -91.650         -61.102         -303.889
  737 (occ)     1        -266.349          -6.993         -91.649         -61.101         -303.889
  738 (occ)     1        -266.349          -6.993         -91.649         -61.101         -303.889
  739 (occ)     1        -266.348          -6.993         -91.649         -61.102         -303.889
  740 (occ)     1        -266.348          -6.993         -91.649         -61.102         -303.889
  741 (occ)     1        -266.348          -6.993         -91.649         -61.101         -303.888
  742 (occ)     1        -266.348          -6.993         -91.649         -61.101         -303.888
  743 (occ)     1        -266.348          -6.993         -91.649         -61.101         -303.888
  744 (occ)     1        -266.348          -6.993         -91.649         -61.101         -303.888
  745 (occ)     1        -266.347          -6.993         -91.648         -61.101         -303.887
  746 (occ)     1        -266.347          -6.993         -91.648         -61.101         -303.887
  747 (occ)     1        -266.347          -6.993         -91.649         -61.101         -303.887
  748 (occ)     1        -266.347          -6.993         -91.649         -61.101         -303.887
  749 (occ)     1        -266.345          -6.993         -91.648         -61.101         -303.886
  750 (occ)     1        -266.345          -6.993         -91.648         -61.101         -303.886
  751 (occ)     1        -266.345          -6.993         -91.648         -61.101         -303.886
  752 (occ)     1        -266.345          -6.993         -91.648         -61.101         -303.886
  753 (occ)     1        -266.345          -6.989         -91.596         -61.060         -303.870
  754 (occ)     1        -266.345          -6.989         -91.597         -61.061         -303.870
  755 (occ)     1        -266.344          -6.990         -91.597         -61.061         -303.870
  756 (occ)     1        -266.344          -6.990         -91.598         -61.062         -303.870
  757 (occ)     1        -266.344          -6.990         -91.598         -61.062         -303.870
  758 (occ)     1        -266.344          -6.990         -91.599         -61.063         -303.870
  759 (occ)     1        -266.344          -6.990         -91.599         -61.063         -303.870
  760 (occ)     1        -266.344          -6.990         -91.598         -61.063         -303.870
  761 (occ)     1        -266.344          -6.990         -91.600         -61.064         -303.870
  762 (occ)     1        -266.344          -6.990         -91.599         -61.063         -303.870
  763 (occ)     1        -266.344          -6.990         -91.600         -61.064         -303.870
  764 (occ)     1        -266.344          -6.990         -91.600         -61.064         -303.870
  765 (occ)     1        -266.344          -6.990         -91.600         -61.065         -303.870
  766 (occ)     1        -266.344          -6.990         -91.600         -61.064         -303.870
  767 (occ)     1        -266.344          -6.991         -91.601         -61.065         -303.870
  768 (occ)     1        -266.344          -6.990         -91.601         -61.065         -303.870
  769 (occ)     1        -266.344          -6.991         -91.601         -61.066         -303.870
  770 (occ)     1        -266.344          -6.991         -91.601         -61.065         -303.870
  771 (occ)     1        -266.343          -6.991         -91.602         -61.066         -303.870
  772 (occ)     1        -266.343          -6.991         -91.602         -61.066         -303.870
  773 (occ)     1        -266.343          -6.991         -91.602         -61.067         -303.870
  774 (occ)     1        -266.343          -6.991         -91.602         -61.067         -303.870
  775 (occ)     1        -266.343          -6.991         -91.603         -61.067         -303.870
  776 (occ)     1        -266.343          -6.991         -91.603         -61.068         -303.869
  777 (occ)     1        -266.343          -6.991         -91.603         -61.067         -303.870
  778 (occ)     1        -266.343          -6.991         -91.604         -61.068         -303.869
  779 (occ)     1        -266.343          -6.991         -91.604         -61.068         -303.870
  780 (occ)     1        -266.343          -6.991         -91.604         -61.069         -303.869
  781 (occ)     1        -266.343          -6.991         -91.604         -61.068         -303.870
  782 (occ)     1        -266.343          -6.993         -91.648         -61.101         -303.883
  783 (occ)     1        -266.343          -6.993         -91.648         -61.101         -303.883
  784 (occ)     1        -266.343          -6.993         -91.648         -61.100         -303.883
  785 (occ)     1        -266.343          -6.993         -91.648         -61.101         -303.883
  786 (occ)     1        -266.343          -6.991         -91.605         -61.070         -303.869
  787 (occ)     1        -266.343          -6.991         -91.605         -61.069         -303.870
  788 (occ)     1        -266.343          -6.991         -91.605         -61.070         -303.869
  789 (occ)     1        -266.343          -6.992         -91.605         -61.070         -303.870
  790 (occ)     1        -266.343          -6.991         -91.606         -61.071         -303.869
  791 (occ)     1        -266.343          -6.992         -91.606         -61.070         -303.870
  792 (occ)     1        -266.342          -6.991         -91.607         -61.071         -303.869
  793 (occ)     1        -266.342          -6.992         -91.606         -61.071         -303.870
  794 (occ)     1        -266.342          -6.991         -91.607         -61.072         -303.869
  795 (occ)     1        -266.342          -6.992         -91.607         -61.072         -303.870
  796 (occ)     1        -266.342          -6.991         -91.608         -61.073         -303.869
  797 (occ)     1        -266.342          -6.992         -91.608         -61.072         -303.869
  798 (occ)     1        -266.342          -6.992         -91.608         -61.073         -303.869
  799 (occ)     1        -266.342          -6.992         -91.608         -61.073         -303.869
  800 (occ)     1        -266.342          -6.992         -91.609         -61.074         -303.869
  801 (occ)     1        -266.342          -6.992         -91.609         -61.073         -303.869
  802 (occ)     1        -266.342          -6.992         -91.609         -61.074         -303.869
  803 (occ)     1        -266.342          -6.992         -91.609         -61.074         -303.869
  804 (occ)     1        -266.342          -6.992         -91.610         -61.075         -303.868
  805 (occ)     1        -266.342          -6.992         -91.610         -61.075         -303.869
  806 (occ)     1        -266.342          -6.992         -91.610         -61.075         -303.868
  807 (occ)     1        -266.342          -6.992         -91.610         -61.075         -303.869
  808 (occ)     1        -266.342          -6.992         -91.611         -61.076         -303.868
  809 (occ)     1        -266.342          -6.992         -91.611         -61.076         -303.869
  810 (occ)     1        -266.341          -6.992         -91.611         -61.076         -303.868
  811 (occ)     1        -266.341          -6.992         -91.611         -61.076         -303.869
  812 (occ)     1        -266.341          -6.992         -91.612         -61.077         -303.868
  813 (occ)     1        -266.341          -6.992         -91.612         -61.077         -303.869
  814 (occ)     1        -266.341          -6.992         -91.612         -61.077         -303.868
  815 (occ)     1        -266.341          -6.992         -91.612         -61.077         -303.868
  816 (occ)     1        -266.341          -6.992         -91.613         -61.078         -303.868
  817 (occ)     1        -266.341          -6.992         -91.613         -61.078         -303.868
  818 (occ)     1        -266.341          -6.991         -91.613         -61.078         -303.867
  819 (occ)     1        -266.341          -6.992         -91.613         -61.078         -303.868
  820 (occ)     1        -266.341          -6.991         -91.614         -61.079         -303.867
  821 (occ)     1        -266.341          -6.992         -91.614         -61.079         -303.868
  822 (occ)     1        -266.341          -6.992         -91.614         -61.079         -303.867
  823 (occ)     1        -266.341          -6.991         -91.614         -61.079         -303.867
  824 (occ)     1        -266.341          -6.991         -91.615         -61.080         -303.867
  825 (occ)     1        -266.341          -6.991         -91.614         -61.080         -303.867
  826 (occ)     1        -266.341          -6.992         -91.614         -61.079         -303.867
  827 (occ)     1        -266.341          -6.992         -91.614         -61.079         -303.867
  828 (occ)     1        -266.341          -6.991         -91.615         -61.081         -303.866
  829 (occ)     1        -266.341          -6.991         -91.615         -61.080         -303.866
  830 (occ)     1        -266.341          -6.991         -91.615         -61.081         -303.866
  831 (occ)     1        -266.341          -6.992         -91.613         -61.079         -303.867
  832 (occ)     1        -266.341          -6.992         -91.613         -61.079         -303.867
  833 (occ)     1        -266.341          -6.991         -91.614         -61.080         -303.866
  834 (occ)     1        -266.341          -6.991         -91.614         -61.080         -303.866
  835 (occ)     1        -266.341          -6.991         -91.614         -61.079         -303.866
  836 (occ)     1        -266.341          -6.991         -91.614         -61.079         -303.866
  837 (occ)     1        -266.341          -6.992         -91.613         -61.078         -303.867
  838 (occ)     1        -266.341          -6.992         -91.613         -61.078         -303.867
  839 (occ)     1        -266.341          -6.991         -91.613         -61.079         -303.866
  840 (occ)     1        -266.341          -6.991         -91.613         -61.079         -303.866
  841 (occ)     1        -266.340          -6.992         -91.612         -61.077         -303.867
  842 (occ)     1        -266.340          -6.992         -91.612         -61.077         -303.867
  843 (occ)     1        -266.340          -6.991         -91.613         -61.078         -303.866
  844 (occ)     1        -266.340          -6.991         -91.613         -61.078         -303.866
  845 (occ)     1        -266.340          -6.992         -91.611         -61.076         -303.867
  846 (occ)     1        -266.340          -6.992         -91.611         -61.076         -303.867
  847 (occ)     1        -266.340          -6.991         -91.612         -61.077         -303.866
  848 (occ)     1        -266.340          -6.992         -91.612         -61.077         -303.866
  849 (occ)     1        -266.339          -6.992         -91.611         -61.076         -303.867
  850 (occ)     1        -266.339          -6.992         -91.611         -61.076         -303.867
  851 (occ)     1        -266.339          -6.993         -91.647         -61.100         -303.879
  852 (occ)     1        -266.339          -6.993         -91.647         -61.100         -303.879
  853 (occ)     1        -266.339          -6.994         -91.632         -61.090         -303.876
  854 (occ)     1        -266.339          -6.994         -91.632         -61.090         -303.876
  855 (occ)     1        -266.339          -6.994         -91.627         -61.087         -303.873
  856 (occ)     1        -266.339          -6.994         -91.627         -61.087         -303.874
  857 (occ)     1        -266.339          -6.992         -91.610         -61.075         -303.866
  858 (occ)     1        -266.339          -6.992         -91.610         -61.075         -303.866
  859 (occ)     1        -266.339          -6.992         -91.611         -61.076         -303.865
  860 (occ)     1        -266.339          -6.992         -91.611         -61.076         -303.865
  861 (occ)     1        -266.338          -6.993         -91.610         -61.075         -303.865
  862 (occ)     1        -266.338          -6.993         -91.610         -61.075         -303.865
  863 (occ)     1        -266.337          -6.992         -91.611         -61.076         -303.864
  864 (occ)     1        -266.337          -6.992         -91.611         -61.076         -303.864
  865 (occ)     1        -266.336          -6.993         -91.609         -61.074         -303.864
  866 (occ)     1        -266.336          -6.993         -91.609         -61.074         -303.864
  867 (occ)     1        -266.336          -6.993         -91.610         -61.076         -303.863
  868 (occ)     1        -266.336          -6.993         -91.610         -61.076         -303.863
  869 (occ)     1        -266.334          -6.993         -91.609         -61.074         -303.862
  870 (occ)     1        -266.334          -6.993         -91.609         -61.074         -303.862
  871 (occ)     1        -266.334          -6.993         -91.611         -61.076         -303.861
  872 (occ)     1        -266.334          -6.993         -91.611         -61.076         -303.861
  873 (occ)     1        -266.333          -6.987         -91.644         -61.100         -303.864
  874 (occ)     1        -266.333          -6.987         -91.644         -61.100         -303.864
  875 (occ)     1        -266.333          -6.987         -91.644         -61.100         -303.864
  876 (occ)     1        -266.333          -6.987         -91.644         -61.100         -303.864
  877 (occ)     1        -266.330          -6.993         -91.609         -61.074         -303.858
  878 (occ)     1        -266.330          -6.993         -91.609         -61.074         -303.858
  879 (occ)     1        -266.330          -6.993         -91.610         -61.075         -303.857
  880 (occ)     1        -266.330          -6.993         -91.610         -61.075         -303.857
  881 (occ)     1        -266.324          -6.987         -91.605         -61.073         -303.843
  882 (occ)     1        -266.324          -6.987         -91.605         -61.073         -303.843
  883 (occ)     1        -266.324          -6.987         -91.606         -61.075         -303.842
  884 (occ)     1        -266.324          -6.987         -91.606         -61.075         -303.842
  885 (occ)     1        -266.320          -6.952         -91.623         -61.097         -303.797
  886 (occ)     1        -266.320          -6.952         -91.623         -61.097         -303.797
  887 (occ)     1        -266.320          -6.952         -91.623         -61.098         -303.797
  888 (occ)     1        -266.320          -6.952         -91.623         -61.098         -303.797
  889 (occ)     1        -266.309          -6.968         -91.595         -61.076         -303.796
  890 (occ)     1        -266.309          -6.968         -91.595         -61.076         -303.796
  891 (occ)     1        -266.309          -6.968         -91.596         -61.077         -303.795
  892 (occ)     1        -266.309          -6.968         -91.596         -61.077         -303.795
  893 (occ)     1        -266.233          -6.863         -91.579         -61.087         -303.588
  894 (occ)     1        -266.233          -6.863         -91.579         -61.087         -303.588
  895 (occ)     1        -266.233          -6.863         -91.579         -61.087         -303.588
  896 (occ)     1        -266.233          -6.863         -91.579         -61.087         -303.588
  897 (occ)     1         -23.106           8.387         -26.792         -17.010          -24.501
  898 (occ)     1         -23.104           8.386         -26.792         -17.010          -24.500
  899 (occ)     1         -23.102           8.384         -26.791         -17.010          -24.498
  900 (occ)     1         -23.099           8.382         -26.790         -17.011          -24.496
  901 (occ)     1         -23.095           8.380         -26.789         -17.011          -24.493
  902 (occ)     1         -23.091           8.377         -26.788         -17.011          -24.490
  903 (occ)     1         -23.086           8.374         -26.786         -17.012          -24.486
  904 (occ)     1         -23.081           8.370         -26.784         -17.012          -24.482
  905 (occ)     1         -23.075           8.366         -26.782         -17.012          -24.478
  906 (occ)     1         -23.068           8.362         -26.779         -17.013          -24.472
  907 (occ)     1         -23.061           8.358         -26.777         -17.013          -24.466
  908 (occ)     1         -23.052           8.353         -26.774         -17.014          -24.459
  909 (occ)     1         -23.044           8.348         -26.770         -17.014          -24.452
  910 (occ)     1         -23.034           8.343         -26.767         -17.015          -24.443
  911 (occ)     1         -23.024           8.338         -26.763         -17.016          -24.434
  912 (occ)     1         -23.014           8.332         -26.759         -17.017          -24.424
  913 (occ)     1         -23.002           8.326         -26.755         -17.017          -24.413
  914 (occ)     1         -22.990           8.320         -26.750         -17.018          -24.402
  915 (occ)     1         -22.977           8.314         -26.745         -17.019          -24.390
  916 (occ)     1         -22.964           8.308         -26.740         -17.020          -24.377
  917 (occ)     1         -22.950           8.301         -26.735         -17.021          -24.363
  918 (occ)     1         -22.935           8.294         -26.730         -17.022          -24.348
  919 (occ)     1         -22.919           8.287         -26.724         -17.023          -24.333
  920 (occ)     1         -22.903           8.280         -26.718         -17.024          -24.317
  921 (occ)     1         -22.886           8.272         -26.711         -17.025          -24.300
  922 (occ)     1         -22.868           8.264         -26.705         -17.026          -24.283
  923 (occ)     1         -22.850           8.256         -26.698         -17.028          -24.265
  924 (occ)     1         -22.831           8.247         -26.691         -17.029          -24.246
  925 (occ)     1         -22.811           8.238         -26.683         -17.030          -24.226
  926 (occ)     1         -22.791           8.229         -26.676         -17.032          -24.206
  927 (occ)     1         -22.770           8.220         -26.668         -17.033          -24.185
  928 (occ)     1         -22.748           8.210         -26.660         -17.034          -24.163
  929 (occ)     1         -22.725           8.200         -26.651         -17.036          -24.141
  930 (occ)     1         -22.702           8.190         -26.643         -17.037          -24.117
  931 (occ)     1         -22.678           8.179         -26.634         -17.039          -24.094
  932 (occ)     1         -22.654           8.169         -26.624         -17.040          -24.069
  933 (occ)     1         -22.628           8.157         -26.615         -17.042          -24.044
  934 (occ)     1         -22.602           8.146         -26.605         -17.044          -24.018
  935 (occ)     1         -22.576           8.134         -26.595         -17.045          -23.991
  936 (occ)     1         -22.548           8.122         -26.585         -17.047          -23.964
  937 (occ)     1         -22.520           8.110         -26.574         -17.049          -23.936
  938 (occ)     1         -22.492           8.097         -26.564         -17.051          -23.907
  939 (occ)     1         -22.462           8.085         -26.553         -17.053          -23.878
  940 (occ)     1         -22.432           8.071         -26.541         -17.055          -23.847
  941 (occ)     1         -22.402           8.058         -26.530         -17.057          -23.817
  942 (occ)     1         -22.370           8.044         -26.518         -17.059          -23.785
  943 (occ)     1         -22.338           8.030         -26.506         -17.061          -23.753
  944 (occ)     1         -22.305           8.016         -26.494         -17.063          -23.720
  945 (occ)     1         -22.272           8.002         -26.481         -17.065          -23.686
  946 (occ)     1         -22.253           8.045         -26.505         -17.054          -23.660
  947 (occ)     1         -22.252           8.044         -26.505         -17.054          -23.659
  948 (occ)     1         -22.249           8.043         -26.504         -17.054          -23.657
  949 (occ)     1         -22.246           8.041         -26.503         -17.054          -23.655
  950 (occ)     1         -22.243           8.039         -26.502         -17.054          -23.652
  951 (occ)     1         -22.239           8.036         -26.501         -17.055          -23.649
  952 (occ)     1         -22.238           7.987         -26.468         -17.068          -23.652
  953 (occ)     1         -22.234           8.033         -26.499         -17.055          -23.645
  954 (occ)     1         -22.228           8.030         -26.497         -17.055          -23.641
  955 (occ)     1         -22.222           8.026         -26.495         -17.056          -23.636
  956 (occ)     1         -22.216           8.022         -26.493         -17.056          -23.630
  957 (occ)     1         -22.208           8.018         -26.490         -17.057          -23.624
  958 (occ)     1         -22.203           7.972         -26.455         -17.070          -23.617
  959 (occ)     1         -22.200           8.013         -26.487         -17.057          -23.617
  960 (occ)     1         -22.192           8.009         -26.484         -17.058          -23.609
  961 (occ)     1         -22.182           8.004         -26.480         -17.059          -23.600
  962 (occ)     1         -22.172           7.999         -26.476         -17.059          -23.591
  963 (occ)     1         -22.168           7.957         -26.442         -17.072          -23.582
  964 (occ)     1         -22.161           7.993         -26.472         -17.060          -23.580
  965 (occ)     1         -22.150           7.988         -26.468         -17.061          -23.569
  966 (occ)     1         -22.138           7.982         -26.463         -17.062          -23.558
  967 (occ)     1         -22.132           7.941         -26.429         -17.075          -23.545
  968 (occ)     1         -22.125           7.976         -26.459         -17.063          -23.545
  969 (occ)     1         -22.112           7.970         -26.454         -17.063          -23.532
  970 (occ)     1         -22.098           7.963         -26.448         -17.064          -23.518
  971 (occ)     1         -22.096           7.925         -26.415         -17.077          -23.509
  972 (occ)     1         -22.083           7.957         -26.443         -17.066          -23.504
  973 (occ)     1         -22.068           7.950         -26.437         -17.067          -23.488
  974 (occ)     1         -22.059           7.909         -26.401         -17.080          -23.471
  975 (occ)     1         -22.052           7.943         -26.431         -17.068          -23.472
  976 (occ)     1         -22.035           7.935         -26.425         -17.069          -23.456
  977 (occ)     1         -22.022           7.893         -26.387         -17.083          -23.434
  978 (occ)     1         -22.017           7.927         -26.418         -17.070          -23.438
  979 (occ)     1         -21.999           7.919         -26.411         -17.071          -23.420
  980 (occ)     1         -21.984           7.876         -26.373         -17.086          -23.396
  981 (occ)     1         -21.981           7.911         -26.404         -17.073          -23.401
  982 (occ)     1         -21.961           7.903         -26.397         -17.074          -23.382
  983 (occ)     1         -21.947           7.859         -26.359         -17.089          -23.357
  984 (occ)     1         -21.941           7.894         -26.390         -17.076          -23.361
  985 (occ)     1         -21.920           7.885         -26.382         -17.077          -23.340
  986 (occ)     1         -21.909           7.843         -26.345         -17.092          -23.318
  987 (occ)     1         -21.899           7.876         -26.374         -17.079          -23.319
  988 (occ)     1         -21.877           7.866         -26.366         -17.080          -23.296
  989 (occ)     1         -21.871           7.826         -26.331         -17.096          -23.280
  990 (occ)     1         -21.854           7.856         -26.357         -17.082          -23.273
  991 (occ)     1         -21.835           7.810         -26.317         -17.100          -23.242
  992 (occ)     1         -21.831           7.846         -26.349         -17.084          -23.250
  993 (occ)     1         -21.807           7.836         -26.340         -17.086          -23.225
  994 (occ)     1         -21.801           7.796         -26.305         -17.105          -23.205
  995 (occ)     1         -21.782           7.825         -26.331         -17.087          -23.200
  996 (occ)     1         -21.773           7.787         -26.295         -17.110          -23.170
  997 (occ)     1         -21.757           7.815         -26.321         -17.089          -23.174
  998 (occ)     1         -21.754           7.787         -26.288         -17.115          -23.140
  999 (occ)     1         -21.731           7.803         -26.312         -17.091          -23.148
 1000 (occ)     1         -21.705           7.792         -26.302         -17.093          -23.121
 1001 (occ)     1         -21.677           7.781         -26.292         -17.095          -23.093
 1002 (occ)     1         -21.650           7.769         -26.281         -17.098          -23.064
 1003 (occ)     1         -21.621           7.757         -26.271         -17.100          -23.035
 1004 (occ)     1         -21.593           7.745         -26.260         -17.102          -23.006
 1005 (occ)     1         -21.567           7.746         -26.216         -17.095          -22.942
 1006 (occ)     1         -21.563           7.732         -26.249         -17.105          -22.976
 1007 (occ)     1         -21.541           7.726         -26.207         -17.099          -22.923
 1008 (occ)     1         -21.533           7.719         -26.238         -17.107          -22.945
 1009 (occ)     1         -21.507           7.704         -26.194         -17.103          -22.894
 1010 (occ)     1         -21.503           7.706         -26.227         -17.110          -22.913
 1011 (occ)     1         -21.472           7.693         -26.215         -17.112          -22.881
 1012 (occ)     1         -21.468           7.682         -26.179         -17.107          -22.858
 1013 (occ)     1         -21.441           7.680         -26.204         -17.115          -22.849
 1014 (occ)     1         -21.426           7.661         -26.163         -17.111          -22.817
 1015 (occ)     1         -21.409           7.666         -26.192         -17.118          -22.816
 1016 (occ)     1         -21.382           7.641         -26.146         -17.114          -22.773
 1017 (occ)     1         -21.377           7.653         -26.180         -17.121          -22.783
 1018 (occ)     1         -21.344           7.639         -26.168         -17.124          -22.749
 1019 (occ)     1         -21.336           7.620         -26.129         -17.118          -22.727
 1020 (occ)     1         -21.312           7.625         -26.156         -17.127          -22.716
 1021 (occ)     1         -21.289           7.600         -26.112         -17.122          -22.679
 1022 (occ)     1         -21.279           7.611         -26.144         -17.131          -22.682
 1023 (occ)     1         -21.247           7.596         -26.132         -17.134          -22.648
 1024 (occ)     1         -21.241           7.580         -26.094         -17.126          -22.630
 1025 (occ)     1         -21.215           7.582         -26.120         -17.138          -22.615
 1026 (occ)     1         -21.193           7.559         -26.076         -17.130          -22.579
 1027 (occ)     1         -21.183           7.568         -26.108         -17.142          -22.582
 1028 (occ)     1         -21.153           7.554         -26.097         -17.146          -22.550
 1029 (occ)     1         -21.143           7.539         -26.057         -17.134          -22.528
 1030 (occ)     1         -21.124           7.541         -26.087         -17.151          -22.519
 1031 (occ)     1         -21.098           7.529         -26.077         -17.155          -22.490
 1032 (occ)     1         -21.093           7.518         -26.039         -17.138          -22.476
 1033 (occ)     1         -21.074           7.520         -26.068         -17.160          -22.464
 1034 (occ)     1         -21.056           7.513         -26.061         -17.164          -22.441
 1035 (occ)     1         -21.043           7.511         -26.056         -17.167          -22.421
 1036 (occ)     1         -21.042           7.498         -26.020         -17.142          -22.423
 1037 (occ)     1         -21.037           7.517         -26.054         -17.170          -22.404
 1038 (occ)     1         -20.991           7.477         -26.001         -17.146          -22.369
 1039 (occ)     1         -20.939           7.456         -25.982         -17.150          -22.315
 1040 (occ)     1         -20.887           7.435         -25.963         -17.154          -22.261
 1041 (occ)     1         -20.834           7.414         -25.944         -17.158          -22.207
 1042 (occ)     1         -20.830           7.408         -25.980         -17.076          -22.327
 1043 (occ)     1         -20.829           7.407         -25.980         -17.076          -22.325
 1044 (occ)     1         -20.827           7.406         -25.979         -17.076          -22.324
 1045 (occ)     1         -20.824           7.404         -25.978         -17.076          -22.321
 1046 (occ)     1         -20.820           7.402         -25.977         -17.077          -22.319
 1047 (occ)     1         -20.816           7.400         -25.976         -17.077          -22.316
 1048 (occ)     1         -20.812           7.397         -25.974         -17.077          -22.312
 1049 (occ)     1         -20.807           7.394         -25.973         -17.078          -22.308
 1050 (occ)     1         -20.801           7.391         -25.971         -17.078          -22.303
 1051 (occ)     1         -20.795           7.387         -25.968         -17.079          -22.297
 1052 (occ)     1         -20.788           7.383         -25.966         -17.080          -22.291
 1053 (occ)     1         -20.782           7.387         -25.936         -17.140          -22.190
 1054 (occ)     1         -20.780           7.384         -25.954         -17.102          -22.247
 1055 (occ)     1         -20.772           7.375         -25.961         -17.081          -22.276
 1056 (occ)     1         -20.763           7.371         -25.957         -17.083          -22.267
 1057 (occ)     1         -20.754           7.366         -25.954         -17.084          -22.259
 1058 (occ)     1         -20.744           7.362         -25.951         -17.085          -22.248
 1059 (occ)     1         -20.734           7.357         -25.944         -17.092          -22.230
 1060 (occ)     1         -20.728           7.372         -25.910         -17.160          -22.107
 1061 (occ)     1         -20.722           7.352         -25.943         -17.087          -22.227
 1062 (occ)     1         -20.711           7.347         -25.939         -17.089          -22.213
 1063 (occ)     1         -20.698           7.341         -25.934         -17.090          -22.202
 1064 (occ)     1         -20.685           7.336         -25.930         -17.091          -22.188
 1065 (occ)     1         -20.677           7.349         -25.893         -17.161          -22.060
 1066 (occ)     1         -20.671           7.334         -25.921         -17.102          -22.157
 1067 (occ)     1         -20.658           7.325         -25.920         -17.094          -22.159
 1068 (occ)     1         -20.643           7.319         -25.915         -17.096          -22.143
 1069 (occ)     1         -20.629           7.315         -25.903         -17.110          -22.107
 1070 (occ)     1         -20.624           7.330         -25.878         -17.162          -22.010
 1071 (occ)     1         -20.613           7.306         -25.904         -17.100          -22.111
 1072 (occ)     1         -20.596           7.300         -25.899         -17.102          -22.093
 1073 (occ)     1         -20.592           7.377         -25.891         -17.132          -21.974
 1074 (occ)     1         -20.580           7.295         -25.890         -17.110          -22.065
 1075 (occ)     1         -20.578           7.369         -25.887         -17.135          -21.961
 1076 (occ)     1         -20.575           7.312         -25.859         -17.172          -21.950
 1077 (occ)     1         -20.563           7.287         -25.887         -17.107          -22.057
 1078 (occ)     1         -20.557           7.357         -25.879         -17.139          -21.939
 1079 (occ)     1         -20.546           7.280         -25.881         -17.109          -22.038
 1080 (occ)     1         -20.530           7.294         -25.847         -17.168          -21.916
 1081 (occ)     1         -20.529           7.343         -25.869         -17.143          -21.912
 1082 (occ)     1         -20.529           7.276         -25.869         -17.125          -21.997
 1083 (occ)     1         -20.512           7.267         -25.869         -17.115          -21.997
 1084 (occ)     1         -20.498           7.327         -25.858         -17.148          -21.880
 1085 (occ)     1         -20.495           7.262         -25.862         -17.119          -21.976
 1086 (occ)     1         -20.491           7.281         -25.832         -17.178          -21.864
 1087 (occ)     1         -20.478           7.258         -25.856         -17.124          -21.953
 1088 (occ)     1         -20.464           7.253         -25.846         -17.138          -21.920
 1089 (occ)     1         -20.462           7.311         -25.845         -17.153          -21.844
 1090 (occ)     1         -20.461           7.272         -25.833         -17.164          -21.858
 1091 (occ)     1         -20.452           7.252         -25.843         -17.138          -21.904
 1092 (occ)     1         -20.446           7.267         -25.832         -17.159          -21.852
 1093 (occ)     1         -20.444           7.259         -25.837         -17.148          -21.874
 1094 (occ)     1         -20.424           7.293         -25.831         -17.158          -21.804
 1095 (occ)     1         -20.383           7.275         -25.816         -17.162          -21.762
 1096 (occ)     1         -20.341           7.257         -25.800         -17.167          -21.718
 1097 (occ)     1         -20.336           7.015         -25.777         -17.118          -21.980
 1098 (occ)     1         -20.336           7.015         -25.777         -17.118          -21.980
 1099 (occ)     1         -20.297           7.238         -25.784         -17.172          -21.671
 1100 (occ)     1         -20.251           7.219         -25.768         -17.176          -21.624
 1101 (occ)     1         -20.204           7.200         -25.751         -17.181          -21.575
 1102 (occ)     1         -20.194           7.167         -25.753         -17.147          -21.633
 1103 (occ)     1         -20.194           7.165         -25.754         -17.145          -21.637
 1104 (occ)     1         -20.178           7.154         -25.750         -17.146          -21.627
 1105 (occ)     1         -20.177           7.160         -25.744         -17.153          -21.609
 1106 (occ)     1         -20.157           7.180         -25.734         -17.185          -21.525
 1107 (occ)     1         -20.156           7.143         -25.743         -17.149          -21.607
 1108 (occ)     1         -20.151           7.146         -25.734         -17.159          -21.580
 1109 (occ)     1         -20.130           7.134         -25.730         -17.158          -21.568
 1110 (occ)     1         -20.121           7.126         -25.729         -17.156          -21.568
 1111 (occ)     1         -20.108           7.161         -25.716         -17.190          -21.473
 1112 (occ)     1         -20.096           7.127         -25.711         -17.174          -21.506
 1113 (occ)     1         -20.092           7.109         -25.723         -17.154          -21.552
 1114 (occ)     1         -20.063           7.096         -25.714         -17.157          -21.523
 1115 (occ)     1         -20.058           7.141         -25.698         -17.195          -21.421
 1116 (occ)     1         -20.055           7.109         -25.695         -17.181          -21.461
 1117 (occ)     1         -20.031           7.089         -25.698         -17.169          -21.471
 1118 (occ)     1         -20.017           7.079         -25.694         -17.169          -21.463
 1119 (occ)     1         -20.008           7.121         -25.680         -17.199          -21.368
 1120 (occ)     1         -19.991           7.086         -25.670         -17.194          -21.381
 1121 (occ)     1         -19.985           7.061         -25.688         -17.166          -21.447
 1122 (occ)     1         -19.956           7.100         -25.662         -17.204          -21.314
 1123 (occ)     1         -19.955           7.048         -25.677         -17.170          -21.414
 1124 (occ)     1         -19.944           7.063         -25.657         -17.196          -21.341
 1125 (occ)     1         -19.922           7.044         -25.657         -17.186          -21.348
 1126 (occ)     1         -19.906           7.030         -25.658         -17.179          -21.356
 1127 (occ)     1         -19.905           7.080         -25.643         -17.208          -21.260
 1128 (occ)     1         -19.876           7.044         -25.628         -17.213          -21.247
 1129 (occ)     1         -19.875           7.013         -25.650         -17.178          -21.334
 1130 (occ)     1         -19.852           7.059         -25.625         -17.213          -21.204
 1131 (occ)     1         -19.846           7.003         -25.637         -17.185          -21.296
 1132 (occ)     1         -19.830           7.006         -25.627         -17.197          -21.253
 1133 (occ)     1         -19.809           7.011         -25.608         -17.216          -21.190
 1134 (occ)     1         -19.800           6.982         -25.623         -17.188          -21.254
 1135 (occ)     1         -19.799           7.038         -25.606         -17.218          -21.149
 1136 (occ)     1         -19.775           6.970         -25.613         -17.191          -21.226
 1137 (occ)     1         -19.763           6.983         -25.602         -17.207          -21.175
 1138 (occ)     1         -19.745           7.017         -25.587         -17.222          -21.092
 1139 (occ)     1         -19.745           6.982         -25.587         -17.221          -21.128
 1140 (occ)     1         -19.740           6.958         -25.600         -17.195          -21.187
 1141 (occ)     1         -19.724           6.952         -25.592         -17.199          -21.165
 1142 (occ)     1         -19.717           6.955         -25.591         -17.199          -21.154
 1143 (occ)     1         -19.711           6.954         -25.589         -17.199          -21.147
 1144 (occ)     1         -19.691           6.996         -25.568         -17.227          -21.036
 1145 (occ)     1         -19.685           6.974         -25.557         -17.248          -21.019
 1146 (occ)     1         -19.637           6.975         -25.548         -17.231          -20.979
 1147 (occ)     1         -19.623           6.957         -25.536         -17.259          -20.943
 1148 (occ)     1         -19.582           6.953         -25.529         -17.236          -20.922
 1149 (occ)     1         -19.559           6.936         -25.517         -17.268          -20.872
 1150 (occ)     1         -19.527           6.932         -25.509         -17.240          -20.865
 1151 (occ)     1         -19.493           6.913         -25.498         -17.277          -20.801
 1152 (occ)     1         -19.472           6.910         -25.490         -17.244          -20.808
 1153 (occ)     1         -19.427           6.889         -25.479         -17.286          -20.730
 1154 (occ)     1         -19.416           6.888         -25.471         -17.248          -20.751
 1155 (occ)     1         -19.361           6.865         -25.451         -17.251          -20.696
 1156 (occ)     1         -19.360           6.866         -25.461         -17.296          -20.659
 1157 (occ)     1         -19.307           6.843         -25.432         -17.254          -20.642
 1158 (occ)     1         -19.293           6.842         -25.443         -17.306          -20.588
 1159 (occ)     1         -19.254           6.820         -25.413         -17.256          -20.590
 1160 (occ)     1         -19.225           6.818         -25.426         -17.316          -20.517
 1161 (occ)     1         -19.201           6.797         -25.394         -17.257          -20.542
 1162 (occ)     1         -19.157           6.794         -25.410         -17.326          -20.447
 1163 (occ)     1         -19.151           6.773         -25.377         -17.256          -20.499
 1164 (occ)     1         -19.126           6.818         -25.527         -17.285          -20.549
 1165 (occ)     1         -19.116           6.812         -25.523         -17.287          -20.540
 1166 (occ)     1         -19.104           6.749         -25.361         -17.253          -20.463
 1167 (occ)     1         -19.101           6.803         -25.517         -17.289          -20.526
 1168 (occ)     1         -19.091           6.773         -25.413         -17.329          -20.401
 1169 (occ)     1         -19.079           6.790         -25.493         -17.299          -20.483
 1170 (occ)     1         -19.061           6.724         -25.347         -17.247          -20.437
 1171 (occ)     1         -19.057           6.779         -25.500         -17.296          -20.483
 1172 (occ)     1         -19.039           6.643         -25.343         -17.122          -20.617
 1173 (occ)     1         -19.038           6.642         -25.343         -17.123          -20.616
 1174 (occ)     1         -19.036           6.642         -25.343         -17.123          -20.614
 1175 (occ)     1         -19.034           6.640         -25.343         -17.124          -20.612
 1176 (occ)     1         -19.031           6.639         -25.343         -17.125          -20.610
 1177 (occ)     1         -19.029           6.766         -25.492         -17.300          -20.455
 1178 (occ)     1         -19.028           6.637         -25.343         -17.126          -20.608
 1179 (occ)     1         -19.025           6.639         -25.342         -17.135          -20.592
 1180 (occ)     1         -19.024           6.694         -25.337         -17.229          -20.437
 1181 (occ)     1         -19.021           6.633         -25.342         -17.128          -20.601
 1182 (occ)     1         -19.021           6.748         -25.390         -17.344          -20.319
 1183 (occ)     1         -19.017           6.632         -25.342         -17.130          -20.597
 1184 (occ)     1         -19.012           6.628         -25.342         -17.132          -20.594
 1185 (occ)     1         -19.007           6.626         -25.341         -17.134          -20.588
 1186 (occ)     1         -19.002           6.623         -25.341         -17.137          -20.583
 1187 (occ)     1         -18.997           6.751         -25.474         -17.308          -20.412
 1188 (occ)     1         -18.996           6.621         -25.341         -17.139          -20.577
 1189 (occ)     1         -18.994           6.669         -25.330         -17.220          -20.435
 1190 (occ)     1         -18.990           6.625         -25.340         -17.147          -20.558
 1191 (occ)     1         -18.984           6.616         -25.340         -17.144          -20.564
 1192 (occ)     1         -18.978           6.615         -25.340         -17.147          -20.555
 1193 (occ)     1         -18.972           6.620         -25.334         -17.170          -20.516
 1194 (occ)     1         -18.970           6.649         -25.332         -17.194          -20.459
 1195 (occ)     1         -18.968           6.734         -25.460         -17.315          -20.379
 1196 (occ)     1         -18.965           6.611         -25.338         -17.154          -20.539
 1197 (occ)     1         -18.959           6.612         -25.338         -17.159          -20.527
 1198 (occ)     1         -18.956           6.634         -25.328         -17.198          -20.452
 1199 (occ)     1         -18.953           6.619         -25.336         -17.168          -20.503
 1200 (occ)     1         -18.949           6.610         -25.335         -17.168          -20.506
 1201 (occ)     1         -18.948           6.726         -25.381         -17.355          -20.248
 1202 (occ)     1         -18.947           6.635         -25.329         -17.193          -20.448
 1203 (occ)     1         -18.945           6.617         -25.335         -17.173          -20.489
 1204 (occ)     1         -18.943           6.616         -25.331         -17.184          -20.473
 1205 (occ)     1         -18.942           6.613         -25.333         -17.178          -20.485
 1206 (occ)     1         -18.931           6.720         -25.460         -17.316          -20.355
 1207 (occ)     1         -18.893           6.706         -25.450         -17.322          -20.315
 1208 (occ)     1         -18.881           6.700         -25.364         -17.369          -20.176
 1209 (occ)     1         -18.853           6.691         -25.434         -17.333          -20.263
 1210 (occ)     1         -18.821           6.675         -25.402         -17.351          -20.197
 1211 (occ)     1         -18.803           6.676         -25.374         -17.372          -20.129
 1212 (occ)     1         -18.776           6.658         -25.417         -17.344          -20.191
 1213 (occ)     1         -18.739           6.654         -25.341         -17.401          -20.024
 1214 (occ)     1         -18.732           6.642         -25.410         -17.350          -20.150
 1215 (occ)     1         -18.707           6.360         -25.373         -17.259          -20.461
 1216 (occ)     1         -18.707           6.360         -25.373         -17.259          -20.461
 1217 (occ)     1         -18.688           6.626         -25.399         -17.359          -20.102
 1218 (occ)     1         -18.672           6.630         -25.336         -17.414          -19.964
 1219 (occ)     1         -18.642           6.611         -25.385         -17.373          -20.044
 1220 (occ)     1         -18.637           6.552         -25.379         -17.302          -20.162
 1221 (occ)     1         -18.637           6.554         -25.377         -17.303          -20.157
 1222 (occ)     1         -18.630           6.546         -25.382         -17.305          -20.161
 1223 (occ)     1         -18.629           6.552         -25.375         -17.308          -20.144
 1224 (occ)     1         -18.619           6.541         -25.383         -17.310          -20.150
 1225 (occ)     1         -18.615           6.543         -25.379         -17.313          -20.139
 1226 (occ)     1         -18.610           6.602         -25.355         -17.401          -19.962
 1227 (occ)     1         -18.604           6.545         -25.373         -17.320          -20.112
 1228 (occ)     1         -18.600           6.525         -25.394         -17.317          -20.152
 1229 (occ)     1         -18.591           6.600         -25.351         -17.412          -19.930
 1230 (occ)     1         -18.584           6.514         -25.403         -17.324          -20.150
 1231 (occ)     1         -18.583           6.549         -25.357         -17.334          -20.057
 1232 (occ)     1         -18.568           6.513         -25.399         -17.334          -20.120
 1233 (occ)     1         -18.559           6.578         -25.368         -17.387          -19.961
 1234 (occ)     1         -18.558           6.514         -25.398         -17.340          -20.102
 1235 (occ)     1         -18.544           6.540         -25.346         -17.351          -19.999
 1236 (occ)     1         -18.540           6.494         -25.424         -17.348          -20.122
 1237 (occ)     1         -18.528           6.586         -25.327         -17.453          -19.816
 1238 (occ)     1         -18.522           6.489         -25.429         -17.359          -20.103
 1239 (occ)     1         -18.512           6.509         -25.390         -17.366          -20.027
 1240 (occ)     1         -18.511           6.561         -25.363         -17.392          -19.921
 1241 (occ)     1         -18.500           6.520         -25.355         -17.369          -19.966
 1242 (occ)     1         -18.491           6.477         -25.449         -17.379          -20.084
 1243 (occ)     1         -18.473           6.471         -25.458         -17.391          -20.069
 1244 (occ)     1         -18.464           6.544         -25.355         -17.401          -19.874
 1245 (occ)     1         -18.462           6.499         -25.390         -17.391          -19.962
 1246 (occ)     1         -18.462           6.565         -25.324         -17.476          -19.745
 1247 (occ)     1         -18.451           6.502         -25.363         -17.392          -19.920
 1248 (occ)     1         -18.441           6.462         -25.480         -17.415          -20.045
 1249 (occ)     1         -18.424           6.457         -25.489         -17.427          -20.030
 1250 (occ)     1         -18.417           6.528         -25.346         -17.412          -19.823
 1251 (occ)     1         -18.412           6.475         -25.436         -17.425          -19.946
 1252 (occ)     1         -18.401           6.498         -25.331         -17.408          -19.826
 1253 (occ)     1         -18.396           6.543         -25.328         -17.492          -19.690
 1254 (occ)     1         -18.393           6.449         -25.515         -17.453          -20.007
 1255 (occ)     1         -18.377           6.445         -25.522         -17.465          -19.989
 1256 (occ)     1         -18.368           6.513         -25.339         -17.430          -19.764
 1257 (occ)     1         -18.364           6.448         -25.520         -17.473          -19.962
 1258 (occ)     1         -18.348           6.438         -25.553         -17.492          -19.971
 1259 (occ)     1         -18.348           6.496         -25.282         -17.417          -19.717
 1260 (occ)     1         -18.335           6.514         -25.332         -17.483          -19.669
 1261 (occ)     1         -18.334           6.438         -25.541         -17.498          -19.939
 1262 (occ)     1         -18.322           6.435         -25.575         -17.516          -19.947
 1263 (occ)     1         -18.316           6.505         -25.336         -17.475          -19.673
 1264 (occ)     1         -18.310           6.431         -25.589         -17.528          -19.939
 1265 (occ)     1         -18.300           6.438         -25.568         -17.528          -19.902
 1266 (occ)     1         -18.290           6.430         -25.612         -17.549          -19.923
 1267 (occ)     1         -18.289           6.477         -25.293         -17.441          -19.664
 1268 (occ)     1         -18.281           6.484         -25.326         -17.457          -19.667
 1269 (occ)     1         -18.280           6.431         -25.584         -17.546          -19.887
 1270 (occ)     1         -18.274           6.430         -25.630         -17.567          -19.908
 1271 (occ)     1         -18.268           6.429         -25.634         -17.572          -19.900
 1272 (occ)     1         -18.264           6.432         -25.643         -17.578          -19.896
 1273 (occ)     1         -18.260           6.428         -25.644         -17.580          -19.897
 1274 (occ)     1         -18.260           6.434         -25.649         -17.583          -19.891
 1275 (occ)     1         -18.258           6.500         -25.348         -17.539          -19.567
 1276 (occ)     1         -18.231           6.463         -25.318         -17.454          -19.633
 1277 (occ)     1         -18.229           6.464         -25.190         -17.423          -19.531
 1278 (occ)     1         -18.198           6.488         -25.368         -17.582          -19.496
 1279 (occ)     1         -18.183           6.444         -25.311         -17.461          -19.589
 1280 (occ)     1         -18.169           6.447         -25.166         -17.432          -19.456
 1281 (occ)     1         -18.139           6.474         -25.393         -17.618          -19.440
 1282 (occ)     1         -18.135           6.427         -25.304         -17.470          -19.542
 1283 (occ)     1         -18.107           6.427         -25.149         -17.443          -19.386
 1284 (occ)     1         -18.087           6.410         -25.299         -17.481          -19.496
 1285 (occ)     1         -18.084           6.461         -25.423         -17.655          -19.391
 1286 (occ)     1         -18.044           6.406         -25.133         -17.454          -19.317
 1287 (occ)     1         -18.039           6.393         -25.294         -17.492          -19.449
 1288 (occ)     1         -18.032           6.451         -25.460         -17.694          -19.348
 1289 (occ)     1         -17.992           6.376         -25.290         -17.502          -19.404
 1290 (occ)     1         -17.987           6.443         -25.502         -17.735          -19.311
 1291 (occ)     1         -17.980           6.384         -25.119         -17.467          -19.248
 1292 (occ)     1         -17.949           6.439         -25.547         -17.775          -19.282
 1293 (occ)     1         -17.946           6.360         -25.284         -17.512          -19.359
 1294 (occ)     1         -17.921           6.436         -25.584         -17.807          -19.262
 1295 (occ)     1         -17.916           6.362         -25.107         -17.480          -19.180
 1296 (occ)     1         -17.905           6.425         -25.570         -17.792          -19.257
 1297 (occ)     1         -17.899           6.352         -25.315         -17.555          -19.308
 1298 (occ)     1         -17.855           6.323         -25.259         -17.517          -19.274
 1299 (occ)     1         -17.852           6.341         -25.095         -17.494          -19.113
 1300 (occ)     1         -17.810           6.306         -25.250         -17.523          -19.231
 1301 (occ)     1         -17.788           6.319         -25.086         -17.509          -19.046
 1302 (occ)     1         -17.766           6.289         -25.241         -17.529          -19.189
 1303 (occ)     1         -17.724           6.298         -25.079         -17.524          -18.980
 1304 (occ)     1         -17.723           6.272         -25.231         -17.534          -19.148
 1305 (occ)     1         -17.680           6.255         -25.221         -17.538          -19.108
 1306 (occ)     1         -17.660           6.277         -25.073         -17.542          -18.915
 1307 (occ)     1         -17.639           6.238         -25.210         -17.541          -19.069
 1308 (occ)     1         -17.599           6.222         -25.198         -17.543          -19.032
 1309 (occ)     1         -17.597           6.256         -25.071         -17.560          -18.852
 1310 (occ)     1         -17.560           6.205         -25.184         -17.542          -18.996
 1311 (occ)     1         -17.535           6.236         -25.071         -17.580          -18.790
 1312 (occ)     1         -17.522           6.189         -25.169         -17.541          -18.962
 1313 (occ)     1         -17.487           6.172         -25.152         -17.537          -18.929
 1314 (occ)     1         -17.475           6.217         -25.075         -17.601          -18.731
 1315 (occ)     1         -17.452           6.156         -25.133         -17.531          -18.898
 1316 (occ)     1         -17.420           6.140         -25.112         -17.523          -18.869
 1317 (occ)     1         -17.417           6.199         -25.082         -17.625          -18.675
 1318 (occ)     1         -17.389           6.124         -25.089         -17.513          -18.842
 1319 (occ)     1         -17.361           6.109         -25.065         -17.501          -18.816
 1320 (occ)     1         -17.361           6.183         -25.094         -17.650          -18.622
 1321 (occ)     1         -17.334           6.094         -25.039         -17.488          -18.792
 1322 (occ)     1         -17.310           6.079         -25.011         -17.472          -18.770
 1323 (occ)     1         -17.308           6.168         -25.110         -17.677          -18.573
 1324 (occ)     1         -17.287           6.065         -24.983         -17.456          -18.749
 1325 (occ)     1         -17.267           6.052         -24.953         -17.438          -18.730
 1326 (occ)     1         -17.260           6.156         -25.130         -17.705          -18.529
 1327 (occ)     1         -17.249           6.040         -24.923         -17.419          -18.713
 1328 (occ)     1         -17.233           6.028         -24.893         -17.401          -18.697
 1329 (occ)     1         -17.218           6.018         -24.863         -17.382          -18.682
 1330 (occ)     1         -17.218           6.147         -25.153         -17.733          -18.491
 1331 (occ)     1         -17.206           6.008         -24.834         -17.363          -18.669
 1332 (occ)     1         -17.196           6.000         -24.805         -17.344          -18.657
 1333 (occ)     1         -17.188           5.993         -24.777         -17.326          -18.646
 1334 (occ)     1         -17.183           6.140         -25.176         -17.759          -18.460
 1335 (occ)     1         -17.181           5.987         -24.748         -17.308          -18.635
 1336 (occ)     1         -17.177           5.983         -24.719         -17.290          -18.624
 1337 (occ)     1         -17.176           5.975         -24.578         -17.207          -18.572
 1338 (occ)     1         -17.175           5.975         -24.605         -17.223          -18.582
 1339 (occ)     1         -17.174           5.980         -24.681         -17.267          -18.609
 1340 (occ)     1         -17.173           5.973         -24.633         -17.239          -18.594
 1341 (occ)     1         -17.173           5.975         -24.650         -17.249          -18.600
 1342 (occ)     1         -17.157           6.137         -25.197         -17.782          -18.435
 1343 (occ)     1         -17.141           6.137         -25.212         -17.797          -18.420
 1344 (occ)     1         -16.810           5.542         -24.367         -17.091          -18.544
 1345 (occ)     1         -16.810           5.542         -24.367         -17.091          -18.544
 1346 (occ)     1         -16.757           5.887         -23.264         -16.761          -17.373
 1347 (occ)     1         -16.740           5.877         -23.278         -16.772          -17.368
 1348 (occ)     1         -16.714           5.865         -23.288         -16.786          -17.350
 1349 (occ)     1         -16.678           5.851         -23.298         -16.803          -17.322
 1350 (occ)     1         -16.636           5.836         -23.308         -16.823          -17.285
 1351 (occ)     1         -16.586           5.819         -23.321         -16.847          -17.241
 1352 (occ)     1         -16.530           5.802         -23.334         -16.872          -17.190
 1353 (occ)     1         -16.528           5.662         -22.902         -16.361          -17.407
 1354 (occ)     1         -16.523           5.660         -22.905         -16.364          -17.404
 1355 (occ)     1         -16.516           5.657         -22.909         -16.369          -17.398
 1356 (occ)     1         -16.506           5.654         -22.914         -16.376          -17.391
 1357 (occ)     1         -16.494           5.649         -22.920         -16.384          -17.381
 1358 (occ)     1         -16.479           5.644         -22.927         -16.393          -17.369
 1359 (occ)     1         -16.468           5.783         -23.347         -16.899          -17.134
 1360 (occ)     1         -16.462           5.638         -22.935         -16.404          -17.354
 1361 (occ)     1         -16.443           5.632         -22.943         -16.417          -17.338
 1362 (occ)     1         -16.422           5.626         -22.952         -16.430          -17.319
 1363 (occ)     1         -16.403           5.763         -23.358         -16.925          -17.072
 1364 (occ)     1         -16.398           5.619         -22.962         -16.444          -17.297
 1365 (occ)     1         -16.373           5.611         -22.971         -16.459          -17.273
 1366 (occ)     1         -16.346           5.604         -22.980         -16.475          -17.247
 1367 (occ)     1         -16.334           5.743         -23.367         -16.951          -17.007
 1368 (occ)     1         -16.316           5.596         -22.989         -16.491          -17.219
 1369 (occ)     1         -16.286           5.587         -22.999         -16.508          -17.189
 1370 (occ)     1         -16.274           5.783         -23.794         -17.197          -17.087
 1371 (occ)     1         -16.262           5.721         -23.374         -16.976          -16.939
 1372 (occ)     1         -16.256           5.775         -23.807         -17.210          -17.078
 1373 (occ)     1         -16.253           5.578         -23.009         -16.526          -17.157
 1374 (occ)     1         -16.228           5.762         -23.823         -17.226          -17.063
 1375 (occ)     1         -16.219           5.570         -23.018         -16.544          -17.123
 1376 (occ)     1         -16.191           5.746         -23.841         -17.247          -17.040
 1377 (occ)     1         -16.188           5.698         -23.381         -17.000          -16.872
 1378 (occ)     1         -16.184           5.560         -23.025         -16.562          -17.088
 1379 (occ)     1         -16.148           5.729         -23.859         -17.269          -17.010
 1380 (occ)     1         -16.147           5.550         -23.032         -16.579          -17.050
 1381 (occ)     1         -16.125           5.527         -23.252         -16.681          -17.169
 1382 (occ)     1         -16.125           5.527         -23.251         -16.681          -17.169
 1383 (occ)     1         -16.122           5.526         -23.255         -16.685          -17.167
 1384 (occ)     1         -16.122           5.525         -23.253         -16.683          -17.167
 1385 (occ)     1         -16.117           5.525         -23.262         -16.692          -17.163
 1386 (occ)     1         -16.117           5.525         -23.258         -16.691          -17.159
 1387 (occ)     1         -16.114           5.668         -23.395         -17.016          -16.826
 1388 (occ)     1         -16.111           5.525         -23.275         -16.705          -17.156
 1389 (occ)     1         -16.111           5.521         -23.258         -16.691          -17.157
 1390 (occ)     1         -16.109           5.540         -23.040         -16.597          -17.011
 1391 (occ)     1         -16.103           5.524         -23.288         -16.717          -17.150
 1392 (occ)     1         -16.103           5.518         -23.260         -16.696          -17.150
 1393 (occ)     1         -16.100           5.710         -23.872         -17.289          -16.973
 1394 (occ)     1         -16.094           5.514         -23.263         -16.700          -17.142
 1395 (occ)     1         -16.094           5.524         -23.307         -16.735          -17.142
 1396 (occ)     1         -16.084           5.510         -23.266         -16.707          -17.133
 1397 (occ)     1         -16.083           5.524         -23.329         -16.757          -17.132
 1398 (occ)     1         -16.072           5.506         -23.272         -16.717          -17.122
 1399 (occ)     1         -16.071           5.525         -23.355         -16.781          -17.120
 1400 (occ)     1         -16.069           5.531         -23.049         -16.618          -16.970
 1401 (occ)     1         -16.059           5.503         -23.284         -16.731          -17.109
 1402 (occ)     1         -16.058           5.530         -23.396         -16.820          -17.104
 1403 (occ)     1         -16.051           5.608         -23.445         -16.991          -16.897
 1404 (occ)     1         -16.048           5.687         -23.869         -17.299          -16.930
 1405 (occ)     1         -16.045           5.525         -23.355         -16.809          -17.067
 1406 (occ)     1         -16.044           5.532         -23.430         -16.852          -17.089
 1407 (occ)     1         -16.034           5.517         -23.358         -16.812          -17.063
 1408 (occ)     1         -16.029           5.506         -23.337         -16.790          -17.069
 1409 (occ)     1         -16.028           5.523         -23.070         -16.648          -16.927
 1410 (occ)     1         -16.018           5.510         -23.364         -16.827          -17.045
 1411 (occ)     1         -16.011           5.475         -23.247         -16.733          -17.050
 1412 (occ)     1         -15.998           5.461         -23.204         -16.701          -17.040
 1413 (occ)     1         -15.993           5.629         -23.678         -17.158          -16.885
 1414 (occ)     1         -15.985           5.551         -23.274         -16.828          -16.880
 1415 (occ)     1         -15.985           5.449         -23.131         -16.652          -17.015
 1416 (occ)     1         -15.969           5.450         -23.155         -16.673          -17.001
 1417 (occ)     1         -15.958           5.581         -23.590         -17.064          -16.904
 1418 (occ)     1         -15.951           5.467         -23.257         -16.759          -16.982
 1419 (occ)     1         -15.951           5.574         -23.706         -17.120          -16.963
 1420 (occ)     1         -15.946           5.507         -23.120         -16.717          -16.841
 1421 (occ)     1         -15.933           5.446         -23.184         -16.710          -16.962
 1422 (occ)     1         -15.932           5.641         -23.840         -17.305          -16.826
 1423 (occ)     1         -15.931           5.561         -23.745         -17.142          -16.973
 1424 (occ)     1         -15.923           5.610         -23.589         -17.142          -16.760
 1425 (occ)     1         -15.914           5.446         -23.216         -16.741          -16.943
 1426 (occ)     1         -15.909           5.571         -23.696         -17.158          -16.875
 1427 (occ)     1         -15.902           5.487         -23.076         -16.696          -16.794
 1428 (occ)     1         -15.895           5.442         -23.223         -16.755          -16.921
 1429 (occ)     1         -15.895           5.566         -23.872         -17.243          -16.957
 1430 (occ)     1         -15.876           5.435         -23.211         -16.755          -16.896
 1431 (occ)     1         -15.875           5.569         -23.942         -17.301          -16.947
 1432 (occ)     1         -15.872           5.629         -23.888         -17.360          -16.771
 1433 (occ)     1         -15.860           5.578         -23.937         -17.322          -16.897
 1434 (occ)     1         -15.858           5.474         -23.071         -16.708          -16.747
 1435 (occ)     1         -15.856           5.432         -23.219         -16.771          -16.872
 1436 (occ)     1         -15.845           5.602         -23.513         -17.168          -16.588
 1437 (occ)     1         -15.842           5.574         -24.057         -17.394          -16.931
 1438 (occ)     1         -15.837           5.435         -23.236         -16.796          -16.841
 1439 (occ)     1         -15.827           5.566         -24.032         -17.387          -16.906
 1440 (occ)     1         -15.820           5.529         -23.800         -17.213          -16.877
 1441 (occ)     1         -15.813           5.474         -23.553         -17.036          -16.857
 1442 (occ)     1         -15.813           5.463         -23.073         -16.725          -16.698
 1443 (occ)     1         -15.811           5.608         -23.888         -17.379          -16.712
 1444 (occ)     1         -15.808           5.600         -24.241         -17.539          -16.910
 1445 (occ)     1         -15.801           5.607         -24.302         -17.585          -16.911
 1446 (occ)     1         -15.799           5.598         -24.235         -17.537          -16.899
 1447 (occ)     1         -15.795           5.413         -23.217         -16.800          -16.799
 1448 (occ)     1         -15.776           5.381         -23.032         -16.677          -16.750
 1449 (occ)     1         -15.767           5.452         -23.080         -16.746          -16.649
 1450 (occ)     1         -15.764           5.578         -23.343         -17.111          -16.419
 1451 (occ)     1         -15.757           5.375         -23.006         -16.669          -16.719
 1452 (occ)     1         -15.750           5.584         -23.869         -17.383          -16.651
 1453 (occ)     1         -15.738           5.371         -22.994         -16.671          -16.689
 1454 (occ)     1         -15.721           5.443         -23.098         -16.777          -16.599
 1455 (occ)     1         -15.720           5.368         -22.987         -16.677          -16.662
 1456 (occ)     1         -15.702           5.364         -22.978         -16.682          -16.634
 1457 (occ)     1         -15.689           5.548         -23.774         -17.327          -16.587
 1458 (occ)     1         -15.686           5.384         -23.015         -16.740          -16.578
 1459 (occ)     1         -15.680           5.531         -23.269         -17.069          -16.350
 1460 (occ)     1         -15.673           5.446         -23.187         -16.864          -16.549
 1461 (occ)     1         -15.670           5.360         -22.966         -16.694          -16.582
 1462 (occ)     1         -15.655           5.359         -22.961         -16.701          -16.556
 1463 (occ)     1         -15.642           5.358         -22.956         -16.706          -16.535
 1464 (occ)     1         -15.632           5.459         -23.352         -17.013          -16.512
 1465 (occ)     1         -15.631           5.358         -22.952         -16.711          -16.515
 1466 (occ)     1         -15.622           5.359         -22.950         -16.716          -16.497
 1467 (occ)     1         -15.620           5.502         -23.598         -17.208          -16.508
 1468 (occ)     1         -15.615           5.359         -22.946         -16.718          -16.483
 1469 (occ)     1         -15.610           5.363         -22.946         -16.723          -16.471
 1470 (occ)     1         -15.608           5.366         -22.942         -16.722          -16.463
 1471 (occ)     1         -15.594           5.526         -23.289         -17.133          -16.225
 1472 (occ)     1         -15.583           5.413         -23.150         -16.870          -16.449
 1473 (occ)     1         -15.560           5.515         -23.787         -17.378          -16.455
 1474 (occ)     1         -15.535           5.396         -23.117         -16.862          -16.393
 1475 (occ)     1         -15.508           5.502         -23.273         -17.152          -16.126
 1476 (occ)     1         -15.500           5.500         -23.802         -17.411          -16.392
 1477 (occ)     1         -15.487           5.384         -23.112         -16.877          -16.339
 1478 (occ)     1         -15.441           5.480         -23.781         -17.416          -16.327
 1479 (occ)     1         -15.440           5.374         -23.119         -16.901          -16.284
 1480 (occ)     1         -15.419           5.476         -23.251         -17.167          -16.028
 1481 (occ)     1         -15.394           5.367         -23.136         -16.933          -16.230
 1482 (occ)     1         -15.385           5.458         -23.738         -17.404          -16.261
 1483 (occ)     1         -15.348           5.363         -23.168         -16.977          -16.177
 1484 (occ)     1         -15.332           5.434         -23.668         -17.372          -16.194
 1485 (occ)     1         -15.330           5.449         -23.229         -17.181          -15.929
 1486 (occ)     1         -15.304           5.364         -23.224         -17.039          -16.124
 1487 (occ)     1         -15.285           5.410         -23.571         -17.319          -16.128
 1488 (occ)     1         -15.263           5.371         -23.304         -17.122          -16.074
 1489 (occ)     1         -15.246           5.392         -23.481         -17.269          -16.066
 1490 (occ)     1         -15.240           5.422         -23.205         -17.194          -15.830
 1491 (occ)     1         -15.227           5.380         -23.378         -17.199          -16.026
 1492 (occ)     1         -15.216           5.384         -23.432         -17.249          -16.015
 1493 (occ)     1         -15.201           5.385         -23.412         -17.242          -15.986
 1494 (occ)     1         -15.198           5.385         -23.419         -17.251          -15.981
 1495 (occ)     1         -15.150           5.394         -23.180         -17.207          -15.729
 1496 (occ)     1         -15.059           5.367         -23.154         -17.220          -15.627
 1497 (occ)     1         -14.973           5.060         -23.203         -17.045          -16.070
 1498 (occ)     1         -14.973           5.060         -23.203         -17.045          -16.070
 1499 (occ)     1         -14.967           5.339         -23.128         -17.232          -15.524
 1500 (occ)     1         -14.875           5.311         -23.100         -17.244          -15.421
 1501 (occ)     1         -14.789           5.175         -23.197         -17.071          -15.740
 1502 (occ)     1         -14.788           5.179         -23.236         -17.097          -15.748
 1503 (occ)     1         -14.783           5.283         -23.072         -17.256          -15.317
 1504 (occ)     1         -14.767           5.162         -23.155         -17.054          -15.706
 1505 (occ)     1         -14.764           5.174         -23.276         -17.138          -15.729
 1506 (occ)     1         -14.735           5.146         -23.111         -17.040          -15.661
 1507 (occ)     1         -14.730           5.166         -23.312         -17.177          -15.699
 1508 (occ)     1         -14.698           5.130         -23.077         -17.034          -15.611
 1509 (occ)     1         -14.690           5.254         -23.044         -17.267          -15.212
 1510 (occ)     1         -14.689           5.154         -23.328         -17.204          -15.659
 1511 (occ)     1         -14.658           5.115         -23.053         -17.035          -15.561
 1512 (occ)     1         -14.644           5.138         -23.325         -17.218          -15.613
 1513 (occ)     1         -14.615           5.101         -23.037         -17.041          -15.510
 1514 (occ)     1         -14.597           5.121         -23.309         -17.221          -15.564
 1515 (occ)     1         -14.597           5.226         -23.015         -17.278          -15.107
 1516 (occ)     1         -14.571           5.087         -23.027         -17.051          -15.460
 1517 (occ)     1         -14.549           5.103         -23.281         -17.216          -15.512
 1518 (occ)     1         -14.531           4.933         -22.539         -16.459          -15.678
 1519 (occ)     1         -14.527           5.073         -23.021         -17.063          -15.411
 1520 (occ)     1         -14.525           4.931         -22.538         -16.462          -15.670
 1521 (occ)     1         -14.515           4.928         -22.537         -16.469          -15.656
 1522 (occ)     1         -14.504           5.194         -22.980         -17.279          -15.010
 1523 (occ)     1         -14.503           4.923         -22.532         -16.471          -15.641
 1524 (occ)     1         -14.501           5.084         -23.246         -17.205          -15.459
 1525 (occ)     1         -14.487           4.920         -22.531         -16.483          -15.616
 1526 (occ)     1         -14.482           5.060         -23.019         -17.076          -15.364
 1527 (occ)     1         -14.469           4.912         -22.523         -16.485          -15.595
 1528 (occ)     1         -14.453           5.064         -23.205         -17.190          -15.404
 1529 (occ)     1         -14.447           4.906         -22.518         -16.494          -15.566
 1530 (occ)     1         -14.437           5.046         -23.020         -17.091          -15.320
 1531 (occ)     1         -14.424           4.905         -22.521         -16.520          -15.521
 1532 (occ)     1         -14.410           5.162         -22.944         -17.279          -14.913
 1533 (occ)     1         -14.406           5.045         -23.159         -17.172          -15.348
 1534 (occ)     1         -14.397           4.892         -22.504         -16.512          -15.498
 1535 (occ)     1         -14.394           5.033         -23.027         -17.107          -15.280
 1536 (occ)     1         -14.369           4.885         -22.498         -16.524          -15.458
 1537 (occ)     1         -14.359           5.027         -23.107         -17.152          -15.287
 1538 (occ)     1         -14.350           5.019         -23.039         -17.124          -15.247
 1539 (occ)     1         -14.339           4.879         -22.494         -16.541          -15.413
 1540 (occ)     1         -14.317           5.137         -22.920         -17.299          -14.802
 1541 (occ)     1         -14.314           5.012         -23.053         -17.139          -15.216
 1542 (occ)     1         -14.307           5.002         -23.055         -17.133          -15.227
 1543 (occ)     1         -14.307           4.868         -22.480         -16.543          -15.376
 1544 (occ)     1         -14.273           4.860         -22.472         -16.556          -15.329
 1545 (occ)     1         -14.272           5.002         -23.035         -17.151          -15.154
 1546 (occ)     1         -14.264           4.982         -23.037         -17.117          -15.202
 1547 (occ)     1         -14.239           4.859         -22.475         -16.588          -15.267
 1548 (occ)     1         -14.233           4.991         -23.051         -17.175          -15.118
 1549 (occ)     1         -14.224           5.104         -22.885         -17.298          -14.707
 1550 (occ)     1         -14.220           4.962         -22.990         -17.091          -15.156
 1551 (occ)     1         -14.202           4.842         -22.452         -16.577          -15.235
 1552 (occ)     1         -14.197           4.982         -23.076         -17.201          -15.090
 1553 (occ)     1         -14.176           4.944         -22.938         -17.066          -15.105
 1554 (occ)     1         -14.164           4.833         -22.444         -16.590          -15.185
 1555 (occ)     1         -14.164           4.974         -23.109         -17.230          -15.069
 1556 (occ)     1         -14.134           4.968         -23.148         -17.261          -15.052
 1557 (occ)     1         -14.134           5.065         -22.838         -17.278          -14.628
 1558 (occ)     1         -14.133           4.926         -22.886         -17.041          -15.053
 1559 (occ)     1         -14.125           4.842         -22.467         -16.657          -15.093
 1560 (occ)     1         -14.108           4.964         -23.192         -17.295          -15.041
 1561 (occ)     1         -14.091           4.911         -22.853         -17.031          -15.003
 1562 (occ)     1         -14.087           4.959         -23.220         -17.315          -15.033
 1563 (occ)     1         -14.086           4.814         -22.425         -16.615          -15.082
 1564 (occ)     1         -14.072           4.963         -23.282         -17.361          -15.030
 1565 (occ)     1         -14.063           4.965         -23.312         -17.382          -15.028
 1566 (occ)     1         -14.049           4.890         -22.783         -16.992          -14.951
 1567 (occ)     1         -14.046           4.805         -22.417         -16.630          -15.028
 1568 (occ)     1         -14.043           5.055         -22.843         -17.342          -14.490
 1569 (occ)     1         -14.009           4.873         -22.733         -16.968          -14.901
 1570 (occ)     1         -14.006           4.797         -22.411         -16.647          -14.972
 1571 (occ)     1         -13.969           4.857         -22.684         -16.946          -14.851
 1572 (occ)     1         -13.965           4.792         -22.411         -16.674          -14.910
 1573 (occ)     1         -13.958           5.021         -22.809         -17.335          -14.411
 1574 (occ)     1         -13.930           4.841         -22.636         -16.925          -14.801
 1575 (occ)     1         -13.925           4.786         -22.410         -16.698          -14.851
 1576 (occ)     1         -13.892           4.826         -22.590         -16.905          -14.751
 1577 (occ)     1         -13.886           4.787         -22.421         -16.738          -14.782
 1578 (occ)     1         -13.883           4.979         -22.761         -17.290          -14.376
 1579 (occ)     1         -13.855           4.811         -22.544         -16.886          -14.702
 1580 (occ)     1         -13.850           4.806         -22.461         -16.824          -14.682
 1581 (occ)     1         -13.837           4.897         -22.626         -17.083          -14.482
 1582 (occ)     1         -13.819           4.797         -22.500         -16.868          -14.653
 1583 (occ)     1         -13.791           4.742         -22.433         -16.873          -14.608
 1584 (occ)     1         -13.787           4.750         -22.443         -16.883          -14.597
 1585 (occ)     1         -13.783           4.784         -22.457         -16.851          -14.605
 1586 (occ)     1         -13.749           4.771         -22.415         -16.835          -14.557
 1587 (occ)     1         -13.735           4.666         -20.484         -15.539          -14.013
 1588 (occ)     1         -13.727           4.661         -20.511         -15.556          -14.021
 1589 (occ)     1         -13.717           4.654         -20.541         -15.575          -14.028
 1590 (occ)     1         -13.715           4.759         -22.365         -16.814          -14.507
 1591 (occ)     1         -13.703           4.647         -20.579         -15.599          -14.036
 1592 (occ)     1         -13.701           4.796         -20.496         -15.783          -13.618
 1593 (occ)     1         -13.693           4.792         -20.507         -15.793          -13.615
 1594 (occ)     1         -13.688           4.640         -20.652         -15.647          -14.053
 1595 (occ)     1         -13.682           4.744         -22.276         -16.767          -14.447
 1596 (occ)     1         -13.680           4.787         -20.524         -15.808          -13.609
 1597 (occ)     1         -13.671           4.628         -20.618         -15.623          -14.038
 1598 (occ)     1         -13.662           4.779         -20.545         -15.828          -13.601
 1599 (occ)     1         -13.652           4.618         -20.625         -15.628          -14.031
 1600 (occ)     1         -13.651           4.736         -22.281         -16.783          -14.412
 1601 (occ)     1         -13.640           4.770         -20.569         -15.851          -13.588
 1602 (occ)     1         -13.633           4.609         -20.635         -15.636          -14.023
 1603 (occ)     1         -13.621           4.722         -22.195         -16.736          -14.358
 1604 (occ)     1         -13.614           4.758         -20.607         -15.883          -13.580
 1605 (occ)     1         -13.612           4.603         -20.684         -15.674          -14.020
 1606 (occ)     1         -13.594           4.666         -21.604         -16.328          -14.205
 1607 (occ)     1         -13.591           4.762         -22.272         -16.793          -14.309
 1608 (occ)     1         -13.590           4.635         -21.232         -16.070          -14.117
 1609 (occ)     1         -13.586           4.745         -22.227         -16.748          -14.319
 1610 (occ)     1         -13.585           4.748         -20.639         -15.915          -13.561
 1611 (occ)     1         -13.570           4.596         -20.829         -15.783          -14.020
 1612 (occ)     1         -13.564           4.691         -21.965         -16.604          -14.235
 1613 (occ)     1         -13.554           4.745         -21.697         -16.521          -13.986
 1614 (occ)     1         -13.549           4.759         -21.307         -16.339          -13.757
 1615 (occ)     1         -13.547           4.579         -20.711         -15.705          -13.973
 1616 (occ)     1         -13.546           4.705         -22.175         -16.700          -14.316
 1617 (occ)     1         -13.539           4.692         -22.041         -16.672          -14.216
 1618 (occ)     1         -13.523           4.572         -20.717         -15.718          -13.950
 1619 (occ)     1         -13.516           4.684         -21.994         -16.651          -14.174
 1620 (occ)     1         -13.515           4.717         -20.784         -16.019          -13.562
 1621 (occ)     1         -13.501           4.680         -22.156         -16.693          -14.284
 1622 (occ)     1         -13.498           4.589         -20.986         -15.922          -13.974
 1623 (occ)     1         -13.493           4.651         -21.686         -16.441          -14.088
 1624 (occ)     1         -13.489           4.797         -22.285         -16.978          -13.999
 1625 (occ)     1         -13.476           4.674         -21.926         -16.623          -14.106
 1626 (occ)     1         -13.474           4.706         -20.777         -16.034          -13.511
 1627 (occ)     1         -13.470           4.556         -20.712         -15.738          -13.888
 1628 (occ)     1         -13.459           4.686         -22.065         -16.738          -14.101
 1629 (occ)     1         -13.453           4.677         -22.192         -16.756          -14.211
 1630 (occ)     1         -13.446           4.686         -22.066         -16.749          -14.077
 1631 (occ)     1         -13.443           4.539         -20.577         -15.648          -13.833
 1632 (occ)     1         -13.435           4.681         -22.019         -16.723          -14.050
 1633 (occ)     1         -13.430           4.696         -20.796         -16.065          -13.465
 1634 (occ)     1         -13.428           4.687         -22.047         -16.748          -14.039
 1635 (occ)     1         -13.424           4.690         -22.052         -16.756          -14.030
 1636 (occ)     1         -13.423           4.708         -22.156         -16.812          -14.059
 1637 (occ)     1         -13.414           4.525         -20.504         -15.608          -13.785
 1638 (occ)     1         -13.394           4.734         -22.277         -16.960          -13.977
 1639 (occ)     1         -13.384           4.516         -20.473         -15.598          -13.744
 1640 (occ)     1         -13.382           4.698         -20.916         -16.177          -13.423
 1641 (occ)     1         -13.369           4.638         -22.080         -16.697          -14.114
 1642 (occ)     1         -13.352           4.508         -20.456         -15.600          -13.701
 1643 (occ)     1         -13.336           4.665         -20.998         -16.213          -13.456
 1644 (occ)     1         -13.319           4.500         -20.442         -15.606          -13.656
 1645 (occ)     1         -13.318           4.614         -22.085         -16.701          -14.089
 1646 (occ)     1         -13.312           4.784         -22.264         -17.107          -13.686
 1647 (occ)     1         -13.285           4.492         -20.430         -15.614          -13.609
 1648 (occ)     1         -13.284           4.653         -20.910         -16.185          -13.356
 1649 (occ)     1         -13.268           4.603         -22.114         -16.742          -14.036
 1650 (occ)     1         -13.248           4.485         -20.421         -15.625          -13.559
 1651 (occ)     1         -13.232           4.687         -22.177         -16.953          -13.770
 1652 (occ)     1         -13.231           4.641         -20.903         -16.206          -13.287
 1653 (occ)     1         -13.211           4.670         -22.261         -16.993          -13.810
 1654 (occ)     1         -13.210           4.478         -20.414         -15.640          -13.507
 1655 (occ)     1         -13.175           4.631         -20.934         -16.252          -13.226
 1656 (occ)     1         -13.175           4.576         -22.063         -16.743          -13.918
 1657 (occ)     1         -13.170           4.471         -20.409         -15.657          -13.452
 1658 (occ)     1         -13.132           4.697         -21.983         -16.967          -13.451
 1659 (occ)     1         -13.128           4.464         -20.407         -15.676          -13.395
 1660 (occ)     1         -13.125           4.551         -22.055         -16.739          -13.890
 1661 (occ)     1         -13.115           4.655         -21.317         -16.548          -13.229
 1662 (occ)     1         -13.085           4.457         -20.407         -15.699          -13.335
 1663 (occ)     1         -13.075           4.537         -22.056         -16.756          -13.839
 1664 (occ)     1         -13.065           4.600         -21.107         -16.390          -13.182
 1665 (occ)     1         -13.039           4.449         -20.409         -15.724          -13.274
 1666 (occ)     1         -13.038           4.645         -22.060         -16.981          -13.472
 1667 (occ)     1         -13.023           4.594         -22.164         -16.960          -13.632
 1668 (occ)     1         -13.006           4.573         -21.021         -16.346          -13.108
 1669 (occ)     1         -12.992           4.442         -20.414         -15.753          -13.211
 1670 (occ)     1         -12.984           4.506         -21.988         -16.744          -13.721
 1671 (occ)     1         -12.950           4.544         -21.057         -16.362          -13.101
 1672 (occ)     1         -12.942           4.435         -20.421         -15.783          -13.145
 1673 (occ)     1         -12.941           4.687         -22.257         -17.241          -13.270
 1674 (occ)     1         -12.940           4.488         -21.965         -16.733          -13.683
 1675 (occ)     1         -12.914           4.496         -21.547         -16.547          -13.417
 1676 (occ)     1         -12.891           4.427         -20.431         -15.816          -13.078
 1677 (occ)     1         -12.878           4.498         -21.756         -16.738          -13.397
 1678 (occ)     1         -12.875           4.474         -21.596         -16.634          -13.363
 1679 (occ)     1         -12.838           4.420         -20.442         -15.852          -13.009
 1680 (occ)     1         -12.834           4.626         -22.163         -17.185          -13.186
 1681 (occ)     1         -12.784           4.412         -20.456         -15.890          -12.939
 1682 (occ)     1         -12.765           4.567         -21.375         -16.664          -12.909
 1683 (occ)     1         -12.763           4.554         -21.687         -16.811          -13.085
 1684 (occ)     1         -12.747           4.629         -22.228         -17.275          -13.071
 1685 (occ)     1         -12.728           4.403         -20.472         -15.929          -12.867
 1686 (occ)     1         -12.719           4.493         -21.758         -16.789          -13.194
 1687 (occ)     1         -12.717           4.550         -21.231         -16.617          -12.782
 1688 (occ)     1         -12.673           4.467         -21.781         -16.800          -13.189
 1689 (occ)     1         -12.670           4.395         -20.489         -15.971          -12.794
 1690 (occ)     1         -12.667           4.554         -21.577         -16.859          -12.831
 1691 (occ)     1         -12.649           4.595         -21.845         -17.089          -12.810
 1692 (occ)     1         -12.627           4.450         -21.745         -16.796          -13.125
 1693 (occ)     1         -12.611           4.386         -20.509         -16.014          -12.720
 1694 (occ)     1         -12.604           4.486         -21.396         -16.693          -12.821
 1695 (occ)     1         -12.578           4.452         -21.526         -16.731          -12.921
 1696 (occ)     1         -12.560           4.599         -22.164         -17.336          -12.790
 1697 (occ)     1         -12.550           4.377         -20.530         -16.058          -12.646
 1698 (occ)     1         -12.550           4.429         -21.676         -16.780          -13.017
 1699 (occ)     1         -12.522           4.472         -21.197         -16.640          -12.607
 1700 (occ)     1         -12.502           4.398         -21.792         -16.824          -13.072
 1701 (occ)     1         -12.489           4.367         -20.554         -16.104          -12.571
 1702 (occ)     1         -12.470           4.555         -22.083         -17.283          -12.715
 1703 (occ)     1         -12.459           4.469         -21.078         -16.620          -12.449
 1704 (occ)     1         -12.457           4.402         -21.866         -16.909          -13.012
 1705 (occ)     1         -12.427           4.357         -20.581         -16.152          -12.498
 1706 (occ)     1         -12.417           4.370         -21.748         -16.822          -12.973
 1707 (occ)     1         -12.395           4.435         -21.192         -16.670          -12.482
 1708 (occ)     1         -12.377           4.545         -22.114         -17.357          -12.589
 1709 (occ)     1         -12.373           4.370         -21.589         -16.780          -12.812
 1710 (occ)     1         -12.364           4.347         -20.610         -16.202          -12.426
 1711 (occ)     1         -12.342           4.354         -21.683         -16.816          -12.855
 1712 (occ)     1         -12.318           4.425         -21.099         -16.670          -12.323
 1713 (occ)     1         -12.304           4.339         -21.730         -16.841          -12.853
 1714 (occ)     1         -12.301           4.337         -20.645         -16.253          -12.356
 1715 (occ)     1         -12.285           4.504         -22.055         -17.325          -12.510
 1716 (occ)     1         -12.267           4.235         -21.604         -16.370          -13.267
 1717 (occ)     1         -12.266           4.310         -21.708         -16.809          -12.854
 1718 (occ)     1         -12.261           4.233         -21.601         -16.372          -13.257
 1719 (occ)     1         -12.252           4.417         -21.116         -16.711          -12.241
 1720 (occ)     1         -12.252           4.229         -21.596         -16.376          -13.242
 1721 (occ)     1         -12.239           4.225         -21.589         -16.382          -13.222
 1722 (occ)     1         -12.239           4.326         -20.686         -16.307          -12.292
 1723 (occ)     1         -12.229           4.305         -21.627         -16.790          -12.760
 1724 (occ)     1         -12.224           4.220         -21.581         -16.388          -13.196
 1725 (occ)     1         -12.206           4.215         -21.571         -16.397          -13.165
 1726 (occ)     1         -12.205           4.358         -21.645         -16.907          -12.586
 1727 (occ)     1         -12.193           4.415         -21.918         -17.166          -12.530
 1728 (occ)     1         -12.185           4.210         -21.560         -16.406          -13.129
 1729 (occ)     1         -12.178           4.314         -20.742         -16.365          -12.241
 1730 (occ)     1         -12.177           4.412         -21.184         -16.799          -12.150
 1731 (occ)     1         -12.169           4.273         -21.685         -16.798          -12.782
 1732 (occ)     1         -12.163           4.206         -21.545         -16.416          -13.086
 1733 (occ)     1         -12.138           4.260         -21.697         -16.807          -12.768
 1734 (occ)     1         -12.138           4.201         -21.529         -16.431          -13.036
 1735 (occ)     1         -12.135           4.315         -20.394         -16.098          -12.115
 1736 (occ)     1         -12.127           4.313         -20.399         -16.105          -12.108
 1737 (occ)     1         -12.121           4.350         -21.386         -16.831          -12.326
 1738 (occ)     1         -12.120           4.302         -20.811         -16.422          -12.208
 1739 (occ)     1         -12.116           4.308         -20.410         -16.119          -12.099
 1740 (occ)     1         -12.113           4.197         -21.519         -16.444          -12.991
 1741 (occ)     1         -12.108           4.308         -21.637         -16.900          -12.537
 1742 (occ)     1         -12.101           4.303         -20.421         -16.133          -12.085
 1743 (occ)     1         -12.099           4.446         -21.733         -17.199          -12.187
 1744 (occ)     1         -12.090           4.246         -21.845         -16.892          -12.797
 1745 (occ)     1         -12.086           4.195         -21.486         -16.455          -12.922
 1746 (occ)     1         -12.081           4.294         -20.451         -16.157          -12.081
 1747 (occ)     1         -12.073           4.247         -22.014         -16.993          -12.847
 1748 (occ)     1         -12.069           4.275         -20.972         -16.487          -12.278
 1749 (occ)     1         -12.059           4.259         -20.706         -16.259          -12.246
 1750 (occ)     1         -12.058           4.220         -21.158         -16.393          -12.603
 1751 (occ)     1         -12.044           4.379         -21.007         -16.757          -11.915
 1752 (occ)     1         -12.035           4.210         -21.286         -16.468          -12.642
 1753 (occ)     1         -12.032           4.265         -20.602         -16.242          -12.128
 1754 (occ)     1         -12.021           4.268         -21.066         -16.537          -12.281
 1755 (occ)     1         -12.013           4.441         -21.937         -17.356          -12.153
 1756 (occ)     1         -12.010           4.203         -21.407         -16.526          -12.687
 1757 (occ)     1         -12.005           4.178         -20.442         -15.984          -12.285
 1758 (occ)     1         -12.003           4.272         -20.509         -16.233          -12.007
 1759 (occ)     1         -11.991           4.178         -20.577         -16.092          -12.298
 1760 (occ)     1         -11.989           4.259         -21.175         -16.587          -12.317
 1761 (occ)     1         -11.988           4.213         -21.398         -16.563          -12.609
 1762 (occ)     1         -11.974           4.341         -20.930         -16.687          -11.877
 1763 (occ)     1         -11.972           4.156         -20.656         -16.110          -12.363
 1764 (occ)     1         -11.971           4.233         -21.352         -16.598          -12.492
 1765 (occ)     1         -11.971           4.252         -20.866         -16.418          -12.168
 1766 (occ)     1         -11.970           4.250         -20.923         -16.447          -12.197
 1767 (occ)     1         -11.953           4.155         -20.707         -16.158          -12.348
 1768 (occ)     1         -11.937           4.137         -20.704         -16.133          -12.370
 1769 (occ)     1         -11.936           4.260         -20.519         -16.282          -11.914
 1770 (occ)     1         -11.927           4.418         -21.936         -17.379          -12.066
 1771 (occ)     1         -11.918           4.123         -20.693         -16.113          -12.374
 1772 (occ)     1         -11.907           4.252         -20.832         -16.494          -11.993
 1773 (occ)     1         -11.898           4.251         -20.537         -16.311          -11.873
 1774 (occ)     1         -11.898           4.197         -20.760         -16.338          -12.123
 1775 (occ)     1         -11.885           4.102         -20.644         -16.068          -12.358
 1776 (occ)     1         -11.868           4.094         -20.614         -16.047          -12.340
 1777 (occ)     1         -11.859           4.215         -20.595         -16.334          -11.905
 1778 (occ)     1         -11.853           4.093         -20.598         -16.049          -12.309
 1779 (occ)     1         -11.853           3.958         -21.089         -16.290          -12.694
 1780 (occ)     1         -11.852           3.979         -21.049         -16.298          -12.624
 1781 (occ)     1         -11.843           4.394         -21.910         -17.385          -11.974
 1782 (occ)     1         -11.836           4.073         -20.548         -15.989          -12.323
 1783 (occ)     1         -11.834           4.294         -20.857         -16.661          -11.735
 1784 (occ)     1         -11.819           4.086         -20.546         -16.032          -12.247
 1785 (occ)     1         -11.817           4.234         -20.571         -16.373          -11.781
 1786 (occ)     1         -11.805           4.057         -20.488         -15.945          -12.292
 1787 (occ)     1         -11.789           4.048         -20.456         -15.921          -12.276
 1788 (occ)     1         -11.775           4.072         -20.486         -16.006          -12.183
 1789 (occ)     1         -11.773           4.225         -20.584         -16.403          -11.729
 1790 (occ)     1         -11.762           4.270         -20.810         -16.639          -11.663
 1791 (occ)     1         -11.761           4.367         -21.864         -17.373          -11.885
 1792 (occ)     1         -11.757           4.033         -20.406         -15.887          -12.243
 1793 (occ)     1         -11.740           4.032         -20.387         -15.890          -12.206
 1794 (occ)     1         -11.728           4.216         -20.597         -16.432          -11.677
 1795 (occ)     1         -11.725           4.021         -20.357         -15.860          -12.202
 1796 (occ)     1         -11.707           4.009         -20.326         -15.832          -12.192
 1797 (occ)     1         -11.697           4.195         -20.674         -16.453          -11.722
 1798 (occ)     1         -11.687           4.099         -20.487         -16.142          -11.933
 1799 (occ)     1         -11.683           4.346         -21.825         -17.368          -11.794
 1800 (occ)     1         -11.682           4.207         -20.609         -16.461          -11.622
 1801 (occ)     1         -11.673           3.998         -20.288         -15.815          -12.147
 1802 (occ)     1         -11.654           3.991         -20.266         -15.805          -12.124
 1803 (occ)     1         -11.638           4.020         -20.318         -15.912          -12.024
 1804 (occ)     1         -11.634           4.197         -20.619         -16.490          -11.567
 1805 (occ)     1         -11.623           4.239         -20.762         -16.661          -11.486
 1806 (occ)     1         -11.617           3.983         -20.260         -15.813          -12.081
 1807 (occ)     1         -11.611           4.320         -21.754         -17.333          -11.713
 1808 (occ)     1         -11.597           3.978         -20.225         -15.803          -12.041
 1809 (occ)     1         -11.585           4.188         -20.629         -16.517          -11.509
 1810 (occ)     1         -11.579           3.980         -20.223         -15.820          -12.001
 1811 (occ)     1         -11.557           3.963         -20.203         -15.790          -12.007
 1812 (occ)     1         -11.556           4.241         -20.769         -16.719          -11.366
 1813 (occ)     1         -11.549           4.304         -21.727         -17.332          -11.640
 1814 (occ)     1         -11.536           4.177         -20.637         -16.543          -11.453
 1815 (occ)     1         -11.536           4.063         -20.736         -16.221          -11.989
 1816 (occ)     1         -11.535           4.064         -20.734         -16.224          -11.980
 1817 (occ)     1         -11.534           3.969         -20.201         -15.824          -11.942
 1818 (occ)     1         -11.517           4.058         -20.738         -16.242          -11.954
 1819 (occ)     1         -11.515           3.960         -20.173         -15.801          -11.928
 1820 (occ)     1         -11.512           4.057         -20.761         -16.253          -11.963
 1821 (occ)     1         -11.504           4.296         -21.719         -17.343          -11.584
 1822 (occ)     1         -11.492           3.944         -20.143         -15.769          -11.923
 1823 (occ)     1         -11.489           4.227         -20.742         -16.727          -11.277
 1824 (occ)     1         -11.488           4.088         -20.687         -16.349          -11.738
 1825 (occ)     1         -11.485           4.134         -20.663         -16.489          -11.525
 1826 (occ)     1         -11.479           4.040         -20.824         -16.288          -11.974
 1827 (occ)     1         -11.467           3.955         -20.169         -15.834          -11.847
 1828 (occ)     1         -11.448           4.069         -20.640         -16.304          -11.716
 1829 (occ)     1         -11.447           3.947         -20.144         -15.813          -11.831
 1830 (occ)     1         -11.442           4.020         -20.883         -16.319          -11.987
 1831 (occ)     1         -11.435           4.154         -20.650         -16.591          -11.340
 1832 (occ)     1         -11.423           4.217         -20.725         -16.748          -11.182
 1833 (occ)     1         -11.422           3.923         -20.100         -15.763          -11.835
 1834 (occ)     1         -11.403           4.004         -20.908         -16.343          -11.965
 1835 (occ)     1         -11.400           4.075         -20.600         -16.343          -11.581
 1836 (occ)     1         -11.396           3.931         -20.122         -15.817          -11.770
 1837 (occ)     1         -11.384           4.143         -20.655         -16.615          -11.280
 1838 (occ)     1         -11.375           3.955         -20.161         -15.898          -11.683
 1839 (occ)     1         -11.362           3.994         -20.894         -16.365          -11.898
 1840 (occ)     1         -11.356           4.188         -20.672         -16.709          -11.132
 1841 (occ)     1         -11.347           3.908         -20.072         -15.777          -11.735
 1842 (occ)     1         -11.345           4.057         -20.654         -16.384          -11.559
 1843 (occ)     1         -11.333           4.131         -20.660         -16.637          -11.224
 1844 (occ)     1         -11.320           3.905         -20.078         -15.804          -11.689
 1845 (occ)     1         -11.318           4.000         -20.806         -16.389          -11.734
 1846 (occ)     1         -11.302           4.071         -20.401         -16.330          -11.302
 1847 (occ)     1         -11.293           4.001         -20.837         -16.406          -11.723
 1848 (occ)     1         -11.288           4.042         -20.392         -16.310          -11.327
 1849 (occ)     1         -11.282           4.119         -20.659         -16.658          -11.163
 1850 (occ)     1         -11.268           3.900         -20.065         -15.823          -11.611
 1851 (occ)     1         -11.265           4.042         -20.612         -16.428          -11.408
 1852 (occ)     1         -11.247           3.963         -20.929         -16.417          -11.795
 1853 (occ)     1         -11.239           3.883         -20.051         -15.813          -11.594
 1854 (occ)     1         -11.236           4.174         -20.644         -16.743          -10.963
 1855 (occ)     1         -11.231           4.105         -20.659         -16.675          -11.109
 1856 (occ)     1         -11.209           3.890         -20.103         -15.899          -11.523
 1857 (occ)     1         -11.204           4.067         -20.523         -16.472          -11.188
 1858 (occ)     1         -11.203           3.944         -20.939         -16.430          -11.768
 1859 (occ)     1         -11.189           4.035         -20.336         -16.298          -11.191
 1860 (occ)     1         -11.180           4.089         -20.661         -16.687          -11.065
 1861 (occ)     1         -11.176           4.000         -20.440         -16.371          -11.245
 1862 (occ)     1         -11.160           3.933         -20.916         -16.444          -11.699
 1863 (occ)     1         -11.154           3.888         -20.072         -15.898          -11.441
 1864 (occ)     1         -11.150           4.134         -21.194         -17.065          -11.145
 1865 (occ)     1         -11.139           4.037         -20.591         -16.499          -11.194
 1866 (occ)     1         -11.132           4.091         -21.131         -16.962          -11.210
 1867 (occ)     1         -11.131           4.066         -20.665         -16.690          -11.041
 1868 (occ)     1         -11.129           3.419         -17.163         -13.511          -11.362
 1869 (occ)     1         -11.129           3.408         -17.163         -13.511          -11.372
 1870 (occ)     1         -11.123           4.146         -20.942         -16.917          -11.002
 1871 (occ)     1         -11.120           3.904         -20.134         -15.998          -11.352
 1872 (occ)     1         -11.115           3.945         -20.807         -16.470          -11.507
 1873 (occ)     1         -11.095           4.088         -21.074         -16.933          -11.149
 1874 (occ)     1         -11.087           3.930         -20.855         -16.475          -11.537
 1875 (occ)     1         -11.086           4.032         -20.679         -16.669          -11.064
 1876 (occ)     1         -11.085           3.904         -20.158         -16.048          -11.292
 1877 (occ)     1         -11.081           4.100         -20.678         -16.718          -10.941
 1878 (occ)     1         -11.060           4.038         -20.520         -16.542          -10.999
 1879 (occ)     1         -11.053           4.093         -21.076         -16.968          -11.068
 1880 (occ)     1         -11.051           3.911         -20.855         -16.490          -11.505
 1881 (occ)     1         -11.050           3.974         -20.723         -16.597          -11.202
 1882 (occ)     1         -11.049           3.886         -20.147         -16.049          -11.260
 1883 (occ)     1         -11.041           4.066         -20.527         -16.592          -10.910
 1884 (occ)     1         -11.013           4.053         -20.845         -16.777          -11.028
 1885 (occ)     1         -11.007           4.033         -20.415         -16.488          -10.900
 1886 (occ)     1         -11.007           3.925         -20.423         -16.344          -11.161
 1887 (occ)     1         -10.998           4.001         -20.550         -16.581          -10.967
 1888 (occ)     1         -10.985           4.077         -16.553         -13.226          -10.234
 1889 (occ)     1         -10.984           3.907         -20.773         -16.604          -11.247
 1890 (occ)     1         -10.983           4.075         -16.552         -13.227          -10.233
 1891 (occ)     1         -10.980           4.072         -16.551         -13.227          -10.232
 1892 (occ)     1         -10.977           4.009         -20.362         -16.432          -10.899
 1893 (occ)     1         -10.976           4.070         -16.550         -13.227          -10.228
 1894 (occ)     1         -10.976           4.052         -20.881         -16.830          -10.975
 1895 (occ)     1         -10.972           3.970         -20.645         -16.646          -11.001
 1896 (occ)     1         -10.972           4.069         -16.548         -13.228          -10.223
 1897 (occ)     1         -10.966           4.064         -16.546         -13.229          -10.219
 1898 (occ)     1         -10.960           4.063         -16.544         -13.230          -10.211
 1899 (occ)     1         -10.960           3.962         -20.469         -16.476          -10.991
 1900 (occ)     1         -10.953           4.057         -16.541         -13.231          -10.206
 1901 (occ)     1         -10.952           3.983         -20.335         -16.395          -10.909
 1902 (occ)     1         -10.945           4.051         -16.538         -13.232          -10.200
 1903 (occ)     1         -10.944           4.036         -20.808         -16.789          -10.928
 1904 (occ)     1         -10.936           4.047         -16.534         -13.233          -10.190
 1905 (occ)     1         -10.932           4.012         -20.455         -16.517          -10.859
 1906 (occ)     1         -10.926           4.043         -16.531         -13.234          -10.179
 1907 (occ)     1         -10.921           4.007         -20.657         -16.675          -10.897
 1908 (occ)     1         -10.916           4.023         -20.528         -16.581          -10.840
 1909 (occ)     1         -10.916           4.063         -20.458         -16.651          -10.660
 1910 (occ)     1         -10.915           4.038         -16.526         -13.236          -10.168
 1911 (occ)     1         -10.911           4.005         -20.543         -16.608          -10.842
 1912 (occ)     1         -10.907           4.031         -20.557         -16.610          -10.823
 1913 (occ)     1         -10.904           4.033         -16.522         -13.238          -10.155
 1914 (occ)     1         -10.904           4.011         -20.556         -16.607          -10.842
 1915 (occ)     1         -10.903           3.945         -20.464         -16.520          -10.901
 1916 (occ)     1         -10.899           4.070         -20.845         -16.805          -10.869
 1917 (occ)     1         -10.891           4.028         -16.517         -13.239          -10.141
 1918 (occ)     1         -10.891           4.078         -20.792         -16.832          -10.773
 1919 (occ)     1         -10.878           4.019         -16.512         -13.241          -10.129
 1920 (occ)     1         -10.869           4.028         -20.835         -16.770          -10.905
 1921 (occ)     1         -10.863           4.016         -16.506         -13.243          -10.111
 1922 (occ)     1         -10.853           4.020         -20.743         -16.744          -10.832
 1923 (occ)     1         -10.851           3.982         -20.490         -16.642          -10.717
 1924 (occ)     1         -10.848           4.008         -16.500         -13.245          -10.096
 1925 (occ)     1         -10.844           4.080         -20.527         -16.777          -10.514
 1926 (occ)     1         -10.832           3.999         -16.494         -13.247          -10.080
 1927 (occ)     1         -10.830           4.007         -20.756         -16.750          -10.830
 1928 (occ)     1         -10.815           3.992         -16.487         -13.249          -10.061
 1929 (occ)     1         -10.810           3.981         -20.810         -16.744          -10.896
 1930 (occ)     1         -10.797           3.983         -16.480         -13.251          -10.043
 1931 (occ)     1         -10.795           4.003         -20.534         -16.748          -10.579
 1932 (occ)     1         -10.793           4.048         -20.721         -16.861          -10.604
 1933 (occ)     1         -10.779           3.976         -16.472         -13.253          -10.021
 1934 (occ)     1         -10.770           4.034         -20.465         -16.707          -10.493
 1935 (occ)     1         -10.769           3.945         -20.832         -16.714          -10.942
 1936 (occ)     1         -10.759           3.971         -16.464         -13.256           -9.997
 1937 (occ)     1         -10.749           4.057         -20.686         -16.909          -10.469
 1938 (occ)     1         -10.739           4.015         -20.562         -16.828          -10.458
 1939 (occ)     1         -10.738           3.960         -16.456         -13.258           -9.977
 1940 (occ)     1         -10.731           3.929         -20.822         -16.709          -10.915
 1941 (occ)     1         -10.717           3.948         -16.448         -13.261           -9.956
 1942 (occ)     1         -10.704           3.982         -20.596         -16.724          -10.593
 1943 (occ)     1         -10.704           4.056         -20.661         -16.938          -10.370
 1944 (occ)     1         -10.695           3.940         -16.439         -13.263           -9.930
 1945 (occ)     1         -10.690           3.961         -20.653         -16.734          -10.648
 1946 (occ)     1         -10.683           4.023         -20.580         -16.893          -10.347
 1947 (occ)     1         -10.672           3.931         -16.430         -13.266           -9.904
 1948 (occ)     1         -10.663           3.922         -20.784         -16.726          -10.800
 1949 (occ)     1         -10.658           4.047         -20.649         -16.954          -10.306
 1950 (occ)     1         -10.648           3.922         -16.420         -13.269           -9.877
 1951 (occ)     1         -10.631           3.924         -20.757         -16.743          -10.721
 1952 (occ)     1         -10.628           4.028         -20.594         -16.950          -10.243
 1953 (occ)     1         -10.627           4.017         -20.449         -16.775          -10.283
 1954 (occ)     1         -10.623           3.912         -16.410         -13.272           -9.850
 1955 (occ)     1         -10.613           4.027         -20.648         -16.947          -10.287
 1956 (occ)     1         -10.601           3.945         -20.697         -16.781          -10.572
 1957 (occ)     1         -10.597           3.902         -16.400         -13.275           -9.821
 1958 (occ)     1         -10.581           3.940         -20.678         -16.763          -10.556
 1959 (occ)     1         -10.575           4.034         -20.606         -17.004          -10.144
 1960 (occ)     1         -10.571           3.890         -16.390         -13.278           -9.793
 1961 (occ)     1         -10.566           4.030         -20.625         -16.982          -10.178
 1962 (occ)     1         -10.558           3.943         -20.638         -16.757          -10.496
 1963 (occ)     1         -10.555           4.008         -20.442         -16.808          -10.180
 1964 (occ)     1         -10.543           3.883         -16.379         -13.281           -9.759
 1965 (occ)     1         -10.539           3.956         -20.575         -16.759          -10.399
 1966 (occ)     1         -10.527           3.971         -20.553         -16.783          -10.326
 1967 (occ)     1         -10.525           4.039         -20.620         -17.056          -10.049
 1968 (occ)     1         -10.521           4.015         -20.598         -16.964          -10.140
 1969 (occ)     1         -10.516           3.971         -20.487         -16.733          -10.298
 1970 (occ)     1         -10.515           3.870         -16.369         -13.284           -9.729
 1971 (occ)     1         -10.508           3.980         -20.444         -16.721          -10.251
 1972 (occ)     1         -10.504           3.996         -20.254         -16.606          -10.156
 1973 (occ)     1         -10.503           3.996         -20.259         -16.610          -10.157
 1974 (occ)     1         -10.503           3.986         -20.399         -16.699          -10.217
 1975 (occ)     1         -10.502           3.996         -20.261         -16.612          -10.156
 1976 (occ)     1         -10.501           3.995         -20.268         -16.618          -10.156
 1977 (occ)     1         -10.500           3.992         -20.351         -16.674          -10.185
 1978 (occ)     1         -10.500           3.995         -20.291         -16.634          -10.162
 1979 (occ)     1         -10.499           3.996         -20.298         -16.641          -10.160
 1980 (occ)     1         -10.499           3.992         -20.321         -16.655          -10.172
 1981 (occ)     1         -10.499           3.994         -20.306         -16.647          -10.164
 1982 (occ)     1         -10.494           3.966         -20.316         -16.656          -10.188
 1983 (occ)     1         -10.493           3.961         -20.313         -16.648          -10.198
 1984 (occ)     1         -10.486           3.863         -16.357         -13.288           -9.692
 1985 (occ)     1         -10.484           3.998         -20.408         -16.840          -10.055
 1986 (occ)     1         -10.479           4.013         -20.603         -17.017          -10.052
 1987 (occ)     1         -10.478           4.046         -20.635         -17.106           -9.962
 1988 (occ)     1         -10.456           3.848         -16.346         -13.291           -9.663
 1989 (occ)     1         -10.439           4.053         -20.638         -17.125           -9.899
 1990 (occ)     1         -10.437           4.005         -20.600         -17.033           -9.999
 1991 (occ)     1         -10.425           3.836         -16.334         -13.295           -9.629
 1992 (occ)     1         -10.419           3.995         -20.426         -16.899           -9.951
 1993 (occ)     1         -10.414           4.038         -20.549         -17.004           -9.921
 1994 (occ)     1         -10.404           3.996         -20.356         -16.775           -9.990
 1995 (occ)     1         -10.401           3.975         -20.236         -16.664           -9.999
 1996 (occ)     1         -10.399           3.969         -20.170         -16.616           -9.984
 1997 (occ)     1         -10.397           3.994         -20.592         -17.043           -9.952
 1998 (occ)     1         -10.393           3.821         -16.322         -13.298           -9.596
 1999 (occ)     1         -10.391           3.950         -20.306         -16.728          -10.019
 2000 (occ)     1         -10.391           3.951         -20.311         -16.731          -10.020
 2001 (occ)     1         -10.361           3.816         -16.310         -13.302           -9.553
 2002 (occ)     1         -10.359           3.964         -20.559         -17.011           -9.943
 2003 (occ)     1         -10.343           3.988         -20.332         -16.833           -9.855
 2004 (occ)     1         -10.328           3.797         -16.297         -13.306           -9.522
 2005 (occ)     1         -10.326           3.884         -20.508         -16.914          -10.036
 2006 (occ)     1         -10.312           3.853         -20.280         -16.575          -10.164
 2007 (occ)     1         -10.308           3.829         -20.323         -16.516          -10.285
 2008 (occ)     1         -10.303           3.778         -20.415         -16.748          -10.193
 2009 (occ)     1         -10.303           3.868         -20.456         -16.865          -10.026
 2010 (occ)     1         -10.296           3.894         -20.332         -16.760           -9.975
 2011 (occ)     1         -10.293           3.789         -16.284         -13.310           -9.479
 2012 (occ)     1         -10.286           3.812         -20.400         -16.551          -10.323
 2013 (occ)     1         -10.276           3.895         -20.381         -16.856           -9.906
 2014 (occ)     1         -10.273           3.913         -20.529         -16.987           -9.902
 2015 (occ)     1         -10.270           3.937         -20.411         -16.925           -9.820
 2016 (occ)     1         -10.258           3.774         -16.271         -13.314           -9.441
 2017 (occ)     1         -10.254           3.821         -20.471         -16.646          -10.258
 2018 (occ)     1         -10.241           3.956         -20.468         -16.995           -9.758
 2019 (occ)     1         -10.241           3.947         -20.552         -17.063           -9.784
 2020 (occ)     1         -10.224           3.962         -20.403         -16.990           -9.675
 2021 (occ)     1         -10.223           3.934         -20.481         -16.995           -9.775
 2022 (occ)     1         -10.223           3.762         -16.257         -13.318           -9.399
 2023 (occ)     1         -10.211           3.899         -20.534         -16.834          -10.012
 2024 (occ)     1         -10.209           3.869         -19.924         -16.293           -9.972
 2025 (occ)     1         -10.208           3.950         -20.549         -17.086           -9.722
 2026 (occ)     1         -10.206           3.950         -20.408         -16.997           -9.666
 2027 (occ)     1         -10.204           3.881         -20.003         -16.413           -9.913
 2028 (occ)     1         -10.199           3.970         -20.489         -17.056           -9.661
 2029 (occ)     1         -10.197           3.868         -19.954         -16.343           -9.941
 2030 (occ)     1         -10.187           3.858         -19.938         -16.319           -9.949
 2031 (occ)     1         -10.186           3.747         -16.243         -13.323           -9.360
 2032 (occ)     1         -10.178           3.958         -20.554         -17.119           -9.654
 2033 (occ)     1         -10.175           3.852         -19.945         -16.329           -9.939
 2034 (occ)     1         -10.174           3.755         -20.216         -16.309          -10.326
 2035 (occ)     1         -10.174           3.754         -20.211         -16.303          -10.327
 2036 (occ)     1         -10.171           3.942         -20.400         -16.976           -9.653
 2037 (occ)     1         -10.169           3.749         -20.227         -16.309          -10.338
 2038 (occ)     1         -10.168           3.768         -20.211         -16.348          -10.264
 2039 (occ)     1         -10.165           3.800         -20.501         -16.636          -10.230
 2040 (occ)     1         -10.161           3.841         -20.017         -16.374           -9.962
 2041 (occ)     1         -10.161           3.756         -20.201         -16.322          -10.283
 2042 (occ)     1         -10.161           3.742         -20.256         -16.331          -10.344
 2043 (occ)     1         -10.151           3.774         -20.312         -16.470          -10.219
 2044 (occ)     1         -10.150           3.758         -20.186         -16.331          -10.247
 2045 (occ)     1         -10.148           3.736         -16.229         -13.327           -9.314
 2046 (occ)     1         -10.148           3.909         -20.518         -16.986           -9.771
 2047 (occ)     1         -10.145           3.838         -19.966         -16.362           -9.912
 2048 (occ)     1         -10.138           3.760         -20.177         -16.346          -10.209
 2049 (occ)     1         -10.137           3.722         -20.317         -16.361          -10.371
 2050 (occ)     1         -10.127           3.831         -19.977         -16.379           -9.893
 2051 (occ)     1         -10.125           3.759         -20.203         -16.385          -10.184
 2052 (occ)     1         -10.125           3.890         -20.402         -16.853           -9.783
 2053 (occ)     1         -10.121           3.936         -20.515         -17.095           -9.605
 2054 (occ)     1         -10.120           3.803         -20.370         -16.616          -10.071
 2055 (occ)     1         -10.117           3.778         -20.533         -16.644          -10.229
 2056 (occ)     1         -10.110           3.724         -16.215         -13.332           -9.269
 2057 (occ)     1         -10.110           3.746         -20.192         -16.367          -10.189
 2058 (occ)     1         -10.107           3.824         -20.023         -16.414           -9.892
 2059 (occ)     1         -10.105           3.713         -20.365         -16.413          -10.344
 2060 (occ)     1         -10.096           3.934         -20.528         -17.120           -9.570
 2061 (occ)     1         -10.094           3.739         -20.203         -16.382          -10.176
 2062 (occ)     1         -10.087           3.817         -20.007         -16.423           -9.854
 2063 (occ)     1         -10.086           3.719         -20.365         -16.450          -10.282
 2064 (occ)     1         -10.084           3.956         -20.459         -17.131           -9.456
 2065 (occ)     1         -10.076           3.724         -20.241         -16.396          -10.197
 2066 (occ)     1         -10.074           3.920         -20.514         -17.093           -9.575
 2067 (occ)     1         -10.071           3.710         -16.200         -13.336           -9.225
 2068 (occ)     1         -10.067           3.739         -20.361         -16.512          -10.178
 2069 (occ)     1         -10.066           3.758         -20.545         -16.647          -10.206
 2070 (occ)     1         -10.064           3.811         -20.013         -16.441           -9.825
 2071 (occ)     1         -10.058           3.711         -20.280         -16.415          -10.211
 2072 (occ)     1         -10.056           3.960         -20.523         -17.196           -9.424
 2073 (occ)     1         -10.054           3.902         -20.469         -17.026           -9.595
 2074 (occ)     1         -10.047           3.765         -20.369         -16.599          -10.052
 2075 (occ)     1         -10.041           3.952         -20.529         -17.199           -9.418
 2076 (occ)     1         -10.040           3.804         -20.031         -16.466           -9.802
 2077 (occ)     1         -10.040           3.707         -20.295         -16.434          -10.194
 2078 (occ)     1         -10.035           3.929         -20.493         -17.122           -9.476
 2079 (occ)     1         -10.031           3.697         -16.185         -13.341           -9.178
 2080 (occ)     1         -10.030           3.962         -20.527         -17.224           -9.372
 2081 (occ)     1         -10.029           3.762         -20.434         -16.644          -10.058
 2082 (occ)     1         -10.021           3.723         -20.226         -16.439          -10.085
 2083 (occ)     1         -10.021           3.864         -20.474         -17.062           -9.569
 2084 (occ)     1         -10.018           3.850         -20.489         -17.052           -9.605
 2085 (occ)     1         -10.018           3.778         -20.222         -16.541           -9.921
 2086 (occ)     1         -10.011           3.764         -20.351         -16.583          -10.015
 2087 (occ)     1         -10.009           3.673         -20.523         -16.571          -10.289
 2088 (occ)     1         -10.002           3.734         -20.147         -16.428           -9.986
 2089 (occ)     1          -9.993           3.630         -20.623         -16.540          -10.445
 2090 (occ)     1          -9.990           3.683         -16.170         -13.346           -9.132
 2091 (occ)     1          -9.990           3.789         -20.053         -16.509           -9.745
 2092 (occ)     1          -9.985           3.755         -16.112         -13.270           -9.072
 2093 (occ)     1          -9.984           3.750         -16.111         -13.270           -9.075
 2094 (occ)     1          -9.981           3.748         -20.066         -16.425           -9.875
 2095 (occ)     1          -9.981           3.750         -16.110         -13.270           -9.071
 2096 (occ)     1          -9.978           3.617         -20.666         -16.552          -10.475
 2097 (occ)     1          -9.977           3.749         -16.109         -13.270           -9.067
 2098 (occ)     1          -9.973           3.747         -16.107         -13.271           -9.063
 2099 (occ)     1          -9.968           3.740         -16.105         -13.271           -9.061
 2100 (occ)     1          -9.965           3.614         -20.680         -16.562          -10.470
 2101 (occ)     1          -9.963           3.783         -20.062         -16.531           -9.711
 2102 (occ)     1          -9.962           3.734         -16.103         -13.272           -9.059
 2103 (occ)     1          -9.961           3.722         -20.494         -16.618          -10.115
 2104 (occ)     1          -9.960           3.741         -20.110         -16.447           -9.883
 2105 (occ)     1          -9.956           3.726         -16.100         -13.273           -9.057
 2106 (occ)     1          -9.955           3.627         -20.612         -16.554          -10.386
 2107 (occ)     1          -9.949           3.667         -16.154         -13.351           -9.085
 2108 (occ)     1          -9.948           3.719         -16.097         -13.274           -9.053
 2109 (occ)     1          -9.948           3.614         -20.698         -16.581          -10.451
 2110 (occ)     1          -9.942           3.612         -20.716         -16.588          -10.458
 2111 (occ)     1          -9.940           3.715         -16.093         -13.274           -9.044
 2112 (occ)     1          -9.940           3.624         -20.680         -16.583          -10.412
 2113 (occ)     1          -9.937           3.739         -20.055         -16.442           -9.810
 2114 (occ)     1          -9.936           3.776         -20.080         -16.555           -9.685
 2115 (occ)     1          -9.931           3.709         -16.090         -13.275           -9.036
 2116 (occ)     1          -9.921           3.704         -16.086         -13.277           -9.026
 2117 (occ)     1          -9.914           3.743         -19.985         -16.438           -9.718
 2118 (occ)     1          -9.913           3.741         -20.265         -16.583           -9.854
 2119 (occ)     1          -9.911           3.693         -16.081         -13.278           -9.021
 2120 (occ)     1          -9.906           3.652         -16.138         -13.356           -9.037
 2121 (occ)     1          -9.905           3.739         -20.286         -16.591           -9.861
 2122 (occ)     1          -9.899           3.688         -16.076         -13.279           -9.009
 2123 (occ)     1          -9.890           3.739         -19.976         -16.446           -9.681
 2124 (occ)     1          -9.887           3.681         -16.071         -13.281           -8.996
 2125 (occ)     1          -9.883           3.760         -20.097         -16.596           -9.624
 2126 (occ)     1          -9.874           3.672         -16.066         -13.282           -8.985
 2127 (occ)     1          -9.865           3.733         -19.970         -16.455           -9.646
 2128 (occ)     1          -9.863           3.640         -16.122         -13.361           -8.985
 2129 (occ)     1          -9.860           3.669         -16.060         -13.284           -8.967
 2130 (occ)     1          -9.858           3.684         -20.418         -16.577          -10.015
 2131 (occ)     1          -9.855           3.754         -20.102         -16.618           -9.585
 2132 (occ)     1          -9.845           3.659         -16.054         -13.286           -8.955
 2133 (occ)     1          -9.839           3.728         -19.964         -16.465           -9.611
 2134 (occ)     1          -9.830           3.654         -16.047         -13.287           -8.936
 2135 (occ)     1          -9.827           3.746         -20.114         -16.639           -9.555
 2136 (occ)     1          -9.820           3.624         -16.106         -13.367           -8.934
 2137 (occ)     1          -9.813           3.722         -19.958         -16.474           -9.576
 2138 (occ)     1          -9.813           3.646         -16.040         -13.289           -8.919
 2139 (occ)     1          -9.810           3.675         -20.341         -16.562           -9.913
 2140 (occ)     1          -9.799           3.734         -20.159         -16.648           -9.575
 2141 (occ)     1          -9.796           3.637         -16.033         -13.291           -8.901
 2142 (occ)     1          -9.787           3.715         -19.953         -16.484           -9.540
 2143 (occ)     1          -9.778           3.625         -16.026         -13.294           -8.885
 2144 (occ)     1          -9.775           3.609         -16.089         -13.372           -8.883
 2145 (occ)     1          -9.775           3.727         -20.136         -16.667           -9.517
 2146 (occ)     1          -9.760           3.651         -20.317         -16.537           -9.889
 2147 (occ)     1          -9.759           3.709         -19.948         -16.495           -9.504
 2148 (occ)     1          -9.759           3.619         -16.018         -13.296           -8.862
 2149 (occ)     1          -9.752           3.650         -20.256         -16.658           -9.700
 2150 (occ)     1          -9.748           3.723         -20.135         -16.695           -9.464
 2151 (occ)     1          -9.742           3.660         -20.250         -16.678           -9.654
 2152 (occ)     1          -9.739           3.608         -16.010         -13.298           -8.843
 2153 (occ)     1          -9.732           3.696         -20.308         -16.788           -9.557
 2154 (occ)     1          -9.732           3.702         -19.949         -16.510           -9.468
 2155 (occ)     1          -9.729           3.594         -16.072         -13.378           -8.830
 2156 (occ)     1          -9.728           3.689         -20.305         -16.780           -9.565
 2157 (occ)     1          -9.726           3.670         -20.236         -16.688           -9.604
 2158 (occ)     1          -9.722           3.718         -20.143         -16.718           -9.429
 2159 (occ)     1          -9.720           3.678         -20.291         -16.761           -9.572
 2160 (occ)     1          -9.719           3.602         -16.002         -13.301           -8.818
 2161 (occ)     1          -9.716           3.626         -20.252         -16.491           -9.851
 2162 (occ)     1          -9.708           3.665         -20.269         -16.736           -9.576
 2163 (occ)     1          -9.707           3.660         -20.097         -16.533           -9.611
 2164 (occ)     1          -9.703           3.696         -19.942         -16.519           -9.431
 2165 (occ)     1          -9.700           3.545         -19.467         -15.691           -9.931
 2166 (occ)     1          -9.697           3.595         -15.993         -13.303           -8.792
 2167 (occ)     1          -9.697           3.704         -20.126         -16.688           -9.431
 2168 (occ)     1          -9.690           3.559         -19.550         -15.808           -9.874
 2169 (occ)     1          -9.690           3.650         -20.246         -16.714           -9.571
 2170 (occ)     1          -9.684           3.654         -20.132         -16.571           -9.591
 2171 (occ)     1          -9.683           3.576         -16.055         -13.383           -8.778
 2172 (occ)     1          -9.676           3.675         -20.115         -16.618           -9.498
 2173 (occ)     1          -9.675           3.586         -15.984         -13.306           -8.767
 2174 (occ)     1          -9.675           3.689         -19.936         -16.529           -9.393
 2175 (occ)     1          -9.670           3.633         -20.096         -16.441           -9.692
 2176 (occ)     1          -9.670           3.566         -19.614         -15.915           -9.802
 2177 (occ)     1          -9.664           3.638         -20.219         -16.697           -9.549
 2178 (occ)     1          -9.658           3.648         -20.078         -16.543           -9.545
 2179 (occ)     1          -9.652           3.576         -15.975         -13.309           -8.743
 2180 (occ)     1          -9.652           3.697         -20.159         -16.763           -9.351
 2181 (occ)     1          -9.645           3.682         -19.932         -16.541           -9.354
 2182 (occ)     1          -9.644           3.606         -19.816         -16.218           -9.636
 2183 (occ)     1          -9.636           3.564         -16.037         -13.389           -8.720
 2184 (occ)     1          -9.634           3.583         -20.046         -16.330           -9.767
 2185 (occ)     1          -9.631           3.627         -20.193         -16.690           -9.507
 2186 (occ)     1          -9.631           3.627         -20.006         -16.465           -9.545
 2187 (occ)     1          -9.630           3.688         -20.144         -16.744           -9.342
 2188 (occ)     1          -9.628           3.567         -15.966         -13.312           -8.715
 2189 (occ)     1          -9.616           3.674         -19.928         -16.553           -9.316
 2190 (occ)     1          -9.616           3.654         -20.044         -16.565           -9.441
 2191 (occ)     1          -9.610           3.689         -20.180         -16.804           -9.297
 2192 (occ)     1          -9.604           3.558         -15.956         -13.315           -8.687
 2193 (occ)     1          -9.600           3.581         -20.049         -16.391           -9.676
 2194 (occ)     1          -9.600           3.586         -19.872         -16.273           -9.612
 2195 (occ)     1          -9.592           3.618         -20.168         -16.691           -9.451
 2196 (occ)     1          -9.591           3.670         -20.135         -16.742           -9.315
 2197 (occ)     1          -9.589           3.547         -16.019         -13.395           -8.666
 2198 (occ)     1          -9.588           3.688         -20.192         -16.793           -9.299
 2199 (occ)     1          -9.586           3.667         -19.925         -16.565           -9.279
 2200 (occ)     1          -9.578           3.546         -15.946         -13.318           -8.660
 2201 (occ)     1          -9.575           3.664         -20.175         -16.794           -9.291
 2202 (occ)     1          -9.568           3.606         -20.120         -16.540           -9.542
 2203 (occ)     1          -9.567           3.574         -19.861         -16.273           -9.580
 2204 (occ)     1          -9.563           3.678         -20.159         -16.772           -9.272
 2205 (occ)     1          -9.559           3.668         -20.184         -16.825           -9.251
 2206 (occ)     1          -9.556           3.658         -19.922         -16.576           -9.243
 2207 (occ)     1          -9.552           3.536         -15.935         -13.321           -8.630
 2208 (occ)     1          -9.547           3.607         -20.143         -16.694           -9.389
 2209 (occ)     1          -9.546           3.664         -20.194         -16.833           -9.243
 2210 (occ)     1          -9.544           3.628         -20.186         -16.700           -9.402
 2211 (occ)     1          -9.540           3.532         -16.001         -13.401           -8.608
 2212 (occ)     1          -9.538           3.594         -20.000         -16.474           -9.470
 2213 (occ)     1          -9.537           3.658         -20.132         -16.725           -9.286
 2214 (occ)     1          -9.535           3.664         -20.199         -16.840           -9.230
 2215 (occ)     1          -9.527           3.661         -20.204         -16.824           -9.246
 2216 (occ)     1          -9.526           3.640         -20.135         -16.716           -9.305
 2217 (occ)     1          -9.525           3.648         -19.918         -16.585           -9.210
 2218 (occ)     1          -9.525           3.523         -15.925         -13.324           -8.603
 2219 (occ)     1          -9.523           3.648         -20.194         -16.767           -9.303
 2220 (occ)     1          -9.521           3.614         -20.146         -16.736           -9.318
 2221 (occ)     1          -9.519           3.640         -20.210         -16.830           -9.258
 2222 (occ)     1          -9.508           3.599         -19.982         -16.549           -9.342
 2223 (occ)     1          -9.500           3.647         -20.107         -16.744           -9.216
 2224 (occ)     1          -9.499           3.588         -20.105         -16.673           -9.344
 2225 (occ)     1          -9.497           3.514         -15.914         -13.328           -8.569
 2226 (occ)     1          -9.495           3.635         -19.913         -16.585           -9.188
 2227 (occ)     1          -9.492           3.517         -15.982         -13.408           -8.550
 2228 (occ)     1          -9.480           3.567         -19.866         -16.419           -9.360
 2229 (occ)     1          -9.477           3.671         -20.170         -16.841           -9.136
 2230 (occ)     1          -9.468           3.507         -15.903         -13.331           -8.533
 2231 (occ)     1          -9.465           3.613         -19.915         -16.594           -9.172
 2232 (occ)     1          -9.456           3.672         -20.171         -16.847           -9.108
 2233 (occ)     1          -9.455           3.545         -19.996         -16.570           -9.336
 2234 (occ)     1          -9.450           3.584         -19.934         -16.535           -9.264
 2235 (occ)     1          -9.442           3.502         -15.963         -13.414           -8.490
 2236 (occ)     1          -9.438           3.494         -15.891         -13.335           -8.501
 2237 (occ)     1          -9.434           3.623         -20.023         -16.656           -9.179
 2238 (occ)     1          -9.427           3.658         -20.144         -16.824           -9.089
 2239 (occ)     1          -9.418           3.708         -20.069         -16.898           -8.882
 2240 (occ)     1          -9.408           3.674         -20.179         -16.869           -9.045
 2241 (occ)     1          -9.408           3.488         -15.880         -13.339           -8.461
 2242 (occ)     1          -9.406           3.571         -19.898         -16.501           -9.231
 2243 (occ)     1          -9.398           3.658         -19.981         -16.763           -8.958
 2244 (occ)     1          -9.392           3.486         -15.944         -13.420           -8.430
 2245 (occ)     1          -9.389           3.640         -20.071         -16.720           -9.100
 2246 (occ)     1          -9.384           3.646         -20.133         -16.896           -8.975
 2247 (occ)     1          -9.382           3.641         -20.102         -16.759           -9.084
 2248 (occ)     1          -9.377           3.473         -15.868         -13.343           -8.429
 2249 (occ)     1          -9.367           3.650         -19.958         -16.770           -8.905
 2250 (occ)     1          -9.361           3.563         -19.870         -16.456           -9.212
 2251 (occ)     1          -9.360           3.653         -20.133         -16.773           -9.068
 2252 (occ)     1          -9.345           3.462         -15.856         -13.347           -8.392
 2253 (occ)     1          -9.342           3.466         -15.925         -13.427           -8.374
 2254 (occ)     1          -9.337           3.642         -19.959         -16.789           -8.864
 2255 (occ)     1          -9.335           3.618         -20.041         -16.629           -9.130
 2256 (occ)     1          -9.333           3.608         -20.126         -16.874           -8.977
 2257 (occ)     1          -9.328           3.578         -19.947         -16.523           -9.173
 2258 (occ)     1          -9.312           3.452         -15.843         -13.351           -8.353
 2259 (occ)     1          -9.308           3.637         -19.965         -16.815           -8.821
 2260 (occ)     1          -9.301           3.553         -19.869         -16.413           -9.204
 2261 (occ)     1          -9.294           3.451         -15.904         -13.433           -8.314
 2262 (occ)     1          -9.293           3.582         -20.004         -16.550           -9.164
 2263 (occ)     1          -9.283           3.613         -20.019         -16.838           -8.851
 2264 (occ)     1          -9.279           3.440         -15.831         -13.355           -8.314
 2265 (occ)     1          -9.278           3.609         -20.063         -16.883           -8.850
 2266 (occ)     1          -9.257           3.514         -19.783         -16.324           -9.202
 2267 (occ)     1          -9.256           3.631         -19.978         -16.867           -8.735
 2268 (occ)     1          -9.254           3.562         -19.994         -16.509           -9.177
 2269 (occ)     1          -9.245           3.430         -15.818         -13.360           -8.273
 2270 (occ)     1          -9.233           3.633         -19.989         -16.900           -8.690
 2271 (occ)     1          -9.227           3.573         -20.098         -16.893           -8.860
 2272 (occ)     1          -9.215           3.636         -20.003         -16.932           -8.650
 2273 (occ)     1          -9.211           3.534         -19.955         -16.455           -9.177
 2274 (occ)     1          -9.210           3.416         -15.805         -13.364           -8.234
 2275 (occ)     1          -9.208           3.499         -19.778         -16.333           -9.154
 2276 (occ)     1          -9.201           3.643         -20.010         -16.953           -8.615
 2277 (occ)     1          -9.199           3.380         -15.903         -13.455           -8.267
 2278 (occ)     1          -9.194           3.653         -20.016         -16.969           -8.589
 2279 (occ)     1          -9.187           3.363         -15.912         -13.461           -8.275
 2280 (occ)     1          -9.174           3.556         -20.088         -16.907           -8.800
 2281 (occ)     1          -9.174           3.405         -15.791         -13.369           -8.192
 2282 (occ)     1          -9.165           3.505         -19.903         -16.409           -9.154
 2283 (occ)     1          -9.156           3.492         -19.809         -16.373           -9.099
 2284 (occ)     1          -9.137           3.393         -15.778         -13.373           -8.148
 2285 (occ)     1          -9.122           3.540         -20.075         -16.918           -8.740
 2286 (occ)     1          -9.120           3.392         -15.833         -13.453           -8.107
 2287 (occ)     1          -9.116           3.479         -19.846         -16.378           -9.105
 2288 (occ)     1          -9.103           3.485         -19.850         -16.411           -9.058
 2289 (occ)     1          -9.100           3.380         -15.764         -13.378           -8.106
 2290 (occ)     1          -9.072           3.526         -20.063         -16.929           -8.680
 2291 (occ)     1          -9.067           3.370         -15.815         -13.461           -8.051
 2292 (occ)     1          -9.065           3.456         -19.790         -16.371           -9.029
 2293 (occ)     1          -9.062           3.368         -15.750         -13.383           -8.061
 2294 (occ)     1          -9.051           3.471         -19.882         -16.429           -9.032
 2295 (occ)     1          -9.023           3.352         -15.736         -13.388           -8.019
 2296 (occ)     1          -9.022           3.511         -20.051         -16.940           -8.622
 2297 (occ)     1          -9.012           3.346         -15.795         -13.469           -7.992
 2298 (occ)     1          -9.010           3.439         -19.752         -16.393           -8.931
 2299 (occ)     1          -9.000           3.452         -19.891         -16.427           -9.011
 2300 (occ)     1          -8.984           3.339         -15.722         -13.394           -7.973
 2301 (occ)     1          -8.974           3.498         -20.040         -16.951           -8.565
 2302 (occ)     1          -8.956           3.321         -15.774         -13.477           -7.931
 2303 (occ)     1          -8.953           3.427         -19.741         -16.438           -8.830
 2304 (occ)     1          -8.950           3.432         -19.880         -16.417           -8.981
 2305 (occ)     1          -8.944           3.325         -15.708         -13.399           -7.928
 2306 (occ)     1          -8.928           3.484         -20.028         -16.961           -8.511
 2307 (occ)     1          -8.903           3.308         -15.693         -13.404           -7.884
 2308 (occ)     1          -8.901           3.411         -19.858         -16.410           -8.938
 2309 (occ)     1          -8.899           3.298         -15.752         -13.484           -7.869
 2310 (occ)     1          -8.895           3.418         -19.755         -16.487           -8.746
 2311 (occ)     1          -8.883           3.472         -20.017         -16.971           -8.457
 2312 (occ)     1          -8.862           3.292         -15.678         -13.410           -7.838
 2313 (occ)     1          -8.852           3.392         -19.827         -16.413           -8.874
 2314 (occ)     1          -8.842           3.272         -15.729         -13.492           -7.807
 2315 (occ)     1          -8.839           3.459         -20.006         -16.980           -8.407
 2316 (occ)     1          -8.836           3.407         -19.785         -16.512           -8.703
 2317 (occ)     1          -8.820           3.277         -15.664         -13.415           -7.791
 2318 (occ)     1          -8.801           3.377         -19.790         -16.443           -8.771
 2319 (occ)     1          -8.797           3.447         -19.995         -16.988           -8.358
 2320 (occ)     1          -8.784           3.248         -15.706         -13.500           -7.743
 2321 (occ)     1          -8.781           3.387         -19.815         -16.489           -8.719
 2322 (occ)     1          -8.777           3.262         -15.649         -13.421           -7.743
 2323 (occ)     1          -8.770           3.400         -19.494         -16.323           -8.541
 2324 (occ)     1          -8.758           3.426         -19.866         -16.833           -8.365
 2325 (occ)     1          -8.757           3.407         -19.621         -16.505           -8.467
 2326 (occ)     1          -8.747           3.368         -19.757         -16.520           -8.617
 2327 (occ)     1          -8.738           3.392         -19.514         -16.372           -8.487
 2328 (occ)     1          -8.734           3.245         -15.634         -13.427           -7.697
 2329 (occ)     1          -8.730           3.360         -19.820         -16.445           -8.744
 2330 (occ)     1          -8.726           3.223         -15.683         -13.508           -7.678
 2331 (occ)     1          -8.719           3.425         -19.974         -17.001           -8.267
 2332 (occ)     1          -8.714           3.387         -19.525         -16.404           -8.447
 2333 (occ)     1          -8.691           3.230         -15.620         -13.433           -7.649
 2334 (occ)     1          -8.690           3.365         -19.751         -16.610           -8.466
 2335 (occ)     1          -8.686           3.381         -19.535         -16.437           -8.402
 2336 (occ)     1          -8.683           3.415         -19.964         -17.007           -8.225
 2337 (occ)     1          -8.683           3.337         -19.807         -16.419           -8.734
 2338 (occ)     1          -8.667           3.194         -15.659         -13.516           -7.616
 2339 (occ)     1          -8.655           3.375         -19.544         -16.470           -8.354
 2340 (occ)     1          -8.649           3.406         -19.953         -17.013           -8.184
 2341 (occ)     1          -8.648           3.213         -15.606         -13.439           -7.602
 2342 (occ)     1          -8.637           3.317         -19.789         -16.414           -8.695
 2343 (occ)     1          -8.630           3.357         -19.764         -16.661           -8.376
 2344 (occ)     1          -8.621           3.368         -19.550         -16.500           -8.304
 2345 (occ)     1          -8.616           3.396         -19.944         -17.018           -8.146
 2346 (occ)     1          -8.607           3.169         -15.635         -13.524           -7.550
 2347 (occ)     1          -8.605           3.194         -15.593         -13.445           -7.559
 2348 (occ)     1          -8.592           3.303         -19.770         -16.439           -8.620
 2349 (occ)     1          -8.586           3.388         -19.934         -17.022           -8.109
 2350 (occ)     1          -8.585           3.361         -19.555         -16.528           -8.252
 2351 (occ)     1          -8.573           3.334         -19.778         -16.614           -8.403
 2352 (occ)     1          -8.562           3.178         -15.581         -13.451           -7.514
 2353 (occ)     1          -8.557           3.380         -19.924         -17.026           -8.075
 2354 (occ)     1          -8.548           3.353         -19.559         -16.554           -8.200
 2355 (occ)     1          -8.547           3.139         -15.611         -13.532           -7.488
 2356 (occ)     1          -8.545           3.303         -19.754         -16.547           -8.449
 2357 (occ)     1          -8.531           3.373         -19.914         -17.029           -8.043
 2358 (occ)     1          -8.523           3.292         -19.772         -16.484           -8.519
 2359 (occ)     1          -8.521           3.163         -15.570         -13.457           -7.471
 2360 (occ)     1          -8.510           3.345         -19.570         -16.589           -8.145
 2361 (occ)     1          -8.506           3.366         -19.895         -17.019           -8.016
 2362 (occ)     1          -8.491           3.317         -19.759         -16.724           -8.210
 2363 (occ)     1          -8.487           3.112         -15.586         -13.540           -7.422
 2364 (occ)     1          -8.483           3.360         -19.895         -17.031           -7.987
 2365 (occ)     1          -8.482           3.152         -15.562         -13.463           -7.429
 2366 (occ)     1          -8.480           3.263         -19.755         -16.427           -8.545
 2367 (occ)     1          -8.470           3.336         -19.562         -16.601           -8.095
 2368 (occ)     1          -8.463           3.355         -19.886         -17.033           -7.961
 2369 (occ)     1          -8.447           3.142         -15.556         -13.468           -7.393
 2370 (occ)     1          -8.444           3.350         -19.877         -17.033           -7.937
 2371 (occ)     1          -8.440           3.245         -19.741         -16.420           -8.516
 2372 (occ)     1          -8.432           3.313         -19.772         -16.788           -8.103
 2373 (occ)     1          -8.430           3.327         -19.563         -16.624           -8.042
 2374 (occ)     1          -8.427           3.081         -15.561         -13.546           -7.361
 2375 (occ)     1          -8.427           3.345         -19.865         -17.030           -7.917
 2376 (occ)     1          -8.420           3.142         -15.554         -13.474           -7.357
 2377 (occ)     1          -8.412           3.341         -19.857         -17.030           -7.898
 2378 (occ)     1          -8.410           3.379         -19.655         -16.886           -7.800
 2379 (occ)     1          -8.408           3.377         -19.657         -16.888           -7.799
 2380 (occ)     1          -8.405           3.375         -19.660         -16.891           -7.799
 2381 (occ)     1          -8.404           3.149         -15.552         -13.479           -7.328
 2382 (occ)     1          -8.402           3.372         -19.665         -16.896           -7.800
 2383 (occ)     1          -8.400           3.235         -19.732         -16.461           -8.435
 2384 (occ)     1          -8.398           3.338         -19.843         -17.025           -7.880
 2385 (occ)     1          -8.398           3.369         -19.670         -16.900           -7.798
 2386 (occ)     1          -8.393           3.366         -19.678         -16.908           -7.797
 2387 (occ)     1          -8.389           3.338         -19.641         -16.813           -7.879
 2388 (occ)     1          -8.389           3.047         -15.414         -13.365           -7.391
 2389 (occ)     1          -8.388           3.334         -19.614         -16.750           -7.918
 2390 (occ)     1          -8.387           3.045         -15.414         -13.365           -7.391
 2391 (occ)     1          -8.387           3.341         -19.825         -17.018           -7.853
 2392 (occ)     1          -8.385           3.044         -15.413         -13.366           -7.388
 2393 (occ)     1          -8.384           3.356         -19.690         -16.920           -7.798
 2394 (occ)     1          -8.382           3.043         -15.412         -13.367           -7.384
 2395 (occ)     1          -8.379           3.354         -19.699         -16.929           -7.795
 2396 (occ)     1          -8.378           3.266         -19.758         -16.621           -8.249
 2397 (occ)     1          -8.378           3.038         -15.410         -13.367           -7.384
 2398 (occ)     1          -8.377           3.333         -19.820         -17.015           -7.848
 2399 (occ)     1          -8.374           3.033         -15.414         -13.374           -7.380
 2400 (occ)     1          -8.374           3.353         -19.716         -16.945           -7.792
 2401 (occ)     1          -8.370           3.333         -19.761         -16.973           -7.824
 2402 (occ)     1          -8.368           3.029         -15.407         -13.369           -7.377
 2403 (occ)     1          -8.368           3.351         -19.776         -16.993           -7.800
 2404 (occ)     1          -8.368           3.042         -15.511         -13.516           -7.321
 2405 (occ)     1          -8.365           3.341         -19.730         -16.955           -7.799
 2406 (occ)     1          -8.362           3.343         -19.809         -17.018           -7.810
 2407 (occ)     1          -8.362           3.028         -15.419         -13.392           -7.361
 2408 (occ)     1          -8.361           3.344         -19.737         -16.964           -7.789
 2409 (occ)     1          -8.358           3.344         -19.805         -17.017           -7.801
 2410 (occ)     1          -8.357           3.346         -19.748         -16.975           -7.784
 2411 (occ)     1          -8.356           3.262         -19.748         -16.688           -8.154
 2412 (occ)     1          -8.356           3.020         -15.402         -13.371           -7.367
 2413 (occ)     1          -8.354           3.351         -19.764         -16.990           -7.777
 2414 (occ)     1          -8.354           3.350         -19.797         -17.015           -7.786
 2415 (occ)     1          -8.352           3.350         -19.775         -16.998           -7.779
 2416 (occ)     1          -8.352           3.351         -19.787         -17.009           -7.780
 2417 (occ)     1          -8.349           3.016         -15.401         -13.377           -7.357
 2418 (occ)     1          -8.348           3.281         -19.659         -16.823           -7.903
 2419 (occ)     1          -8.347           3.244         -19.730         -16.937           -7.896
 2420 (occ)     1          -8.346           3.272         -19.634         -16.780           -7.927
 2421 (occ)     1          -8.341           3.008         -15.397         -13.375           -7.355
 2422 (occ)     1          -8.338           3.215         -19.726         -16.449           -8.400
 2423 (occ)     1          -8.332           3.005         -15.393         -13.378           -7.343
 2424 (occ)     1          -8.324           2.994         -15.396         -13.386           -7.339
 2425 (occ)     1          -8.313           2.991         -15.386         -13.381           -7.326
 2426 (occ)     1          -8.309           3.003         -15.457         -13.482           -7.280
 2427 (occ)     1          -8.305           3.298         -19.556         -16.678           -7.885
 2428 (occ)     1          -8.303           3.195         -19.713         -16.425           -8.396
 2429 (occ)     1          -8.301           3.285         -19.775         -16.877           -7.915
 2430 (occ)     1          -8.299           2.999         -15.417         -13.437           -7.279
 2431 (occ)     1          -8.291           2.976         -15.378         -13.387           -7.306
 2432 (occ)     1          -8.277           2.972         -15.376         -13.395           -7.285
 2433 (occ)     1          -8.269           3.186         -19.708         -16.454           -8.338
 2434 (occ)     1          -8.267           2.965         -15.375         -13.400           -7.277
 2435 (occ)     1          -8.263           3.287         -19.554         -16.695           -7.833
 2436 (occ)     1          -8.252           2.956         -15.363         -13.396           -7.262
 2437 (occ)     1          -8.249           3.223         -19.741         -16.639           -8.128
 2438 (occ)     1          -8.247           2.973         -15.429         -13.489           -7.214
 2439 (occ)     1          -8.233           2.963         -15.389         -13.448           -7.211
 2440 (occ)     1          -8.231           3.233         -19.747         -16.761           -7.985
 2441 (occ)     1          -8.223           2.940         -15.353         -13.404           -7.234
 2442 (occ)     1          -8.220           3.277         -19.551         -16.712           -7.781
 2443 (occ)     1          -8.216           3.167         -19.701         -16.441           -8.309
 2444 (occ)     1          -8.206           2.934         -15.348         -13.410           -7.209
 2445 (occ)     1          -8.195           2.932         -15.367         -13.442           -7.189
 2446 (occ)     1          -8.188           3.153         -19.693         -16.432           -8.295
 2447 (occ)     1          -8.179           3.250         -19.771         -16.895           -7.805
 2448 (occ)     1          -8.178           2.947         -15.404         -13.508           -7.127
 2449 (occ)     1          -8.177           3.266         -19.547         -16.728           -7.730
 2450 (occ)     1          -8.174           2.914         -15.334         -13.414           -7.180
 2451 (occ)     1          -8.161           3.163         -19.705         -16.543           -8.160
 2452 (occ)     1          -8.153           2.909         -15.334         -13.431           -7.146
 2453 (occ)     1          -8.144           3.145         -19.692         -16.457           -8.234
 2454 (occ)     1          -8.141           2.901         -15.335         -13.438           -7.137
 2455 (occ)     1          -8.134           3.256         -19.544         -16.743           -7.678
 2456 (occ)     1          -8.122           3.130         -19.684         -16.434           -8.242
 2457 (occ)     1          -8.121           2.947         -15.298         -13.517           -6.954
 2458 (occ)     1          -8.118           2.886         -15.313         -13.427           -7.118
 2459 (occ)     1          -8.118           2.918         -15.384         -13.521           -7.063
 2460 (occ)     1          -8.116           3.239         -19.773         -16.946           -7.705
 2461 (occ)     1          -8.101           3.139         -19.695         -16.526           -8.132
 2462 (occ)     1          -8.095           2.936         -15.296         -13.520           -6.936
 2463 (occ)     1          -8.094           2.884         -15.319         -13.453           -7.076
 2464 (occ)     1          -8.091           3.245         -19.540         -16.758           -7.628
 2465 (occ)     1          -8.088           3.123         -19.682         -16.444           -8.203
 2466 (occ)     1          -8.081           2.872         -15.312         -13.448           -7.073
 2467 (occ)     1          -8.073           3.115         -19.678         -16.438           -8.198
 2468 (occ)     1          -8.063           3.144         -19.700         -16.559           -8.060
 2469 (occ)     1          -8.059           2.921         -15.291         -13.524           -6.905
 2470 (occ)     1          -8.057           2.856         -15.292         -13.441           -7.051
 2471 (occ)     1          -8.056           2.888         -15.360         -13.529           -6.998
 2472 (occ)     1          -8.053           3.210         -19.763         -16.934           -7.672
 2473 (occ)     1          -8.051           3.112         -19.676         -16.435           -8.180
 2474 (occ)     1          -8.048           3.234         -19.536         -16.773           -7.577
 2475 (occ)     1          -8.043           3.116         -19.682         -16.478           -8.131
 2476 (occ)     1          -8.039           3.112         -19.675         -16.435           -8.167
 2477 (occ)     1          -8.036           3.114         -19.675         -16.438           -8.159
 2478 (occ)     1          -8.030           2.854         -15.298         -13.467           -7.007
 2479 (occ)     1          -8.018           2.843         -15.294         -13.466           -7.002
 2480 (occ)     1          -8.017           2.900         -15.281         -13.530           -6.867
 2481 (occ)     1          -8.005           3.223         -19.532         -16.787           -7.527
 2482 (occ)     1          -7.997           3.241         -19.799         -17.161           -7.394
 2483 (occ)     1          -7.993           2.863         -15.336         -13.538           -6.928
 2484 (occ)     1          -7.991           2.827         -15.270         -13.455           -6.979
 2485 (occ)     1          -7.970           2.877         -15.267         -13.536           -6.824
 2486 (occ)     1          -7.964           2.824         -15.271         -13.474           -6.937
 2487 (occ)     1          -7.961           3.212         -19.528         -16.801           -7.477
 2488 (occ)     1          -7.952           2.822         -15.287         -13.496           -6.921
 2489 (occ)     1          -7.940           3.233         -19.800         -17.199           -7.308
 2490 (occ)     1          -7.930           2.838         -15.306         -13.535           -6.863
 2491 (occ)     1          -7.923           2.803         -15.254         -13.472           -6.902
 2492 (occ)     1          -7.920           2.852         -15.250         -13.543           -6.776
 2493 (occ)     1          -7.919           3.201         -19.524         -16.814           -7.428
 2494 (occ)     1          -7.897           2.800         -15.248         -13.480           -6.866
 2495 (occ)     1          -7.891           2.825         -15.300         -13.538           -6.828
 2496 (occ)     1          -7.885           3.223         -19.798         -17.228           -7.231
 2497 (occ)     1          -7.876           3.190         -19.520         -16.827           -7.379
 2498 (occ)     1          -7.873           2.813         -15.259         -13.504           -6.815
 2499 (occ)     1          -7.869           2.827         -15.231         -13.550           -6.723
 2500 (occ)     1          -7.864           2.806         -15.268         -13.507           -6.819
 2501 (occ)     1          -7.854           2.836         -15.271         -13.523           -6.766
 2502 (occ)     1          -7.850           2.822         -15.263         -13.510           -6.782
 2503 (occ)     1          -7.833           3.178         -19.516         -16.840           -7.331
 2504 (occ)     1          -7.831           3.213         -19.795         -17.255           -7.158
 2505 (occ)     1          -7.815           2.802         -15.210         -13.558           -6.666
 2506 (occ)     1          -7.791           3.167         -19.512         -16.853           -7.283
 2507 (occ)     1          -7.778           3.202         -19.792         -17.280           -7.088
 2508 (occ)     1          -7.761           2.774         -15.188         -13.565           -6.610
 2509 (occ)     1          -7.749           3.156         -19.509         -16.865           -7.236
 2510 (occ)     1          -7.727           3.192         -19.787         -17.302           -7.020
 2511 (occ)     1          -7.707           3.145         -19.505         -16.877           -7.190
 2512 (occ)     1          -7.705           2.746         -15.165         -13.573           -6.551
 2513 (occ)     1          -7.699           2.619         -15.114         -13.554           -6.640
 2514 (occ)     1          -7.699           2.623         -15.118         -13.561           -6.632
 2515 (occ)     1          -7.678           3.182         -19.782         -17.323           -6.955
 2516 (occ)     1          -7.675           2.614         -15.114         -13.558           -6.617
 2517 (occ)     1          -7.671           2.618         -15.118         -13.563           -6.608
 2518 (occ)     1          -7.666           3.134         -19.502         -16.889           -7.144
 2519 (occ)     1          -7.649           2.718         -15.141         -13.581           -6.490
 2520 (occ)     1          -7.641           2.604         -15.116         -13.576           -6.576
 2521 (occ)     1          -7.637           2.604         -15.106         -13.556           -6.583
 2522 (occ)     1          -7.630           3.172         -19.776         -17.343           -6.892
 2523 (occ)     1          -7.625           3.124         -19.498         -16.901           -7.099
 2524 (occ)     1          -7.602           2.589         -15.093         -13.557           -6.549
 2525 (occ)     1          -7.601           2.592         -15.113         -13.594           -6.528
 2526 (occ)     1          -7.591           2.685         -15.115         -13.590           -6.431
 2527 (occ)     1          -7.585           3.113         -19.495         -16.912           -7.054
 2528 (occ)     1          -7.584           3.162         -19.770         -17.361           -6.831
 2529 (occ)     1          -7.564           2.572         -15.085         -13.572           -6.505
 2530 (occ)     1          -7.558           2.576         -15.095         -13.588           -6.489
 2531 (occ)     1          -7.545           3.102         -19.492         -16.924           -7.011
 2532 (occ)     1          -7.540           3.153         -19.764         -17.378           -6.773
 2533 (occ)     1          -7.533           2.653         -15.089         -13.598           -6.370
 2534 (occ)     1          -7.522           2.558         -15.083         -13.602           -6.444
 2535 (occ)     1          -7.516           2.553         -15.070         -13.576           -6.457
 2536 (occ)     1          -7.505           3.092         -19.490         -16.935           -6.968
 2537 (occ)     1          -7.497           3.144         -19.757         -17.394           -6.717
 2538 (occ)     1          -7.476           2.533         -15.051         -13.578           -6.415
 2539 (occ)     1          -7.475           2.542         -15.074         -13.620           -6.387
 2540 (occ)     1          -7.474           2.625         -15.062         -13.607           -6.304
 2541 (occ)     1          -7.467           3.082         -19.487         -16.946           -6.926
 2542 (occ)     1          -7.457           3.135         -19.750         -17.408           -6.663
 2543 (occ)     1          -7.434           2.514         -15.039         -13.597           -6.362
 2544 (occ)     1          -7.428           3.072         -19.485         -16.957           -6.884
 2545 (occ)     1          -7.428           2.518         -15.050         -13.611           -6.349
 2546 (occ)     1          -7.418           3.128         -19.742         -17.421           -6.611
 2547 (occ)     1          -7.414           2.590         -15.034         -13.616           -6.242
 2548 (occ)     1          -7.391           3.062         -19.483         -16.968           -6.843
 2549 (occ)     1          -7.389           2.497         -15.034         -13.628           -6.298
 2550 (occ)     1          -7.384           2.493         -15.023         -13.599           -6.314
 2551 (occ)     1          -7.381           3.120         -19.735         -17.434           -6.562
 2552 (occ)     1          -7.354           3.053         -19.481         -16.979           -6.804
 2553 (occ)     1          -7.354           2.558         -15.005         -13.624           -6.176
 2554 (occ)     1          -7.347           3.112         -19.727         -17.445           -6.516
 2555 (occ)     1          -7.341           2.470         -15.002         -13.602           -6.271
 2556 (occ)     1          -7.340           2.479         -15.023         -13.643           -6.241
 2557 (occ)     1          -7.319           3.044         -19.480         -16.990           -6.765
 2558 (occ)     1          -7.314           3.106         -19.719         -17.455           -6.471
 2559 (occ)     1          -7.298           2.448         -14.988         -13.623           -6.215
 2560 (occ)     1          -7.293           2.523         -14.976         -13.633           -6.112
 2561 (occ)     1          -7.292           2.455         -14.999         -13.631           -6.205
 2562 (occ)     1          -7.284           3.035         -19.479         -17.001           -6.727
 2563 (occ)     1          -7.283           3.100         -19.711         -17.465           -6.430
 2564 (occ)     1          -7.254           3.094         -19.703         -17.473           -6.390
 2565 (occ)     1          -7.251           2.430         -14.980         -13.653           -6.148
 2566 (occ)     1          -7.249           3.026         -19.478         -17.011           -6.690
 2567 (occ)     1          -7.247           2.429         -14.973         -13.619           -6.173
 2568 (occ)     1          -7.231           2.490         -14.946         -13.642           -6.044
 2569 (occ)     1          -7.227           3.089         -19.696         -17.481           -6.353
 2570 (occ)     1          -7.216           3.017         -19.478         -17.022           -6.655
 2571 (occ)     1          -7.205           2.404         -14.952         -13.623           -6.130
 2572 (occ)     1          -7.202           3.084         -19.688         -17.488           -6.318
 2573 (occ)     1          -7.202           2.415         -14.968         -13.657           -6.097
 2574 (occ)     1          -7.184           3.009         -19.477         -17.032           -6.620
 2575 (occ)     1          -7.178           3.079         -19.681         -17.494           -6.285
 2576 (occ)     1          -7.169           2.454         -14.915         -13.651           -5.979
 2577 (occ)     1          -7.162           2.380         -14.938         -13.649           -6.070
 2578 (occ)     1          -7.157           2.397         -14.946         -13.633           -6.073
 2579 (occ)     1          -7.157           3.075         -19.673         -17.500           -6.255
 2580 (occ)     1          -7.153           3.002         -19.477         -17.042           -6.586
 2581 (occ)     1          -7.138           3.072         -19.666         -17.505           -6.228
 2582 (occ)     1          -7.123           2.994         -19.477         -17.052           -6.553
 2583 (occ)     1          -7.120           3.069         -19.660         -17.509           -6.202
 2584 (occ)     1          -7.120           2.372         -14.926         -13.620           -6.053
 2585 (occ)     1          -7.116           2.371         -14.930         -13.665           -6.010
 2586 (occ)     1          -7.106           2.418         -14.883         -13.660           -5.912
 2587 (occ)     1          -7.104           3.066         -19.654         -17.513           -6.179
 2588 (occ)     1          -7.094           2.987         -19.478         -17.062           -6.522
 2589 (occ)     1          -7.090           3.064         -19.648         -17.516           -6.158
 2590 (occ)     1          -7.086           2.343         -14.910         -13.646           -6.007
 2591 (occ)     1          -7.081           2.376         -14.916         -13.609           -6.014
 2592 (occ)     1          -7.078           3.063         -19.643         -17.519           -6.139
 2593 (occ)     1          -7.067           3.062         -19.638         -17.521           -6.123
 2594 (occ)     1          -7.066           2.371         -14.908         -13.593           -6.010
 2595 (occ)     1          -7.066           2.980         -19.478         -17.071           -6.492
 2596 (occ)     1          -7.059           3.062         -19.635         -17.523           -6.109
 2597 (occ)     1          -7.052           3.062         -19.631         -17.524           -6.097
 2598 (occ)     1          -7.047           3.063         -19.629         -17.526           -6.087
 2599 (occ)     1          -7.043           2.382         -14.851         -13.669           -5.843
 2600 (occ)     1          -7.043           3.064         -19.627         -17.526           -6.081
 2601 (occ)     1          -7.042           3.067         -19.627         -17.527           -6.074
 2602 (occ)     1          -7.040           2.295         -14.899         -13.746           -5.898
 2603 (occ)     1          -7.039           2.974         -19.479         -17.080           -6.463
 2604 (occ)     1          -7.014           2.968         -19.480         -17.089           -6.436
 2605 (occ)     1          -6.989           2.963         -19.481         -17.098           -6.410
 2606 (occ)     1          -6.982           2.268         -14.882         -13.788           -5.808
 2607 (occ)     1          -6.980           2.347         -14.819         -13.678           -5.774
 2608 (occ)     1          -6.967           2.958         -19.482         -17.106           -6.385
 2609 (occ)     1          -6.945           2.953         -19.483         -17.114           -6.361
 2610 (occ)     1          -6.925           2.949         -19.484         -17.121           -6.339
 2611 (occ)     1          -6.920           2.237         -14.860         -13.810           -5.732
 2612 (occ)     1          -6.916           2.308         -14.785         -13.686           -5.707
 2613 (occ)     1          -6.907           2.945         -19.485         -17.128           -6.319
 2614 (occ)     1          -6.890           2.942         -19.487         -17.134           -6.300
 2615 (occ)     1          -6.875           2.939         -19.488         -17.140           -6.283
 2616 (occ)     1          -6.861           2.937         -19.489         -17.146           -6.267
 2617 (occ)     1          -6.857           2.205         -14.834         -13.827           -5.659
 2618 (occ)     1          -6.852           2.272         -14.752         -13.695           -5.637
 2619 (occ)     1          -6.849           2.935         -19.490         -17.150           -6.253
 2620 (occ)     1          -6.838           2.934         -19.491         -17.155           -6.240
 2621 (occ)     1          -6.829           2.934         -19.492         -17.158           -6.229
 2622 (occ)     1          -6.822           2.934         -19.493         -17.161           -6.219
 2623 (occ)     1          -6.816           2.935         -19.493         -17.163           -6.212
 2624 (occ)     1          -6.813           2.936         -19.494         -17.165           -6.206
 2625 (occ)     1          -6.812           2.940         -19.494         -17.166           -6.200
 2626 (occ)     1          -6.794           2.171         -14.808         -13.841           -5.589
 2627 (occ)     1          -6.788           2.235         -14.717         -13.703           -5.567
 2628 (occ)     1          -6.734           2.142         -14.775         -13.843           -5.524
 2629 (occ)     1          -6.730           2.173         -14.717         -13.784           -5.490
 2630 (occ)     1          -6.723           2.199         -14.683         -13.710           -5.498
 2631 (occ)     1          -6.710           2.158         -14.718         -13.791           -5.478
 2632 (occ)     1          -6.694           2.139         -14.716         -13.795           -5.476
 2633 (occ)     1          -6.665           2.114         -14.736         -13.841           -5.446
 2634 (occ)     1          -6.660           2.124         -14.697         -13.789           -5.443
 2635 (occ)     1          -6.659           2.163         -14.649         -13.716           -5.429
 2636 (occ)     1          -6.621           2.103         -14.683         -13.799           -5.402
 2637 (occ)     1          -6.611           2.083         -14.708         -13.838           -5.398
 2638 (occ)     1          -6.596           2.127         -14.615         -13.721           -5.363
 2639 (occ)     1          -6.575           2.076         -14.675         -13.826           -5.349
 2640 (occ)     1          -6.561           2.060         -14.672         -13.821           -5.352
 2641 (occ)     1          -6.533           2.094         -14.582         -13.723           -5.297
 2642 (occ)     1          -6.523           2.043         -14.666         -13.858           -5.287
 2643 (occ)     1          -6.514           2.037         -14.643         -13.817           -5.303
 2644 (occ)     1          -6.472           2.064         -14.551         -13.721           -5.238
 2645 (occ)     1          -6.467           2.012         -14.619         -13.824           -5.250
 2646 (occ)     1          -6.467           2.010         -14.647         -13.875           -5.229
 2647 (occ)     1          -6.419           1.986         -14.597         -13.839           -5.191
 2648 (occ)     1          -6.415           2.039         -14.525         -13.713           -5.189
 2649 (occ)     1          -6.411           1.980         -14.621         -13.878           -5.174
 2650 (occ)     1          -6.394           1.990         -14.420         -13.569           -5.254
 2651 (occ)     1          -6.393           1.991         -14.420         -13.569           -5.253
 2652 (occ)     1          -6.391           1.990         -14.420         -13.570           -5.252
 2653 (occ)     1          -6.390           1.987         -14.421         -13.571           -5.253
 2654 (occ)     1          -6.388           1.984         -14.422         -13.573           -5.253
 2655 (occ)     1          -6.386           1.982         -14.422         -13.574           -5.252
 2656 (occ)     1          -6.383           1.980         -14.423         -13.576           -5.251
 2657 (occ)     1          -6.381           1.977         -14.425         -13.578           -5.250
 2658 (occ)     1          -6.378           1.974         -14.426         -13.581           -5.249
 2659 (occ)     1          -6.375           1.970         -14.427         -13.583           -5.248
 2660 (occ)     1          -6.371           1.966         -14.429         -13.586           -5.248
 2661 (occ)     1          -6.369           1.956         -14.578         -13.862           -5.129
 2662 (occ)     1          -6.367           1.963         -14.432         -13.591           -5.246
 2663 (occ)     1          -6.365           2.016         -14.506         -13.693           -5.162
 2664 (occ)     1          -6.363           1.958         -14.433         -13.593           -5.245
 2665 (occ)     1          -6.359           1.955         -14.435         -13.597           -5.243
 2666 (occ)     1          -6.357           1.951         -14.591         -13.874           -5.123
 2667 (occ)     1          -6.355           1.950         -14.437         -13.600           -5.242
 2668 (occ)     1          -6.350           1.948         -14.440         -13.604           -5.238
 2669 (occ)     1          -6.346           1.943         -14.443         -13.608           -5.237
 2670 (occ)     1          -6.341           1.941         -14.446         -13.613           -5.233
 2671 (occ)     1          -6.336           1.937         -14.450         -13.618           -5.231
 2672 (occ)     1          -6.330           1.935         -14.453         -13.622           -5.226
 2673 (occ)     1          -6.328           1.992         -14.497         -13.670           -5.163
 2674 (occ)     1          -6.325           1.942         -14.460         -13.631           -5.211
 2675 (occ)     1          -6.320           1.932         -14.460         -13.632           -5.217
 2676 (occ)     1          -6.316           1.926         -14.562         -13.890           -5.061
 2677 (occ)     1          -6.314           1.934         -14.465         -13.637           -5.208
 2678 (occ)     1          -6.310           1.931         -14.470         -13.642           -5.207
 2679 (occ)     1          -6.306           1.984         -14.496         -13.662           -5.157
 2680 (occ)     1          -6.305           1.924         -14.560         -13.870           -5.071
 2681 (occ)     1          -6.304           1.934         -14.474         -13.646           -5.198
 2682 (occ)     1          -6.300           1.941         -14.479         -13.651           -5.187
 2683 (occ)     1          -6.297           1.964         -14.494         -13.657           -5.170
 2684 (occ)     1          -6.297           1.950         -14.485         -13.655           -5.177
 2685 (occ)     1          -6.295           1.954         -14.489         -13.656           -5.175
 2686 (occ)     1          -6.262           1.894         -14.545         -13.917           -4.996
 2687 (occ)     1          -6.254           1.895         -14.530         -13.871           -5.018
 2688 (occ)     1          -6.225           1.717         -14.527         -13.716           -5.319
 2689 (occ)     1          -6.225           1.717         -14.527         -13.716           -5.319
 2690 (occ)     1          -6.207           1.864         -14.526         -13.938           -4.931
 2691 (occ)     1          -6.204           1.867         -14.502         -13.877           -4.962
 2692 (occ)     1          -6.181           1.832         -14.475         -13.819           -5.004
 2693 (occ)     1          -6.181           1.830         -14.470         -13.821           -5.000
 2694 (occ)     1          -6.175           1.831         -14.482         -13.821           -5.005
 2695 (occ)     1          -6.174           1.829         -14.478         -13.825           -4.998
 2696 (occ)     1          -6.167           1.821         -14.472         -13.834           -4.984
 2697 (occ)     1          -6.165           1.832         -14.502         -13.824           -5.012
 2698 (occ)     1          -6.157           1.827         -14.507         -13.831           -5.007
 2699 (occ)     1          -6.154           1.838         -14.476         -13.887           -4.905
 2700 (occ)     1          -6.154           1.829         -14.502         -13.837           -4.991
 2701 (occ)     1          -6.152           1.834         -14.504         -13.953           -4.869
 2702 (occ)     1          -6.145           1.830         -14.529         -13.839           -5.005
 2703 (occ)     1          -6.145           1.804         -14.458         -13.856           -4.943
 2704 (occ)     1          -6.137           1.812         -14.510         -13.852           -4.982
 2705 (occ)     1          -6.132           1.829         -14.543         -13.852           -4.994
 2706 (occ)     1          -6.125           1.823         -14.547         -13.860           -4.989
 2707 (occ)     1          -6.120           1.827         -14.547         -13.866           -4.973
 2708 (occ)     1          -6.112           1.824         -14.564         -13.873           -4.979
 2709 (occ)     1          -6.109           1.799         -14.481         -13.882           -4.909
 2710 (occ)     1          -6.104           1.808         -14.451         -13.901           -4.847
 2711 (occ)     1          -6.103           1.781         -14.471         -13.886           -4.908
 2712 (occ)     1          -6.100           1.824         -14.576         -13.886           -4.966
 2713 (occ)     1          -6.098           1.804         -14.481         -13.966           -4.810
 2714 (occ)     1          -6.094           1.815         -14.570         -13.894           -4.955
 2715 (occ)     1          -6.089           1.824         -14.587         -13.899           -4.953
 2716 (occ)     1          -6.083           1.820         -14.590         -13.906           -4.947
 2717 (occ)     1          -6.079           1.823         -14.596         -13.911           -4.940
 2718 (occ)     1          -6.074           1.822         -14.601         -13.917           -4.936
 2719 (occ)     1          -6.070           1.823         -14.602         -13.922           -4.927
 2720 (occ)     1          -6.066           1.823         -14.610         -13.927           -4.926
 2721 (occ)     1          -6.063           1.822         -14.600         -13.930           -4.911
 2722 (occ)     1          -6.059           1.824         -14.617         -13.936           -4.916
 2723 (occ)     1          -6.058           1.807         -14.556         -13.931           -4.876
 2724 (occ)     1          -6.055           1.768         -14.459         -13.920           -4.827
 2725 (occ)     1          -6.055           1.828         -14.622         -13.943           -4.906
 2726 (occ)     1          -6.055           1.779         -14.428         -13.916           -4.787
 2727 (occ)     1          -6.053           1.811         -14.578         -13.939           -4.881
 2728 (occ)     1          -6.052           1.835         -14.625         -13.947           -4.896
 2729 (occ)     1          -6.048           1.784         -14.621         -13.940           -4.944
 2730 (occ)     1          -6.047           1.764         -14.590         -13.935           -4.938
 2731 (occ)     1          -6.046           1.775         -14.458         -13.976           -4.752
 2732 (occ)     1          -6.005           1.750         -14.405         -13.933           -4.728
 2733 (occ)     1          -5.998           1.675         -14.252         -13.902           -4.673
 2734 (occ)     1          -5.994           1.747         -14.434         -13.987           -4.694
 2735 (occ)     1          -5.956           1.720         -14.383         -13.948           -4.671
 2736 (occ)     1          -5.944           1.719         -14.412         -14.000           -4.637
 2737 (occ)     1          -5.936           1.642         -14.209         -13.908           -4.595
 2738 (occ)     1          -5.908           1.693         -14.361         -13.961           -4.615
 2739 (occ)     1          -5.895           1.691         -14.392         -14.018           -4.578
 2740 (occ)     1          -5.872           1.604         -14.166         -13.915           -4.519
 2741 (occ)     1          -5.861           1.666         -14.337         -13.969           -4.563
 2742 (occ)     1          -5.849           1.664         -14.376         -14.042           -4.519
 2743 (occ)     1          -5.815           1.641         -14.312         -13.971           -4.514
 2744 (occ)     1          -5.806           1.564         -14.123         -13.924           -4.442
 2745 (occ)     1          -5.805           1.638         -14.364         -14.070           -4.461
 2746 (occ)     1          -5.770           1.617         -14.284         -13.969           -4.468
 2747 (occ)     1          -5.765           1.614         -14.355         -14.099           -4.406
 2748 (occ)     1          -5.740           1.522         -14.079         -13.933           -4.364
 2749 (occ)     1          -5.728           1.593         -14.345         -14.119           -4.361
 2750 (occ)     1          -5.725           1.594         -14.263         -13.975           -4.418
 2751 (occ)     1          -5.696           1.574         -14.328         -14.124           -4.326
 2752 (occ)     1          -5.683           1.574         -14.281         -14.047           -4.343
 2753 (occ)     1          -5.673           1.479         -14.035         -13.944           -4.286
 2754 (occ)     1          -5.665           1.555         -14.273         -14.063           -4.320
 2755 (occ)     1          -5.654           1.559         -14.330         -14.158           -4.267
 2756 (occ)     1          -5.636           1.549         -14.331         -14.178           -4.240
 2757 (occ)     1          -5.629           1.543         -14.259         -14.069           -4.276
 2758 (occ)     1          -5.621           1.533         -14.256         -14.076           -4.268
 2759 (occ)     1          -5.618           1.545         -14.333         -14.195           -4.211
 2760 (occ)     1          -5.606           1.434         -13.991         -13.955           -4.208
 2761 (occ)     1          -5.579           1.504         -14.142         -13.940           -4.277
 2762 (occ)     1          -5.540           1.390         -13.946         -13.966           -4.130
 2763 (occ)     1          -5.532           1.476         -14.108         -13.940           -4.224
 2764 (occ)     1          -5.485           1.447         -14.075         -13.943           -4.170
 2765 (occ)     1          -5.473           1.344         -13.901         -13.978           -4.052
 2766 (occ)     1          -5.437           1.417         -14.041         -13.947           -4.114
 2767 (occ)     1          -5.407           1.298         -13.856         -13.991           -3.974
 2768 (occ)     1          -5.389           1.386         -14.007         -13.951           -4.058
 2769 (occ)     1          -5.341           1.355         -13.971         -13.955           -4.002
 2770 (occ)     1          -5.341           1.253         -13.811         -14.003           -3.895
 2771 (occ)     1          -5.293           1.323         -13.934         -13.958           -3.946
 2772 (occ)     1          -5.276           1.208         -13.766         -14.016           -3.819
 2773 (occ)     1          -5.246           1.291         -13.896         -13.961           -3.890
 2774 (occ)     1          -5.212           1.162         -13.722         -14.030           -3.742
 2775 (occ)     1          -5.198           1.258         -13.857         -13.964           -3.834
 2776 (occ)     1          -5.151           1.225         -13.818         -13.966           -3.778
 2777 (occ)     1          -5.149           1.118         -13.679         -14.043           -3.667
 2778 (occ)     1          -5.104           1.191         -13.777         -13.967           -3.722
 2779 (occ)     1          -5.087           1.075         -13.636         -14.057           -3.592
 2780 (occ)     1          -5.057           1.157         -13.736         -13.968           -3.667
 2781 (occ)     1          -5.027           1.032         -13.595         -14.070           -3.519
 2782 (occ)     1          -5.011           1.123         -13.693         -13.968           -3.612
 2783 (occ)     1          -4.968           0.991         -13.555         -14.084           -3.447
 2784 (occ)     1          -4.965           1.089         -13.650         -13.968           -3.558
 2785 (occ)     1          -4.919           1.054         -13.606         -13.967           -3.504
 2786 (occ)     1          -4.911           0.951         -13.516         -14.098           -3.378
 2787 (occ)     1          -4.875           1.020         -13.561         -13.965           -3.451
 2788 (occ)     1          -4.857           0.914         -13.480         -14.112           -3.310
 2789 (occ)     1          -4.831           0.985         -13.516         -13.962           -3.399
 2790 (occ)     1          -4.805           0.879         -13.446         -14.126           -3.245
 2791 (occ)     1          -4.787           0.951         -13.470         -13.959           -3.347
 2792 (occ)     1          -4.756           0.846         -13.414         -14.139           -3.184
 2793 (occ)     1          -4.745           0.916         -13.424         -13.955           -3.297
 2794 (occ)     1          -4.710           0.816         -13.385         -14.153           -3.127
 2795 (occ)     1          -4.703           0.882         -13.377         -13.950           -3.247
 2796 (occ)     1          -4.669           0.790         -13.359         -14.165           -3.073
 2797 (occ)     1          -4.662           0.848         -13.330         -13.945           -3.198
 2798 (occ)     1          -4.632           0.766         -13.336         -14.177           -3.025
 2799 (occ)     1          -4.622           0.815         -13.283         -13.939           -3.151
 2800 (occ)     1          -4.599           0.747         -13.317         -14.187           -2.982
 2801 (occ)     1          -4.584           0.782         -13.236         -13.932           -3.105
 2802 (occ)     1          -4.572           0.732         -13.302         -14.197           -2.945
 2803 (occ)     1          -4.551           0.720         -13.289         -14.204           -2.915
 2804 (occ)     1          -4.547           0.751         -13.189         -13.924           -3.061
 2805 (occ)     1          -4.536           0.713         -13.280         -14.210           -2.893
 2806 (occ)     1          -4.527           0.710         -13.275         -14.213           -2.879
 2807 (occ)     1          -4.511           0.719         -13.142         -13.916           -3.018
 2808 (occ)     1          -4.477           0.690         -13.097         -13.907           -2.976
 2809 (occ)     1          -4.444           0.662         -13.052         -13.898           -2.937
 2810 (occ)     1          -4.413           0.634         -13.009         -13.888           -2.900
 2811 (occ)     1          -4.385           0.609         -12.967         -13.879           -2.864
 2812 (occ)     1          -4.358           0.585         -12.927         -13.869           -2.831
 2813 (occ)     1          -4.334           0.563         -12.889         -13.859           -2.801
 2814 (occ)     1          -4.313           0.544         -12.854         -13.850           -2.773
 2815 (occ)     1          -4.294           0.527         -12.821         -13.841           -2.748
 2816 (occ)     1          -4.278           0.513         -12.793         -13.833           -2.725
 2817 (occ)     1          -4.265           0.502         -12.768         -13.826           -2.705
 2818 (occ)     1          -4.255           0.495         -12.747         -13.821           -2.687
 2819 (occ)     1          -4.249           0.490         -12.732         -13.817           -2.674
 2820 (occ)     1          -4.246           0.491         -12.717         -13.814           -2.658
 2821 (vir)     1          -2.677          -1.191          -9.100         -14.214            1.245
 2822 (vir)     1          -2.672          -1.193          -9.091         -14.209            1.252
 2823 (vir)     1          -2.664          -1.198          -9.076         -14.200            1.262
 2824 (vir)     1          -2.653          -1.205          -9.055         -14.189            1.275
 2825 (vir)     1          -2.640          -1.214          -9.030         -14.174            1.292
 2826 (vir)     1          -2.624          -1.225          -8.999         -14.158            1.310
 2827 (vir)     1          -2.606          -1.238          -8.963         -14.138            1.331
 2828 (vir)     1          -2.586          -1.253          -8.924         -14.117            1.354
 2829 (vir)     1          -2.563          -1.271          -8.881         -14.094            1.379
 2830 (vir)     1          -2.539          -1.290          -8.834         -14.069            1.405
 2831 (vir)     1          -2.514          -1.311          -8.784         -14.043            1.434
 2832 (vir)     1          -2.486          -1.333          -8.732         -14.015            1.463
 2833 (vir)     1          -2.458          -1.356          -8.678         -13.986            1.494
 2834 (vir)     1          -2.456          -1.343          -8.719         -13.933            1.415
 2835 (vir)     1          -2.445          -1.346          -8.713         -13.934            1.430
 2836 (vir)     1          -2.428          -1.353          -8.702         -13.936            1.453
 2837 (vir)     1          -2.428          -1.381          -8.622         -13.957            1.527
 2838 (vir)     1          -2.405          -1.363          -8.687         -13.939            1.483
 2839 (vir)     1          -2.397          -1.406          -8.564         -13.927            1.560
 2840 (vir)     1          -2.377          -1.377          -8.667         -13.942            1.521
 2841 (vir)     1          -2.365          -1.431          -8.505         -13.896            1.594
 2842 (vir)     1          -2.343          -1.395          -8.643         -13.945            1.564
 2843 (vir)     1          -2.332          -1.457          -8.445         -13.864            1.630
 2844 (vir)     1          -2.304          -1.416          -8.615         -13.948            1.613
 2845 (vir)     1          -2.298          -1.484          -8.384         -13.832            1.666
 2846 (vir)     1          -2.264          -1.510          -8.323         -13.799            1.703
 2847 (vir)     1          -2.261          -1.441          -8.583         -13.952            1.666
 2848 (vir)     1          -2.228          -1.537          -8.261         -13.766            1.740
 2849 (vir)     1          -2.214          -1.470          -8.547         -13.955            1.723
 2850 (vir)     1          -2.193          -1.563          -8.198         -13.732            1.777
 2851 (vir)     1          -2.164          -1.502          -8.509         -13.958            1.784
 2852 (vir)     1          -2.157          -1.590          -8.135         -13.698            1.816
 2853 (vir)     1          -2.120          -1.616          -8.072         -13.663            1.855
 2854 (vir)     1          -2.110          -1.536          -8.467         -13.960            1.848
 2855 (vir)     1          -2.083          -1.642          -8.009         -13.627            1.893
 2856 (vir)     1          -2.053          -1.573          -8.422         -13.963            1.915
 2857 (vir)     1          -2.046          -1.667          -7.946         -13.592            1.933
 2858 (vir)     1          -2.008          -1.693          -7.883         -13.556            1.972
 2859 (vir)     1          -1.994          -1.611          -8.375         -13.964            1.985
 2860 (vir)     1          -1.970          -1.717          -7.820         -13.520            2.013
 2861 (vir)     1          -1.932          -1.741          -7.759         -13.484            2.053
 2862 (vir)     1          -1.932          -1.651          -8.325         -13.965            2.056
 2863 (vir)     1          -1.894          -1.764          -7.698         -13.450            2.094
 2864 (vir)     1          -1.868          -1.693          -8.274         -13.966            2.129
 2865 (vir)     1          -1.856          -1.786          -7.641         -13.417            2.134
 2866 (vir)     1          -1.818          -1.808          -7.586         -13.387            2.176
 2867 (vir)     1          -1.803          -1.736          -8.222         -13.965            2.204
 2868 (vir)     1          -1.780          -1.829          -7.535         -13.361            2.217
 2869 (vir)     1          -1.741          -1.850          -7.489         -13.340            2.260
 2870 (vir)     1          -1.736          -1.780          -8.168         -13.964            2.280
 2871 (vir)     1          -1.703          -1.871          -7.448         -13.325            2.302
 2872 (vir)     1          -1.668          -1.825          -8.113         -13.962            2.357
 2873 (vir)     1          -1.664          -1.893          -7.414         -13.316            2.345
 2874 (vir)     1          -1.626          -1.914          -7.390         -13.319            2.390
 2875 (vir)     1          -1.598          -1.870          -8.057         -13.960            2.435
 2876 (vir)     1          -1.594          -2.002          -7.748         -13.823            2.479
 2877 (vir)     1          -1.590          -1.957          -7.509         -13.507            2.451
 2878 (vir)     1          -1.581          -1.986          -7.612         -13.653            2.474
 2879 (vir)     1          -1.570          -2.006          -7.716         -13.796            2.504
 2880 (vir)     1          -1.547          -2.016          -7.700         -13.791            2.528
 2881 (vir)     1          -1.547          -1.969          -7.404         -13.405            2.486
 2882 (vir)     1          -1.528          -1.915          -8.000         -13.956            2.513
 2883 (vir)     1          -1.518          -2.025          -7.648         -13.746            2.554
 2884 (vir)     1          -1.508          -1.994          -7.418         -13.453            2.533
 2885 (vir)     1          -1.482          -2.035          -7.573         -13.675            2.585
 2886 (vir)     1          -1.469          -2.017          -7.424         -13.491            2.581
 2887 (vir)     1          -1.456          -1.961          -7.943         -13.952            2.592
 2888 (vir)     1          -1.442          -2.050          -7.507         -13.621            2.622
 2889 (vir)     1          -1.427          -2.041          -7.400         -13.493            2.625
 2890 (vir)     1          -1.398          -2.070          -7.466         -13.601            2.668
 2891 (vir)     1          -1.385          -2.093          -6.530         -12.662            2.654
 2892 (vir)     1          -1.384          -2.006          -7.885         -13.947            2.672
 2893 (vir)     1          -1.383          -2.061          -7.352         -13.466            2.670
 2894 (vir)     1          -1.382          -2.093          -6.532         -12.665            2.658
 2895 (vir)     1          -1.379          -2.093          -6.533         -12.668            2.664
 2896 (vir)     1          -1.374          -2.092          -6.536         -12.674            2.672
 2897 (vir)     1          -1.368          -2.092          -6.539         -12.680            2.681
 2898 (vir)     1          -1.361          -2.093          -6.542         -12.687            2.692
 2899 (vir)     1          -1.353          -2.093          -6.546         -12.696            2.704
 2900 (vir)     1          -1.351          -2.093          -7.447         -13.611            2.720
 2901 (vir)     1          -1.343          -2.095          -6.551         -12.707            2.717
 2902 (vir)     1          -1.338          -2.081          -7.288         -13.420            2.713
 2903 (vir)     1          -1.333          -2.097          -6.557         -12.718            2.731
 2904 (vir)     1          -1.322          -2.100          -6.563         -12.731            2.747
 2905 (vir)     1          -1.311          -2.054          -7.758         -13.875            2.752
 2906 (vir)     1          -1.309          -2.101          -6.639         -12.812            2.762
 2907 (vir)     1          -1.302          -2.120          -7.442         -13.640            2.777
 2908 (vir)     1          -1.296          -2.109          -6.576         -12.761            2.780
 2909 (vir)     1          -1.291          -2.101          -7.218         -13.369            2.758
 2910 (vir)     1          -1.282          -2.114          -6.584         -12.778            2.799
 2911 (vir)     1          -1.267          -2.119          -6.592         -12.796            2.818
 2912 (vir)     1          -1.250          -2.125          -6.601         -12.816            2.839
 2913 (vir)     1          -1.249          -2.148          -7.437         -13.670            2.836
 2914 (vir)     1          -1.244          -2.123          -7.154         -13.325            2.804
 2915 (vir)     1          -1.237          -2.097          -7.750         -13.916            2.832
 2916 (vir)     1          -1.233          -2.132          -6.631         -12.856            2.860
 2917 (vir)     1          -1.215          -2.140          -6.620         -12.858            2.883
 2918 (vir)     1          -1.196          -2.148          -6.631         -12.881            2.906
 2919 (vir)     1          -1.196          -2.146          -7.102         -13.295            2.852
 2920 (vir)     1          -1.194          -2.176          -7.418         -13.685            2.897
 2921 (vir)     1          -1.177          -2.157          -6.642         -12.905            2.930
 2922 (vir)     1          -1.163          -2.140          -7.712         -13.928            2.912
 2923 (vir)     1          -1.156          -2.166          -6.652         -12.929            2.956
 2924 (vir)     1          -1.148          -2.169          -7.068         -13.288            2.904
 2925 (vir)     1          -1.137          -2.201          -7.365         -13.658            2.955
 2926 (vir)     1          -1.135          -2.175          -6.665         -12.957            2.982
 2927 (vir)     1          -1.113          -2.186          -6.675         -12.982            3.008
 2928 (vir)     1          -1.097          -2.197          -7.067         -13.321            2.961
 2929 (vir)     1          -1.091          -2.196          -6.688         -13.011            3.035
 2930 (vir)     1          -1.088          -2.184          -7.657         -13.923            2.993
 2931 (vir)     1          -1.079          -2.222          -7.252         -13.558            3.005
 2932 (vir)     1          -1.068          -2.207          -6.704         -13.043            3.064
 2933 (vir)     1          -1.045          -2.219          -6.714         -13.070            3.093
 2934 (vir)     1          -1.044          -2.230          -7.121         -13.424            3.029
 2935 (vir)     1          -1.024          -2.238          -7.095         -13.404            3.047
 2936 (vir)     1          -1.021          -2.230          -6.728         -13.102            3.123
 2937 (vir)     1          -1.013          -2.227          -7.604         -13.919            3.075
 2938 (vir)     1          -0.996          -2.242          -6.747         -13.139            3.153
 2939 (vir)     1          -0.986          -2.269          -7.211         -13.574            3.107
 2940 (vir)     1          -0.972          -2.256          -6.757         -13.167            3.183
 2941 (vir)     1          -0.971          -2.255          -6.971         -13.288            3.092
 2942 (vir)     1          -0.947          -2.268          -6.774         -13.203            3.214
 2943 (vir)     1          -0.938          -2.269          -7.562         -13.926            3.157
 2944 (vir)     1          -0.922          -2.307          -7.255         -13.669            3.185
 2945 (vir)     1          -0.922          -2.280          -6.796         -13.244            3.247
 2946 (vir)     1          -0.920          -2.276          -6.896         -13.231            3.139
 2947 (vir)     1          -0.896          -2.294          -6.810         -13.278            3.278
 2948 (vir)     1          -0.871          -2.307          -6.834         -13.323            3.312
 2949 (vir)     1          -0.868          -2.299          -6.861         -13.222            3.193
 2950 (vir)     1          -0.863          -2.305          -7.557         -13.971            3.246
 2951 (vir)     1          -0.857          -2.338          -7.209         -13.656            3.252
 2952 (vir)     1          -0.845          -2.320          -6.860         -13.370            3.346
 2953 (vir)     1          -0.820          -2.327          -6.976         -13.510            3.387
 2954 (vir)     1          -0.815          -2.327          -6.881         -13.280            3.258
 2955 (vir)     1          -0.794          -2.347          -6.883         -13.433            3.410
 2956 (vir)     1          -0.793          -2.357          -7.046         -13.497            3.302
 2957 (vir)     1          -0.789          -2.335          -7.458         -13.938            3.356
 2958 (vir)     1          -0.764          -2.396          -6.697         -13.239            3.381
 2959 (vir)     1          -0.756          -2.368          -6.996         -13.459            3.339
 2960 (vir)     1          -0.742          -2.388          -6.856         -13.446            3.460
 2961 (vir)     1          -0.735          -2.368          -6.858         -13.303            3.342
 2962 (vir)     1          -0.716          -2.403          -6.856         -13.468            3.493
 2963 (vir)     1          -0.709          -2.410          -7.224         -13.722            3.379
 2964 (vir)     1          -0.690          -2.419          -6.873         -13.503            3.521
 2965 (vir)     1          -0.690          -2.416          -7.116         -13.651            3.428
 2966 (vir)     1          -0.680          -2.387          -6.758         -13.213            3.388
 2967 (vir)     1          -0.666          -2.431          -6.911         -13.569            3.561
 2968 (vir)     1          -0.642          -2.445          -6.922         -13.603            3.594
 2969 (vir)     1          -0.633          -2.447          -7.215         -13.757            3.462
 2970 (vir)     1          -0.627          -2.407          -6.717         -13.196            3.444
 2971 (vir)     1          -0.619          -2.454          -7.112         -13.692            3.507
 2972 (vir)     1          -0.617          -2.461          -6.940         -13.639            3.620
 2973 (vir)     1          -0.594          -2.476          -6.964         -13.690            3.656
 2974 (vir)     1          -0.573          -2.435          -6.734         -13.250            3.508
 2975 (vir)     1          -0.571          -2.491          -6.979         -13.728            3.687
 2976 (vir)     1          -0.557          -2.487          -7.172         -13.764            3.548
 2977 (vir)     1          -0.550          -2.474          -6.952         -13.537            3.562
 2978 (vir)     1          -0.548          -2.505          -7.000         -13.760            3.706
 2979 (vir)     1          -0.527          -2.521          -7.016         -13.810            3.747
 2980 (vir)     1          -0.513          -2.478          -6.865         -13.450            3.593
 2981 (vir)     1          -0.505          -2.536          -7.032         -13.848            3.775
 2982 (vir)     1          -0.489          -2.480          -6.747         -13.319            3.603
 2983 (vir)     1          -0.486          -2.549          -7.067         -13.877            3.776
 2984 (vir)     1          -0.480          -2.528          -7.111         -13.759            3.641
 2985 (vir)     1          -0.465          -2.564          -7.068         -13.927            3.830
 2986 (vir)     1          -0.446          -2.579          -7.084         -13.964            3.854
 2987 (vir)     1          -0.444          -2.534          -7.019         -13.687            3.690
 2988 (vir)     1          -0.433          -2.495          -6.669         -13.253            3.656
 2989 (vir)     1          -0.429          -2.592          -7.101         -14.001            3.879
 2990 (vir)     1          -0.412          -2.605          -7.116         -14.037            3.904
 2991 (vir)     1          -0.404          -2.565          -7.077         -13.750            3.703
 2992 (vir)     1          -0.396          -2.617          -7.128         -14.057            3.916
 2993 (vir)     1          -0.381          -2.631          -7.147         -14.104            3.945
 2994 (vir)     1          -0.380          -2.518          -6.678         -13.295            3.719
 2995 (vir)     1          -0.369          -2.576          -7.009         -13.724            3.770
 2996 (vir)     1          -0.368          -2.643          -7.160         -14.135            3.963
 2997 (vir)     1          -0.355          -2.652          -7.173         -14.163            3.982
 2998 (vir)     1          -0.344          -2.663          -7.185         -14.191            3.998
 2999 (vir)     1          -0.334          -2.672          -7.191         -14.200            4.002
 3000 (vir)     1          -0.327          -2.604          -7.027         -13.739            3.781
 3001 (vir)     1          -0.326          -2.554          -6.797         -13.473            3.796
 3002 (vir)     1          -0.325          -2.680          -7.206         -14.236            4.025
 3003 (vir)     1          -0.318          -2.688          -7.212         -14.249            4.031
 3004 (vir)     1          -0.312          -2.695          -7.221         -14.270            4.041
 3005 (vir)     1          -0.308          -2.700          -7.226         -14.281            4.047
 3006 (vir)     1          -0.305          -2.706          -7.230         -14.288            4.048
 3007 (vir)     1          -0.304          -2.710          -7.232         -14.294            4.047
 3008 (vir)     1          -0.299          -2.593          -6.879         -13.600            3.829
 3009 (vir)     1          -0.270          -2.624          -7.129         -13.927            3.905
 3010 (vir)     1          -0.251          -2.641          -6.964         -13.698            3.842
 3011 (vir)     1          -0.216          -2.578          -6.142         -12.741            3.805
 3012 (vir)     1          -0.194          -1.233          -1.565          -4.829            1.838
 3013 (vir)     1          -0.194          -1.234          -1.565          -4.829            1.836
 3014 (vir)     1          -0.186          -2.637          -6.648         -13.386            3.916
 3015 (vir)     1          -0.175          -2.677          -6.908         -13.677            3.918
 3016 (vir)     1          -0.168          -2.576          -6.100         -12.705            3.861
 3017 (vir)     1          -0.117          -1.486          -1.842          -5.315            1.870
 3018 (vir)     1          -0.115          -2.603          -6.164         -12.812            3.929
 3019 (vir)     1          -0.115          -1.485          -1.842          -5.315            1.873
 3020 (vir)     1          -0.112          -1.485          -1.842          -5.314            1.876
 3021 (vir)     1          -0.109          -2.696          -6.878         -13.723            4.040
 3022 (vir)     1          -0.108          -1.484          -1.841          -5.314            1.880
 3023 (vir)     1          -0.104          -1.484          -1.841          -5.313            1.885
 3024 (vir)     1          -0.099          -1.483          -1.840          -5.313            1.891
 3025 (vir)     1          -0.099          -2.713          -6.851         -13.655            3.992
 3026 (vir)     1          -0.092          -1.482          -1.839          -5.312            1.898
 3027 (vir)     1          -0.085          -1.482          -1.838          -5.310            1.906
 3028 (vir)     1          -0.082          -1.474          -1.779          -5.237            1.902
 3029 (vir)     1          -0.080          -1.473          -1.779          -5.237            1.905
 3030 (vir)     1          -0.077          -1.481          -1.837          -5.309            1.914
 3031 (vir)     1          -0.077          -1.472          -1.779          -5.237            1.909
 3032 (vir)     1          -0.074          -1.471          -1.779          -5.237            1.914
 3033 (vir)     1          -0.069          -1.469          -1.778          -5.236            1.919
 3034 (vir)     1          -0.069          -1.481          -1.836          -5.308            1.923
 3035 (vir)     1          -0.064          -1.467          -1.778          -5.236            1.926
 3036 (vir)     1          -0.060          -2.636          -6.253         -12.953            4.003
 3037 (vir)     1          -0.059          -1.481          -1.835          -5.307            1.933
 3038 (vir)     1          -0.058          -1.465          -1.777          -5.235            1.934
 3039 (vir)     1          -0.052          -1.464          -1.776          -5.234            1.943
 3040 (vir)     1          -0.048          -1.481          -1.834          -5.306            1.943
 3041 (vir)     1          -0.044          -1.462          -1.775          -5.233            1.952
 3042 (vir)     1          -0.037          -1.481          -1.832          -5.305            1.955
 3043 (vir)     1          -0.036          -1.461          -1.774          -5.231            1.961
 3044 (vir)     1          -0.033          -2.698          -6.622         -13.443            4.089
 3045 (vir)     1          -0.027          -1.460          -1.773          -5.230            1.971
 3046 (vir)     1          -0.024          -1.481          -1.831          -5.304            1.967
 3047 (vir)     1          -0.022          -2.750          -6.795         -13.632            4.064
 3048 (vir)     1          -0.016          -1.459          -1.772          -5.229            1.982
 3049 (vir)     1          -0.011          -1.482          -1.830          -5.304            1.980
 3050 (vir)     1          -0.006          -1.458          -1.770          -5.227            1.993
 3051 (vir)     1           0.003          -1.482          -1.829          -5.303            1.994
 3052 (vir)     1           0.003          -2.704          -6.520         -13.327            4.107
 3053 (vir)     1           0.006          -1.458          -1.769          -5.226            2.005
 3054 (vir)     1           0.018          -1.483          -1.828          -5.302            2.009
 3055 (vir)     1           0.019          -1.458          -1.768          -5.225            2.017
 3056 (vir)     1           0.030          -2.685          -6.315         -13.084            4.115
 3057 (vir)     1           0.032          -1.459          -1.767          -5.224            2.030
 3058 (vir)     1           0.034          -1.484          -1.827          -5.302            2.024
 3059 (vir)     1           0.046          -1.459          -1.766          -5.223            2.044
 3060 (vir)     1           0.050          -1.484          -1.826          -5.302            2.041
 3061 (vir)     1           0.054          -2.785          -6.739         -13.607            4.137
 3062 (vir)     1           0.061          -1.460          -1.765          -5.222            2.058
 3063 (vir)     1           0.068          -1.485          -1.825          -5.301            2.059
 3064 (vir)     1           0.077          -1.461          -1.764          -5.221            2.074
 3065 (vir)     1           0.079          -2.781          -6.778         -13.705            4.225
 3066 (vir)     1           0.086          -1.486          -1.825          -5.301            2.077
 3067 (vir)     1           0.087          -2.695          -6.212         -12.982            4.162
 3068 (vir)     1           0.094          -1.462          -1.763          -5.220            2.090
 3069 (vir)     1           0.105          -1.487          -1.824          -5.301            2.096
 3070 (vir)     1           0.112          -1.463          -1.762          -5.219            2.106
 3071 (vir)     1           0.125          -1.488          -1.823          -5.302            2.116
 3072 (vir)     1           0.130          -2.821          -6.683         -13.582            4.207
 3073 (vir)     1           0.130          -1.465          -1.761          -5.219            2.123
 3074 (vir)     1           0.143          -2.716          -6.188         -12.979            4.217
 3075 (vir)     1           0.146          -1.489          -1.822          -5.302            2.137
 3076 (vir)     1           0.149          -1.467          -1.760          -5.219            2.141
 3077 (vir)     1           0.160          -2.814          -6.742         -13.711            4.315
 3078 (vir)     1           0.168          -1.491          -1.822          -5.303            2.158
 3079 (vir)     1           0.169          -1.468          -1.759          -5.219            2.161
 3080 (vir)     1           0.190          -1.492          -1.821          -5.303            2.180
 3081 (vir)     1           0.190          -1.470          -1.759          -5.219            2.180
 3082 (vir)     1           0.201          -2.758          -6.256         -13.096            4.283
 3083 (vir)     1           0.206          -2.856          -6.627         -13.556            4.278
 3084 (vir)     1           0.212          -1.472          -1.758          -5.219            2.201
 3085 (vir)     1           0.214          -1.494          -1.821          -5.304            2.203
 3086 (vir)     1           0.233          -2.796          -6.408         -13.322            4.351
 3087 (vir)     1           0.235          -1.474          -1.757          -5.219            2.222
 3088 (vir)     1           0.238          -1.496          -1.821          -5.306            2.227
 3089 (vir)     1           0.258          -1.476          -1.757          -5.219            2.245
 3090 (vir)     1           0.263          -1.497          -1.821          -5.307            2.252
 3091 (vir)     1           0.269          -2.841          -6.553         -13.519            4.394
 3092 (vir)     1           0.282          -2.892          -6.572         -13.529            4.346
 3093 (vir)     1           0.283          -1.478          -1.756          -5.220            2.268
 3094 (vir)     1           0.288          -1.499          -1.821          -5.309            2.277
 3095 (vir)     1           0.293          -2.785          -6.189         -13.066            4.385
 3096 (vir)     1           0.308          -1.481          -1.756          -5.220            2.291
 3097 (vir)     1           0.315          -1.501          -1.821          -5.311            2.304
 3098 (vir)     1           0.334          -1.483          -1.755          -5.221            2.317
 3099 (vir)     1           0.342          -1.504          -1.821          -5.313            2.331
 3100 (vir)     1           0.349          -2.803          -6.120         -13.003            4.430
 3101 (vir)     1           0.351          -2.907          -6.697         -13.757            4.504
 3102 (vir)     1           0.357          -2.926          -6.518         -13.501            4.414
 3103 (vir)     1           0.361          -1.486          -1.755          -5.222            2.342
 3104 (vir)     1           0.371          -1.506          -1.821          -5.315            2.359
 3105 (vir)     1           0.388          -1.488          -1.754          -5.223            2.369
 3106 (vir)     1           0.400          -1.509          -1.822          -5.318            2.387
 3107 (vir)     1           0.405          -2.823          -6.105         -13.008            4.486
 3108 (vir)     1           0.417          -1.490          -1.754          -5.223            2.396
 3109 (vir)     1           0.430          -1.512          -1.822          -5.321            2.416
 3110 (vir)     1           0.432          -2.924          -6.556         -13.626            4.579
 3111 (vir)     1           0.433          -2.962          -6.464         -13.473            4.480
 3112 (vir)     1           0.446          -1.493          -1.753          -5.225            2.425
 3113 (vir)     1           0.460          -1.515          -1.823          -5.324            2.447
 3114 (vir)     1           0.465          -2.873          -6.229         -13.196            4.558
 3115 (vir)     1           0.476          -1.495          -1.753          -5.226            2.454
 3116 (vir)     1           0.492          -1.517          -1.824          -5.328            2.478
 3117 (vir)     1           0.500          -2.886          -6.191         -13.183            4.607
 3118 (vir)     1           0.507          -1.498          -1.752          -5.227            2.484
 3119 (vir)     1           0.508          -2.993          -6.410         -13.444            4.549
 3120 (vir)     1           0.524          -1.521          -1.825          -5.332            2.510
 3121 (vir)     1           0.539          -1.500          -1.752          -5.229            2.515
 3122 (vir)     1           0.540          -2.968          -6.538         -13.643            4.677
 3123 (vir)     1           0.557          -1.524          -1.827          -5.336            2.542
 3124 (vir)     1           0.557          -2.888          -6.059         -13.033            4.643
 3125 (vir)     1           0.571          -1.503          -1.752          -5.230            2.547
 3126 (vir)     1           0.583          -3.020          -6.357         -13.415            4.621
 3127 (vir)     1           0.590          -1.527          -1.828          -5.341            2.576
 3128 (vir)     1           0.605          -1.505          -1.752          -5.232            2.580
 3129 (vir)     1           0.611          -2.899          -6.010         -12.990            4.692
 3130 (vir)     1           0.625          -1.530          -1.830          -5.346            2.610
 3131 (vir)     1           0.625          -3.017          -6.573         -13.743            4.778
 3132 (vir)     1           0.638          -1.508          -1.752          -5.235            2.614
 3133 (vir)     1           0.658          -3.056          -6.305         -13.386            4.683
 3134 (vir)     1           0.660          -1.534          -1.832          -5.351            2.645
 3135 (vir)     1           0.667          -2.925          -6.007         -13.003            4.737
 3136 (vir)     1           0.673          -1.511          -1.752          -5.238            2.648
 3137 (vir)     1           0.696          -1.537          -1.834          -5.357            2.681
 3138 (vir)     1           0.703          -2.999          -6.274         -13.402            4.832
 3139 (vir)     1           0.709          -1.513          -1.753          -5.241            2.684
 3140 (vir)     1           0.731          -3.002          -6.258         -13.350            4.820
 3141 (vir)     1           0.732          -1.542          -1.836          -5.363            2.717
 3142 (vir)     1           0.733          -3.079          -6.254         -13.357            4.757
 3143 (vir)     1           0.745          -1.517          -1.754          -5.245            2.719
 3144 (vir)     1           0.762          -2.966          -6.008         -13.070            4.858
 3145 (vir)     1           0.770          -1.546          -1.839          -5.369            2.755
 3146 (vir)     1           0.781          -1.519          -1.755          -5.250            2.757
 3147 (vir)     1           0.808          -3.108          -6.203         -13.327            4.823
 3148 (vir)     1           0.808          -1.549          -1.841          -5.376            2.794
 3149 (vir)     1           0.813          -3.083          -6.459         -13.665            4.936
 3150 (vir)     1           0.816          -2.973          -5.933         -12.986            4.895
 3151 (vir)     1           0.819          -1.522          -1.757          -5.255            2.795
 3152 (vir)     1           0.846          -1.552          -1.844          -5.384            2.834
 3153 (vir)     1           0.857          -1.527          -1.759          -5.261            2.833
 3154 (vir)     1           0.868          -2.984          -5.892         -12.943            4.934
 3155 (vir)     1           0.882          -3.140          -6.154         -13.297            4.886
 3156 (vir)     1           0.886          -1.556          -1.848          -5.392            2.873
 3157 (vir)     1           0.896          -1.531          -1.762          -5.268            2.872
 3158 (vir)     1           0.898          -3.109          -6.407         -13.660            5.042
 3159 (vir)     1           0.923          -3.012          -5.931         -12.990            4.969
 3160 (vir)     1           0.925          -1.560          -1.851          -5.400            2.915
 3161 (vir)     1           0.936          -1.534          -1.765          -5.276            2.913
 3162 (vir)     1           0.956          -3.167          -6.105         -13.268            4.952
 3163 (vir)     1           0.961          -3.052          -6.041         -13.210            5.078
 3164 (vir)     1           0.966          -1.564          -1.855          -5.409            2.956
 3165 (vir)     1           0.976          -1.539          -1.769          -5.285            2.953
 3166 (vir)     1           0.994          -3.121          -6.341         -13.571            5.103
 3167 (vir)     1           1.007          -1.568          -1.859          -5.419            2.999
 3168 (vir)     1           1.010          -3.060          -6.048         -13.236            5.138
 3169 (vir)     1           1.017          -1.544          -1.774          -5.295            2.995
 3170 (vir)     1           1.030          -3.193          -6.057         -13.238            5.018
 3171 (vir)     1           1.048          -1.572          -1.864          -5.430            3.042
 3172 (vir)     1           1.059          -1.549          -1.779          -5.306            3.037
 3173 (vir)     1           1.073          -2.992          -5.425         -12.323            4.979
 3174 (vir)     1           1.090          -1.575          -1.869          -5.440            3.086
 3175 (vir)     1           1.095          -3.071          -5.792         -12.767            4.999
 3176 (vir)     1           1.101          -1.553          -1.785          -5.318            3.081
 3177 (vir)     1           1.104          -3.215          -6.010         -13.209            5.087
 3178 (vir)     1           1.116          -3.036          -5.560         -12.562            5.082
 3179 (vir)     1           1.132          -1.579          -1.873          -5.451            3.131
 3180 (vir)     1           1.144          -1.560          -1.792          -5.332            3.125
 3181 (vir)     1           1.161          -3.044          -5.566         -12.585            5.136
 3182 (vir)     1           1.174          -1.582          -1.877          -5.461            3.175
 3183 (vir)     1           1.177          -3.240          -5.964         -13.179            5.153
 3184 (vir)     1           1.179          -3.119          -5.910         -12.967            5.116
 3185 (vir)     1           1.187          -1.565          -1.799          -5.347            3.170
 3186 (vir)     1           1.207          -3.048          -5.534         -12.544            5.169
 3187 (vir)     1           1.216          -1.584          -1.879          -5.467            3.220
 3188 (vir)     1           1.231          -1.571          -1.808          -5.364            3.216
 3189 (vir)     1           1.250          -3.261          -5.918         -13.149            5.220
 3190 (vir)     1           1.252          -3.049          -5.496         -12.496            5.203
 3191 (vir)     1           1.257          -1.584          -1.875          -5.465            3.263
 3192 (vir)     1           1.265          -3.117          -5.829         -12.859            5.178
 3193 (vir)     1           1.276          -1.577          -1.819          -5.383            3.263
 3194 (vir)     1           1.296          -3.062          -5.467         -12.467            5.234
 3195 (vir)     1           1.298          -1.578          -1.859          -5.442            3.304
 3196 (vir)     1           1.320          -1.583          -1.832          -5.405            3.310
 3197 (vir)     1           1.323          -3.277          -5.873         -13.117            5.289
 3198 (vir)     1           1.337          -1.561          -1.815          -5.376            3.337
 3199 (vir)     1           1.338          -3.004          -5.333         -12.208            5.209
 3200 (vir)     1           1.351          -3.160          -5.799         -12.890            5.282
 3201 (vir)     1           1.365          -1.590          -1.847          -5.431            3.358
 3202 (vir)     1           1.373          -1.523          -1.726          -5.237            3.362
 3203 (vir)     1           1.381          -3.034          -5.307         -12.209            5.249
 3204 (vir)     1           1.395          -3.295          -5.827         -13.081            5.355
 3205 (vir)     1           1.404          -1.475          -1.615          -5.065            3.379
 3206 (vir)     1           1.409          -1.598          -1.866          -5.462            3.408
 3207 (vir)     1           1.422          -3.026          -5.258         -12.140            5.278
 3208 (vir)     1           1.433          -1.461          -1.592          -5.028            3.408
 3209 (vir)     1           1.434          -3.101          -5.587         -12.534            5.279
 3210 (vir)     1           1.453          -1.607          -1.889          -5.500            3.457
 3211 (vir)     1           1.461          -1.505          -1.705          -5.207            3.459
 3212 (vir)     1           1.463          -3.050          -5.249         -12.138            5.301
 3213 (vir)     1           1.467          -3.311          -5.778         -13.037            5.415
 3214 (vir)     1           1.491          -1.572          -1.869          -5.467            3.517
 3215 (vir)     1           1.496          -2.958          -5.027         -11.713            5.224
 3216 (vir)     1           1.496          -1.616          -1.919          -5.547            3.508
 3217 (vir)     1           1.520          -1.631          -2.009          -5.688            3.569
 3218 (vir)     1           1.521          -3.154          -5.569         -12.585            5.383
 3219 (vir)     1           1.534          -2.938          -4.914         -11.546            5.227
 3220 (vir)     1           1.537          -1.629          -1.958          -5.607            3.557
 3221 (vir)     1           1.538          -3.321          -5.718         -12.968            5.467
 3222 (vir)     1           1.546          -1.678          -2.118          -5.860            3.610
 3223 (vir)     1           1.562          -1.712          -2.195          -5.982            3.637
 3224 (vir)     1           1.569          -2.907          -4.811         -11.368            5.218
 3225 (vir)     1           1.573          -1.646          -2.009          -5.689            3.606
 3226 (vir)     1           1.591          -2.901          -4.839         -11.346            5.196
 3227 (vir)     1           1.602          -1.675          -2.081          -5.804            3.649
 3228 (vir)     1           1.607          -3.304          -5.608         -12.800            5.495
 3229 (vir)     1           1.610          -3.058          -5.196         -12.005            5.361
 3230 (vir)     1           1.625          -2.730          -4.337         -10.490            5.048
 3231 (vir)     1           1.649          -1.505          -1.888          -5.440            3.696
 3232 (vir)     1           1.649          -1.512          -1.899          -5.459            3.697
 3233 (vir)     1           1.652          -2.644          -4.106         -10.060            4.962
 3234 (vir)     1           1.656          -1.181          -0.790          -3.761            3.446
 3235 (vir)     1           1.657          -1.185          -0.803          -3.785            3.455
 3236 (vir)     1           1.660          -1.192          -0.794          -3.772            3.445
 3237 (vir)     1           1.660          -1.191          -0.818          -3.814            3.465
 3238 (vir)     1           1.663          -1.189          -0.792          -3.768            3.450
 3239 (vir)     1           1.663          -1.343          -1.198          -4.532            3.654
 3240 (vir)     1           1.666          -1.393          -1.257          -4.643            3.659
 3241 (vir)     1           1.666          -2.209          -3.122          -8.169            4.504
 3242 (vir)     1           1.667          -1.210          -0.869          -3.912            3.500
 3243 (vir)     1           1.671          -2.577          -3.914          -9.642            4.823
 3244 (vir)     1           1.672          -1.196          -0.816          -3.813            3.473
 3245 (vir)     1           1.672          -1.366          -1.250          -4.633            3.689
 3246 (vir)     1           1.677          -1.258          -0.993          -4.146            3.572
 3247 (vir)     1           1.680          -1.516          -1.536          -5.166            3.794
 3248 (vir)     1           1.682          -1.405          -1.339          -4.804            3.743
 3249 (vir)     1           1.686          -1.217          -0.869          -3.914            3.514
 3250 (vir)     1           1.686          -1.651          -1.895          -5.863            4.003
 3251 (vir)     1           1.689          -2.481          -3.757          -9.335            4.786
 3252 (vir)     1           1.691          -1.886          -2.407          -6.841            4.239
 3253 (vir)     1           1.696          -1.329          -1.123          -4.389            3.633
 3254 (vir)     1           1.696          -1.541          -1.666          -5.403            3.892
 3255 (vir)     1           1.701          -1.435          -1.404          -4.930            3.792
 3256 (vir)     1           1.704          -1.270          -1.005          -4.172            3.600
 3257 (vir)     1           1.707          -2.099          -2.893          -7.730            4.446
 3258 (vir)     1           1.709          -1.757          -2.105          -6.267            4.114
 3259 (vir)     1           1.711          -1.693          -1.964          -5.996            4.050
 3260 (vir)     1           1.716          -1.783          -2.168          -6.388            4.153
 3261 (vir)     1           1.717          -1.290          -1.042          -4.238            3.622
 3262 (vir)     1           1.718          -1.598          -1.759          -5.599            3.961
 3263 (vir)     1           1.722          -1.665          -1.915          -5.906            4.047
 3264 (vir)     1           1.722          -1.904          -2.430          -6.886            4.274
 3265 (vir)     1           1.724          -1.629          -1.795          -5.662            3.963
 3266 (vir)     1           1.725          -1.766          -2.114          -6.286            4.130
 3267 (vir)     1           1.725          -1.702          -1.992          -6.051            4.082
 3268 (vir)     1           1.740          -2.561          -3.870          -9.548            4.857
 3269 (vir)     1           1.742          -1.277          -1.024          -4.208            3.648
 3270 (vir)     1           1.759          -1.568          -1.679          -5.426            3.938
 3271 (vir)     1           1.771          -1.289          -1.040          -4.241            3.684
 3272 (vir)     1           1.777          -3.222          -5.466         -12.526            5.615
 3273 (vir)     1           1.789          -1.341          -1.170          -4.479            3.758
 3274 (vir)     1           1.805          -1.320          -1.106          -4.377            3.756
 3275 (vir)     1           1.825          -1.332          -1.131          -4.416            3.778
 3276 (vir)     1           1.843          -1.504          -1.443          -5.048            3.944
 3277 (vir)     1           1.860          -3.292          -5.554         -12.745            5.759
 3278 (vir)     1           1.866          -1.400          -1.253          -4.661            3.874
 3279 (vir)     1           1.872          -2.577          -3.545          -9.192            4.941
 3280 (vir)     1           1.895          -1.738          -1.921          -5.971            4.207
 3281 (vir)     1           1.906          -1.832          -2.087          -6.301            4.289
 3282 (vir)     1           1.923          -1.552          -1.522          -5.043            3.893
 3283 (vir)     1           1.933          -2.445          -3.324          -8.722            4.886
 3284 (vir)     1           1.934          -2.255          -3.357          -8.686            5.009
 3285 (vir)     1           1.936          -1.520          -1.497          -4.997            3.916
 3286 (vir)     1           1.938          -1.931          -2.686          -7.405            4.726
 3287 (vir)     1           1.938          -1.501          -1.433          -5.015            4.019
 3288 (vir)     1           1.950          -3.015          -4.886         -11.522            5.570
 3289 (vir)     1           1.959          -1.514          -1.511          -5.015            3.949
 3290 (vir)     1           1.969          -1.568          -1.567          -5.278            4.112
 3291 (vir)     1           1.981          -2.195          -2.821          -7.737            4.702
 3292 (vir)     1           1.991          -1.525          -1.556          -5.084            3.994
 3293 (vir)     1           1.992          -1.536          -1.370          -4.819            3.906
 3294 (vir)     1           2.007          -2.242          -2.904          -7.901            4.762
 3295 (vir)     1           2.016          -1.542          -1.410          -4.879            3.944
 3296 (vir)     1           2.019          -1.581          -1.567          -5.283            4.154
 3297 (vir)     1           2.030          -1.546          -1.607          -5.167            4.043
 3298 (vir)     1           2.032          -3.380          -5.553         -12.849            5.949
 3299 (vir)     1           2.051          -1.550          -1.455          -4.947            3.993
 3300 (vir)     1           2.053          -1.523          -1.448          -5.054            4.135
 3301 (vir)     1           2.059          -2.693          -3.786          -9.642            5.222
 3302 (vir)     1           2.075          -1.563          -1.654          -5.243            4.101
 3303 (vir)     1           2.089          -1.812          -2.020          -6.181            4.437
 3304 (vir)     1           2.093          -1.554          -1.496          -5.010            4.053
 3305 (vir)     1           2.108          -1.835          -2.061          -6.264            4.476
 3306 (vir)     1           2.118          -3.405          -5.520         -12.846            6.039
 3307 (vir)     1           2.124          -1.577          -1.693          -5.309            4.162
 3308 (vir)     1           2.137          -2.768          -3.924          -9.937            5.382
 3309 (vir)     1           2.140          -1.562          -1.530          -5.063            4.111
 3310 (vir)     1           2.145          -1.546          -1.470          -5.105            4.234
 3311 (vir)     1           2.175          -1.591          -1.727          -5.365            4.223
 3312 (vir)     1           2.182          -1.567          -1.511          -5.189            4.294
 3313 (vir)     1           2.190          -1.568          -1.558          -5.109            4.173
 3314 (vir)     1           2.196          -2.742          -3.817          -9.747            5.383
 3315 (vir)     1           2.201          -3.362          -5.359         -12.608            6.089
 3316 (vir)     1           2.222          -1.976          -2.296          -6.747            4.696
 3317 (vir)     1           2.223          -2.877          -4.058         -10.304            5.593
 3318 (vir)     1           2.223          -2.880          -4.080         -10.347            5.611
 3319 (vir)     1           2.228          -1.603          -1.754          -5.414            4.285
 3320 (vir)     1           2.229          -2.938          -4.191         -10.569            5.669
 3321 (vir)     1           2.229          -2.888          -4.087         -10.358            5.613
 3322 (vir)     1           2.237          -2.806          -3.920         -10.030            5.540
 3323 (vir)     1           2.238          -2.966          -4.255         -10.698            5.714
 3324 (vir)     1           2.242          -1.573          -1.581          -5.148            4.237
 3325 (vir)     1           2.245          -1.800          -1.958          -6.081            4.568
 3326 (vir)     1           2.248          -3.196          -4.758         -11.692            5.987
 3327 (vir)     1           2.249          -2.843          -3.979         -10.147            5.575
 3328 (vir)     1           2.260          -2.526          -3.375          -8.933            5.292
 3329 (vir)     1           2.262          -3.159          -4.672         -11.529            5.959
 3330 (vir)     1           2.271          -3.553          -5.462         -13.071            6.327
 3331 (vir)     1           2.274          -2.970          -4.220         -10.575            5.660
 3332 (vir)     1           2.279          -2.790          -3.850          -9.904            5.543
 3333 (vir)     1           2.282          -1.613          -1.776          -5.456            4.349
 3334 (vir)     1           2.285          -1.567          -1.489          -5.157            4.386
 3335 (vir)     1           2.288          -2.790          -3.989         -10.081            5.591
 3336 (vir)     1           2.289          -3.195          -4.717         -11.621            5.998
 3337 (vir)     1           2.295          -1.574          -1.600          -5.183            4.304
 3338 (vir)     1           2.296          -3.334          -4.974         -12.145            6.133
 3339 (vir)     1           2.311          -3.593          -5.470         -13.140            6.388
 3340 (vir)     1           2.313          -3.107          -4.531         -11.217            5.892
 3341 (vir)     1           2.320          -1.480          -1.079          -4.570            4.332
 3342 (vir)     1           2.322          -1.480          -1.079          -4.570            4.333
 3343 (vir)     1           2.323          -2.304          -2.907          -8.024            5.137
 3344 (vir)     1           2.324          -1.563          -1.493          -5.168            4.437
 3345 (vir)     1           2.325          -1.479          -1.079          -4.570            4.337
 3346 (vir)     1           2.326          -3.447          -5.179         -12.552            6.252
 3347 (vir)     1           2.329          -1.479          -1.083          -4.576            4.342
 3348 (vir)     1           2.333          -1.476          -1.079          -4.570            4.348
 3349 (vir)     1           2.335          -3.758          -5.838         -13.879            6.618
 3350 (vir)     1           2.336          -3.046          -4.354         -10.868            5.804
 3351 (vir)     1           2.337          -1.558          -1.514          -5.131            4.396
 3352 (vir)     1           2.339          -1.528          -1.336          -4.901            4.377
 3353 (vir)     1           2.344          -1.474          -1.079          -4.571            4.362
 3354 (vir)     1           2.345          -3.470          -5.203         -12.627            6.299
 3355 (vir)     1           2.350          -1.576          -1.614          -5.212            4.372
 3356 (vir)     1           2.351          -1.475          -1.091          -4.586            4.371
 3357 (vir)     1           2.354          -1.474          -1.048          -4.526            4.358
 3358 (vir)     1           2.355          -2.676          -3.642          -9.494            5.531
 3359 (vir)     1           2.356          -3.873          -6.031         -14.278            6.730
 3360 (vir)     1           2.356          -1.477          -1.048          -4.526            4.357
 3361 (vir)     1           2.359          -1.475          -1.048          -4.526            4.362
 3362 (vir)     1           2.359          -1.473          -1.081          -4.574            4.379
 3363 (vir)     1           2.362          -1.471          -1.048          -4.526            4.370
 3364 (vir)     1           2.365          -1.772          -1.881          -5.947            4.659
 3365 (vir)     1           2.366          -3.748          -5.800         -13.823            6.641
 3366 (vir)     1           2.366          -1.470          -1.047          -4.526            4.375
 3367 (vir)     1           2.368          -1.471          -1.082          -4.576            4.390
 3368 (vir)     1           2.369          -2.349          -3.003          -8.181            5.198
 3369 (vir)     1           2.371          -1.466          -1.047          -4.526            4.384
 3370 (vir)     1           2.372          -3.818          -5.855         -13.944            6.643
 3371 (vir)     1           2.377          -1.473          -1.095          -4.593            4.402
 3372 (vir)     1           2.377          -1.465          -1.047          -4.526            4.391
 3373 (vir)     1           2.379          -3.902          -6.058         -14.352            6.771
 3374 (vir)     1           2.382          -3.906          -6.077         -14.392            6.791
 3375 (vir)     1           2.384          -1.463          -1.046          -4.526            4.400
 3376 (vir)     1           2.386          -3.950          -6.110         -14.463            6.789
 3377 (vir)     1           2.387          -3.950          -6.128         -14.501            6.809
 3378 (vir)     1           2.388          -1.471          -1.080          -4.574            4.411
 3379 (vir)     1           2.391          -1.462          -1.048          -4.528            4.409
 3380 (vir)     1           2.392          -2.156          -2.634          -7.454            5.056
 3381 (vir)     1           2.393          -1.579          -1.613          -5.268            4.469
 3382 (vir)     1           2.399          -1.457          -1.045          -4.525            4.423
 3383 (vir)     1           2.401          -1.504          -1.241          -4.783            4.440
 3384 (vir)     1           2.402          -2.869          -4.084         -10.284            5.734
 3385 (vir)     1           2.406          -1.549          -1.496          -5.076            4.438
 3386 (vir)     1           2.406          -1.958          -2.211          -6.652            4.889
 3387 (vir)     1           2.409          -1.485          -1.172          -4.681            4.434
 3388 (vir)     1           2.412          -1.468          -1.083          -4.579            4.439
 3389 (vir)     1           2.414          -2.740          -3.691          -9.577            5.559
 3390 (vir)     1           2.418          -1.456          -1.044          -4.525            4.444
 3391 (vir)     1           2.426          -1.469          -1.088          -4.586            4.455
 3392 (vir)     1           2.429          -1.453          -1.047          -4.530            4.459
 3393 (vir)     1           2.437          -1.639          -1.642          -5.476            4.633
 3394 (vir)     1           2.438          -1.478          -1.133          -4.646            4.474
 3395 (vir)     1           2.441          -1.450          -1.046          -4.529            4.473
 3396 (vir)     1           2.443          -2.003          -2.296          -6.819            4.962
 3397 (vir)     1           2.453          -1.449          -1.043          -4.526            4.487
 3398 (vir)     1           2.454          -1.605          -1.713          -5.408            4.544
 3399 (vir)     1           2.455          -1.465          -1.082          -4.580            4.488
 3400 (vir)     1           2.462          -1.552          -1.499          -5.090            4.501
 3401 (vir)     1           2.463          -2.247          -2.791          -7.772            5.197
 3402 (vir)     1           2.468          -1.480          -1.178          -4.695            4.505
 3403 (vir)     1           2.472          -1.472          -1.120          -4.631            4.511
 3404 (vir)     1           2.474          -3.265          -4.659         -11.541            6.091
 3405 (vir)     1           2.479          -1.568          -1.509          -5.216            4.617
 3406 (vir)     1           2.481          -1.447          -1.043          -4.527            4.518
 3407 (vir)     1           2.488          -1.468          -1.105          -4.613            4.527
 3408 (vir)     1           2.493          -2.816          -3.947         -10.031            5.761
 3409 (vir)     1           2.496          -1.447          -1.044          -4.530            4.535
 3410 (vir)     1           2.506          -1.841          -1.956          -6.159            4.868
 3411 (vir)     1           2.507          -1.463          -1.083          -4.585            4.545
 3412 (vir)     1           2.512          -1.605          -1.711          -5.415            4.611
 3413 (vir)     1           2.512          -1.453          -1.081          -4.576            4.553
 3414 (vir)     1           2.520          -1.597          -1.554          -5.308            4.678
 3415 (vir)     1           2.522          -1.581          -1.603          -5.232            4.570
 3416 (vir)     1           2.528          -1.481          -1.163          -4.692            4.575
 3417 (vir)     1           2.530          -1.444          -1.041          -4.528            4.572
 3418 (vir)     1           2.536          -3.238          -4.575         -11.400            6.122
 3419 (vir)     1           2.545          -1.468          -1.108          -4.620            4.589
 3420 (vir)     1           2.546          -1.842          -1.941          -6.133            4.896
 3421 (vir)     1           2.548          -1.443          -1.047          -4.537            4.594
 3422 (vir)     1           2.563          -1.733          -1.809          -5.827            4.849
 3423 (vir)     1           2.564          -2.736          -3.774          -9.716            5.771
 3424 (vir)     1           2.566          -1.449          -1.066          -4.561            4.612
 3425 (vir)     1           2.568          -1.463          -1.085          -4.591            4.611
 3426 (vir)     1           2.572          -1.609          -1.738          -5.462            4.687
 3427 (vir)     1           2.581          -1.582          -1.626          -5.271            4.644
 3428 (vir)     1           2.587          -1.443          -1.040          -4.529            4.634
 3429 (vir)     1           2.592          -2.297          -2.875          -7.970            5.389
 3430 (vir)     1           2.592          -1.477          -1.148          -4.676            4.643
 3431 (vir)     1           2.593          -2.550          -3.318          -8.879            5.605
 3432 (vir)     1           2.608          -1.444          -1.047          -4.540            4.658
 3433 (vir)     1           2.609          -2.432          -3.097          -8.441            5.520
 3434 (vir)     1           2.612          -1.469          -1.140          -4.668            4.670
 3435 (vir)     1           2.619          -1.861          -1.988          -6.233            5.003
 3436 (vir)     1           2.629          -1.457          -1.101          -4.610            4.681
 3437 (vir)     1           2.634          -1.622          -1.760          -5.502            4.753
 3438 (vir)     1           2.638          -1.460          -1.088          -4.599            4.689
 3439 (vir)     1           2.640          -1.788          -1.922          -6.062            4.992
 3440 (vir)     1           2.641          -1.582          -1.603          -5.254            4.710
 3441 (vir)     1           2.653          -1.443          -1.039          -4.533            4.704
 3442 (vir)     1           2.662          -3.131          -4.533         -11.251            6.249
 3443 (vir)     1           2.662          -3.212          -4.474         -11.248            6.225
 3444 (vir)     1           2.663          -1.763          -1.771          -5.814            4.943
 3445 (vir)     1           2.664          -1.465          -1.110          -4.631            4.720
 3446 (vir)     1           2.677          -1.444          -1.043          -4.539            4.730
 3447 (vir)     1           2.682          -1.693          -1.727          -5.668            4.930
 3448 (vir)     1           2.684          -1.522          -1.356          -4.965            4.772
 3449 (vir)     1           2.696          -1.542          -1.456          -5.073            4.772
 3450 (vir)     1           2.699          -1.581          -1.579          -5.267            4.807
 3451 (vir)     1           2.705          -1.498          -1.260          -4.822            4.769
 3452 (vir)     1           2.709          -1.820          -1.871          -6.018            5.035
 3453 (vir)     1           2.716          -1.461          -1.102          -4.624            4.777
 3454 (vir)     1           2.716          -3.303          -4.607         -11.539            6.345
 3455 (vir)     1           2.722          -1.704          -1.765          -5.747            5.000
 3456 (vir)     1           2.728          -1.442          -1.045          -4.546            4.786
 3457 (vir)     1           2.738          -2.568          -3.388          -9.023            5.805
 3458 (vir)     1           2.746          -1.459          -1.093          -4.614            4.809
 3459 (vir)     1           2.754          -1.629          -1.784          -5.556            4.896
 3460 (vir)     1           2.755          -1.440          -1.039          -4.540            4.816
 3461 (vir)     1           2.759          -1.598          -1.660          -5.350            4.851
 3462 (vir)     1           2.759          -1.762          -1.887          -5.997            5.107
 3463 (vir)     1           2.761          -2.493          -3.168          -8.598            5.698
 3464 (vir)     1           2.765          -3.212          -4.448         -11.227            6.333
 3465 (vir)     1           2.778          -1.475          -1.160          -4.708            4.851
 3466 (vir)     1           2.784          -1.445          -1.060          -4.569            4.848
 3467 (vir)     1           2.793          -1.866          -2.089          -6.408            5.246
 3468 (vir)     1           2.793          -1.803          -1.864          -6.017            5.144
 3469 (vir)     1           2.802          -1.500          -1.259          -4.846            4.889
 3470 (vir)     1           2.805          -2.999          -4.116         -10.555            6.246
 3471 (vir)     1           2.810          -1.476          -1.179          -4.727            4.882
 3472 (vir)     1           2.820          -1.608          -1.713          -5.469            4.969
 3473 (vir)     1           2.821          -2.039          -2.404          -7.052            5.431
 3474 (vir)     1           2.822          -1.571          -1.555          -5.224            4.921
 3475 (vir)     1           2.832          -2.705          -3.594          -9.486            6.018
 3476 (vir)     1           2.836          -3.217          -4.604         -11.482            6.498
 3477 (vir)     1           2.837          -1.462          -1.106          -4.640            4.909
 3478 (vir)     1           2.841          -2.267          -2.821          -7.911            5.664
 3479 (vir)     1           2.842          -1.441          -1.047          -4.556            4.911
 3480 (vir)     1           2.842          -1.729          -1.709          -5.718            5.122
 3481 (vir)     1           2.845          -2.465          -3.164          -8.610            5.826
 3482 (vir)     1           2.871          -1.460          -1.098          -4.632            4.945
 3483 (vir)     1           2.874          -1.441          -1.043          -4.554            4.944
 3484 (vir)     1           2.877          -1.644          -1.842          -5.659            5.050
 3485 (vir)     1           2.880          -1.604          -1.672          -5.391            4.994
 3486 (vir)     1           2.892          -1.747          -1.741          -5.789            5.193
 3487 (vir)     1           2.906          -1.470          -1.142          -4.696            4.990
 3488 (vir)     1           2.908          -1.448          -1.068          -4.590            4.981
 3489 (vir)     1           2.918          -3.102          -4.327         -10.971            6.459
 3490 (vir)     1           2.931          -1.561          -1.502          -5.198            5.067
 3491 (vir)     1           2.934          -1.520          -1.350          -4.972            5.035
 3492 (vir)     1           2.945          -1.951          -2.121          -6.560            5.433
 3493 (vir)     1           2.946          -1.562          -1.518          -5.223            5.089
 3494 (vir)     1           2.947          -1.538          -1.405          -5.045            5.048
 3495 (vir)     1           2.973          -1.472          -1.146          -4.709            5.064
 3496 (vir)     1           2.973          -1.451          -1.078          -4.610            5.054
 3497 (vir)     1           2.987          -2.017          -2.258          -6.844            5.556
 3498 (vir)     1           3.000          -1.657          -1.892          -5.755            5.207
 3499 (vir)     1           3.001          -1.612          -1.676          -5.423            5.136
 3500 (vir)     1           3.009          -1.446          -1.061          -4.590            5.092
 3501 (vir)     1           3.010          -1.464          -1.110          -4.664            5.100
 3502 (vir)     1           3.010          -3.039          -4.149         -10.660            6.483
 3503 (vir)     1           3.043          -1.767          -1.768          -5.869            5.376
 3504 (vir)     1           3.046          -1.453          -1.075          -4.614            5.132
 3505 (vir)     1           3.047          -1.465          -1.123          -4.688            5.146
 3506 (vir)     1           3.056          -1.674          -1.928          -5.822            5.276
 3507 (vir)     1           3.057          -1.605          -1.642          -5.392            5.203
 3508 (vir)     1           3.082          -1.485          -1.189          -4.789            5.197
 3509 (vir)     1           3.084          -1.475          -1.146          -4.716            5.179
 3510 (vir)     1           3.091          -3.274          -4.566         -11.544            6.794
 3511 (vir)     1           3.097          -1.755          -1.730          -5.801            5.414
 3512 (vir)     1           3.098          -1.612          -1.651          -5.455            5.289
 3513 (vir)     1           3.105          -1.552          -1.430          -5.119            5.242
 3514 (vir)     1           3.125          -1.539          -1.355          -5.016            5.247
 3515 (vir)     1           3.139          -1.541          -1.339          -5.007            5.267
 3516 (vir)     1           3.142          -1.506          -1.412          -5.076            5.300
 3517 (vir)     1           3.153          -1.771          -1.753          -5.859            5.488
 3518 (vir)     1           3.153          -1.516          -1.423          -5.104            5.319
 3519 (vir)     1           3.171          -3.256          -4.504         -11.460            6.871
 3520 (vir)     1           3.193          -2.330          -2.794          -8.099            6.167
 3521 (vir)     1           3.193          -2.332          -2.796          -8.104            6.169
 3522 (vir)     1           3.209          -1.813          -1.817          -6.000            5.579
 3523 (vir)     1           3.213          -1.581          -1.580          -5.335            5.387
 3524 (vir)     1           3.222          -1.503          -1.275          -4.904            5.348
 3525 (vir)     1           3.222          -1.519          -1.453          -5.116            5.366
 3526 (vir)     1           3.226          -1.441          -1.146          -4.696            5.335
 3527 (vir)     1           3.247          -3.176          -4.344         -11.176            6.902
 3528 (vir)     1           3.262          -1.629          -1.778          -5.632            5.486
 3529 (vir)     1           3.265          -1.439          -1.058          -4.580            5.348
 3530 (vir)     1           3.266          -1.486          -1.208          -4.817            5.389
 3531 (vir)     1           3.267          -1.883          -1.932          -6.248            5.699
 3532 (vir)     1           3.267          -1.607          -1.690          -5.463            5.433
 3533 (vir)     1           3.304          -1.430          -1.020          -4.535            5.390
 3534 (vir)     1           3.312          -1.484          -1.197          -4.807            5.438
 3535 (vir)     1           3.313          -2.529          -2.878          -8.368            6.274
 3536 (vir)     1           3.315          -2.658          -3.016          -8.659            6.300
 3537 (vir)     1           3.317          -1.652          -1.859          -5.762            5.568
 3538 (vir)     1           3.320          -1.634          -1.799          -5.636            5.523
 3539 (vir)     1           3.324          -1.839          -1.844          -6.076            5.717
 3540 (vir)     1           3.337          -2.499          -2.803          -8.207            6.243
 3541 (vir)     1           3.345          -2.734          -3.166          -8.976            6.421
 3542 (vir)     1           3.347          -1.428          -1.013          -4.532            5.438
 3543 (vir)     1           3.359          -1.488          -1.220          -4.846            5.497
 3544 (vir)     1           3.372          -2.462          -2.790          -8.183            6.302
 3545 (vir)     1           3.373          -1.655          -1.865          -5.784            5.637
 3546 (vir)     1           3.375          -1.643          -1.829          -5.697            5.601
 3547 (vir)     1           3.384          -1.894          -1.935          -6.274            5.829
 3548 (vir)     1           3.386          -2.760          -3.217          -9.087            6.496
 3549 (vir)     1           3.392          -1.435          -1.029          -4.560            5.489
 3550 (vir)     1           3.408          -1.505          -1.277          -4.935            5.561
 3551 (vir)     1           3.414          -2.531          -2.887          -8.395            6.391
 3552 (vir)     1           3.415          -3.275          -4.313         -11.181            7.007
 3553 (vir)     1           3.428          -1.644          -1.819          -5.731            5.696
 3554 (vir)     1           3.430          -1.622          -1.752          -5.602            5.659
 3555 (vir)     1           3.434          -2.701          -3.126          -8.900            6.507
 3556 (vir)     1           3.440          -1.466          -1.146          -4.734            5.561
 3557 (vir)     1           3.442          -3.205          -4.233         -11.024            7.028
 3558 (vir)     1           3.448          -1.975          -2.052          -6.534            5.956
 3559 (vir)     1           3.458          -1.529          -1.370          -5.079            5.638
 3560 (vir)     1           3.463          -2.667          -3.096          -8.849            6.549
 3561 (vir)     1           3.482          -1.542          -1.433          -5.156            5.662
 3562 (vir)     1           3.483          -1.627          -1.743          -5.633            5.745
 3563 (vir)     1           3.487          -2.564          -2.926          -8.483            6.480
 3564 (vir)     1           3.491          -1.562          -1.507          -5.265            5.686
 3565 (vir)     1           3.510          -1.560          -1.491          -5.265            5.724
 3566 (vir)     1           3.510          -1.942          -1.978          -6.394            5.985
 3567 (vir)     1           3.515          -2.841          -3.382          -9.476            6.767
 3568 (vir)     1           3.523          -3.247          -4.265         -11.143            7.154
 3569 (vir)     1           3.533          -1.498          -1.260          -4.912            5.687
 3570 (vir)     1           3.537          -1.610          -1.673          -5.540            5.794
 3571 (vir)     1           3.542          -2.408          -2.686          -7.980            6.428
 3572 (vir)     1           3.543          -1.621          -1.729          -5.601            5.794
 3573 (vir)     1           3.562          -1.591          -1.607          -5.447            5.811
 3574 (vir)     1           3.570          -3.049          -3.687         -10.148            6.982
 3575 (vir)     1           3.574          -1.970          -2.018          -6.493            6.079
 3576 (vir)     1           3.584          -1.495          -1.246          -4.899            5.741
 3577 (vir)     1           3.590          -1.602          -1.640          -5.503            5.851
 3578 (vir)     1           3.595          -1.640          -1.800          -5.718            5.874
 3579 (vir)     1           3.598          -2.295          -2.464          -7.516            6.355
 3580 (vir)     1           3.603          -3.212          -4.177         -11.000            7.214
 3581 (vir)     1           3.615          -1.613          -1.688          -5.579            5.893
 3582 (vir)     1           3.628          -3.245          -3.958         -10.753            7.178
 3583 (vir)     1           3.635          -1.522          -1.352          -5.064            5.825
 3584 (vir)     1           3.640          -2.019          -2.078          -6.632            6.175
 3585 (vir)     1           3.643          -1.609          -1.666          -5.554            5.922
 3586 (vir)     1           3.646          -1.629          -1.759          -5.672            5.929
 3587 (vir)     1           3.656          -2.183          -2.288          -7.149            6.334
 3588 (vir)     1           3.667          -1.620          -1.715          -5.633            5.965
 3589 (vir)     1           3.683          -3.186          -4.059         -10.791            7.229
 3590 (vir)     1           3.685          -1.608          -1.684          -5.573            5.966
 3591 (vir)     1           3.687          -3.369          -4.173         -11.241            7.386
 3592 (vir)     1           3.695          -1.638          -1.772          -5.727            6.012
 3593 (vir)     1           3.696          -1.564          -1.501          -5.298            5.928
 3594 (vir)     1           3.706          -2.089          -2.173          -6.848            6.292
 3595 (vir)     1           3.714          -2.104          -2.158          -6.881            6.332
 3596 (vir)     1           3.718          -1.609          -1.670          -5.576            6.017
 3597 (vir)     1           3.732          -1.709          -2.085          -6.193            6.131
 3598 (vir)     1           3.745          -1.690          -1.970          -6.043            6.129
 3599 (vir)     1           3.748          -3.502          -4.334         -11.616            7.527
 3600 (vir)     1           3.748          -1.482          -1.185          -4.830            5.910
 3601 (vir)     1           3.762          -3.002          -3.709         -10.085            7.136
 3602 (vir)     1           3.769          -1.576          -1.542          -5.394            6.045
 3603 (vir)     1           3.773          -2.059          -2.063          -6.688            6.338
 3604 (vir)     1           3.774          -1.757          -2.286          -6.516            6.247
 3605 (vir)     1           3.774          -2.299          -2.516          -7.591            6.550
 3606 (vir)     1           3.792          -1.750          -2.200          -6.416            6.258
 3607 (vir)     1           3.802          -1.459          -1.086          -4.685            5.942
 3608 (vir)     1           3.808          -3.584          -4.451         -11.900            7.673
 3609 (vir)     1           3.812          -1.788          -2.409          -6.724            6.339
 3610 (vir)     1           3.821          -1.540          -1.400          -5.185            6.067
 3611 (vir)     1           3.831          -2.614          -3.039          -8.673            6.850
 3612 (vir)     1           3.833          -2.023          -1.991          -6.543            6.362
 3613 (vir)     1           3.835          -1.793          -2.375          -6.707            6.374
 3614 (vir)     1           3.847          -1.813          -2.509          -6.897            6.423
 3615 (vir)     1           3.857          -2.653          -3.080          -8.853            6.977
 3616 (vir)     1           3.858          -1.474          -1.144          -4.783            6.023
 3617 (vir)     1           3.869          -3.657          -4.537         -12.118            7.792
 3618 (vir)     1           3.872          -1.824          -2.492          -6.913            6.468
 3619 (vir)     1           3.874          -1.532          -1.370          -5.149            6.121
 3620 (vir)     1           3.878          -1.817          -2.533          -6.954            6.482
 3621 (vir)     1           3.892          -1.985          -1.928          -6.419            6.398
 3622 (vir)     1           3.902          -1.828          -2.573          -7.037            6.539
 3623 (vir)     1           3.904          -1.836          -2.550          -7.028            6.546
 3624 (vir)     1           3.909          -2.135          -2.200          -6.966            6.540
 3625 (vir)     1           3.915          -2.143          -3.834          -9.379            7.316
 3626 (vir)     1           3.917          -2.140          -3.828          -9.368            7.317
 3627 (vir)     1           3.918          -1.504          -1.260          -4.973            6.128
 3628 (vir)     1           3.920          -2.136          -3.807          -9.332            7.310
 3629 (vir)     1           3.923          -2.099          -3.679          -9.071            7.215
 3630 (vir)     1           3.923          -1.743          -2.181          -6.459            6.458
 3631 (vir)     1           3.924          -2.112          -3.734          -9.165            7.242
 3632 (vir)     1           3.924          -2.117          -3.729          -9.181            7.260
 3633 (vir)     1           3.926          -2.111          -3.731          -9.158            7.241
 3634 (vir)     1           3.927          -1.912          -2.922          -7.641            6.735
 3635 (vir)     1           3.928          -2.110          -3.732          -9.157            7.242
 3636 (vir)     1           3.929          -3.730          -4.603         -12.291            7.888
 3637 (vir)     1           3.929          -2.130          -3.787          -9.295            7.307
 3638 (vir)     1           3.929          -3.097          -3.811         -10.404            7.425
 3639 (vir)     1           3.930          -2.107          -3.718          -9.130            7.235
 3640 (vir)     1           3.933          -2.107          -3.726          -9.140            7.240
 3641 (vir)     1           3.935          -2.119          -3.756          -9.236            7.296
 3642 (vir)     1           3.936          -1.899          -2.893          -7.714            6.858
 3643 (vir)     1           3.937          -1.882          -2.794          -7.537            6.798
 3644 (vir)     1           3.940          -2.100          -3.706          -9.096            7.230
 3645 (vir)     1           3.941          -2.106          -3.705          -9.141            7.272
 3646 (vir)     1           3.944          -2.091          -3.674          -9.035            7.214
 3647 (vir)     1           3.947          -1.924          -2.970          -7.731            6.784
 3648 (vir)     1           3.947          -2.000          -3.279          -8.321            6.990
 3649 (vir)     1           3.948          -2.108          -3.714          -9.158            7.284
 3650 (vir)     1           3.950          -2.003          -3.267          -8.300            6.980
 3651 (vir)     1           3.951          -1.946          -1.856          -6.274            6.424
 3652 (vir)     1           3.954          -2.086          -3.661          -9.002            7.208
 3653 (vir)     1           3.956          -2.099          -3.672          -9.078            7.262
 3654 (vir)     1           3.959          -2.078          -3.628          -8.941            7.193
 3655 (vir)     1           3.961          -1.978          -3.209          -8.207            6.981
 3656 (vir)     1           3.963          -2.034          -3.443          -8.605            7.092
 3657 (vir)     1           3.965          -2.030          -3.379          -8.519            7.075
 3658 (vir)     1           3.967          -1.985          -3.181          -8.138            6.939
 3659 (vir)     1           3.969          -2.066          -3.577          -8.840            7.167
 3660 (vir)     1           3.970          -2.077          -3.593          -8.927            7.227
 3661 (vir)     1           3.975          -2.059          -3.526          -8.747            7.138
 3662 (vir)     1           3.976          -2.137          -2.177          -6.937            6.599
 3663 (vir)     1           3.976          -1.949          -3.026          -7.873            6.874
 3664 (vir)     1           3.977          -1.742          -2.211          -6.573            6.597
 3665 (vir)     1           3.977          -1.975          -3.166          -8.087            6.924
 3666 (vir)     1           3.979          -1.877          -2.753          -7.518            6.867
 3667 (vir)     1           3.980          -2.020          -3.364          -8.471            7.068
 3668 (vir)     1           3.983          -2.021          -3.352          -8.434            7.044
 3669 (vir)     1           3.985          -2.069          -3.541          -8.823            7.198
 3670 (vir)     1           3.986          -2.015          -3.298          -8.338            7.011
 3671 (vir)     1           3.987          -1.947          -3.028          -7.892            6.905
 3672 (vir)     1           3.988          -1.842          -2.640          -7.265            6.771
 3673 (vir)     1           3.988          -1.946          -3.063          -7.939            6.917
 3674 (vir)     1           3.989          -2.024          -3.337          -8.405            7.034
 3675 (vir)     1           3.990          -3.761          -4.657         -12.443            8.014
 3676 (vir)     1           3.990          -1.837          -2.610          -7.207            6.751
 3677 (vir)     1           3.992          -2.057          -3.477          -8.695            7.153
 3678 (vir)     1           3.994          -2.014          -3.325          -8.397            7.052
 3679 (vir)     1           3.998          -2.043          -3.411          -8.561            7.104
 3680 (vir)     1           4.000          -2.025          -3.372          -8.492            7.096
 3681 (vir)     1           4.002          -2.033          -3.363          -8.465            7.071
 3682 (vir)     1           4.003          -2.032          -3.391          -8.525            7.104
 3683 (vir)     1           4.004          -2.035          -3.368          -8.473            7.074
 3684 (vir)     1           4.005          -2.033          -3.379          -8.499            7.091
 3685 (vir)     1           4.008          -1.902          -1.739          -6.032            6.399
 3686 (vir)     1           4.010          -3.108          -3.797         -10.404            7.508
 3687 (vir)     1           4.038          -1.452          -1.046          -4.648            6.188
 3688 (vir)     1           4.039          -1.541          -1.535          -5.442            6.404
 3689 (vir)     1           4.041          -2.111          -2.129          -6.855            6.656
 3690 (vir)     1           4.049          -3.811          -4.706         -12.583            8.115
 3691 (vir)     1           4.058          -1.752          -1.526          -5.577            6.358
 3692 (vir)     1           4.079          -1.602          -2.014          -6.208            6.671
 3693 (vir)     1           4.090          -3.090          -3.726         -10.289            7.562
 3694 (vir)     1           4.090          -1.611          -1.279          -5.047            6.248
 3695 (vir)     1           4.100          -1.449          -1.023          -4.614            6.242
 3696 (vir)     1           4.101          -2.055          -2.024          -6.651            6.674
 3697 (vir)     1           4.105          -1.619          -2.197          -6.487            6.776
 3698 (vir)     1           4.108          -3.989          -4.967         -13.189            8.342
 3699 (vir)     1           4.136          -1.568          -1.781          -5.817            6.603
 3700 (vir)     1           4.157          -2.006          -1.942          -6.493            6.701
 3701 (vir)     1           4.162          -1.448          -1.021          -4.616            6.310
 3702 (vir)     1           4.164          -4.115          -5.136         -13.594            8.508
 3703 (vir)     1           4.169          -3.039          -3.599         -10.051            7.582
 3704 (vir)     1           4.184          -1.531          -1.461          -5.312            6.504
 3705 (vir)     1           4.210          -2.095          -2.060          -6.751            6.806
 3706 (vir)     1           4.221          -4.190          -5.187         -13.741            8.585
 3707 (vir)     1           4.227          -1.452          -1.025          -4.629            6.378
 3708 (vir)     1           4.240          -1.532          -1.411          -5.241            6.538
 3709 (vir)     1           4.245          -2.769          -3.098          -8.997            7.376
 3710 (vir)     1           4.265          -2.542          -2.727          -8.192            7.188
 3711 (vir)     1           4.276          -4.200          -5.194         -13.789            8.671
 3712 (vir)     1           4.283          -2.147          -2.027          -6.712            6.821
 3713 (vir)     1           4.291          -1.457          -1.056          -4.684            6.462
 3714 (vir)     1           4.299          -1.548          -1.468          -5.341            6.623
 3715 (vir)     1           4.331          -4.216          -5.191         -13.814            8.738
 3716 (vir)     1           4.331          -3.034          -3.525          -9.964            7.736
 3717 (vir)     1           4.333          -2.107          -1.966          -6.589            6.849
 3718 (vir)     1           4.337          -1.598          -2.469          -6.875            7.146
 3719 (vir)     1           4.341          -1.616          -2.656          -7.161            7.230
 3720 (vir)     1           4.355          -1.626          -1.924          -6.127            6.933
 3721 (vir)     1           4.362          -1.479          -1.266          -5.009            6.627
 3722 (vir)     1           4.364          -2.632          -2.794          -8.402            7.339
 3723 (vir)     1           4.385          -4.254          -5.202         -13.873            8.802
 3724 (vir)     1           4.392          -2.084          -1.931          -6.528            6.904
 3725 (vir)     1           4.403          -2.849          -3.157          -9.194            7.591
 3726 (vir)     1           4.419          -1.581          -1.521          -5.411            6.728
 3727 (vir)     1           4.423          -1.476          -0.952          -4.461            6.456
 3728 (vir)     1           4.429          -2.807          -3.061          -8.988            7.550
 3729 (vir)     1           4.438          -4.274          -5.203         -13.908            8.869
 3730 (vir)     1           4.456          -2.104          -1.951          -6.588            6.989
 3731 (vir)     1           4.477          -1.631          -1.742          -5.766            6.870
 3732 (vir)     1           4.477          -2.789          -3.012          -8.901            7.577
 3733 (vir)     1           4.490          -4.263          -5.159         -13.840            8.908
 3734 (vir)     1           4.497          -1.469          -1.066          -4.721            6.683
 3735 (vir)     1           4.507          -2.906          -3.239          -9.403            7.765
 3736 (vir)     1           4.521          -2.299          -2.226          -7.226            7.222
 3737 (vir)     1           4.532          -1.699          -2.035          -6.228            7.027
 3738 (vir)     1           4.541          -4.081          -4.866         -13.211            8.805
 3739 (vir)     1           4.554          -2.810          -2.999          -8.897            7.642
 3740 (vir)     1           4.567          -1.473          -1.075          -4.743            6.762
 3741 (vir)     1           4.583          -1.794          -2.447          -6.875            7.216
 3742 (vir)     1           4.583          -3.656          -4.197         -11.711            8.441
 3743 (vir)     1           4.587          -2.963          -3.299          -9.565            7.891
 3744 (vir)     1           4.596          -2.758          -2.888          -8.756            7.706
 3745 (vir)     1           4.626          -1.918          -2.985          -7.711            7.434
 3746 (vir)     1           4.631          -2.865          -3.026          -8.982            7.723
 3747 (vir)     1           4.633          -4.359          -5.202         -14.022            9.094
 3748 (vir)     1           4.638          -1.480          -1.092          -4.778            6.844
 3749 (vir)     1           4.661          -2.065          -3.593          -8.654            7.657
 3750 (vir)     1           4.663          -2.089          -1.890          -6.505            7.189
 3751 (vir)     1           4.669          -3.005          -3.317          -9.637            7.984
 3752 (vir)     1           4.678          -4.471          -5.325         -14.333            9.215
 3753 (vir)     1           4.689          -2.233          -4.226          -9.629            7.859
 3754 (vir)     1           4.710          -1.494          -1.119          -4.829            6.926
 3755 (vir)     1           4.710          -2.425          -4.893         -10.651            8.043
 3756 (vir)     1           4.710          -2.943          -3.064          -9.096            7.799
 3757 (vir)     1           4.722          -4.502          -5.350         -14.416            9.287
 3758 (vir)     1           4.727          -2.616          -5.544         -11.646            8.212
 3759 (vir)     1           4.733          -2.058          -1.838          -6.403            7.240
 3760 (vir)     1           4.739          -2.768          -6.071         -12.450            8.350
 3761 (vir)     1           4.747          -2.868          -6.426         -12.995            8.447
 3762 (vir)     1           4.751          -3.022          -3.320          -9.677            8.086
 3763 (vir)     1           4.753          -2.926          -6.636         -13.319            8.510
 3764 (vir)     1           4.759          -2.956          -6.747         -13.493            8.549
 3765 (vir)     1           4.764          -4.480          -5.291         -14.310            9.303
 3766 (vir)     1           4.766          -2.969          -6.799         -13.578            8.576
 3767 (vir)     1           4.773          -2.973          -6.815         -13.609            8.595
 3768 (vir)     1           4.782          -2.970          -6.806         -13.604            8.610
 3769 (vir)     1           4.782          -1.506          -1.169          -4.918            7.026
 3770 (vir)     1           4.790          -2.956          -3.105          -9.217            7.945
 3771 (vir)     1           4.792          -2.963          -6.778         -13.571            8.622
 3772 (vir)     1           4.800          -3.694          -4.140         -11.691            8.657
 3773 (vir)     1           4.804          -2.951          -6.733         -13.512            8.632
 3774 (vir)     1           4.810          -2.885          -2.968          -9.015            7.973
 3775 (vir)     1           4.818          -2.934          -6.670         -13.426            8.640
 3776 (vir)     1           4.833          -2.912          -6.588         -13.311            8.644
 3777 (vir)     1           4.833          -3.045          -3.318          -9.706            8.176
 3778 (vir)     1           4.841          -4.576          -5.379         -14.558            9.444
 3779 (vir)     1           4.848          -2.883          -6.486         -13.164            8.643
 3780 (vir)     1           4.854          -1.562          -1.360          -5.234            7.166
 3781 (vir)     1           4.865          -2.851          -6.376         -13.001            8.639
 3782 (vir)     1           4.867          -2.885          -6.446         -13.251            8.788
 3783 (vir)     1           4.867          -2.889          -6.464         -13.279            8.793
 3784 (vir)     1           4.870          -3.007          -3.146          -9.337            8.054
 3785 (vir)     1           4.873          -2.887          -6.457         -13.269            8.799
 3786 (vir)     1           4.874          -2.891          -6.468         -13.287            8.801
 3787 (vir)     1           4.875          -3.246          -7.678         -14.950            8.900
 3788 (vir)     1           4.877          -4.630          -5.422         -14.681            9.506
 3789 (vir)     1           4.879          -3.247          -7.680         -14.953            8.907
 3790 (vir)     1           4.880          -2.830          -6.315         -12.904            8.640
 3791 (vir)     1           4.881          -2.042          -1.768          -6.281            7.351
 3792 (vir)     1           4.883          -2.881          -6.431         -13.229            8.800
 3793 (vir)     1           4.884          -2.895          -6.483         -13.309            8.815
 3794 (vir)     1           4.886          -3.245          -7.675         -14.950            8.916
 3795 (vir)     1           4.893          -2.952          -6.686         -13.402            8.657
 3796 (vir)     1           4.894          -2.923          -6.572         -13.223            8.623
 3797 (vir)     1           4.895          -3.210          -7.560         -14.795            8.919
 3798 (vir)     1           4.896          -2.901          -6.495         -13.312            8.813
 3799 (vir)     1           4.897          -2.901          -6.504         -13.340            8.832
 3800 (vir)     1           4.898          -2.978          -6.701         -13.370            8.589
 3801 (vir)     1           4.907          -3.237          -7.652         -14.922            8.939
 3802 (vir)     1           4.908          -2.835          -6.299         -12.879            8.653
 3803 (vir)     1           4.909          -2.846          -6.219         -12.649            8.492
 3804 (vir)     1           4.912          -4.621          -5.387         -14.623            9.526
 3805 (vir)     1           4.913          -2.862          -6.354         -13.088            8.785
 3806 (vir)     1           4.913          -2.878          -6.412         -13.207            8.830
 3807 (vir)     1           4.916          -3.080          -3.316          -9.733            8.253
 3808 (vir)     1           4.917          -2.985          -6.657         -13.442            8.718
 3809 (vir)     1           4.920          -2.594          -5.438         -11.874            8.761
 3810 (vir)     1           4.920          -2.579          -5.379         -11.799            8.762
 3811 (vir)     1           4.924          -2.755          -6.006         -12.512            8.676
 3812 (vir)     1           4.927          -2.251          -4.061          -9.453            8.068
 3813 (vir)     1           4.927          -2.654          -5.545         -11.720            8.448
 3814 (vir)     1           4.928          -2.600          -5.450         -11.831            8.710
 3815 (vir)     1           4.928          -2.586          -5.412         -11.828            8.758
 3816 (vir)     1           4.932          -2.929          -6.602         -13.479            8.879
 3817 (vir)     1           4.933          -3.233          -7.609         -14.881            8.972
 3818 (vir)     1           4.934          -2.700          -5.717         -12.084            8.602
 3819 (vir)     1           4.938          -2.629          -5.556         -11.984            8.737
 3820 (vir)     1           4.939          -2.572          -5.355         -11.740            8.752
 3821 (vir)     1           4.942          -4.512          -5.207         -14.225            9.448
 3822 (vir)     1           4.944          -2.652          -5.622         -12.003            8.673
 3823 (vir)     1           4.949          -3.181          -7.421         -14.617            8.964
 3824 (vir)     1           4.951          -2.584          -5.288         -11.364            8.443
 3825 (vir)     1           4.951          -3.047          -3.184          -9.453            8.174
 3826 (vir)     1           4.952          -2.621          -5.514         -11.909            8.727
 3827 (vir)     1           4.953          -2.569          -5.342         -11.699            8.741
 3828 (vir)     1           4.953          -2.842          -6.265         -12.925            8.771
 3829 (vir)     1           4.954          -2.908          -6.489         -13.332            8.890
 3830 (vir)     1           4.957          -2.155          -1.914          -6.638            7.526
 3831 (vir)     1           4.963          -3.179          -7.402         -14.588            8.970
 3832 (vir)     1           4.963          -2.544          -5.190         -11.283            8.511
 3833 (vir)     1           4.965          -2.624          -5.511         -11.868            8.697
 3834 (vir)     1           4.967          -2.543          -5.216         -11.498            8.706
 3835 (vir)     1           4.971          -2.888          -6.436         -13.223            8.869
 3836 (vir)     1           4.971          -2.600          -5.410         -11.707            8.667
 3837 (vir)     1           4.973          -2.602          -5.424         -11.733            8.679
 3838 (vir)     1           4.973          -4.716          -5.458         -14.826            9.625
 3839 (vir)     1           4.976          -2.984          -6.767         -13.733            8.959
 3840 (vir)     1           4.978          -2.542          -5.194         -11.417            8.659
 3841 (vir)     1           4.979          -3.239          -7.605         -14.904            9.039
 3842 (vir)     1           4.991          -2.921          -6.503         -13.236            8.802
 3843 (vir)     1           4.994          -3.157          -7.318         -14.517            9.036
 3844 (vir)     1           4.994          -2.920          -6.502         -13.353            8.925
 3845 (vir)     1           4.998          -2.339          -4.362         -10.013            8.311
 3846 (vir)     1           4.999          -3.096          -3.315          -9.764            8.352
 3847 (vir)     1           5.001          -4.729          -5.460         -14.850            9.662
 3848 (vir)     1           5.003          -2.535          -5.162         -11.433            8.739
 3849 (vir)     1           5.004          -3.237          -7.588         -14.902            9.081
 3850 (vir)     1           5.005          -2.334          -4.276          -9.793            8.188
 3851 (vir)     1           5.008          -3.042          -6.952         -13.986            9.000
 3852 (vir)     1           5.011          -3.177          -7.369         -14.603            9.068
 3853 (vir)     1           5.013          -2.922          -6.503         -13.285            8.873
 3854 (vir)     1           5.015          -3.096          -7.169         -14.288            9.038
 3855 (vir)     1           5.025          -4.392          -4.981         -13.754            9.406
 3856 (vir)     1           5.032          -3.093          -3.219          -9.564            8.284
 3857 (vir)     1           5.033          -2.477          -4.920         -11.058            8.694
 3858 (vir)     1           5.034          -2.344          -2.145          -7.192            7.737
 3859 (vir)     1           5.036          -2.584          -5.323         -11.535            8.664
 3860 (vir)     1           5.038          -2.356          -4.414         -10.166            8.434
 3861 (vir)     1           5.050          -4.774          -5.486         -14.941            9.731
 3862 (vir)     1           5.059          -2.533          -5.041         -11.180            8.665
 3863 (vir)     1           5.070          -2.327          -4.318         -10.074            8.499
 3864 (vir)     1           5.071          -4.783          -5.485         -14.953            9.756
 3865 (vir)     1           5.075          -2.468          -4.873         -10.963            8.696
 3866 (vir)     1           5.082          -3.112          -3.316          -9.800            8.454
 3867 (vir)     1           5.087          -1.863          -2.545          -7.128            7.806
 3868 (vir)     1           5.090          -4.777          -5.464         -14.918            9.767
 3869 (vir)     1           5.101          -2.684          -5.573         -12.065            8.909
 3870 (vir)     1           5.106          -2.476          -4.989         -11.116            8.756
 3871 (vir)     1           5.107          -4.824          -5.505         -15.024            9.802
 3872 (vir)     1           5.110          -2.038          -1.723          -6.234            7.584
 3873 (vir)     1           5.112          -3.124          -3.253          -9.672            8.407
 3874 (vir)     1           5.114          -2.375          -4.467         -10.397            8.669
 3875 (vir)     1           5.122          -4.780          -5.431         -14.863            9.773
 3876 (vir)     1           5.134          -4.848          -5.512         -15.059            9.832
 3877 (vir)     1           5.136          -2.225          -4.101          -9.554            8.364
 3878 (vir)     1           5.144          -4.855          -5.512         -15.065            9.842
 3879 (vir)     1           5.144          -2.709          -5.637         -12.199            8.998
 3880 (vir)     1           5.146          -2.630          -5.550         -12.219            9.185
 3881 (vir)     1           5.151          -4.857          -5.516         -15.081            9.859
 3882 (vir)     1           5.155          -1.756          -2.103          -6.445            7.742
 3883 (vir)     1           5.156          -4.865          -5.519         -15.091            9.863
 3884 (vir)     1           5.159          -4.882          -5.520         -15.096            9.852
 3885 (vir)     1           5.166          -3.150          -3.319          -9.841            8.537
 3886 (vir)     1           5.173          -2.652          -5.554         -12.297            9.263
 3887 (vir)     1           5.184          -1.951          -2.915          -7.666            7.985
 3888 (vir)     1           5.189          -2.706          -5.596         -12.165            9.051
 3889 (vir)     1           5.189          -1.946          -1.578          -5.914            7.580
 3890 (vir)     1           5.193          -3.169          -3.285          -9.779            8.518
 3891 (vir)     1           5.204          -2.594          -5.219         -11.784            9.175
 3892 (vir)     1           5.221          -2.017          -3.045          -8.016            8.174
 3893 (vir)     1           5.230          -2.579          -5.153         -11.653            9.152
 3894 (vir)     1           5.235          -2.516          -4.883         -11.014            8.850
 3895 (vir)     1           5.250          -3.191          -3.325          -9.887            8.621
 3896 (vir)     1           5.252          -1.959          -2.833          -7.654            8.114
 3897 (vir)     1           5.263          -2.699          -5.539         -12.365            9.390
 3898 (vir)     1           5.270          -1.946          -1.551          -5.872            7.645
 3899 (vir)     1           5.273          -2.679          -5.437         -11.993            9.150
 3900 (vir)     1           5.273          -3.203          -3.320          -9.890            8.641
 3901 (vir)     1           5.291          -1.999          -2.991          -7.889            8.190
 3902 (vir)     1           5.294          -2.718          -5.577         -12.450            9.450
 3903 (vir)     1           5.312          -2.262          -3.903          -9.511            8.657
 3904 (vir)     1           5.317          -2.828          -5.957         -12.888            9.420
 3905 (vir)     1           5.326          -3.187          -7.292         -14.770            9.618
 3906 (vir)     1           5.326          -2.877          -6.182         -13.030            9.297
 3907 (vir)     1           5.328          -2.669          -5.406         -11.980            9.232
 3908 (vir)     1           5.335          -3.219          -3.332          -9.937            8.720
 3909 (vir)     1           5.340          -3.003          -6.657         -13.881            9.561
 3910 (vir)     1           5.342          -3.160          -7.189         -14.627            9.620
 3911 (vir)     1           5.347          -2.058          -3.204          -8.219            8.304
 3912 (vir)     1           5.349          -2.911          -6.268         -13.456            9.626
 3913 (vir)     1           5.351          -1.926          -1.532          -5.845            7.739
 3914 (vir)     1           5.354          -3.244          -3.358         -10.011            8.763
 3915 (vir)     1           5.357          -2.907          -6.223         -13.368            9.595
 3916 (vir)     1           5.364          -2.968          -6.551         -13.701            9.546
 3917 (vir)     1           5.365          -3.146          -7.121         -14.527            9.625
 3918 (vir)     1           5.374          -2.914          -6.259         -13.505            9.705
 3919 (vir)     1           5.382          -2.351          -4.229         -10.034            8.835
 3920 (vir)     1           5.394          -2.983          -6.474         -13.823            9.759
 3921 (vir)     1           5.394          -3.153          -7.125         -14.550            9.666
 3922 (vir)     1           5.395          -2.475          -4.717         -10.718            8.921
 3923 (vir)     1           5.396          -2.235          -3.832          -9.227            8.556
 3924 (vir)     1           5.399          -2.923          -6.311         -13.562            9.727
 3925 (vir)     1           5.412          -2.855          -6.037         -13.149            9.668
 3926 (vir)     1           5.419          -3.262          -3.340          -9.989            8.807
 3927 (vir)     1           5.425          -3.079          -6.836         -14.200            9.710
 3928 (vir)     1           5.425          -3.051          -6.710         -14.248            9.912
 3929 (vir)     1           5.426          -2.930          -6.408         -13.553            9.641
 3930 (vir)     1           5.433          -2.965          -6.429         -13.672            9.710
 3931 (vir)     1           5.434          -3.289          -3.401         -10.146            8.889
 3932 (vir)     1           5.435          -1.932          -1.513          -5.819            7.809
 3933 (vir)     1           5.438          -2.458          -4.610         -10.511            8.882
 3934 (vir)     1           5.442          -2.890          -6.158         -13.192            9.585
 3935 (vir)     1           5.448          -2.900          -6.205         -13.013            9.356
 3936 (vir)     1           5.450          -2.979          -6.445         -13.152            9.177
 3937 (vir)     1           5.450          -2.929          -6.272         -12.913            9.162
 3938 (vir)     1           5.451          -2.874          -6.076         -12.615            9.117
 3939 (vir)     1           5.451          -2.961          -6.393         -13.092            9.188
 3940 (vir)     1           5.453          -2.276          -3.933          -9.353            8.597
 3941 (vir)     1           5.453          -3.074          -6.777         -14.370            9.972
 3942 (vir)     1           5.455          -2.911          -6.313         -13.091            9.322
 3943 (vir)     1           5.457          -2.908          -6.252         -12.987            9.285
 3944 (vir)     1           5.462          -2.986          -6.581         -13.657            9.552
 3945 (vir)     1           5.464          -3.073          -6.771         -14.045            9.666
 3946 (vir)     1           5.465          -3.051          -6.718         -13.959            9.656
 3947 (vir)     1           5.466          -3.086          -6.849         -14.184            9.715
 3948 (vir)     1           5.468          -3.077          -6.780         -14.250            9.861
 3949 (vir)     1           5.468          -3.042          -6.685         -13.813            9.555
 3950 (vir)     1           5.471          -2.976          -6.447         -13.778            9.826
 3951 (vir)     1           5.472          -3.052          -6.714         -13.923            9.630
 3952 (vir)     1           5.473          -3.052          -6.690         -14.149            9.881
 3953 (vir)     1           5.477          -3.063          -6.741         -14.125            9.798
 3954 (vir)     1           5.478          -3.059          -6.727         -14.167            9.860
 3955 (vir)     1           5.482          -3.083          -6.784         -14.362            9.977
 3956 (vir)     1           5.482          -2.750          -5.639         -12.284            9.376
 3957 (vir)     1           5.483          -3.051          -6.697         -14.151            9.886
 3958 (vir)     1           5.486          -3.079          -6.773         -14.366           10.000
 3959 (vir)     1           5.487          -3.133          -6.824         -14.664           10.195
 3960 (vir)     1           5.489          -3.192          -6.820         -14.808           10.284
 3961 (vir)     1           5.490          -3.053          -6.733         -14.035            9.740
 3962 (vir)     1           5.492          -2.902          -6.287         -13.403            9.706
 3963 (vir)     1           5.492          -3.190          -7.164         -15.085           10.223
 3964 (vir)     1           5.495          -3.009          -6.612         -13.591            9.465
 3965 (vir)     1           5.499          -3.129          -6.988         -14.301            9.684
 3966 (vir)     1           5.500          -3.000          -6.578         -13.546            9.469
 3967 (vir)     1           5.505          -3.297          -3.348         -10.043            8.903
 3968 (vir)     1           5.507          -3.016          -6.631         -13.601            9.461
 3969 (vir)     1           5.508          -2.429          -4.518         -10.407            8.968
 3970 (vir)     1           5.511          -3.232          -7.277         -15.300           10.302
 3971 (vir)     1           5.514          -2.924          -6.292         -13.061            9.359
 3972 (vir)     1           5.514          -3.354          -3.452         -10.297            9.005
 3973 (vir)     1           5.517          -2.802          -5.821         -12.586            9.480
 3974 (vir)     1           5.520          -1.934          -1.493          -5.793            7.885
 3975 (vir)     1           5.520          -3.011          -6.611         -13.564            9.463
 3976 (vir)     1           5.527          -2.855          -6.041         -12.690            9.321
 3977 (vir)     1           5.529          -3.111          -6.925         -14.150            9.643
 3978 (vir)     1           5.529          -3.118          -6.919         -14.642           10.135
 3979 (vir)     1           5.530          -2.714          -5.595         -12.068            9.289
 3980 (vir)     1           5.535          -2.994          -6.552         -13.478            9.465
 3981 (vir)     1           5.540          -3.184          -7.122         -15.037           10.271
 3982 (vir)     1           5.542          -3.011          -6.606         -13.556            9.482
 3983 (vir)     1           5.546          -2.769          -5.763         -12.339            9.353
 3984 (vir)     1           5.549          -3.073          -6.788         -13.897            9.585
 3985 (vir)     1           5.551          -2.891          -6.184         -12.949            9.425
 3986 (vir)     1           5.554          -3.030          -6.639         -13.618            9.504
 3987 (vir)     1           5.556          -3.030          -6.632         -13.627            9.521
 3988 (vir)     1           5.558          -3.233          -7.243         -15.287           10.370
 3989 (vir)     1           5.559          -2.857          -6.011         -12.925            9.615
 3990 (vir)     1           5.569          -2.485          -4.707         -10.731            9.108
 3991 (vir)     1           5.574          -2.656          -5.421         -11.827            9.324
 3992 (vir)     1           5.577          -3.173          -7.052         -14.947           10.298
 3993 (vir)     1           5.580          -2.756          -5.955         -12.538            9.408
 3994 (vir)     1           5.581          -2.766          -5.945         -12.583            9.453
 3995 (vir)     1           5.586          -3.069          -6.759         -14.385           10.144
 3996 (vir)     1           5.590          -3.330          -3.356         -10.099            9.003
 3997 (vir)     1           5.594          -3.420          -3.508         -10.465            9.131
 3998 (vir)     1           5.602          -2.971          -6.414         -13.722            9.940
 3999 (vir)     1           5.606          -3.171          -7.005         -14.901           10.330
 4000 (vir)     1           5.606          -1.916          -1.472          -5.764            7.982
 4001 (vir)     1           5.626          -3.175          -6.944         -14.812           10.319
 4002 (vir)     1           5.628          -2.982          -6.496         -13.920           10.071
 4003 (vir)     1           5.647          -3.099          -6.760         -14.475           10.262
 4004 (vir)     1           5.650          -3.046          -6.634         -14.243           10.213
 4005 (vir)     1           5.660          -2.398          -4.668         -10.500            9.094
 4006 (vir)     1           5.662          -2.347          -4.475         -10.211            9.050
 4007 (vir)     1           5.667          -3.033          -6.599         -14.200           10.235
 4008 (vir)     1           5.669          -3.106          -6.706         -14.421           10.278
 4009 (vir)     1           5.675          -3.483          -3.569         -10.645            9.268
 4010 (vir)     1           5.676          -3.361          -3.366         -10.158            9.107
 4011 (vir)     1           5.683          -2.900          -6.176         -13.416           10.023
 4012 (vir)     1           5.684          -3.191          -6.866         -14.769           10.396
 4013 (vir)     1           5.690          -3.116          -6.772         -13.963            9.764
 4014 (vir)     1           5.690          -3.118          -6.773         -13.967            9.766
 4015 (vir)     1           5.694          -3.029          -6.414         -13.921           10.172
 4016 (vir)     1           5.694          -1.923          -1.451          -5.734            8.055
 4017 (vir)     1           5.696          -2.834          -5.870         -12.755            9.746
 4018 (vir)     1           5.699          -2.964          -6.247         -13.562           10.050
 4019 (vir)     1           5.700          -3.110          -6.763         -13.956            9.781
 4020 (vir)     1           5.700          -2.914          -6.072         -13.238            9.952
 4021 (vir)     1           5.701          -3.085          -6.682         -13.811            9.745
 4022 (vir)     1           5.703          -2.928          -6.169         -13.431           10.036
 4023 (vir)     1           5.705          -2.479          -4.594         -10.473            9.105
 4024 (vir)     1           5.714          -3.042          -6.568         -13.618            9.721
 4025 (vir)     1           5.715          -3.116          -6.774         -13.994            9.818
 4026 (vir)     1           5.715          -2.681          -5.304         -11.531            9.260
 4027 (vir)     1           5.718          -2.569          -4.970         -10.868            9.047
 4028 (vir)     1           5.729          -3.000          -6.426         -13.388            9.691
 4029 (vir)     1           5.729          -2.715          -5.487         -11.878            9.405
 4030 (vir)     1           5.730          -2.509          -4.756         -10.551            9.016
 4031 (vir)     1           5.731          -2.901          -6.107         -12.831            9.554
 4032 (vir)     1           5.739          -2.752          -5.550         -11.914            9.352
 4033 (vir)     1           5.741          -2.335          -3.988          -9.460            8.878
 4034 (vir)     1           5.747          -2.922          -6.174         -12.966            9.617
 4035 (vir)     1           5.748          -2.694          -5.258         -11.521            9.317
 4036 (vir)     1           5.748          -3.080          -6.666         -13.834            9.837
 4037 (vir)     1           5.755          -3.558          -3.633         -10.832            9.397
 4038 (vir)     1           5.758          -2.571          -4.977         -10.959            9.168
 4039 (vir)     1           5.759          -2.783          -5.718         -12.209            9.467
 4040 (vir)     1           5.761          -2.767          -5.660         -12.086            9.420
 4041 (vir)     1           5.762          -3.405          -3.379         -10.225            9.204
 4042 (vir)     1           5.762          -2.941          -6.227         -13.076            9.671
 4043 (vir)     1           5.772          -2.903          -6.058         -12.800            9.610
 4044 (vir)     1           5.776          -2.740          -5.485         -11.847            9.399
 4045 (vir)     1           5.783          -2.763          -5.571         -11.985            9.434
 4046 (vir)     1           5.784          -3.017          -6.426         -13.458            9.799
 4047 (vir)     1           5.784          -1.913          -1.429          -5.703            8.145
 4048 (vir)     1           5.788          -2.837          -5.814         -12.435            9.573
 4049 (vir)     1           5.789          -2.798          -5.844         -12.381            9.527
 4050 (vir)     1           5.791          -2.506          -4.628         -10.495            9.151
 4051 (vir)     1           5.792          -2.509          -4.679         -10.554            9.157
 4052 (vir)     1           5.792          -2.826          -5.757         -12.316            9.525
 4053 (vir)     1           5.792          -2.756          -5.422         -11.851            9.465
 4054 (vir)     1           5.792          -2.786          -5.648         -12.122            9.480
 4055 (vir)     1           5.816          -2.775          -5.815         -12.317            9.543
 4056 (vir)     1           5.824          -2.863          -5.954         -12.594            9.601
 4057 (vir)     1           5.825          -3.079          -6.627         -13.855            9.973
 4058 (vir)     1           5.826          -2.676          -5.086         -11.659            9.723
 4059 (vir)     1           5.827          -2.690          -5.094         -11.704            9.747
 4060 (vir)     1           5.836          -2.804          -5.599         -12.355            9.788
 4061 (vir)     1           5.836          -3.635          -3.694         -11.015            9.522
 4062 (vir)     1           5.840          -2.527          -4.552         -10.762            9.523
 4063 (vir)     1           5.841          -2.658          -5.038         -11.490            9.635
 4064 (vir)     1           5.844          -2.819          -5.936         -12.540            9.628
 4065 (vir)     1           5.849          -3.445          -3.399         -10.311            9.315
 4066 (vir)     1           5.850          -2.294          -3.818          -9.414            9.151
 4067 (vir)     1           5.857          -2.851          -5.882         -12.515            9.638
 4068 (vir)     1           5.860          -2.596          -4.798         -11.121            9.587
 4069 (vir)     1           5.863          -2.905          -6.132         -12.948            9.774
 4070 (vir)     1           5.866          -2.668          -5.006         -11.508            9.700
 4071 (vir)     1           5.876          -1.894          -1.406          -5.669            8.245
 4072 (vir)     1           5.876          -2.983          -6.368         -13.367            9.892
 4073 (vir)     1           5.876          -2.789          -5.585         -12.110            9.611
 4074 (vir)     1           5.882          -2.621          -4.905         -11.370            9.726
 4075 (vir)     1           5.888          -2.712          -5.289         -11.718            9.606
 4076 (vir)     1           5.892          -2.826          -5.930         -12.550            9.686
 4077 (vir)     1           5.899          -2.844          -5.630         -12.578           10.002
 4078 (vir)     1           5.904          -2.941          -6.185         -12.962            9.739
 4079 (vir)     1           5.916          -3.025          -6.438         -13.542            9.996
 4080 (vir)     1           5.916          -3.705          -3.747         -11.179            9.644
 4081 (vir)     1           5.917          -2.829          -5.938         -12.561            9.711
 4082 (vir)     1           5.920          -2.610          -4.846         -11.073            9.537
 4083 (vir)     1           5.920          -2.180          -3.359          -8.606            8.987
 4084 (vir)     1           5.923          -2.903          -5.994         -12.703            9.729
 4085 (vir)     1           5.924          -2.812          -5.750         -12.153            9.514
 4086 (vir)     1           5.926          -2.468          -4.309         -10.309            9.457
 4087 (vir)     1           5.932          -2.809          -5.746         -12.152            9.528
 4088 (vir)     1           5.932          -2.912          -5.957         -12.842            9.905
 4089 (vir)     1           5.934          -2.882          -5.860         -12.627            9.820
 4090 (vir)     1           5.935          -3.501          -3.435         -10.435            9.434
 4091 (vir)     1           5.941          -2.843          -5.957         -12.600            9.740
 4092 (vir)     1           5.942          -2.822          -5.786         -12.230            9.564
 4093 (vir)     1           5.952          -2.887          -6.052         -12.811            9.823
 4094 (vir)     1           5.956          -2.795          -5.700         -12.080            9.541
 4095 (vir)     1           5.959          -2.778          -5.314         -12.122            9.989
 4096 (vir)     1           5.961          -2.877          -5.975         -12.639            9.748
 4097 (vir)     1           5.970          -1.888          -1.383          -5.634            8.333
 4098 (vir)     1           5.970          -2.567          -4.541         -10.623            9.485
 4099 (vir)     1           5.975          -2.647          -4.851         -11.148            9.625
 4100 (vir)     1           5.978          -2.929          -6.205         -13.088            9.932
 4101 (vir)     1           5.990          -2.121          -3.095          -8.190            8.964
 4102 (vir)     1           5.993          -2.748          -5.194         -11.915            9.966
 4103 (vir)     1           5.993          -2.912          -6.160         -12.979            9.900
 4104 (vir)     1           5.997          -3.750          -3.781         -11.299            9.766
 4105 (vir)     1           6.001          -2.864          -6.035         -12.738            9.841
 4106 (vir)     1           6.003          -2.884          -6.117         -12.920            9.922
 4107 (vir)     1           6.012          -2.836          -5.957         -12.617            9.835
 4108 (vir)     1           6.015          -2.751          -5.137         -11.744            9.871
 4109 (vir)     1           6.019          -2.685          -4.889         -11.213            9.659
 4110 (vir)     1           6.022          -3.567          -3.502         -10.633            9.586
 4111 (vir)     1           6.022          -2.870          -6.038         -12.774            9.888
 4112 (vir)     1           6.022          -2.880          -6.115         -12.955            9.982
 4113 (vir)     1           6.026          -2.818          -5.886         -12.467            9.789
 4114 (vir)     1           6.031          -2.844          -5.992         -12.704            9.898
 4115 (vir)     1           6.032          -2.514          -4.330         -10.338            9.526
 4116 (vir)     1           6.043          -2.813          -5.282         -11.983            9.930
 4117 (vir)     1           6.043          -2.842          -6.046         -12.910           10.064
 4118 (vir)     1           6.046          -2.794          -5.806         -12.342            9.787
 4119 (vir)     1           6.051          -2.356          -3.858          -9.570            9.407
 4120 (vir)     1           6.057          -2.598          -4.557         -10.698            9.601
 4121 (vir)     1           6.062          -2.789          -5.175         -11.802            9.900
 4122 (vir)     1           6.063          -2.770          -5.753         -12.274            9.814
 4123 (vir)     1           6.065          -2.644          -4.701         -10.952            9.672
 4124 (vir)     1           6.066          -1.880          -1.358          -5.597            8.425
 4125 (vir)     1           6.070          -2.969          -6.318         -13.488           10.272
 4126 (vir)     1           6.077          -3.793          -3.779         -11.334            9.840
 4127 (vir)     1           6.079          -2.778          -5.775         -12.330            9.856
 4128 (vir)     1           6.092          -2.763          -5.735         -12.306            9.900
 4129 (vir)     1           6.105          -2.745          -5.676         -12.240            9.923
 4130 (vir)     1           6.107          -3.689          -3.623         -10.964            9.759
 4131 (vir)     1           6.108          -2.242          -3.509          -9.032            9.389
 4132 (vir)     1           6.110          -1.994          -2.596          -7.453            8.973
 4133 (vir)     1           6.113          -3.055          -6.451         -13.769           10.377
 4134 (vir)     1           6.119          -2.767          -5.712         -12.357            9.997
 4135 (vir)     1           6.133          -2.634          -5.290         -11.678            9.887
 4136 (vir)     1           6.155          -2.530          -4.917         -11.101            9.808
 4137 (vir)     1           6.158          -3.778          -3.717         -11.224            9.888
 4138 (vir)     1           6.161          -2.292          -3.663          -9.326            9.532
 4139 (vir)     1           6.164          -1.873          -1.333          -5.558            8.516
 4140 (vir)     1           6.164          -3.180          -6.744         -14.343           10.584
 4141 (vir)     1           6.185          -2.399          -4.434         -10.345            9.698
 4142 (vir)     1           6.187          -1.894          -2.229          -6.858            8.921
 4143 (vir)     1           6.192          -3.864          -3.822         -11.483            9.989
 4144 (vir)     1           6.212          -3.034          -6.359         -13.723           10.542
 4145 (vir)     1           6.213          -2.302          -3.699          -9.403            9.615
 4146 (vir)     1           6.229          -2.383          -4.272         -10.146            9.720
 4147 (vir)     1           6.238          -2.874          -6.093         -13.181           10.451
 4148 (vir)     1           6.240          -3.702          -3.571         -10.911            9.878
 4149 (vir)     1           6.245          -3.136          -6.721         -14.207           10.596
 4150 (vir)     1           6.251          -3.015          -6.407         -13.683           10.512
 4151 (vir)     1           6.256          -3.159          -6.760         -14.301           10.638
 4152 (vir)     1           6.258          -2.404          -3.913          -9.844            9.786
 4153 (vir)     1           6.265          -1.856          -1.307          -5.518            8.619
 4154 (vir)     1           6.271          -3.107          -6.625         -14.079           10.618
 4155 (vir)     1           6.273          -4.104          -4.079         -12.148           10.238
 4156 (vir)     1           6.275          -1.826          -2.087          -6.595            8.956
 4157 (vir)     1           6.277          -3.006          -6.198         -13.407           10.479
 4158 (vir)     1           6.285          -2.547          -4.683         -10.912            9.967
 4159 (vir)     1           6.294          -2.991          -6.187         -13.367           10.483
 4160 (vir)     1           6.304          -3.132          -6.634         -14.146           10.683
 4161 (vir)     1           6.309          -2.501          -4.218         -10.393            9.984
 4162 (vir)     1           6.324          -3.571          -3.361         -10.440            9.832
 4163 (vir)     1           6.330          -3.111          -6.547         -14.005           10.676
 4164 (vir)     1           6.338          -3.148          -6.509         -14.027           10.708
 4165 (vir)     1           6.348          -2.584          -4.776         -11.092           10.079
 4166 (vir)     1           6.351          -4.320          -4.324         -12.785           10.492
 4167 (vir)     1           6.355          -1.823          -2.016          -6.505            9.022
 4168 (vir)     1           6.360          -2.499          -4.140         -10.287           10.009
 4169 (vir)     1           6.365          -2.745          -5.314         -11.935           10.241
 4170 (vir)     1           6.368          -1.841          -1.281          -5.476            8.722
 4171 (vir)     1           6.381          -3.137          -6.505         -14.013           10.751
 4172 (vir)     1           6.401          -3.219          -6.690         -14.376           10.867
 4173 (vir)     1           6.410          -3.438          -3.166         -10.002            9.808
 4174 (vir)     1           6.415          -2.447          -3.897          -9.893            9.964
 4175 (vir)     1           6.421          -3.125          -6.453         -13.915           10.759
 4176 (vir)     1           6.426          -4.512          -4.503         -13.264           10.675
 4177 (vir)     1           6.430          -2.211          -3.511          -8.958            9.667
 4178 (vir)     1           6.432          -2.022          -2.617          -7.586            9.379
 4179 (vir)     1           6.455          -3.262          -6.755         -14.543           10.981
 4180 (vir)     1           6.467          -2.987          -5.977         -13.115           10.618
 4181 (vir)     1           6.474          -1.835          -1.254          -5.434            8.819
 4182 (vir)     1           6.474          -2.302          -3.379          -9.010            9.803
 4183 (vir)     1           6.497          -2.293          -3.430          -9.048            9.822
 4184 (vir)     1           6.497          -4.628          -4.612         -13.573           10.830
 4185 (vir)     1           6.498          -2.820          -5.398         -12.173           10.452
 4186 (vir)     1           6.499          -3.381          -3.065          -9.790            9.844
 4187 (vir)     1           6.509          -3.262          -6.719         -14.525           11.052
 4188 (vir)     1           6.529          -2.307          -3.764          -9.403            9.860
 4189 (vir)     1           6.539          -2.175          -2.964          -8.288            9.688
 4190 (vir)     1           6.553          -2.459          -3.914          -9.917           10.097
 4191 (vir)     1           6.553          -3.122          -6.310         -13.725           10.847
 4192 (vir)     1           6.562          -3.250          -6.654         -14.449           11.106
 4193 (vir)     1           6.567          -4.701          -4.639         -13.682           10.908
 4194 (vir)     1           6.583          -1.830          -1.227          -5.390            8.916
 4195 (vir)     1           6.585          -3.203          -6.511         -14.245           11.115
 4196 (vir)     1           6.585          -3.282          -6.776         -14.694           11.221
 4197 (vir)     1           6.589          -3.494          -3.189         -10.130           10.036
 4198 (vir)     1           6.596          -2.386          -3.651          -9.477           10.035
 4199 (vir)     1           6.598          -2.810          -5.138         -11.973           10.623
 4200 (vir)     1           6.605          -3.043          -5.953         -13.307           10.916
 4201 (vir)     1           6.608          -3.166          -6.404         -13.910           10.949
 4202 (vir)     1           6.609          -3.077          -6.024         -13.414           10.921
 4203 (vir)     1           6.612          -2.265          -3.556          -9.082            9.874
 4204 (vir)     1           6.615          -3.001          -5.850         -13.121           10.884
 4205 (vir)     1           6.629          -2.732          -4.772         -11.427           10.551
 4206 (vir)     1           6.635          -4.594          -4.465         -13.296           10.872
 4207 (vir)     1           6.637          -3.216          -6.548         -14.253           11.126
 4208 (vir)     1           6.657          -2.667          -4.467         -10.974           10.497
 4209 (vir)     1           6.665          -3.219          -6.519         -14.251           11.178
 4210 (vir)     1           6.666          -3.128          -6.252         -13.694           10.978
 4211 (vir)     1           6.668          -3.170          -6.356         -13.955           11.098
 4212 (vir)     1           6.673          -4.204          -3.993         -12.141           10.617
 4213 (vir)     1           6.692          -2.828          -4.993         -11.852           10.722
 4214 (vir)     1           6.695          -1.812          -1.200          -5.346            9.030
 4215 (vir)     1           6.701          -2.306          -3.619          -9.236           10.012
 4216 (vir)     1           6.702          -3.092          -5.991         -13.443           11.062
 4217 (vir)     1           6.708          -3.936          -3.633         -11.292           10.431
 4218 (vir)     1           6.716          -3.212          -6.472         -14.172           11.203
 4219 (vir)     1           6.726          -2.795          -5.193         -11.958           10.696
 4220 (vir)     1           6.728          -2.983          -5.508         -12.691           10.928
 4221 (vir)     1           6.734          -3.004          -5.555         -12.868           11.044
 4222 (vir)     1           6.742          -4.874          -4.751         -14.054           11.170
 4223 (vir)     1           6.761          -3.003          -5.437         -12.792           11.113
 4224 (vir)     1           6.765          -3.116          -5.912         -13.343           11.080
 4225 (vir)     1           6.768          -3.216          -6.441         -14.103           11.213
 4226 (vir)     1           6.771          -3.116          -6.140         -13.585           11.100
 4227 (vir)     1           6.782          -3.043          -5.466         -12.890           11.163
 4228 (vir)     1           6.791          -3.053          -5.801         -13.090           11.027
 4229 (vir)     1           6.793          -3.189          -5.680         -13.437           11.361
 4230 (vir)     1           6.796          -3.323          -2.917          -9.556           10.113
 4231 (vir)     1           6.802          -5.076          -4.945         -14.575           11.356
 4232 (vir)     1           6.805          -2.126          -3.033          -8.328            9.974
 4233 (vir)     1           6.808          -3.003          -5.600         -12.856           11.060
 4234 (vir)     1           6.811          -1.805          -1.172          -5.301            9.135
 4235 (vir)     1           6.824          -3.045          -5.726         -13.001           11.054
 4236 (vir)     1           6.825          -3.153          -6.249         -13.829           11.253
 4237 (vir)     1           6.825          -3.087          -5.980         -13.293           11.051
 4238 (vir)     1           6.834          -2.884          -5.218         -12.050           10.782
 4239 (vir)     1           6.851          -3.064          -5.793         -13.141           11.136
 4240 (vir)     1           6.858          -5.116          -4.935         -14.590           11.397
 4241 (vir)     1           6.866          -2.805          -4.943         -11.551           10.670
 4242 (vir)     1           6.874          -3.135          -6.171         -13.727           11.295
 4243 (vir)     1           6.875          -2.713          -4.565         -10.895           10.492
 4244 (vir)     1           6.877          -2.638          -4.352         -10.487           10.374
 4245 (vir)     1           6.878          -3.128          -6.043         -13.459           11.166
 4246 (vir)     1           6.887          -3.842          -3.477         -10.974           10.543
 4247 (vir)     1           6.887          -2.801          -4.820         -11.398           10.664
 4248 (vir)     1           6.889          -2.835          -4.983         -11.648           10.718
 4249 (vir)     1           6.893          -2.738          -4.561         -10.984           10.578
 4250 (vir)     1           6.898          -3.119          -5.902         -13.298           11.174
 4251 (vir)     1           6.903          -2.917          -5.081         -11.891           10.796
 4252 (vir)     1           6.904          -2.098          -2.881          -8.062            9.987
 4253 (vir)     1           6.909          -2.910          -5.030         -11.841           10.810
 4254 (vir)     1           6.917          -2.986          -5.240         -12.205           10.896
 4255 (vir)     1           6.917          -4.498          -4.177         -12.748           10.990
 4256 (vir)     1           6.921          -2.943          -5.187         -12.117           10.906
 4257 (vir)     1           6.922          -3.139          -6.149         -13.683           11.316
 4258 (vir)     1           6.926          -3.002          -5.351         -12.384           10.958
 4259 (vir)     1           6.929          -3.038          -5.386         -12.458           10.963
 4260 (vir)     1           6.930          -1.793          -1.144          -5.257            9.251
 4261 (vir)     1           6.937          -3.062          -5.452         -12.561           10.983
 4262 (vir)     1           6.937          -3.213          -6.264         -13.917           11.377
 4263 (vir)     1           6.938          -3.032          -5.471         -12.535           10.970
 4264 (vir)     1           6.939          -3.156          -5.965         -13.420           11.237
 4265 (vir)     1           6.944          -3.033          -5.368         -12.406           10.949
 4266 (vir)     1           6.949          -3.070          -5.458         -12.582           11.003
 4267 (vir)     1           6.951          -5.164          -4.952         -14.685           11.520
 4268 (vir)     1           6.955          -3.070          -5.449         -12.558           10.995
 4269 (vir)     1           6.961          -3.084          -5.508         -12.658           11.027
 4270 (vir)     1           6.967          -3.112          -5.594         -12.790           11.051
 4271 (vir)     1           6.969          -3.126          -5.750         -13.007           11.099
 4272 (vir)     1           6.970          -2.852          -4.888         -11.518           10.747
 4273 (vir)     1           6.970          -3.158          -6.145         -13.644           11.311
 4274 (vir)     1           6.973          -2.730          -4.355         -10.407           10.295
 4275 (vir)     1           6.974          -3.119          -5.606         -12.801           11.049
 4276 (vir)     1           6.976          -2.921          -5.090         -11.956           10.921
 4277 (vir)     1           6.981          -3.042          -5.440         -12.540           11.039
 4278 (vir)     1           6.983          -3.144          -6.045         -13.634           11.428
 4279 (vir)     1           6.983          -3.119          -5.621         -12.819           11.063
 4280 (vir)     1           6.986          -3.142          -5.720         -12.962           11.086
 4281 (vir)     1           6.987          -3.071          -5.478         -12.507           10.945
 4282 (vir)     1           6.988          -3.144          -5.700         -12.950           11.094
 4283 (vir)     1           6.989          -2.848          -4.742         -11.115           10.513
 4284 (vir)     1           6.990          -3.123          -5.623         -12.795           11.039
 4285 (vir)     1           6.993          -2.166          -3.032          -8.349           10.143
 4286 (vir)     1           6.996          -2.996          -5.421         -12.509           11.088
 4287 (vir)     1           7.000          -5.338          -5.118         -15.135           11.679
 4288 (vir)     1           7.003          -3.301          -2.800          -9.350           10.252
 4289 (vir)     1           7.013          -2.733          -4.363         -10.413           10.329
 4290 (vir)     1           7.017          -3.114          -5.927         -13.466           11.442
 4291 (vir)     1           7.028          -3.246          -6.304         -13.939           11.417
 4292 (vir)     1           7.031          -3.019          -5.513         -12.710           11.209
 4293 (vir)     1           7.037          -2.340          -3.311          -8.873           10.258
 4294 (vir)     1           7.046          -5.261          -4.966         -14.791           11.610
 4295 (vir)     1           7.046          -3.129          -5.983         -13.513           11.447
 4296 (vir)     1           7.046          -2.645          -4.118         -10.054           10.337
 4297 (vir)     1           7.054          -1.771          -1.116          -5.212            9.379
 4298 (vir)     1           7.060          -3.118          -5.866         -13.416           11.491
 4299 (vir)     1           7.066          -2.422          -3.758          -9.637           10.524
 4300 (vir)     1           7.071          -3.113          -5.829         -13.367           11.496
 4301 (vir)     1           7.073          -2.908          -5.070         -11.875           10.969
 4302 (vir)     1           7.079          -5.174          -4.880         -14.585           11.610
 4303 (vir)     1           7.083          -2.843          -4.765         -11.228           10.704
 4304 (vir)     1           7.100          -3.247          -6.251         -13.800           11.402
 4305 (vir)     1           7.101          -2.257          -3.000          -8.379           10.223
 4306 (vir)     1           7.114          -2.783          -4.836         -11.503           10.998
 4307 (vir)     1           7.115          -3.314          -2.791          -9.376           10.385
 4308 (vir)     1           7.115          -2.866          -4.876         -11.500           10.873
 4309 (vir)     1           7.120          -5.499          -5.202         -15.428           11.847
 4310 (vir)     1           7.127          -2.885          -4.886         -11.469           10.826
 4311 (vir)     1           7.136          -2.869          -5.079         -11.965           11.153
 4312 (vir)     1           7.150          -2.927          -5.253         -12.285           11.255
 4313 (vir)     1           7.157          -2.329          -3.172          -8.712           10.367
 4314 (vir)     1           7.157          -5.427          -5.097         -15.194           11.827
 4315 (vir)     1           7.158          -2.865          -4.839         -11.444           10.899
 4316 (vir)     1           7.158          -2.962          -5.366         -12.486           11.316
 4317 (vir)     1           7.165          -2.949          -5.307         -12.413           11.323
 4318 (vir)     1           7.168          -3.120          -5.845         -13.240           11.443
 4319 (vir)     1           7.172          -2.874          -4.815         -11.341           10.824
 4320 (vir)     1           7.173          -3.054          -5.635         -12.923           11.407
 4321 (vir)     1           7.176          -2.938          -5.248         -12.339           11.330
 4322 (vir)     1           7.181          -1.763          -1.088          -5.169            9.499
 4323 (vir)     1           7.182          -2.939          -5.267         -12.367           11.344
 4324 (vir)     1           7.185          -5.438          -5.089         -15.185           11.843
 4325 (vir)     1           7.187          -2.923          -5.168         -12.216           11.312
 4326 (vir)     1           7.194          -2.926          -5.164         -12.201           11.304
 4327 (vir)     1           7.198          -2.871          -4.829         -11.447           10.946
 4328 (vir)     1           7.200          -2.901          -5.147         -12.146           11.297
 4329 (vir)     1           7.203          -3.037          -5.527         -12.619           11.257
 4330 (vir)     1           7.203          -3.012          -5.453         -12.520           11.257
 4331 (vir)     1           7.205          -2.433          -3.446          -9.210           10.535
 4332 (vir)     1           7.207          -3.037          -5.577         -12.748           11.340
 4333 (vir)     1           7.207          -3.029          -5.499         -12.570           11.248
 4334 (vir)     1           7.211          -2.926          -5.188         -12.170           11.267
 4335 (vir)     1           7.213          -2.982          -5.383         -12.441           11.290
 4336 (vir)     1           7.214          -2.857          -4.709         -11.146           10.794
 4337 (vir)     1           7.216          -2.977          -5.366         -12.353           11.225
 4338 (vir)     1           7.217          -5.645          -5.263         -15.651           11.959
 4339 (vir)     1           7.219          -2.986          -5.403         -12.527           11.357
 4340 (vir)     1           7.224          -2.932          -5.222         -12.193           11.263
 4341 (vir)     1           7.224          -3.379          -2.824          -9.497           10.519
 4342 (vir)     1           7.230          -3.020          -5.418         -12.456           11.248
 4343 (vir)     1           7.233          -2.999          -5.367         -12.441           11.307
 4344 (vir)     1           7.234          -2.870          -4.787         -11.382           10.959
 4345 (vir)     1           7.236          -2.976          -5.412         -12.455           11.304
 4346 (vir)     1           7.240          -2.824          -4.904         -11.705           11.217
 4347 (vir)     1           7.245          -2.549          -3.754          -9.760           10.703
 4348 (vir)     1           7.248          -5.267          -4.857         -14.652           11.775
 4349 (vir)     1           7.249          -2.956          -5.222         -12.207           11.278
 4350 (vir)     1           7.251          -2.851          -4.645         -11.039           10.794
 4351 (vir)     1           7.254          -3.183          -5.821         -13.139           11.389
 4352 (vir)     1           7.263          -2.859          -4.703         -11.229           10.930
 4353 (vir)     1           7.264          -2.990          -5.309         -12.354           11.319
 4354 (vir)     1           7.268          -5.702          -5.276         -15.719           12.009
 4355 (vir)     1           7.270          -2.896          -5.040         -11.946           11.279
 4356 (vir)     1           7.274          -2.452          -3.831          -9.773           10.764
 4357 (vir)     1           7.277          -2.859          -4.639         -11.047           10.827
 4358 (vir)     1           7.278          -2.741          -4.299         -10.626           10.863
 4359 (vir)     1           7.283          -2.762          -4.368         -10.726           10.879
 4360 (vir)     1           7.287          -3.051          -5.436         -12.543           11.344
 4361 (vir)     1           7.290          -3.088          -5.509         -12.667           11.360
 4362 (vir)     1           7.291          -5.726          -5.285         -15.760           12.040
 4363 (vir)     1           7.304          -2.909          -5.062         -11.980           11.313
 4364 (vir)     1           7.308          -5.630          -5.212         -15.584           12.051
 4365 (vir)     1           7.310          -2.732          -4.255         -10.693           11.016
 4366 (vir)     1           7.313          -1.752          -1.061          -5.126            9.627
 4367 (vir)     1           7.315          -2.940          -5.091         -12.012           11.295
 4368 (vir)     1           7.326          -5.804          -5.326         -15.889           12.086
 4369 (vir)     1           7.328          -3.258          -5.945         -13.385           11.510
 4370 (vir)     1           7.335          -2.772          -4.632         -11.190           11.121
 4371 (vir)     1           7.337          -4.749          -4.234         -13.121           11.475
 4372 (vir)     1           7.341          -2.823          -4.514         -11.161           11.165
 4373 (vir)     1           7.346          -2.355          -3.463          -9.173           10.701
 4374 (vir)     1           7.347          -3.963          -3.409         -11.041           11.015
 4375 (vir)     1           7.350          -2.899          -4.956         -11.805           11.300
 4376 (vir)     1           7.352          -5.818          -5.341         -15.948           12.140
 4377 (vir)     1           7.361          -5.795          -5.224         -15.657           12.000
 4378 (vir)     1           7.366          -5.842          -5.351         -15.985           12.158
 4379 (vir)     1           7.369          -5.877          -5.345         -15.972           12.119
 4380 (vir)     1           7.370          -3.124          -5.538         -12.750           11.459
 4381 (vir)     1           7.375          -2.905          -4.758         -11.596           11.309
 4382 (vir)     1           7.377          -3.126          -5.511         -12.710           11.450
 4383 (vir)     1           7.395          -2.898          -4.924         -11.751           11.323
 4384 (vir)     1           7.411          -3.037          -5.262         -12.312           11.425
 4385 (vir)     1           7.413          -2.973          -4.987         -11.991           11.445
 4386 (vir)     1           7.427          -3.269          -5.866         -13.325           11.616
 4387 (vir)     1           7.431          -2.285          -3.205          -8.755           10.696
 4388 (vir)     1           7.443          -2.965          -5.203         -12.259           11.534
 4389 (vir)     1           7.446          -2.626          -4.119         -10.347           11.048
 4390 (vir)     1           7.450          -1.738          -1.033          -5.084            9.762
 4391 (vir)     1           7.453          -2.953          -5.249         -12.301           11.553
 4392 (vir)     1           7.458          -2.994          -5.112         -12.068           11.419
 4393 (vir)     1           7.461          -2.545          -1.903          -7.233           10.246
 4394 (vir)     1           7.474          -3.028          -5.243         -12.405           11.608
 4395 (vir)     1           7.479          -3.231          -5.723         -13.124           11.649
 4396 (vir)     1           7.491          -3.016          -5.118         -12.097           11.453
 4397 (vir)     1           7.512          -2.973          -5.008         -11.896           11.427
 4398 (vir)     1           7.521          -3.106          -5.365         -12.678           11.728
 4399 (vir)     1           7.531          -3.146          -5.448         -12.690           11.627
 4400 (vir)     1           7.542          -2.000          -2.358          -7.300           10.484
 4401 (vir)     1           7.549          -3.188          -5.537         -12.832           11.656
 4402 (vir)     1           7.568          -2.934          -4.845         -11.630           11.420
 4403 (vir)     1           7.575          -3.153          -5.495         -12.918           11.846
 4404 (vir)     1           7.583          -2.457          -1.822          -7.039           10.342
 4405 (vir)     1           7.584          -3.133          -5.382         -12.587           11.656
 4406 (vir)     1           7.592          -1.736          -1.007          -5.044            9.893
 4407 (vir)     1           7.612          -3.255          -5.655         -13.090           11.791
 4408 (vir)     1           7.622          -2.915          -4.731         -11.454           11.429
 4409 (vir)     1           7.627          -3.159          -5.586         -13.068           11.950
 4410 (vir)     1           7.641          -3.137          -5.662         -13.089           11.931
 4411 (vir)     1           7.641          -3.135          -5.691         -13.159           11.974
 4412 (vir)     1           7.642          -3.147          -5.385         -12.578           11.688
 4413 (vir)     1           7.655          -2.061          -2.495          -7.560           10.659
 4414 (vir)     1           7.655          -3.101          -5.571         -12.941           11.925
 4415 (vir)     1           7.662          -3.121          -5.658         -13.145           12.029
 4416 (vir)     1           7.672          -3.152          -5.307         -12.562           11.776
 4417 (vir)     1           7.679          -3.019          -4.975         -11.886           11.571
 4418 (vir)     1           7.682          -3.139          -5.570         -12.988           11.961
 4419 (vir)     1           7.687          -3.099          -5.481         -12.751           11.858
 4420 (vir)     1           7.689          -3.117          -5.623         -13.096           12.045
 4421 (vir)     1           7.704          -3.140          -5.302         -12.421           11.683
 4422 (vir)     1           7.706          -2.422          -1.853          -7.092           10.522
 4423 (vir)     1           7.714          -3.089          -5.580         -13.091           12.136
 4424 (vir)     1           7.728          -3.146          -5.243         -12.493           11.832
 4425 (vir)     1           7.733          -3.138          -5.511         -12.809           11.894
 4426 (vir)     1           7.734          -3.125          -5.481         -12.785           11.913
 4427 (vir)     1           7.739          -1.714          -0.981          -5.006           10.050
 4428 (vir)     1           7.741          -3.162          -5.349         -12.543           11.773
 4429 (vir)     1           7.741          -3.095          -5.553         -13.050           12.144
 4430 (vir)     1           7.763          -3.094          -5.096         -12.073           11.646
 4431 (vir)     1           7.764          -3.077          -5.548         -13.082           12.220
 4432 (vir)     1           7.768          -2.071          -2.465          -7.549           10.782
 4433 (vir)     1           7.781          -3.101          -5.067         -12.231           11.844
 4434 (vir)     1           7.781          -3.094          -5.487         -12.899           12.099
 4435 (vir)     1           7.786          -3.106          -5.490         -12.867           12.057
 4436 (vir)     1           7.792          -3.164          -5.489         -12.810           11.950
 4437 (vir)     1           7.796          -3.075          -5.528         -13.082           12.275
 4438 (vir)     1           7.811          -3.209          -5.428         -12.733           11.907
 4439 (vir)     1           7.814          -3.090          -5.027         -11.958           11.656
 4440 (vir)     1           7.820          -2.547          -2.182          -7.799           10.889
 4441 (vir)     1           7.830          -3.089          -5.001         -12.122           11.862
 4442 (vir)     1           7.836          -3.143          -5.419         -12.667           11.941
 4443 (vir)     1           7.851          -3.178          -5.468         -12.736           11.942
 4444 (vir)     1           7.861          -2.980          -4.619         -11.561           11.823
 4445 (vir)     1           7.861          -3.134          -5.114         -12.110           11.723
 4446 (vir)     1           7.877          -2.752          -4.211         -10.612           11.527
 4447 (vir)     1           7.888          -3.185          -5.479         -12.847           12.071
 4448 (vir)     1           7.890          -2.804          -4.256         -10.619           11.448
 4449 (vir)     1           7.892          -1.709          -0.955          -4.970           10.198
 4450 (vir)     1           7.903          -2.806          -2.729          -9.013           11.381
 4451 (vir)     1           7.905          -3.155          -5.390         -12.554           11.914
 4452 (vir)     1           7.911          -3.098          -5.087         -12.110           11.835
 4453 (vir)     1           7.926          -3.234          -5.305         -12.399           11.785
 4454 (vir)     1           7.940          -3.258          -5.626         -13.207           12.263
 4455 (vir)     1           7.945          -3.147          -5.381         -12.594           12.011
 4456 (vir)     1           7.950          -3.267          -5.365         -12.491           11.810
 4457 (vir)     1           7.959          -3.267          -5.621         -13.278           12.348
 4458 (vir)     1           7.960          -3.258          -5.598         -13.254           12.358
 4459 (vir)     1           7.963          -3.308          -5.477         -12.685           11.865
 4460 (vir)     1           7.965          -3.188          -5.490         -13.006           12.292
 4461 (vir)     1           7.969          -2.772          -2.583          -8.737           11.351
 4462 (vir)     1           7.970          -3.259          -5.495         -12.872           12.089
 4463 (vir)     1           7.971          -3.196          -5.444         -12.980           12.311
 4464 (vir)     1           7.978          -3.265          -5.632         -13.171           12.252
 4465 (vir)     1           7.979          -3.267          -5.663         -13.252           12.302
 4466 (vir)     1           7.997          -3.264          -5.596         -13.179           12.315
 4467 (vir)     1           7.998          -3.302          -5.702         -13.296           12.290
 4468 (vir)     1           7.999          -3.108          -5.263         -12.554           12.183
 4469 (vir)     1           8.003          -3.252          -5.593         -13.268           12.426
 4470 (vir)     1           8.008          -2.352          -3.137          -8.766           11.285
 4471 (vir)     1           8.012          -3.331          -5.750         -13.352           12.283
 4472 (vir)     1           8.012          -3.329          -5.737         -13.342           12.288
 4473 (vir)     1           8.028          -2.993          -5.025         -12.193           12.203
 4474 (vir)     1           8.032          -3.200          -5.413         -12.852           12.270
 4475 (vir)     1           8.050          -1.701          -0.931          -4.937           10.356
 4476 (vir)     1           8.052          -3.103          -5.234         -12.547           12.262
 4477 (vir)     1           8.054          -3.100          -5.326         -12.747           12.375
 4478 (vir)     1           8.064          -3.149          -5.256         -12.665           12.324
 4479 (vir)     1           8.065          -2.440          -1.885          -7.224           10.964
 4480 (vir)     1           8.080          -3.478          -6.141         -14.023           12.483
 4481 (vir)     1           8.093          -3.023          -5.004         -12.205           12.271
 4482 (vir)     1           8.121          -2.183          -2.637          -7.953           11.255
 4483 (vir)     1           8.127          -3.187          -5.333         -12.808           12.415
 4484 (vir)     1           8.149          -3.008          -4.864         -11.993           12.270
 4485 (vir)     1           8.154          -3.622          -6.366         -14.446           12.613
 4486 (vir)     1           8.189          -3.136          -5.190         -12.523           12.386
 4487 (vir)     1           8.199          -2.232          -1.490          -6.352           10.829
 4488 (vir)     1           8.215          -3.133          -5.170         -12.548           12.459
 4489 (vir)     1           8.215          -1.685          -0.906          -4.906           10.529
 4490 (vir)     1           8.228          -2.261          -2.819          -8.277           11.424
 4491 (vir)     1           8.236          -3.650          -6.353         -14.471           12.705
 4492 (vir)     1           8.242          -2.930          -4.710         -11.586           12.188
 4493 (vir)     1           8.257          -3.234          -5.638         -13.270           12.654
 4494 (vir)     1           8.284          -3.206          -5.514         -13.158           12.723
 4495 (vir)     1           8.300          -2.956          -4.659         -11.639           12.324
 4496 (vir)     1           8.316          -3.902          -6.912         -15.494           12.996
 4497 (vir)     1           8.318          -3.674          -6.352         -14.509           12.802
 4498 (vir)     1           8.324          -2.412          -3.224          -8.981           11.670
 4499 (vir)     1           8.329          -3.632          -6.199         -13.693           12.191
 4500 (vir)     1           8.331          -3.049          -4.935         -12.138           12.486
 4501 (vir)     1           8.341          -3.612          -6.154         -13.661           12.235
 4502 (vir)     1           8.344          -3.487          -5.828         -13.365           12.394
 4503 (vir)     1           8.353          -2.122          -1.315          -5.966           10.882
 4504 (vir)     1           8.357          -3.497          -5.938         -13.581           12.503
 4505 (vir)     1           8.358          -3.823          -6.672         -15.120           12.983
 4506 (vir)     1           8.360          -3.484          -5.833         -13.393           12.436
 4507 (vir)     1           8.361          -3.434          -5.771         -13.362           12.517
 4508 (vir)     1           8.384          -3.639          -6.219         -13.843           12.369
 4509 (vir)     1           8.385          -1.674          -0.883          -4.878           10.705
 4510 (vir)     1           8.386          -3.466          -5.809         -13.396           12.508
 4511 (vir)     1           8.394          -3.611          -6.155         -14.194           12.822
 4512 (vir)     1           8.400          -2.691          -3.978         -10.299           12.031
 4513 (vir)     1           8.401          -2.831          -4.253         -10.833           12.150
 4514 (vir)     1           8.406          -3.402          -5.708         -13.435           12.730
 4515 (vir)     1           8.415          -3.668          -6.246         -14.418           12.919
 4516 (vir)     1           8.417          -3.551          -5.996         -13.576           12.446
 4517 (vir)     1           8.422          -3.439          -5.772         -13.453           12.663
 4518 (vir)     1           8.447          -3.427          -5.738         -13.433           12.716
 4519 (vir)     1           8.453          -3.630          -6.171         -13.863           12.515
 4520 (vir)     1           8.461          -2.767          -4.145         -10.619           12.169
 4521 (vir)     1           8.462          -3.415          -5.714         -13.429           12.762
 4522 (vir)     1           8.468          -3.485          -5.771         -13.550           12.762
 4523 (vir)     1           8.479          -3.691          -6.239         -14.462           13.010
 4524 (vir)     1           8.484          -3.133          -4.954         -12.196           12.592
 4525 (vir)     1           8.493          -3.032          -4.713         -11.623           12.372
 4526 (vir)     1           8.497          -3.626          -6.113         -13.864           12.622
 4527 (vir)     1           8.504          -3.387          -5.617         -13.252           12.753
 4528 (vir)     1           8.518          -2.018          -1.210          -5.738           11.028
 4529 (vir)     1           8.530          -2.831          -4.175         -10.730           12.253
 4530 (vir)     1           8.533          -3.375          -5.695         -13.498           12.961
 4531 (vir)     1           8.545          -3.440          -5.580         -13.250           12.776
 4532 (vir)     1           8.546          -3.424          -5.740         -13.501           12.881
 4533 (vir)     1           8.548          -3.674          -6.135         -14.330           13.069
 4534 (vir)     1           8.555          -3.504          -6.021         -13.949           12.979
 4535 (vir)     1           8.560          -1.667          -0.860          -4.852           10.885
 4536 (vir)     1           8.561          -3.381          -5.618         -13.305           12.868
 4537 (vir)     1           8.580          -2.765          -3.978         -10.427           12.263
 4538 (vir)     1           8.583          -3.253          -5.329         -12.924           12.926
 4539 (vir)     1           8.590          -3.447          -5.780         -13.573           12.936
 4540 (vir)     1           8.605          -3.238          -5.277         -12.836           12.927
 4541 (vir)     1           8.608          -2.867          -4.154         -10.727           12.315
 4542 (vir)     1           8.610          -3.477          -5.844         -13.597           12.885
 4543 (vir)     1           8.620          -3.263          -5.322         -12.849           12.883
 4544 (vir)     1           8.620          -3.639          -5.994         -14.125           13.113
 4545 (vir)     1           8.622          -3.467          -5.592         -13.304           12.867
 4546 (vir)     1           8.629          -3.156          -5.066         -12.467           12.874
 4547 (vir)     1           8.636          -3.170          -5.099         -12.503           12.870
 4548 (vir)     1           8.640          -3.118          -4.973         -12.295           12.843
 4549 (vir)     1           8.643          -3.450          -5.788         -13.629           13.034
 4550 (vir)     1           8.660          -3.357          -5.465         -12.942           12.779
 4551 (vir)     1           8.667          -3.156          -5.085         -12.507           12.934
 4552 (vir)     1           8.668          -3.199          -4.974         -12.329           12.825
 4553 (vir)     1           8.678          -2.960          -4.479         -11.295           12.533
 4554 (vir)     1           8.687          -2.927          -4.238         -10.890           12.412
 4555 (vir)     1           8.687          -3.171          -5.036         -12.469           12.950
 4556 (vir)     1           8.692          -3.512          -5.925         -13.939           13.194
 4557 (vir)     1           8.693          -2.886          -4.928         -12.219           13.098
 4558 (vir)     1           8.694          -1.979          -1.132          -5.574           11.157
 4559 (vir)     1           8.694          -3.475          -5.567         -13.288           12.940
 4560 (vir)     1           8.695          -3.579          -5.792         -13.804           13.128
 4561 (vir)     1           8.720          -3.183          -5.079         -12.553           13.010
 4562 (vir)     1           8.720          -3.386          -5.607         -13.268           12.994
 4563 (vir)     1           8.730          -3.308          -5.430         -13.025           13.017
 4564 (vir)     1           8.741          -1.653          -0.838          -4.827           11.077
 4565 (vir)     1           8.742          -3.474          -5.823         -13.808           13.254
 4566 (vir)     1           8.756          -3.173          -5.038         -12.526           13.071
 4567 (vir)     1           8.756          -2.765          -3.675          -9.957           12.273
 4568 (vir)     1           8.758          -3.334          -5.171         -12.616           12.869
 4569 (vir)     1           8.761          -2.899          -4.073         -10.616           12.405
 4570 (vir)     1           8.767          -3.117          -4.970         -12.221           12.900
 4571 (vir)     1           8.770          -2.865          -3.904         -10.361           12.362
 4572 (vir)     1           8.771          -2.859          -4.185         -10.824           12.550
 4573 (vir)     1           8.771          -3.558          -5.685         -13.653           13.180
 4574 (vir)     1           8.782          -3.556          -5.993         -14.244           13.477
 4575 (vir)     1           8.785          -2.875          -3.935         -10.400           12.375
 4576 (vir)     1           8.793          -3.372          -5.560         -13.275           13.136
 4577 (vir)     1           8.803          -2.875          -3.952         -10.382           12.358
 4578 (vir)     1           8.810          -3.514          -5.868         -14.071           13.498
 4579 (vir)     1           8.813          -3.129          -4.977         -12.287           12.994
 4580 (vir)     1           8.815          -3.234          -4.890         -12.107           12.798
 4581 (vir)     1           8.822          -3.564          -5.967         -14.431           13.723
 4582 (vir)     1           8.829          -2.991          -4.300         -10.946           12.484
 4583 (vir)     1           8.835          -3.120          -4.563         -11.446           12.597
 4584 (vir)     1           8.846          -3.518          -5.537         -13.410           13.201
 4585 (vir)     1           8.849          -3.262          -5.286         -12.707           13.007
 4586 (vir)     1           8.849          -3.097          -4.846         -11.989           12.894
 4587 (vir)     1           8.853          -2.954          -4.369         -11.292           12.822
 4588 (vir)     1           8.854          -3.204          -4.760         -11.857           12.748
 4589 (vir)     1           8.872          -3.035          -4.382         -11.038           12.493
 4590 (vir)     1           8.878          -3.317          -5.071         -12.390           12.880
 4591 (vir)     1           8.879          -1.944          -1.069          -5.448           11.314
 4592 (vir)     1           8.884          -3.495          -5.795         -13.705           13.300
 4593 (vir)     1           8.895          -3.170          -4.695         -11.636           12.667
 4594 (vir)     1           8.897          -2.947          -4.518         -11.254           12.686
 4595 (vir)     1           8.905          -3.169          -4.694         -11.569           12.611
 4596 (vir)     1           8.914          -3.407          -5.244         -12.787           13.050
 4597 (vir)     1           8.925          -1.651          -0.815          -4.803           11.262
 4598 (vir)     1           8.925          -2.800          -4.050         -10.449           12.523
 4599 (vir)     1           8.927          -3.512          -5.473         -13.294           13.236
 4600 (vir)     1           8.934          -3.139          -4.653         -11.437           12.579
 4601 (vir)     1           8.938          -3.297          -5.011         -12.157           12.786
 4602 (vir)     1           8.943          -3.660          -6.116         -14.313           13.480
 4603 (vir)     1           8.953          -3.372          -5.128         -12.455           12.908
 4604 (vir)     1           8.954          -2.799          -4.053         -10.453           12.554
 4605 (vir)     1           8.962          -3.200          -4.798         -11.659           12.623
 4606 (vir)     1           8.969          -3.438          -5.306         -12.822           13.048
 4607 (vir)     1           8.981          -3.266          -4.939         -11.912           12.688
 4608 (vir)     1           8.984          -3.248          -4.909         -11.839           12.666
 4609 (vir)     1           8.985          -2.790          -4.100         -10.412           12.506
 4610 (vir)     1           8.997          -3.297          -5.013         -12.059           12.747
 4611 (vir)     1           8.998          -3.309          -5.036         -12.083           12.735
 4612 (vir)     1           9.003          -3.539          -5.497         -13.384           13.351
 4613 (vir)     1           9.006          -3.668          -6.101         -14.337           13.575
 4614 (vir)     1           9.006          -3.366          -5.139         -12.348           12.850
 4615 (vir)     1           9.007          -3.278          -4.980         -11.924           12.673
 4616 (vir)     1           9.009          -3.545          -5.503         -13.234           13.194
 4617 (vir)     1           9.023          -2.829          -4.012         -10.484           12.666
 4618 (vir)     1           9.039          -2.844          -4.246         -10.659           12.608
 4619 (vir)     1           9.046          -3.833          -6.039         -14.456           13.629
 4620 (vir)     1           9.050          -3.654          -6.166         -14.392           13.622
 4621 (vir)     1           9.062          -3.590          -5.974         -14.003           13.501
 4622 (vir)     1           9.067          -3.571          -5.854         -13.912           13.554
 4623 (vir)     1           9.074          -1.887          -1.017          -5.348           11.518
 4624 (vir)     1           9.077          -3.716          -5.797         -14.040           13.604
 4625 (vir)     1           9.084          -3.844          -6.063         -14.504           13.682
 4626 (vir)     1           9.088          -3.152          -4.806         -11.998           13.128
 4627 (vir)     1           9.091          -4.481          -7.666         -16.930           13.873
 4628 (vir)     1           9.092          -3.414          -5.545         -13.403           13.535
 4629 (vir)     1           9.094          -2.954          -4.480         -11.164           12.823
 4630 (vir)     1           9.104          -4.453          -7.583         -16.810           13.879
 4631 (vir)     1           9.110          -1.628          -0.792          -4.779           11.470
 4632 (vir)     1           9.113          -4.203          -6.855         -15.842           13.898
 4633 (vir)     1           9.117          -3.504          -5.747         -13.607           13.473
 4634 (vir)     1           9.124          -3.425          -5.465         -13.263           13.496
 4635 (vir)     1           9.126          -4.353          -7.287         -16.404           13.890
 4636 (vir)     1           9.139          -3.127          -4.693         -11.862           13.181
 4637 (vir)     1           9.142          -4.344          -7.222         -16.366           13.942
 4638 (vir)     1           9.147          -2.968          -4.475         -11.228           12.932
 4639 (vir)     1           9.153          -3.614          -6.035         -14.464           13.968
 4640 (vir)     1           9.155          -3.554          -5.424         -13.389           13.566
 4641 (vir)     1           9.156          -4.276          -7.026         -16.081           13.935
 4642 (vir)     1           9.171          -4.369          -7.274         -16.436           13.964
 4643 (vir)     1           9.180          -3.501          -5.730         -13.594           13.543
 4644 (vir)     1           9.187          -4.285          -7.016         -16.086           13.973
 4645 (vir)     1           9.188          -3.043          -4.623         -11.563           13.085
 4646 (vir)     1           9.199          -4.371          -7.261         -16.419           13.986
 4647 (vir)     1           9.216          -4.304          -7.051         -16.134           13.994
 4648 (vir)     1           9.217          -3.086          -4.657         -11.701           13.174
 4649 (vir)     1           9.225          -4.368          -7.230         -16.378           14.005
 4650 (vir)     1           9.226          -3.649          -6.069         -14.626           14.133
 4651 (vir)     1           9.231          -3.550          -5.363         -13.315           13.633
 4652 (vir)     1           9.239          -3.346          -5.332         -12.945           13.506
 4653 (vir)     1           9.241          -4.336          -7.120         -16.228           14.013
 4654 (vir)     1           9.245          -3.264          -5.156         -12.517           13.342
 4655 (vir)     1           9.247          -4.365          -7.202         -16.338           14.018
 4656 (vir)     1           9.260          -4.355          -7.159         -16.277           14.023
 4657 (vir)     1           9.263          -4.368          -7.197         -16.330           14.028
 4658 (vir)     1           9.272          -4.368          -7.186         -16.312           14.029
 4659 (vir)     1           9.273          -4.371          -7.194         -16.324           14.032
 4660 (vir)     1           9.277          -1.851          -0.973          -5.271           11.724
 4661 (vir)     1           9.283          -2.990          -4.562         -11.410           13.141
 4662 (vir)     1           9.295          -1.603          -0.770          -4.757           11.679
 4663 (vir)     1           9.304          -3.586          -5.879         -14.264           14.103
 4664 (vir)     1           9.305          -3.531          -5.273         -13.191           13.693
 4665 (vir)     1           9.311          -3.518          -5.712         -13.648           13.729
 4666 (vir)     1           9.340          -2.981          -4.510         -11.402           13.251
 4667 (vir)     1           9.378          -3.593          -5.844         -13.956           13.898
 4668 (vir)     1           9.379          -3.525          -5.221         -13.124           13.757
 4669 (vir)     1           9.379          -3.269          -5.131         -12.690           13.668
 4670 (vir)     1           9.406          -3.265          -5.110         -12.773           13.804
 4671 (vir)     1           9.421          -3.626          -5.702         -13.625           13.718
 4672 (vir)     1           9.427          -3.453          -5.293         -12.791           13.473
 4673 (vir)     1           9.435          -3.694          -5.903         -14.199           14.037
 4674 (vir)     1           9.439          -3.724          -6.032         -14.425           14.107
 4675 (vir)     1           9.443          -3.059          -4.614         -11.622           13.391
 4676 (vir)     1           9.448          -3.617          -5.808         -13.917           13.940
 4677 (vir)     1           9.456          -3.546          -5.289         -13.275           13.896
 4678 (vir)     1           9.459          -3.536          -5.533         -13.410           13.799
 4679 (vir)     1           9.473          -3.310          -5.012         -12.378           13.530
 4680 (vir)     1           9.478          -1.601          -0.752          -4.742           11.867
 4681 (vir)     1           9.484          -3.590          -5.754         -14.123           14.263
 4682 (vir)     1           9.490          -1.824          -0.936          -5.213           11.942
 4683 (vir)     1           9.499          -3.046          -4.531         -11.555           13.477
 4684 (vir)     1           9.506          -3.524          -5.485         -13.353           13.850
 4685 (vir)     1           9.518          -3.569          -5.674         -13.841           14.116
 4686 (vir)     1           9.519          -3.261          -4.906         -12.245           13.597
 4687 (vir)     1           9.524          -3.502          -5.083         -12.947           13.886
 4688 (vir)     1           9.538          -3.154          -4.701         -12.030           13.713
 4689 (vir)     1           9.545          -3.161          -4.716         -12.077           13.746
 4690 (vir)     1           9.564          -3.588          -5.696         -13.948           14.228
 4691 (vir)     1           9.567          -3.509          -5.440         -13.212           13.829
 4692 (vir)     1           9.589          -3.429          -5.316         -13.093           13.936
 4693 (vir)     1           9.593          -3.490          -5.015         -12.843           13.931
 4694 (vir)     1           9.595          -3.152          -4.684         -12.046           13.804
 4695 (vir)     1           9.606          -3.356          -5.214         -13.130           14.167
 4696 (vir)     1           9.639          -3.596          -5.615         -13.605           14.033
 4697 (vir)     1           9.646          -3.616          -5.661         -13.666           14.035
 4698 (vir)     1           9.660          -3.470          -4.949         -12.722           13.963
 4699 (vir)     1           9.661          -1.595          -0.743          -4.745           12.069
 4700 (vir)     1           9.680          -3.704          -5.874         -14.481           14.583
 4701 (vir)     1           9.711          -1.808          -0.906          -5.172           12.170
 4702 (vir)     1           9.717          -3.337          -4.861         -12.286           13.804
 4703 (vir)     1           9.718          -3.673          -5.762         -13.981           14.263
 4704 (vir)     1           9.721          -3.622          -5.619         -13.578           14.059
 4705 (vir)     1           9.729          -3.214          -4.845         -11.999           13.670
 4706 (vir)     1           9.739          -3.331          -4.878         -12.354           13.885
 4707 (vir)     1           9.766          -3.748          -5.920         -14.596           14.693
 4708 (vir)     1           9.790          -3.452          -4.847         -12.576           14.067
 4709 (vir)     1           9.799          -3.637          -5.603         -13.570           14.129
 4710 (vir)     1           9.800          -3.738          -5.875         -14.307           14.494
 4711 (vir)     1           9.846          -3.442          -4.806         -12.465           14.062
 4712 (vir)     1           9.850          -1.634          -0.743          -4.771           12.243
 4713 (vir)     1           9.852          -3.789          -5.956         -14.676           14.783
 4714 (vir)     1           9.880          -3.668          -5.619         -13.640           14.232
 4715 (vir)     1           9.883          -3.782          -5.934         -14.512           14.679
 4716 (vir)     1           9.895          -3.441          -4.810         -12.367           14.010
 4717 (vir)     1           9.932          -3.467          -4.911         -12.360           13.914
 4718 (vir)     1           9.937          -3.844          -6.038         -14.891           14.945
 4719 (vir)     1           9.941          -1.780          -0.880          -5.146           12.426
 4720 (vir)     1           9.956          -3.528          -5.120         -12.510           13.818
 4721 (vir)     1           9.962          -3.706          -5.652         -13.753           14.358
 4722 (vir)     1           9.965          -3.801          -5.921         -14.514           14.758
 4723 (vir)     1           9.969          -3.599          -5.352         -12.743           13.762
 4724 (vir)     1           9.976          -3.658          -5.549         -12.963           13.732
 4725 (vir)     1           9.981          -3.703          -5.704         -13.140           13.713
 4726 (vir)     1           9.985          -3.736          -5.831         -13.282           13.701
 4727 (vir)     1           9.990          -3.767          -5.941         -13.405           13.687
 4728 (vir)     1           9.995          -3.795          -6.046         -13.520           13.675
 4729 (vir)     1          10.002          -3.822          -6.147         -13.631           13.665
 4730 (vir)     1          10.011          -3.847          -6.244         -13.737           13.657
 4731 (vir)     1          10.016          -3.924          -6.201         -15.359           15.250
 4732 (vir)     1          10.021          -3.869          -6.330         -13.832           13.654
 4733 (vir)     1          10.034          -3.886          -6.397         -13.908           13.659
 4734 (vir)     1          10.044          -3.784          -5.820         -14.242           14.683
 4735 (vir)     1          10.047          -3.747          -5.690         -13.883           14.494
 4736 (vir)     1          10.050          -3.896          -6.420         -13.950           13.684
 4737 (vir)     1          10.050          -1.637          -0.748          -4.811           12.476
 4738 (vir)     1          10.059          -3.738          -5.565         -13.482           14.238
 4739 (vir)     1          10.060          -3.734          -5.552         -13.468           14.241
 4740 (vir)     1          10.066          -3.755          -5.663         -13.575           14.223
 4741 (vir)     1          10.067          -3.715          -5.500         -13.379           14.231
 4742 (vir)     1          10.070          -3.837          -6.137         -13.737           13.834
 4743 (vir)     1          10.072          -3.947          -6.287         -15.615           15.453
 4744 (vir)     1          10.079          -3.720          -5.579         -13.374           14.154
 4745 (vir)     1          10.079          -3.693          -5.415         -13.332           14.303
 4746 (vir)     1          10.089          -3.744          -5.657         -13.520           14.207
 4747 (vir)     1          10.093          -3.654          -5.329         -13.141           14.251
 4748 (vir)     1          10.097          -3.797          -5.990         -13.581           13.892
 4749 (vir)     1          10.108          -3.670          -5.430         -13.178           14.186
 4750 (vir)     1          10.109          -3.650          -5.267         -13.192           14.384
 4751 (vir)     1          10.120          -3.717          -5.586         -13.406           14.223
 4752 (vir)     1          10.126          -3.808          -5.797         -14.176           14.697
 4753 (vir)     1          10.127          -3.599          -5.159         -12.904           14.273
 4754 (vir)     1          10.130          -3.770          -5.894         -13.481           13.948
 4755 (vir)     1          10.134          -3.788          -5.727         -14.007           14.626
 4756 (vir)     1          10.142          -3.612          -5.243         -12.958           14.246
 4757 (vir)     1          10.146          -3.598          -5.107         -12.987           14.427
 4758 (vir)     1          10.156          -3.675          -5.433         -13.279           14.327
 4759 (vir)     1          10.163          -3.547          -5.009         -12.690           14.297
 4760 (vir)     1          10.167          -3.756          -5.854         -13.431           13.988
 4761 (vir)     1          10.178          -3.567          -5.099         -12.778           14.290
 4762 (vir)     1          10.178          -1.769          -0.860          -5.134           12.683
 4763 (vir)     1          10.183          -3.541          -4.949         -12.711           14.404
 4764 (vir)     1          10.195          -3.618          -5.179         -13.137           14.534
 4765 (vir)     1          10.198          -3.505          -4.881         -12.500           14.312
 4766 (vir)     1          10.206          -3.723          -5.713         -13.266           14.035
 4767 (vir)     1          10.212          -3.589          -5.215         -12.864           14.271
 4768 (vir)     1          10.213          -3.850          -5.835         -14.295           14.823
 4769 (vir)     1          10.217          -3.485          -4.811         -12.428           14.349
 4770 (vir)     1          10.220          -3.820          -5.748         -14.094           14.747
 4771 (vir)     1          10.228          -3.463          -4.780         -12.345           14.329
 4772 (vir)     1          10.231          -3.534          -4.911         -12.790           14.576
 4773 (vir)     1          10.238          -3.513          -4.901         -12.677           14.500
 4774 (vir)     1          10.241          -3.447          -4.717         -12.247           14.325
 4775 (vir)     1          10.247          -3.479          -4.803         -12.343           14.308
 4776 (vir)     1          10.250          -3.426          -4.684         -12.194           14.333
 4777 (vir)     1          10.251          -3.653          -5.400         -12.970           14.167
 4778 (vir)     1          10.252          -3.631          -5.337         -12.938           14.222
 4779 (vir)     1          10.255          -4.147          -6.573         -14.981           14.517
 4780 (vir)     1          10.256          -4.122          -6.528         -14.878           14.483
 4781 (vir)     1          10.264          -1.696          -0.754          -4.857           12.671
 4782 (vir)     1          10.268          -3.849          -5.735         -14.057           14.741
 4783 (vir)     1          10.272          -4.144          -6.570         -14.969           14.526
 4784 (vir)     1          10.272          -3.908          -5.905         -14.242           14.700
 4785 (vir)     1          10.293          -4.119          -6.472         -14.909           14.611
 4786 (vir)     1          10.296          -4.109          -6.523         -14.837           14.502
 4787 (vir)     1          10.297          -3.885          -6.157         -13.912           14.167
 4788 (vir)     1          10.300          -3.872          -5.825         -14.308           14.911
 4789 (vir)     1          10.302          -3.663          -5.188         -13.475           14.925
 4790 (vir)     1          10.303          -3.822          -5.729         -14.097           14.848
 4791 (vir)     1          10.325          -4.073          -6.315         -14.763           14.701
 4792 (vir)     1          10.327          -4.111          -6.530         -14.863           14.548
 4793 (vir)     1          10.332          -3.729          -5.373         -13.690           14.919
 4794 (vir)     1          10.342          -3.926          -6.180         -14.045           14.281
 4795 (vir)     1          10.356          -3.656          -5.149         -13.450           15.001
 4796 (vir)     1          10.360          -4.093          -6.510         -14.790           14.547
 4797 (vir)     1          10.366          -4.169          -6.585         -15.056           14.668
 4798 (vir)     1          10.374          -3.690          -5.508         -13.669           14.845
 4799 (vir)     1          10.380          -3.698          -5.274         -13.573           14.979
 4800 (vir)     1          10.383          -3.763          -5.557         -13.731           14.794
 4801 (vir)     1          10.385          -3.953          -6.137         -14.175           14.471
 4802 (vir)     1          10.393          -4.045          -6.410         -14.614           14.551
 4803 (vir)     1          10.403          -3.719          -5.387         -13.634           14.932
 4804 (vir)     1          10.407          -4.237          -6.729         -15.255           14.695
 4805 (vir)     1          10.421          -4.124          -6.484         -14.752           14.565
 4806 (vir)     1          10.421          -1.740          -0.845          -5.137           12.973
 4807 (vir)     1          10.424          -3.606          -5.045         -13.263           15.036
 4808 (vir)     1          10.429          -3.619          -5.394         -13.506           14.922
 4809 (vir)     1          10.440          -4.265          -6.784         -15.304           14.696
 4810 (vir)     1          10.447          -4.260          -6.736         -15.232           14.683
 4811 (vir)     1          10.448          -3.612          -5.095         -13.267           15.007
 4812 (vir)     1          10.450          -3.560          -5.125         -12.788           14.553
 4813 (vir)     1          10.465          -3.787          -5.656         -13.808           14.830
 4814 (vir)     1          10.475          -3.891          -6.025         -14.108           14.668
 4815 (vir)     1          10.483          -3.653          -5.306         -13.362           14.885
 4816 (vir)     1          10.490          -1.720          -0.759          -4.904           12.916
 4817 (vir)     1          10.497          -3.966          -5.985         -14.857           15.403
 4818 (vir)     1          10.511          -3.555          -5.022         -13.033           14.968
 4819 (vir)     1          10.517          -3.796          -5.507         -13.622           14.835
 4820 (vir)     1          10.537          -3.949          -5.800         -14.340           15.127
 4821 (vir)     1          10.546          -3.563          -5.009         -13.037           15.011
 4822 (vir)     1          10.567          -3.884          -5.732         -14.155           15.106
 4823 (vir)     1          10.578          -4.154          -6.266         -15.494           15.651
 4824 (vir)     1          10.587          -4.049          -5.951         -14.556           15.143
 4825 (vir)     1          10.587          -3.577          -5.051         -13.070           15.028
 4826 (vir)     1          10.599          -3.881          -5.726         -14.139           15.132
 4827 (vir)     1          10.632          -3.542          -4.985         -12.920           15.025
 4828 (vir)     1          10.633          -4.209          -6.201         -15.921           16.144
 4829 (vir)     1          10.637          -3.933          -5.820         -14.279           15.162
 4830 (vir)     1          10.641          -4.375          -6.593         -16.008           15.682
 4831 (vir)     1          10.645          -3.907          -5.782         -13.894           14.850
 4832 (vir)     1          10.648          -3.805          -5.626         -13.411           14.627
 4833 (vir)     1          10.655          -3.766          -5.475         -13.420           14.833
 4834 (vir)     1          10.669          -1.763          -0.836          -5.160           13.229
 4835 (vir)     1          10.678          -4.034          -5.967         -14.990           15.667
 4836 (vir)     1          10.678          -4.019          -5.965         -14.515           15.208
 4837 (vir)     1          10.680          -3.497          -4.895         -12.727           15.015
 4838 (vir)     1          10.690          -3.993          -5.922         -14.395           15.169
 4839 (vir)     1          10.692          -3.839          -5.659         -13.663           14.858
 4840 (vir)     1          10.696          -3.916          -5.728         -14.407           15.459
 4841 (vir)     1          10.719          -4.096          -6.080         -14.732           15.276
 4842 (vir)     1          10.726          -1.728          -0.762          -4.952           13.188
 4843 (vir)     1          10.729          -3.455          -4.803         -12.528           15.000
 4844 (vir)     1          10.735          -3.980          -5.885         -14.731           15.601
 4845 (vir)     1          10.750          -3.928          -5.754         -14.384           15.452
 4846 (vir)     1          10.756          -4.135          -6.098         -14.804           15.328
 4847 (vir)     1          10.766          -3.826          -5.571         -13.797           15.166
 4848 (vir)     1          10.778          -3.422          -4.670         -12.292           14.978
 4849 (vir)     1          10.782          -3.942          -5.577         -13.966           15.229
 4850 (vir)     1          10.786          -3.628          -4.809         -12.692           15.040
 4851 (vir)     1          10.789          -4.169          -6.167         -15.500           15.952
 4852 (vir)     1          10.790          -3.823          -5.309         -13.518           15.177
 4853 (vir)     1          10.799          -3.910          -5.464         -13.794           15.219
 4854 (vir)     1          10.800          -3.799          -5.550         -13.725           15.175
 4855 (vir)     1          10.802          -3.706          -5.005         -13.016           15.106
 4856 (vir)     1          10.806          -4.020          -5.707         -14.202           15.281
 4857 (vir)     1          10.810          -3.976          -5.613         -14.050           15.271
 4858 (vir)     1          10.816          -3.491          -4.647         -12.344           15.022
 4859 (vir)     1          10.839          -3.445          -4.596         -12.223           15.021
 4860 (vir)     1          10.851          -3.382          -4.357         -11.849           14.961
 4861 (vir)     1          10.851          -3.348          -6.143         -15.726           17.086
 4862 (vir)     1          10.856          -3.444          -4.823         -12.041           14.629
 4863 (vir)     1          10.910          -3.401          -2.287         -10.218           15.440
 4864 (vir)     1          10.911          -3.984          -5.712         -14.139           15.353
 4865 (vir)     1          10.912          -3.400          -2.287         -10.219           15.443
 4866 (vir)     1          10.915          -3.378          -2.266         -10.147           15.418
 4867 (vir)     1          10.916          -1.923          -0.973          -5.687           13.707
 4868 (vir)     1          10.919          -3.401          -2.287         -10.220           15.451
 4869 (vir)     1          10.924          -3.395          -2.282         -10.201           15.448
 4870 (vir)     1          10.929          -3.400          -2.288         -10.221           15.463
 4871 (vir)     1          10.930          -4.259          -6.215         -15.128           15.584
 4872 (vir)     1          10.936          -3.396          -2.285         -10.212           15.467
 4873 (vir)     1          10.938          -3.799          -5.474         -13.878           15.543
 4874 (vir)     1          10.939          -3.897          -6.065         -15.613           16.589
 4875 (vir)     1          10.943          -3.399          -2.288         -10.222           15.479
 4876 (vir)     1          10.949          -3.668          -5.120         -13.277           15.437
 4877 (vir)     1          10.952          -3.395          -2.283         -10.207           15.481
 4878 (vir)     1          10.956          -3.784          -5.370         -13.359           15.162
 4879 (vir)     1          10.961          -3.393          -2.281         -10.202           15.488
 4880 (vir)     1          10.968          -1.788          -0.764          -5.000           13.417
 4881 (vir)     1          10.976          -3.285          -2.191          -9.889           15.389
 4882 (vir)     1          10.984          -3.394          -2.284         -10.212           15.518
 4883 (vir)     1          10.989          -3.777          -4.976         -13.091           15.327
 4884 (vir)     1          10.997          -4.001          -5.684         -14.377           15.689
 4885 (vir)     1          10.997          -3.727          -4.971         -12.976           15.274
 4886 (vir)     1          10.997          -3.384          -2.272         -10.171           15.513
 4887 (vir)     1          11.009          -4.187          -6.216         -15.211           15.817
 4888 (vir)     1          11.010          -3.401          -2.288         -10.229           15.549
 4889 (vir)     1          11.014          -4.047          -5.790         -14.391           15.569
 4890 (vir)     1          11.024          -3.825          -5.180         -13.380           15.399
 4891 (vir)     1          11.025          -3.403          -2.288         -10.229           15.563
 4892 (vir)     1          11.031          -3.823          -5.576         -13.892           15.524
 4893 (vir)     1          11.035          -4.088          -6.018         -15.515           16.444
 4894 (vir)     1          11.040          -3.405          -2.290         -10.237           15.582
 4895 (vir)     1          11.054          -3.694          -4.966         -12.970           15.364
 4896 (vir)     1          11.056          -3.407          -2.290         -10.240           15.599
 4897 (vir)     1          11.059          -3.915          -5.550         -13.813           15.406
 4898 (vir)     1          11.063          -4.213          -6.048         -15.092           15.894
 4899 (vir)     1          11.071          -3.640          -5.233         -13.196           15.395
 4900 (vir)     1          11.074          -3.409          -2.291         -10.243           15.618
 4901 (vir)     1          11.084          -3.295          -4.261         -11.395           14.924
 4902 (vir)     1          11.088          -3.776          -5.202         -13.477           15.587
 4903 (vir)     1          11.092          -3.411          -2.292         -10.247           15.637
 4904 (vir)     1          11.095          -2.834          -3.708         -10.233           14.786
 4905 (vir)     1          11.098          -2.583          -3.271          -9.378           14.622
 4906 (vir)     1          11.109          -3.291          -4.483         -11.732           15.068
 4907 (vir)     1          11.112          -3.411          -2.291         -10.248           15.658
 4908 (vir)     1          11.112          -3.908          -5.411         -13.790           15.582
 4909 (vir)     1          11.112          -2.665          -3.056          -8.974           14.365
 4910 (vir)     1          11.112          -2.675          -3.063          -8.987           14.360
 4911 (vir)     1          11.113          -3.063          -3.922         -10.642           14.770
 4912 (vir)     1          11.114          -2.705          -3.098          -9.070           14.380
 4913 (vir)     1          11.114          -2.676          -3.088          -9.030           14.381
 4914 (vir)     1          11.119          -2.735          -3.281          -9.370           14.473
 4915 (vir)     1          11.124          -3.011          -3.875         -10.539           14.778
 4916 (vir)     1          11.132          -3.214          -4.320         -11.388           14.986
 4917 (vir)     1          11.132          -3.415          -2.292         -10.254           15.679
 4918 (vir)     1          11.133          -3.911          -5.870         -15.330           16.681
 4919 (vir)     1          11.136          -3.036          -3.952         -10.657           14.805
 4920 (vir)     1          11.144          -3.299          -4.450         -11.670           15.065
 4921 (vir)     1          11.144          -3.280          -4.468         -11.670           15.066
 4922 (vir)     1          11.144          -3.674          -4.992         -12.993           15.471
 4923 (vir)     1          11.152          -4.173          -5.905         -14.853           15.927
 4924 (vir)     1          11.154          -3.411          -2.288         -10.242           15.697
 4925 (vir)     1          11.159          -4.019          -5.671         -14.187           15.656
 4926 (vir)     1          11.175          -3.838          -5.187         -13.405           15.555
 4927 (vir)     1          11.176          -1.785          -0.836          -5.257           13.813
 4928 (vir)     1          11.176          -3.418          -2.293         -10.260           15.726
 4929 (vir)     1          11.190          -2.725          -3.187          -9.158           14.436
 4930 (vir)     1          11.200          -3.419          -2.291         -10.255           15.746
 4931 (vir)     1          11.201          -3.761          -5.163         -13.453           15.730
 4932 (vir)     1          11.214          -1.782          -0.767          -5.051           13.716
 4933 (vir)     1          11.225          -3.424          -2.293         -10.267           15.775
 4934 (vir)     1          11.232          -4.236          -6.008         -15.612           16.600
 4935 (vir)     1          11.234          -3.839          -5.279         -13.710           15.826
 4936 (vir)     1          11.240          -3.843          -5.157         -13.390           15.630
 4937 (vir)     1          11.245          -4.350          -6.103         -15.349           16.142
 4938 (vir)     1          11.250          -3.425          -2.293         -10.270           15.802
 4939 (vir)     1          11.256          -4.099          -5.739         -14.484           15.902
 4940 (vir)     1          11.277          -3.429          -2.294         -10.275           15.829
 4941 (vir)     1          11.288          -3.089          -3.786         -10.531           14.945
 4942 (vir)     1          11.301          -3.932          -5.408         -14.054           16.015
 4943 (vir)     1          11.305          -3.431          -2.294         -10.278           15.858
 4944 (vir)     1          11.311          -3.790          -5.052         -13.202           15.671
 4945 (vir)     1          11.325          -4.104          -5.658         -14.736           16.300
 4946 (vir)     1          11.327          -4.447          -6.391         -15.186           15.674
 4947 (vir)     1          11.327          -4.435          -6.362         -15.132           15.663
 4948 (vir)     1          11.333          -3.435          -2.294         -10.282           15.887
 4949 (vir)     1          11.341          -3.966          -5.459         -14.360           16.276
 4950 (vir)     1          11.341          -4.459          -6.416         -15.242           15.708
 4951 (vir)     1          11.343          -4.426          -6.289         -15.237           15.864
 4952 (vir)     1          11.346          -4.362          -6.098         -15.128           16.014
 4953 (vir)     1          11.352          -3.988          -5.474         -14.039           15.929
 4954 (vir)     1          11.363          -3.437          -2.294         -10.286           15.918
 4955 (vir)     1          11.365          -4.477          -6.458         -15.352           15.782
 4956 (vir)     1          11.370          -4.355          -6.174         -14.834           15.675
 4957 (vir)     1          11.378          -4.059          -5.475         -14.223           16.066
 4958 (vir)     1          11.387          -3.590          -4.642         -12.488           15.642
 4959 (vir)     1          11.394          -3.440          -2.293         -10.289           15.950
 4960 (vir)     1          11.394          -4.491          -6.492         -15.426           15.838
 4961 (vir)     1          11.406          -4.285          -6.012         -14.574           15.682
 4962 (vir)     1          11.409          -3.850          -5.199         -13.578           15.937
 4963 (vir)     1          11.418          -3.822          -5.085         -13.499           16.010
 4964 (vir)     1          11.425          -1.781          -0.816          -5.238           14.066
 4965 (vir)     1          11.426          -3.444          -2.293         -10.294           15.982
 4966 (vir)     1          11.433          -4.523          -6.550         -15.563           15.922
 4967 (vir)     1          11.441          -4.051          -5.485         -14.404           16.309
 4968 (vir)     1          11.443          -4.380          -6.086         -15.086           16.063
 4969 (vir)     1          11.449          -3.930          -5.325         -13.822           16.015
 4970 (vir)     1          11.453          -4.238          -5.822         -14.513           15.906
 4971 (vir)     1          11.456          -4.024          -5.549         -14.601           16.484
 4972 (vir)     1          11.459          -3.447          -2.293         -10.297           16.016
 4973 (vir)     1          11.459          -1.819          -0.770          -5.104           13.974
 4974 (vir)     1          11.474          -3.854          -5.052         -13.477           16.045
 4975 (vir)     1          11.477          -4.558          -6.609         -15.712           16.022
 4976 (vir)     1          11.493          -3.451          -2.293         -10.303           16.051
 4977 (vir)     1          11.497          -4.166          -5.707         -14.092           15.717
 4978 (vir)     1          11.507          -3.783          -4.929         -13.072           15.866
 4979 (vir)     1          11.509          -3.984          -5.381         -14.002           16.145
 4980 (vir)     1          11.521          -3.954          -5.227         -13.932           16.271
 4981 (vir)     1          11.528          -4.577          -6.628         -15.789           16.112
 4982 (vir)     1          11.528          -3.455          -2.293         -10.307           16.088
 4983 (vir)     1          11.536          -4.244          -5.782         -14.949           16.460
 4984 (vir)     1          11.541          -4.350          -5.922         -14.956           16.225
 4985 (vir)     1          11.551          -4.080          -5.495         -13.739           15.715
 4986 (vir)     1          11.551          -4.095          -5.615         -14.938           16.779
 4987 (vir)     1          11.560          -3.655          -4.692         -12.706           15.920
 4988 (vir)     1          11.564          -3.459          -2.292         -10.312           16.124
 4989 (vir)     1          11.570          -4.355          -5.983         -15.309           16.541
 4990 (vir)     1          11.570          -3.974          -5.219         -13.743           16.120
 4991 (vir)     1          11.577          -4.365          -6.010         -15.337           16.539
 4992 (vir)     1          11.582          -3.934          -5.147         -13.564           16.065
 4993 (vir)     1          11.583          -4.622          -6.678         -15.964           16.246
 4994 (vir)     1          11.589          -4.343          -5.960         -15.267           16.554
 4995 (vir)     1          11.601          -3.462          -2.292         -10.316           16.163
 4996 (vir)     1          11.604          -4.281          -5.844         -14.979           16.459
 4997 (vir)     1          11.604          -3.993          -5.323         -13.525           15.814
 4998 (vir)     1          11.610          -3.704          -4.694         -12.777           15.988
 4999 (vir)     1          11.612          -4.415          -6.121         -15.788           16.863
 5000 (vir)     1          11.612          -4.206          -5.684         -14.441           16.162
 5001 (vir)     1          11.625          -4.363          -5.998         -15.326           16.590
 5002 (vir)     1          11.629          -4.105          -5.425         -14.380           16.479
 5003 (vir)     1          11.635          -3.990          -5.842         -15.555           17.358
 5004 (vir)     1          11.639          -3.466          -2.291         -10.320           16.202
 5005 (vir)     1          11.644          -4.692          -6.795         -16.246           16.403
 5006 (vir)     1          11.650          -4.334          -5.931         -15.232           16.617
 5007 (vir)     1          11.671          -1.776          -0.813          -5.271           14.354
 5008 (vir)     1          11.678          -4.317          -5.896         -15.173           16.637
 5009 (vir)     1          11.678          -4.129          -5.415         -14.495           16.630
 5010 (vir)     1          11.679          -3.470          -2.291         -10.326           16.243
 5011 (vir)     1          11.679          -3.735          -4.713         -12.895           16.126
 5012 (vir)     1          11.691          -4.280          -5.818         -15.229           16.821
 5013 (vir)     1          11.701          -1.849          -0.774          -5.158           14.236
 5014 (vir)     1          11.703          -4.577          -6.465         -15.947           16.608
 5015 (vir)     1          11.712          -4.462          -6.246         -15.560           16.564
 5016 (vir)     1          11.715          -3.667          -4.811         -13.199           16.435
 5017 (vir)     1          11.719          -3.475          -2.290         -10.330           16.284
 5018 (vir)     1          11.736          -3.730          -5.438         -14.699           17.267
 5019 (vir)     1          11.737          -3.740          -4.808         -13.077           16.265
 5020 (vir)     1          11.741          -4.271          -5.805         -15.036           16.700
 5021 (vir)     1          11.757          -3.975          -5.250         -14.068           16.600
 5022 (vir)     1          11.761          -3.480          -2.290         -10.336           16.326
 5023 (vir)     1          11.775          -4.682          -6.721         -16.203           16.575
 5024 (vir)     1          11.776          -4.200          -5.676         -14.804           16.704
 5025 (vir)     1          11.783          -3.690          -4.690         -12.895           16.298
 5026 (vir)     1          11.803          -3.484          -2.289         -10.341           16.370
 5027 (vir)     1          11.805          -4.081          -5.490         -14.579           16.813
 5028 (vir)     1          11.811          -4.109          -5.525         -14.523           16.700
 5029 (vir)     1          11.816          -4.269          -5.759         -15.572           17.359
 5030 (vir)     1          11.830          -4.323          -5.879         -14.980           16.609
 5031 (vir)     1          11.833          -3.552          -4.471         -12.311           16.122
 5032 (vir)     1          11.840          -3.693          -4.659         -12.860           16.349
 5033 (vir)     1          11.843          -3.925          -5.260         -13.839           16.498
 5034 (vir)     1          11.847          -3.490          -2.288         -10.346           16.414
 5035 (vir)     1          11.855          -4.516          -6.235         -15.693           16.797
 5036 (vir)     1          11.861          -4.046          -5.298         -13.978           16.496
 5037 (vir)     1          11.867          -4.246          -5.956         -15.756           17.422
 5038 (vir)     1          11.883          -4.181          -5.568         -14.522           16.655
 5039 (vir)     1          11.889          -4.061          -5.400         -14.245           16.672
 5040 (vir)     1          11.892          -3.494          -2.288         -10.351           16.461
 5041 (vir)     1          11.893          -4.342          -5.674         -15.409           17.287
 5042 (vir)     1          11.908          -1.662          -0.812          -5.312           14.747
 5043 (vir)     1          11.916          -4.133          -5.499         -14.451           16.735
 5044 (vir)     1          11.921          -4.553          -6.304         -15.756           16.820
 5045 (vir)     1          11.925          -3.611          -4.492         -12.530           16.352
 5046 (vir)     1          11.926          -3.609          -4.494         -12.485           16.308
 5047 (vir)     1          11.932          -3.940          -5.784         -15.502           17.711
 5048 (vir)     1          11.934          -1.894          -0.779          -5.213           14.474
 5049 (vir)     1          11.937          -3.499          -2.287         -10.356           16.508
 5050 (vir)     1          11.957          -3.846          -4.913         -13.074           16.272
 5051 (vir)     1          11.959          -4.327          -5.564         -15.187           17.254
 5052 (vir)     1          11.968          -4.326          -5.811         -15.081           16.911
 5053 (vir)     1          11.975          -4.571          -6.127         -15.855           17.131
 5054 (vir)     1          11.984          -3.505          -2.286         -10.362           16.556
 5055 (vir)     1          11.986          -4.291          -5.783         -14.874           16.786
 5056 (vir)     1          11.988          -4.513          -5.912         -15.920           17.483
 5057 (vir)     1          11.998          -4.285          -5.457         -14.912           17.168
 5058 (vir)     1          12.007          -3.594          -4.394         -12.333           16.353
 5059 (vir)     1          12.014          -3.747          -4.673         -13.052           16.646
 5060 (vir)     1          12.025          -4.543          -6.148         -15.755           17.090
 5061 (vir)     1          12.027          -4.507          -5.842         -15.862           17.540
 5062 (vir)     1          12.032          -4.496          -5.822         -15.848           17.561
 5063 (vir)     1          12.032          -4.403          -5.868         -15.222           16.984
 5064 (vir)     1          12.032          -3.510          -2.285         -10.368           16.605
 5065 (vir)     1          12.063          -3.693          -4.524         -12.664           16.510
 5066 (vir)     1          12.064          -3.626          -4.492         -12.261           16.207
 5067 (vir)     1          12.065          -3.656          -4.490         -12.585           16.503
 5068 (vir)     1          12.074          -4.632          -6.228         -15.951           17.166
 5069 (vir)     1          12.082          -3.517          -2.284         -10.373           16.654
 5070 (vir)     1          12.082          -4.527          -6.040         -15.726           17.241
 5071 (vir)     1          12.089          -4.601          -6.093         -15.895           17.290
 5072 (vir)     1          12.132          -3.522          -2.283         -10.379           16.706
 5073 (vir)     1          12.132          -1.797          -0.813          -5.355           14.877
 5074 (vir)     1          12.155          -1.902          -0.784          -5.267           14.736
 5075 (vir)     1          12.173          -3.465          -4.161         -11.559           16.106
 5076 (vir)     1          12.179          -4.378          -5.753         -15.753           17.801
 5077 (vir)     1          12.179          -4.378          -5.753         -15.753           17.801
 5078 (vir)     1          12.183          -3.529          -2.282         -10.385           16.758
 5079 (vir)     1          12.193          -4.629          -6.077         -15.833           17.320
 5080 (vir)     1          12.236          -3.535          -2.281         -10.391           16.811
 5081 (vir)     1          12.240          -4.514          -6.191         -15.439           16.975
 5082 (vir)     1          12.261          -4.733          -6.622         -16.091           16.996
 5083 (vir)     1          12.274          -4.438          -5.979         -15.241           17.098
 5084 (vir)     1          12.289          -3.542          -2.279         -10.397           16.865
 5085 (vir)     1          12.295          -3.841          -4.784         -12.862           16.532
 5086 (vir)     1          12.307          -4.325          -5.572         -14.600           17.010
 5087 (vir)     1          12.310          -4.532          -6.165         -15.460           17.073
 5088 (vir)     1          12.339          -1.681          -0.814          -5.397           15.241
 5089 (vir)     1          12.343          -4.651          -6.231         -15.850           17.311
 5090 (vir)     1          12.344          -3.549          -2.278         -10.403           16.920
 5091 (vir)     1          12.359          -1.954          -0.789          -5.319           14.935
 5092 (vir)     1          12.370          -4.525          -6.060         -15.481           17.266
 5093 (vir)     1          12.398          -4.802          -6.519         -16.310           17.386
 5094 (vir)     1          12.400          -3.556          -2.277         -10.410           16.976
 5095 (vir)     1          12.431          -4.012          -4.998         -13.441           16.863
 5096 (vir)     1          12.435          -4.498          -5.936         -15.379           17.381
 5097 (vir)     1          12.444          -3.995          -4.916         -13.358           16.891
 5098 (vir)     1          12.457          -3.563          -2.276         -10.416           17.035
 5099 (vir)     1          12.487          -4.888          -6.695         -16.584           17.489
 5100 (vir)     1          12.504          -4.510          -5.893         -15.380           17.481
 5101 (vir)     1          12.515          -3.736          -4.490         -12.390           16.678
 5102 (vir)     1          12.515          -3.571          -2.274         -10.423           17.092
 5103 (vir)     1          12.519          -4.060          -4.996         -13.570           17.033
 5104 (vir)     1          12.525          -1.812          -0.816          -5.435           15.332
 5105 (vir)     1          12.527          -3.454          -4.108         -11.457           16.422
 5106 (vir)     1          12.536          -4.348          -5.442         -14.589           17.335
 5107 (vir)     1          12.541          -4.695          -5.975         -15.778           17.649
 5108 (vir)     1          12.542          -1.949          -0.794          -5.368           15.166
 5109 (vir)     1          12.558          -3.372          -4.034         -11.224           16.376
 5110 (vir)     1          12.565          -4.551          -5.751         -15.295           17.558
 5111 (vir)     1          12.574          -3.580          -2.273         -10.430           17.152
 5112 (vir)     1          12.576          -4.535          -5.868         -15.406           17.578
 5113 (vir)     1          12.577          -4.927          -6.709         -16.657           17.596
 5114 (vir)     1          12.588          -3.262          -3.665         -10.659           16.320
 5115 (vir)     1          12.602          -3.467          -4.238         -11.653           16.550
 5116 (vir)     1          12.605          -4.681          -5.939         -15.735           17.720
 5117 (vir)     1          12.634          -4.596          -5.846         -15.487           17.679
 5118 (vir)     1          12.634          -3.588          -2.271         -10.437           17.212
 5119 (vir)     1          12.649          -3.652          -4.542         -12.338           16.793
 5120 (vir)     1          12.654          -4.755          -6.036         -15.986           17.850
 5121 (vir)     1          12.663          -4.779          -6.086         -16.013           17.811
 5122 (vir)     1          12.666          -4.921          -6.648         -16.618           17.716
 5123 (vir)     1          12.684          -1.846          -0.817          -5.468           15.488
 5124 (vir)     1          12.694          -3.833          -4.833         -13.011           17.039
 5125 (vir)     1          12.696          -3.595          -2.270         -10.444           17.275
 5126 (vir)     1          12.699          -1.993          -0.801          -5.417           15.322
 5127 (vir)     1          12.710          -4.610          -5.862         -15.490           17.728
 5128 (vir)     1          12.711          -4.801          -6.067         -16.098           17.941
 5129 (vir)     1          12.733          -3.996          -5.076         -13.585           17.246
 5130 (vir)     1          12.744          -3.326          -3.735         -10.884           16.566
 5131 (vir)     1          12.754          -4.770          -6.297         -16.016           17.703
 5132 (vir)     1          12.758          -3.604          -2.269         -10.452           17.337
 5133 (vir)     1          12.761          -4.860          -6.071         -16.085           17.915
 5134 (vir)     1          12.766          -4.236          -5.414         -14.422           17.539
 5135 (vir)     1          12.773          -4.698          -5.896         -15.713           17.892
 5136 (vir)     1          12.786          -4.619          -5.855         -15.412           17.723
 5137 (vir)     1          12.791          -3.590          -2.221         -10.330           17.310
 5138 (vir)     1          12.793          -3.577          -2.211         -10.293           17.299
 5139 (vir)     1          12.796          -3.589          -2.220         -10.324           17.312
 5140 (vir)     1          12.796          -4.231          -5.424         -14.423           17.564
 5141 (vir)     1          12.799          -3.583          -2.215         -10.308           17.310
 5142 (vir)     1          12.804          -3.590          -2.222         -10.332           17.324
 5143 (vir)     1          12.809          -3.584          -2.218         -10.318           17.326
 5144 (vir)     1          12.813          -1.776          -0.818          -5.494           15.713
 5145 (vir)     1          12.815          -3.591          -2.223         -10.338           17.338
 5146 (vir)     1          12.821          -4.310          -5.530         -14.681           17.663
 5147 (vir)     1          12.821          -3.615          -2.267         -10.461           17.399
 5148 (vir)     1          12.822          -3.563          -2.200         -10.258           17.317
 5149 (vir)     1          12.826          -2.092          -0.850          -5.606           15.491
 5150 (vir)     1          12.829          -3.593          -2.224         -10.343           17.355
 5151 (vir)     1          12.831          -4.710          -6.000         -15.730           17.850
 5152 (vir)     1          12.833          -4.753          -5.932         -15.887           18.035
 5153 (vir)     1          12.838          -3.593          -2.224         -10.343           17.363
 5154 (vir)     1          12.841          -4.374          -5.606         -14.879           17.739
 5155 (vir)     1          12.847          -3.596          -2.226         -10.349           17.374
 5156 (vir)     1          12.847          -4.862          -5.991         -15.959           17.953
 5157 (vir)     1          12.856          -4.423          -5.678         -15.051           17.805
 5158 (vir)     1          12.857          -3.598          -2.227         -10.352           17.385
 5159 (vir)     1          12.860          -4.913          -6.415         -16.399           17.932
 5160 (vir)     1          12.866          -4.455          -5.717         -15.148           17.841
 5161 (vir)     1          12.869          -3.599          -2.227         -10.355           17.397
 5162 (vir)     1          12.871          -4.476          -5.747         -15.221           17.869
 5163 (vir)     1          12.881          -3.601          -2.228         -10.359           17.410
 5164 (vir)     1          12.882          -4.714          -5.799         -15.544           17.913
 5165 (vir)     1          12.882          -5.923          -5.821         -15.591           16.729
 5166 (vir)     1          12.884          -3.627          -2.267         -10.473           17.462
 5167 (vir)     1          12.887          -4.776          -5.954         -15.884           18.040
 5168 (vir)     1          12.887          -4.775          -5.862         -15.683           17.933
 5169 (vir)     1          12.889          -4.592          -5.686         -15.382           17.993
 5170 (vir)     1          12.890          -4.568          -5.941         -15.855           18.236
 5171 (vir)     1          12.894          -3.603          -2.229         -10.363           17.424
 5172 (vir)     1          12.894          -4.742          -5.882         -15.652           17.923
 5173 (vir)     1          12.898          -4.468          -5.474         -14.833           17.789
 5174 (vir)     1          12.904          -4.642          -5.626         -15.155           17.791
 5175 (vir)     1          12.908          -3.606          -2.230         -10.367           17.439
 5176 (vir)     1          12.908          -1.786          -0.819          -5.514           15.817
 5177 (vir)     1          12.916          -3.390          -3.742         -10.980           16.764
 5178 (vir)     1          12.917          -4.346          -5.285         -14.434           17.720
 5179 (vir)     1          12.919          -2.048          -0.814          -5.500           15.556
 5180 (vir)     1          12.922          -3.597          -2.222         -10.341           17.445
 5181 (vir)     1          12.932          -4.386          -5.491         -14.952           18.008
 5182 (vir)     1          12.934          -3.664          -2.273         -10.507           17.504
 5183 (vir)     1          12.938          -4.980          -6.492         -16.574           18.041
 5184 (vir)     1          12.938          -3.612          -2.231         -10.375           17.469
 5185 (vir)     1          12.948          -4.264          -5.104         -14.048           17.629
 5186 (vir)     1          12.955          -3.614          -2.232         -10.379           17.488
 5187 (vir)     1          12.966          -1.836          -0.820          -5.526           15.836
 5188 (vir)     1          12.969          -4.487          -5.679         -15.367           18.170
 5189 (vir)     1          12.973          -3.606          -2.224         -10.353           17.495
 5190 (vir)     1          12.975          -2.051          -0.816          -5.514           15.623
 5191 (vir)     1          12.989          -4.688          -5.968         -15.717           18.050
 5192 (vir)     1          12.991          -4.321          -5.126         -14.077           17.620
 5193 (vir)     1          12.992          -3.622          -2.234         -10.389           17.524
 5194 (vir)     1          12.996          -4.920          -6.341         -16.749           18.484
 5195 (vir)     1          12.996          -4.907          -6.291         -16.645           18.444
 5196 (vir)     1          13.010          -4.884          -6.166         -16.446           18.406
 5197 (vir)     1          13.011          -3.626          -2.235         -10.393           17.543
 5198 (vir)     1          13.018          -4.371          -5.512         -14.842           17.977
 5199 (vir)     1          13.021          -4.897          -6.289         -16.691           18.526
 5200 (vir)     1          13.027          -3.627          -2.258         -10.465           17.606
 5201 (vir)     1          13.028          -4.728          -6.009         -16.109           18.401
 5202 (vir)     1          13.032          -3.630          -2.236         -10.398           17.564
 5203 (vir)     1          13.050          -4.380          -5.464         -14.649           17.855
 5204 (vir)     1          13.053          -4.904          -6.208         -16.565           18.506
 5205 (vir)     1          13.054          -3.634          -2.236         -10.403           17.586
 5206 (vir)     1          13.057          -4.787          -6.213         -16.598           18.656
 5207 (vir)     1          13.077          -3.636          -2.237         -10.408           17.612
 5208 (vir)     1          13.077          -4.382          -5.489         -14.721           17.926
 5209 (vir)     1          13.080          -3.339          -3.703         -10.909           16.947
 5210 (vir)     1          13.083          -4.789          -5.987         -16.159           18.467
 5211 (vir)     1          13.093          -3.639          -2.257         -10.477           17.673
 5212 (vir)     1          13.099          -4.833          -6.122         -16.431           18.574
 5213 (vir)     1          13.100          -3.643          -2.238         -10.414           17.634
 5214 (vir)     1          13.101          -4.711          -6.108         -16.446           18.727
 5215 (vir)     1          13.125          -3.646          -2.238         -10.419           17.660
 5216 (vir)     1          13.131          -4.502          -5.678         -15.048           17.999
 5217 (vir)     1          13.142          -4.722          -6.032         -16.378           18.767
 5218 (vir)     1          13.150          -4.827          -6.062         -16.368           18.629
 5219 (vir)     1          13.151          -3.650          -2.239         -10.424           17.687
 5220 (vir)     1          13.152          -4.741          -5.981         -16.187           18.617
 5221 (vir)     1          13.162          -3.650          -2.256         -10.486           17.742
 5222 (vir)     1          13.170          -4.178          -5.198         -14.132           17.926
 5223 (vir)     1          13.178          -3.652          -2.240         -10.429           17.716
 5224 (vir)     1          13.190          -4.782          -5.946         -16.255           18.717
 5225 (vir)     1          13.194          -4.059          -4.619         -12.948           17.463
 5226 (vir)     1          13.205          -4.727          -5.980         -16.303           18.802
 5227 (vir)     1          13.206          -3.659          -2.240         -10.435           17.742
 5228 (vir)     1          13.216          -4.895          -5.964         -16.195           18.552
 5229 (vir)     1          13.232          -3.660          -2.254         -10.494           17.812
 5230 (vir)     1          13.236          -3.662          -2.240         -10.440           17.773
 5231 (vir)     1          13.237          -4.733          -5.901         -16.165           18.769
 5232 (vir)     1          13.239          -4.807          -6.173         -16.068           18.327
 5233 (vir)     1          13.255          -4.802          -5.823         -16.127           18.757
 5234 (vir)     1          13.266          -3.667          -2.241         -10.445           17.804
 5235 (vir)     1          13.282          -4.912          -5.933         -16.183           18.620
 5236 (vir)     1          13.291          -4.735          -5.920         -16.180           18.816
 5237 (vir)     1          13.295          -4.774          -5.704         -15.956           18.774
 5238 (vir)     1          13.297          -3.669          -2.241         -10.451           17.838
 5239 (vir)     1          13.304          -3.670          -2.252         -10.502           17.883
 5240 (vir)     1          13.315          -5.016          -6.480         -16.716           18.534
 5241 (vir)     1          13.329          -4.746          -5.642         -15.871           18.812
 5242 (vir)     1          13.330          -3.675          -2.241         -10.456           17.870
 5243 (vir)     1          13.347          -4.737          -5.693         -15.930           18.847
 5244 (vir)     1          13.348          -4.891          -5.887         -16.115           18.685
 5245 (vir)     1          13.357          -3.101          -3.184          -9.990           17.061
 5246 (vir)     1          13.364          -3.680          -2.241         -10.461           17.904
 5247 (vir)     1          13.367          -4.670          -5.781         -16.002           18.919
 5248 (vir)     1          13.376          -3.680          -2.250         -10.510           17.956
 5249 (vir)     1          13.377          -4.702          -5.497         -15.671           18.850
 5250 (vir)     1          13.389          -3.584          -3.905         -11.644           17.544
 5251 (vir)     1          13.392          -4.855          -6.205         -16.421           18.753
 5252 (vir)     1          13.397          -4.662          -5.883         -15.868           18.719
 5253 (vir)     1          13.397          -4.522          -5.772         -15.915           19.018
 5254 (vir)     1          13.398          -4.683          -5.455         -15.605           18.865
 5255 (vir)     1          13.399          -3.684          -2.241         -10.466           17.940
 5256 (vir)     1          13.411          -4.675          -5.417         -15.550           18.869
 5257 (vir)     1          13.412          -4.869          -5.836         -16.041           18.748
 5258 (vir)     1          13.422          -4.651          -5.366         -15.473           18.879
 5259 (vir)     1          13.427          -4.650          -5.370         -15.475           18.882
 5260 (vir)     1          13.430          -4.400          -5.456         -15.168           18.742
 5261 (vir)     1          13.435          -3.688          -2.241         -10.472           17.978
 5262 (vir)     1          13.436          -4.824          -5.840         -16.060           18.832
 5263 (vir)     1          13.450          -3.690          -2.249         -10.518           18.030
 5264 (vir)     1          13.453          -4.676          -5.817         -16.054           19.015
 5265 (vir)     1          13.465          -5.043          -6.406         -16.677           18.693
 5266 (vir)     1          13.472          -3.694          -2.241         -10.477           18.014
 5267 (vir)     1          13.475          -4.876          -5.783         -15.953           18.769
 5268 (vir)     1          13.487          -4.218          -5.176         -14.565           18.658
 5269 (vir)     1          13.504          -3.369          -3.606         -10.965           17.494
 5270 (vir)     1          13.506          -3.916          -4.463         -12.919           18.045
 5271 (vir)     1          13.507          -4.881          -5.822         -16.013           18.817
 5272 (vir)     1          13.511          -3.698          -2.240         -10.482           18.055
 5273 (vir)     1          13.524          -4.969          -6.290         -16.495           18.761
 5274 (vir)     1          13.526          -3.700          -2.247         -10.526           18.105
 5275 (vir)     1          13.534          -4.693          -5.778         -15.994           19.057
 5276 (vir)     1          13.536          -4.853          -5.720         -15.841           18.804
 5277 (vir)     1          13.550          -3.703          -2.240         -10.487           18.095
 5278 (vir)     1          13.562          -5.041          -6.391         -16.727           18.856
 5279 (vir)     1          13.569          -4.259          -5.036         -14.262           18.537
 5280 (vir)     1          13.576          -4.855          -5.699         -15.774           18.795
 5281 (vir)     1          13.591          -3.708          -2.239         -10.493           18.137
 5282 (vir)     1          13.597          -4.834          -5.655         -15.714           18.822
 5283 (vir)     1          13.602          -3.710          -2.245         -10.534           18.181
 5284 (vir)     1          13.618          -4.483          -5.396         -15.099           18.837
 5285 (vir)     1          13.624          -4.006          -4.110         -12.230           17.738
 5286 (vir)     1          13.631          -4.716          -5.618         -15.731           19.027
 5287 (vir)     1          13.633          -4.797          -5.522         -15.381           18.696
 5288 (vir)     1          13.634          -3.715          -2.239         -10.498           18.178
 5289 (vir)     1          13.669          -4.749          -5.575         -15.562           18.907
 5290 (vir)     1          13.677          -3.718          -2.238         -10.503           18.224
 5291 (vir)     1          13.680          -3.720          -2.242         -10.542           18.259
 5292 (vir)     1          13.687          -4.448          -5.029         -14.287           18.496
 5293 (vir)     1          13.698          -4.566          -5.437         -15.230           18.925
 5294 (vir)     1          13.702          -3.756          -3.999         -11.995           17.942
 5295 (vir)     1          13.704          -3.422          -3.620         -11.062           17.724
 5296 (vir)     1          13.705          -3.506          -3.623         -11.152           17.728
 5297 (vir)     1          13.722          -3.725          -2.237         -10.508           18.268
 5298 (vir)     1          13.736          -4.876          -5.776         -16.167           19.252
 5299 (vir)     1          13.744          -3.741          -4.042         -12.115           18.077
 5300 (vir)     1          13.749          -3.551          -3.689         -11.360           17.869
 5301 (vir)     1          13.758          -3.731          -2.240         -10.549           18.337
 5302 (vir)     1          13.768          -3.730          -2.236         -10.513           18.315
 5303 (vir)     1          13.772          -3.561          -3.690         -11.372           17.893
 5304 (vir)     1          13.776          -4.897          -5.828         -16.381           19.432
 5305 (vir)     1          13.782          -4.437          -5.214         -14.771           18.901
 5306 (vir)     1          13.790          -4.734          -5.643         -15.919           19.332
 5307 (vir)     1          13.816          -3.737          -2.235         -10.518           18.362
 5308 (vir)     1          13.819          -3.747          -4.062         -12.285           18.295
 5309 (vir)     1          13.824          -4.293          -5.009         -14.338           18.860
 5310 (vir)     1          13.830          -4.954          -5.827         -16.369           19.419
 5311 (vir)     1          13.838          -3.742          -2.238         -10.557           18.415
 5312 (vir)     1          13.843          -4.927          -5.755         -16.185           19.346
 5313 (vir)     1          13.844          -4.434          -5.064         -14.576           18.922
 5314 (vir)     1          13.864          -3.743          -2.234         -10.523           18.411
 5315 (vir)     1          13.864          -3.619          -3.706         -11.493           18.033
 5316 (vir)     1          13.871          -4.105          -4.632         -13.539           18.673
 5317 (vir)     1          13.889          -4.357          -5.095         -14.662           19.100
 5318 (vir)     1          13.898          -4.906          -5.712         -16.131           19.411
 5319 (vir)     1          13.898          -3.278          -3.355         -10.508           17.774
 5320 (vir)     1          13.903          -4.518          -5.288         -15.015           19.112
 5321 (vir)     1          13.914          -3.747          -2.233         -10.529           18.462
 5322 (vir)     1          13.919          -3.752          -2.236         -10.565           18.496
 5323 (vir)     1          13.925          -3.639          -3.744         -11.609           18.151
 5324 (vir)     1          13.937          -4.485          -5.104         -14.709           19.056
 5325 (vir)     1          13.951          -4.871          -5.612         -15.907           19.375
 5326 (vir)     1          13.961          -4.268          -4.774         -13.919           18.838
 5327 (vir)     1          13.966          -3.753          -2.232         -10.534           18.515
 5328 (vir)     1          13.966          -4.903          -5.610         -15.937           19.391
 5329 (vir)     1          13.972          -3.729          -3.783         -11.754           18.213
 5330 (vir)     1          13.974          -4.509          -5.166         -14.778           19.075
 5331 (vir)     1          13.993          -4.506          -5.169         -14.857           19.175
 5332 (vir)     1          14.001          -3.762          -2.234         -10.573           18.578
 5333 (vir)     1          14.018          -3.761          -2.230         -10.539           18.565
 5334 (vir)     1          14.023          -4.507          -5.154         -14.789           19.150
 5335 (vir)     1          14.029          -4.421          -4.974         -14.409           19.043
 5336 (vir)     1          14.030          -4.575          -5.122         -14.849           19.183
 5337 (vir)     1          14.038          -4.340          -4.797         -14.062           18.964
 5338 (vir)     1          14.048          -4.759          -5.396         -15.455           19.348
 5339 (vir)     1          14.054          -3.981          -4.247         -12.800           18.627
 5340 (vir)     1          14.060          -3.816          -3.916         -12.140           18.468
 5341 (vir)     1          14.066          -4.587          -5.211         -14.959           19.227
 5342 (vir)     1          14.069          -4.552          -5.142         -14.810           19.184
 5343 (vir)     1          14.073          -3.768          -2.229         -10.544           18.620
 5344 (vir)     1          14.084          -3.773          -2.231         -10.581           18.660
 5345 (vir)     1          14.093          -3.219          -3.236         -10.309           17.947
 5346 (vir)     1          14.097          -4.697          -5.219         -15.126           19.307
 5347 (vir)     1          14.099          -4.486          -5.028         -14.578           19.163
 5348 (vir)     1          14.128          -3.773          -2.227         -10.549           18.676
 5349 (vir)     1          14.132          -4.276          -4.551         -13.567           18.872
 5350 (vir)     1          14.155          -4.554          -5.074         -14.784           19.311
 5351 (vir)     1          14.155          -4.997          -5.632         -16.098           19.624
 5352 (vir)     1          14.165          -4.226          -4.475         -13.484           18.949
 5353 (vir)     1          14.169          -3.783          -2.229         -10.589           18.745
 5354 (vir)     1          14.180          -3.913          -4.085         -12.495           18.676
 5355 (vir)     1          14.185          -3.782          -2.226         -10.554           18.731
 5356 (vir)     1          14.193          -3.991          -4.161         -12.693           18.734
 5357 (vir)     1          14.208          -4.609          -5.084         -14.887           19.403
 5358 (vir)     1          14.232          -4.138          -4.246         -13.035           18.884
 5359 (vir)     1          14.234          -5.143          -6.231         -16.858           19.718
 5360 (vir)     1          14.237          -4.306          -4.722         -13.899           19.108
 5361 (vir)     1          14.243          -3.789          -2.224         -10.560           18.790
 5362 (vir)     1          14.254          -3.793          -2.227         -10.597           18.831
 5363 (vir)     1          14.256          -3.017          -2.912          -9.577           17.903
 5364 (vir)     1          14.256          -4.579          -5.005         -14.768           19.440
 5365 (vir)     1          14.257          -5.044          -5.692         -16.208           19.729
 5366 (vir)     1          14.260          -5.104          -6.183         -16.766           19.739
 5367 (vir)     1          14.284          -4.250          -4.341         -13.319           19.013
 5368 (vir)     1          14.284          -4.248          -4.613         -13.673           19.095
 5369 (vir)     1          14.295          -4.560          -4.881         -14.519           19.372
 5370 (vir)     1          14.302          -5.040          -6.066         -16.613           19.810
 5371 (vir)     1          14.302          -3.796          -2.222         -10.565           18.849
 5372 (vir)     1          14.318          -4.423          -4.542         -13.816           19.169
 5373 (vir)     1          14.318          -4.362          -4.543         -13.746           19.159
 5374 (vir)     1          14.323          -4.060          -4.321         -13.113           19.055
 5375 (vir)     1          14.337          -3.753          -3.879         -12.105           18.810
 5376 (vir)     1          14.338          -5.024          -5.814         -16.254           19.754
 5377 (vir)     1          14.341          -3.804          -2.224         -10.605           18.917
 5378 (vir)     1          14.363          -3.806          -2.220         -10.571           18.908
 5379 (vir)     1          14.366          -4.153          -4.461         -13.286           19.038
 5380 (vir)     1          14.370          -5.054          -5.690         -16.182           19.808
 5381 (vir)     1          14.386          -4.156          -4.563         -13.424           19.091
 5382 (vir)     1          14.402          -4.121          -4.366         -13.089           19.005
 5383 (vir)     1          14.411          -4.060          -4.475         -13.184           19.059
 5384 (vir)     1          14.425          -3.813          -2.218         -10.577           18.970
 5385 (vir)     1          14.428          -3.815          -2.222         -10.613           19.004
 5386 (vir)     1          14.432          -4.114          -4.329         -13.074           19.064
 5387 (vir)     1          14.435          -4.248          -5.001         -14.495           19.681
 5388 (vir)     1          14.446          -3.972          -4.135         -12.867           19.207
 5389 (vir)     1          14.448          -4.140          -4.380         -13.393           19.321
 5390 (vir)     1          14.459          -5.059          -5.587         -16.077           19.889
 5391 (vir)     1          14.468          -4.005          -4.180         -12.782           19.066
 5392 (vir)     1          14.475          -3.733          -3.841         -12.088           18.989
 5393 (vir)     1          14.484          -3.813          -4.536         -13.472           19.607
 5394 (vir)     1          14.488          -3.822          -2.217         -10.583           19.034
 5395 (vir)     1          14.492          -3.887          -3.982         -12.385           19.008
 5396 (vir)     1          14.500          -4.653          -5.220         -14.944           19.571
 5397 (vir)     1          14.500          -4.038          -4.165         -12.734           19.031
 5398 (vir)     1          14.510          -4.100          -4.245         -12.967           19.133
 5399 (vir)     1          14.511          -4.544          -4.844         -14.449           19.572
 5400 (vir)     1          14.513          -4.534          -4.808         -14.365           19.535
 5401 (vir)     1          14.514          -4.481          -4.746         -14.214           19.501
 5402 (vir)     1          14.515          -4.218          -4.384         -13.315           19.228
 5403 (vir)     1          14.515          -4.411          -4.637         -13.949           19.417
 5404 (vir)     1          14.516          -4.332          -4.533         -13.695           19.345
 5405 (vir)     1          14.517          -3.828          -2.220         -10.621           19.090
 5406 (vir)     1          14.521          -4.348          -4.519         -13.660           19.313
 5407 (vir)     1          14.522          -4.304          -4.468         -13.546           19.297
 5408 (vir)     1          14.544          -4.907          -5.292         -15.510           19.854
 5409 (vir)     1          14.552          -3.833          -2.215         -10.591           19.095
 5410 (vir)     1          14.565          -4.876          -5.449         -15.513           19.753
 5411 (vir)     1          14.582          -3.549          -3.618         -11.339           18.755
 5412 (vir)     1          14.597          -3.532          -3.484         -11.516           19.098
 5413 (vir)     1          14.606          -3.840          -2.217         -10.629           19.178
 5414 (vir)     1          14.617          -3.843          -2.213         -10.599           19.160
 5415 (vir)     1          14.628          -4.907          -5.204         -15.420           19.938
 5416 (vir)     1          14.628          -4.784          -5.265         -15.168           19.747
 5417 (vir)     1          14.650          -4.274          -4.562         -13.812           19.625
 5418 (vir)     1          14.653          -4.273          -4.542         -13.784           19.622
 5419 (vir)     1          14.680          -4.603          -4.914         -14.454           19.617
 5420 (vir)     1          14.682          -3.859          -2.213         -10.610           19.221
 5421 (vir)     1          14.697          -3.850          -2.215         -10.637           19.269
 5422 (vir)     1          14.701          -3.627          -3.471         -11.630           19.234
 5423 (vir)     1          14.702          -3.590          -3.645         -11.410           18.877
 5424 (vir)     1          14.704          -4.824          -5.032         -15.080           19.928
 5425 (vir)     1          14.739          -4.802          -5.088         -15.006           19.855
 5426 (vir)     1          14.744          -3.875          -2.213         -10.627           19.282
 5427 (vir)     1          14.768          -4.647          -4.753         -14.442           19.809
 5428 (vir)     1          14.776          -3.714          -3.467         -11.728           19.323
 5429 (vir)     1          14.788          -3.548          -3.465         -11.101           18.877
 5430 (vir)     1          14.789          -3.860          -2.212         -10.645           19.361
 5431 (vir)     1          14.791          -4.685          -4.821         -14.559           19.844
 5432 (vir)     1          14.795          -3.903          -2.217         -10.652           19.328
 5433 (vir)     1          14.798          -4.322          -4.356         -13.542           19.663
 5434 (vir)     1          14.799          -4.360          -4.392         -13.647           19.694
 5435 (vir)     1          14.813          -4.378          -4.347         -13.520           19.608
 5436 (vir)     1          14.818          -4.380          -4.436         -13.762           19.763
 5437 (vir)     1          14.825          -4.324          -4.301         -13.487           19.687
 5438 (vir)     1          14.826          -3.765          -3.491         -11.858           19.428
 5439 (vir)     1          14.829          -3.740          -3.334         -11.437           19.191
 5440 (vir)     1          14.840          -3.947          -3.642         -12.120           19.370
 5441 (vir)     1          14.843          -3.790          -3.475         -11.657           19.235
 5442 (vir)     1          14.845          -4.333          -4.281         -13.463           19.694
 5443 (vir)     1          14.851          -4.541          -4.592         -14.152           19.869
 5444 (vir)     1          14.854          -4.295          -4.197         -13.256           19.618
 5445 (vir)     1          14.861          -3.778          -3.514         -11.947           19.516
 5446 (vir)     1          14.862          -4.405          -4.394         -13.721           19.784
 5447 (vir)     1          14.864          -3.790          -3.517         -11.963           19.520
 5448 (vir)     1          14.873          -3.798          -3.375         -11.555           19.256
 5449 (vir)     1          14.877          -4.039          -3.900         -12.520           19.457
 5450 (vir)     1          14.881          -4.030          -3.871         -12.465           19.446
 5451 (vir)     1          14.882          -3.874          -2.209         -10.653           19.451
 5452 (vir)     1          14.884          -4.912          -5.017         -15.326           20.280
 5453 (vir)     1          14.884          -4.909          -5.017         -15.326           20.284
 5454 (vir)     1          14.889          -3.753          -3.424         -11.519           19.231
 5455 (vir)     1          14.894          -4.363          -4.289         -13.558           19.800
 5456 (vir)     1          14.894          -4.867          -4.965         -15.193           20.255
 5457 (vir)     1          14.894          -4.867          -4.960         -15.187           20.254
 5458 (vir)     1          14.901          -4.297          -4.189         -13.317           19.731
 5459 (vir)     1          14.906          -4.293          -4.124         -13.253           19.741
 5460 (vir)     1          14.909          -4.813          -4.889         -15.002           20.208
 5461 (vir)     1          14.910          -4.805          -4.878         -14.987           20.214
 5462 (vir)     1          14.911          -4.835          -4.978         -15.109           20.208
 5463 (vir)     1          14.916          -3.470          -3.473         -11.048           19.022
 5464 (vir)     1          14.919          -4.337          -4.173         -13.385           19.794
 5465 (vir)     1          14.923          -4.678          -4.744         -14.562           20.063
 5466 (vir)     1          14.924          -4.321          -4.187         -13.376           19.791
 5467 (vir)     1          14.928          -4.742          -4.795         -14.759           20.151
 5468 (vir)     1          14.929          -4.737          -4.781         -14.753           20.165
 5469 (vir)     1          14.932          -4.752          -4.817         -14.733           20.096
 5470 (vir)     1          14.933          -4.090          -3.773         -12.529           19.598
 5471 (vir)     1          14.941          -4.428          -4.337         -13.720           19.895
 5472 (vir)     1          14.943          -4.797          -4.864         -14.904           20.186
 5473 (vir)     1          14.945          -4.187          -3.922         -12.856           19.692
 5474 (vir)     1          14.950          -4.265          -4.053         -13.133           19.765
 5475 (vir)     1          14.951          -4.659          -4.685         -14.478           20.084
 5476 (vir)     1          14.951          -4.231          -3.989         -13.005           19.737
 5477 (vir)     1          14.952          -4.664          -4.677         -14.502           20.113
 5478 (vir)     1          14.957          -4.684          -4.689         -14.470           20.054
 5479 (vir)     1          14.958          -4.475          -4.388         -13.839           19.934
 5480 (vir)     1          14.960          -3.833          -2.185         -10.554           19.495
 5481 (vir)     1          14.972          -4.679          -4.681         -14.502           20.113
 5482 (vir)     1          14.975          -4.569          -4.565         -14.173           20.013
 5483 (vir)     1          14.975          -3.884          -2.207         -10.661           19.545
 5484 (vir)     1          14.977          -4.584          -4.567         -14.231           20.057
 5485 (vir)     1          14.979          -4.651          -4.617         -14.338           20.049
 5486 (vir)     1          14.986          -4.559          -4.483         -14.050           19.994
 5487 (vir)     1          14.999          -4.688          -4.657         -14.453           20.107
 5488 (vir)     1          14.999          -4.481          -4.444         -13.870           19.944
 5489 (vir)     1          15.002          -4.495          -4.440         -13.905           19.973
 5490 (vir)     1          15.005          -4.398          -4.253         -13.583           19.937
 5491 (vir)     1          15.006          -4.535          -4.433         -13.945           19.983
 5492 (vir)     1          15.013          -3.846          -2.186         -10.569           19.551
 5493 (vir)     1          15.014          -4.588          -4.500         -14.106           20.033
 5494 (vir)     1          15.021          -4.539          -4.432         -13.961           20.012
 5495 (vir)     1          15.023          -4.407          -4.340         -13.628           19.903
 5496 (vir)     1          15.027          -4.358          -4.269         -13.438           19.838
 5497 (vir)     1          15.027          -4.460          -4.308         -13.677           19.936
 5498 (vir)     1          15.029          -4.491          -4.354         -13.798           19.982
 5499 (vir)     1          15.034          -4.434          -4.263         -13.604           19.941
 5500 (vir)     1          15.034          -4.406          -4.228         -13.532           19.933
 5501 (vir)     1          15.036          -4.366          -4.157         -13.386           19.899
 5502 (vir)     1          15.037          -4.370          -4.166         -13.403           19.903
 5503 (vir)     1          15.037          -4.387          -4.196         -13.473           19.928
 5504 (vir)     1          15.045          -4.371          -4.277         -13.514           19.910
 5505 (vir)     1          15.045          -4.388          -4.206         -13.486           19.938
 5506 (vir)     1          15.047          -4.187          -4.065         -12.870           19.665
 5507 (vir)     1          15.054          -4.392          -4.196         -13.439           19.905
 5508 (vir)     1          15.062          -4.091          -3.945         -12.556           19.582
 5509 (vir)     1          15.066          -4.173          -4.025         -12.822           19.689
 5510 (vir)     1          15.069          -4.378          -4.173         -13.390           19.908
 5511 (vir)     1          15.070          -3.895          -2.204         -10.668           19.639
 5512 (vir)     1          15.072          -4.401          -4.198         -13.531           20.005
 5513 (vir)     1          15.074          -3.939          -3.752         -12.029           19.412
 5514 (vir)     1          15.075          -4.291          -4.164         -13.252           19.873
 5515 (vir)     1          15.080          -3.861          -2.185         -10.582           19.616
 5516 (vir)     1          15.084          -4.376          -4.165         -13.390           19.934
 5517 (vir)     1          15.094          -4.387          -4.164         -13.413           19.956
 5518 (vir)     1          15.097          -4.534          -4.418         -14.053           20.199
 5519 (vir)     1          15.102          -4.402          -4.190         -13.531           20.042
 5520 (vir)     1          15.108          -4.382          -4.155         -13.381           19.951
 5521 (vir)     1          15.120          -4.385          -4.158         -13.398           19.974
 5522 (vir)     1          15.123          -4.420          -4.188         -13.571           20.086
 5523 (vir)     1          15.124          -4.543          -4.415         -14.070           20.237
 5524 (vir)     1          15.132          -4.392          -4.165         -13.429           20.004
 5525 (vir)     1          15.138          -4.291          -4.288         -13.354           19.912
 5526 (vir)     1          15.139          -4.415          -4.163         -13.516           20.077
 5527 (vir)     1          15.139          -4.312          -4.288         -13.365           19.904
 5528 (vir)     1          15.142          -4.405          -4.180         -13.496           20.054
 5529 (vir)     1          15.148          -4.432          -4.328         -13.732           20.120
 5530 (vir)     1          15.149          -4.398          -4.137         -13.427           20.042
 5531 (vir)     1          15.152          -4.426          -4.185         -13.568           20.108
 5532 (vir)     1          15.152          -4.307          -4.297         -13.398           19.946
 5533 (vir)     1          15.153          -3.874          -2.183         -10.593           19.689
 5534 (vir)     1          15.155          -4.404          -4.135         -13.441           20.058
 5535 (vir)     1          15.157          -4.354          -4.354         -13.710           20.159
 5536 (vir)     1          15.159          -4.422          -4.200         -13.590           20.127
 5537 (vir)     1          15.160          -4.415          -4.180         -13.541           20.106
 5538 (vir)     1          15.165          -3.908          -2.201         -10.676           19.733
 5539 (vir)     1          15.170          -4.190          -4.291         -13.586           20.275
 5540 (vir)     1          15.172          -4.328          -4.325         -13.493           20.011
 5541 (vir)     1          15.183          -4.480          -4.342         -13.831           20.192
 5542 (vir)     1          15.194          -4.364          -4.289         -13.620           20.161
 5543 (vir)     1          15.196          -4.340          -4.395         -13.677           20.138
 5544 (vir)     1          15.199          -4.523          -4.240         -13.738           20.173
 5545 (vir)     1          15.201          -4.520          -4.239         -13.734           20.177
 5546 (vir)     1          15.204          -4.467          -4.200         -13.631           20.168
 5547 (vir)     1          15.205          -4.134          -3.945         -12.945           20.071
 5548 (vir)     1          15.205          -4.184          -3.981         -13.042           20.083
 5549 (vir)     1          15.207          -4.476          -4.292         -13.763           20.203
 5550 (vir)     1          15.209          -4.513          -4.238         -13.730           20.188
 5551 (vir)     1          15.216          -4.515          -4.247         -13.745           20.199
 5552 (vir)     1          15.216          -4.452          -4.314         -13.710           20.160
 5553 (vir)     1          15.224          -4.406          -4.408         -13.806           20.217
 5554 (vir)     1          15.224          -4.518          -4.262         -13.772           20.215
 5555 (vir)     1          15.228          -4.483          -4.278         -13.755           20.222
 5556 (vir)     1          15.230          -3.887          -2.181         -10.601           19.763
 5557 (vir)     1          15.235          -4.528          -4.289         -13.820           20.238
 5558 (vir)     1          15.238          -4.521          -4.423         -13.917           20.211
 5559 (vir)     1          15.243          -4.498          -4.279         -13.774           20.240
 5560 (vir)     1          15.244          -4.485          -4.291         -13.747           20.215
 5561 (vir)     1          15.248          -4.545          -4.328         -13.891           20.267
 5562 (vir)     1          15.253          -4.520          -4.288         -13.811           20.256
 5563 (vir)     1          15.254          -4.517          -4.290         -13.798           20.245
 5564 (vir)     1          15.262          -3.916          -2.198         -10.683           19.831
 5565 (vir)     1          15.263          -4.568          -4.372         -13.978           20.301
 5566 (vir)     1          15.265          -4.544          -4.615         -14.192           20.297
 5567 (vir)     1          15.278          -4.591          -4.415         -14.064           20.336
 5568 (vir)     1          15.292          -4.609          -4.447         -14.127           20.364
 5569 (vir)     1          15.296          -4.586          -4.635         -14.245           20.320
 5570 (vir)     1          15.304          -4.617          -4.460         -14.154           20.381
 5571 (vir)     1          15.309          -3.900          -2.179         -10.608           19.838
 5572 (vir)     1          15.312          -4.546          -4.362         -13.838           20.242
 5573 (vir)     1          15.312          -4.543          -4.359         -13.827           20.237
 5574 (vir)     1          15.312          -4.610          -4.445         -14.113           20.371
 5575 (vir)     1          15.314          -4.545          -4.355         -13.838           20.252
 5576 (vir)     1          15.314          -4.547          -4.360         -13.849           20.256
 5577 (vir)     1          15.315          -4.547          -4.355         -13.850           20.264
 5578 (vir)     1          15.316          -4.548          -4.355         -13.854           20.267
 5579 (vir)     1          15.317          -4.584          -4.406         -14.006           20.333
 5580 (vir)     1          15.317          -4.553          -4.358         -13.882           20.289
 5581 (vir)     1          15.318          -4.571          -4.382         -13.954           20.318
 5582 (vir)     1          15.319          -4.569          -4.379         -13.944           20.314
 5583 (vir)     1          15.319          -4.580          -4.391         -13.992           20.340
 5584 (vir)     1          15.319          -4.568          -4.385         -13.935           20.301
 5585 (vir)     1          15.321          -4.546          -4.369         -13.849           20.255
 5586 (vir)     1          15.326          -4.519          -4.352         -13.734           20.188
 5587 (vir)     1          15.326          -4.624          -4.595         -14.200           20.306
 5588 (vir)     1          15.329          -4.552          -4.426         -14.064           20.415
 5589 (vir)     1          15.329          -4.550          -4.425         -14.059           20.413
 5590 (vir)     1          15.333          -4.495          -4.336         -13.641           20.143
 5591 (vir)     1          15.343          -4.481          -4.321         -13.576           20.117
 5592 (vir)     1          15.349          -4.576          -4.523         -14.092           20.342
 5593 (vir)     1          15.356          -4.469          -4.306         -13.522           20.103
 5594 (vir)     1          15.359          -3.929          -2.195         -10.690           19.924
 5595 (vir)     1          15.365          -4.580          -4.434         -13.949           20.300
 5596 (vir)     1          15.372          -4.461          -4.292         -13.478           20.097
 5597 (vir)     1          15.372          -4.547          -4.347         -13.803           20.281
 5598 (vir)     1          15.374          -4.516          -4.289         -13.701           20.270
 5599 (vir)     1          15.375          -4.507          -4.278         -13.676           20.266
 5600 (vir)     1          15.378          -3.872          -2.113         -10.411           19.804
 5601 (vir)     1          15.379          -3.871          -2.113         -10.412           19.807
 5602 (vir)     1          15.380          -4.511          -4.290         -13.691           20.270
 5603 (vir)     1          15.381          -3.876          -2.114         -10.413           19.804
 5604 (vir)     1          15.384          -3.865          -2.114         -10.414           19.818
 5605 (vir)     1          15.387          -3.863          -2.114         -10.416           19.826
 5606 (vir)     1          15.389          -4.455          -4.280         -13.443           20.097
 5607 (vir)     1          15.389          -3.908          -2.176         -10.614           19.920
 5608 (vir)     1          15.390          -3.875          -2.115         -10.418           19.819
 5609 (vir)     1          15.391          -4.518          -4.312         -13.721           20.282
 5610 (vir)     1          15.394          -3.873          -2.116         -10.420           19.825
 5611 (vir)     1          15.399          -3.871          -2.116         -10.423           19.835
 5612 (vir)     1          15.404          -3.872          -2.117         -10.426           19.841
 5613 (vir)     1          15.407          -4.452          -4.270         -13.416           20.101
 5614 (vir)     1          15.409          -4.537          -4.351         -13.782           20.304
 5615 (vir)     1          15.410          -3.872          -2.118         -10.429           19.849
 5616 (vir)     1          15.417          -3.881          -2.119         -10.433           19.849
 5617 (vir)     1          15.424          -3.879          -2.120         -10.437           19.861
 5618 (vir)     1          15.427          -4.445          -4.260         -13.394           20.115
 5619 (vir)     1          15.431          -3.877          -2.122         -10.442           19.874
 5620 (vir)     1          15.437          -4.567          -4.409         -13.883           20.344
 5621 (vir)     1          15.440          -3.882          -2.123         -10.446           19.880
 5622 (vir)     1          15.447          -4.446          -4.252         -13.376           20.124
 5623 (vir)     1          15.448          -3.883          -2.127         -10.461           19.900
 5624 (vir)     1          15.457          -3.943          -2.187         -10.678           20.005
 5625 (vir)     1          15.458          -3.874          -2.126         -10.456           19.914
 5626 (vir)     1          15.467          -4.444          -4.245         -13.361           20.139
 5627 (vir)     1          15.469          -3.894          -2.129         -10.468           19.914
 5628 (vir)     1          15.472          -3.918          -2.173         -10.620           20.001
 5629 (vir)     1          15.476          -4.602          -4.479         -14.021           20.416
 5630 (vir)     1          15.480          -3.878          -2.129         -10.467           19.941
 5631 (vir)     1          15.488          -4.446          -4.239         -13.349           20.152
 5632 (vir)     1          15.492          -3.895          -2.131         -10.474           19.941
 5633 (vir)     1          15.504          -3.899          -2.132         -10.480           19.953
 5634 (vir)     1          15.509          -4.449          -4.232         -13.338           20.166
 5635 (vir)     1          15.518          -3.905          -2.134         -10.486           19.965
 5636 (vir)     1          15.518          -4.593          -4.497         -14.086           20.513
 5637 (vir)     1          15.530          -4.448          -4.226         -13.328           20.184
 5638 (vir)     1          15.531          -3.905          -2.136         -10.495           19.985
 5639 (vir)     1          15.544          -4.455          -4.371         -13.850           20.567
 5640 (vir)     1          15.547          -3.900          -2.137         -10.500           20.010
 5641 (vir)     1          15.551          -4.448          -4.220         -13.317           20.200
 5642 (vir)     1          15.555          -3.954          -2.183         -10.677           20.095
 5643 (vir)     1          15.556          -3.932          -2.170         -10.626           20.081
 5644 (vir)     1          15.563          -3.931          -2.145         -10.530           20.018
 5645 (vir)     1          15.565          -4.431          -4.352         -13.787           20.569
 5646 (vir)     1          15.571          -4.449          -4.213         -13.305           20.214
 5647 (vir)     1          15.579          -3.927          -2.141         -10.515           20.026
 5648 (vir)     1          15.591          -4.443          -4.205         -13.291           20.234
 5649 (vir)     1          15.596          -3.929          -2.143         -10.523           20.047
 5650 (vir)     1          15.603          -4.558          -4.484         -14.055           20.616
 5651 (vir)     1          15.610          -4.440          -4.196         -13.275           20.248
 5652 (vir)     1          15.614          -3.927          -2.145         -10.530           20.073
 5653 (vir)     1          15.628          -4.438          -4.187         -13.256           20.259
 5654 (vir)     1          15.634          -3.942          -2.147         -10.538           20.083
 5655 (vir)     1          15.642          -3.941          -2.166         -10.631           20.165
 5656 (vir)     1          15.643          -4.566          -4.479         -14.078           20.676
 5657 (vir)     1          15.646          -4.437          -4.177         -13.236           20.267
 5658 (vir)     1          15.652          -3.953          -2.168         -10.627           20.158
 5659 (vir)     1          15.655          -3.943          -2.170         -10.625           20.168
 5660 (vir)     1          15.662          -4.422          -4.167         -13.216           20.290
 5661 (vir)     1          15.670          -4.595          -4.524         -14.163           20.715
 5662 (vir)     1          15.674          -3.944          -2.152         -10.557           20.135
 5663 (vir)     1          15.678          -4.425          -4.160         -13.208           20.301
 5664 (vir)     1          15.681          -3.957          -3.583         -12.133           20.274
 5665 (vir)     1          15.681          -3.973          -3.617         -12.206           20.297
 5666 (vir)     1          15.689          -3.987          -3.624         -12.235           20.312
 5667 (vir)     1          15.692          -4.431          -4.151         -13.239           20.349
 5668 (vir)     1          15.693          -4.053          -3.701         -12.416           20.355
 5669 (vir)     1          15.698          -4.679          -4.649         -14.403           20.772
 5670 (vir)     1          15.698          -3.969          -2.149         -10.563           20.142
 5671 (vir)     1          15.699          -4.357          -4.109         -13.258           20.492
 5672 (vir)     1          15.702          -4.024          -3.659         -12.328           20.347
 5673 (vir)     1          15.703          -4.351          -4.096         -13.207           20.463
 5674 (vir)     1          15.709          -4.266          -3.987         -13.047           20.503
 5675 (vir)     1          15.713          -4.438          -4.158         -13.261           20.377
 5676 (vir)     1          15.717          -3.939          -2.156         -10.578           20.200
 5677 (vir)     1          15.719          -4.162          -3.846         -12.745           20.457
 5678 (vir)     1          15.721          -4.588          -4.361         -13.845           20.616
 5679 (vir)     1          15.722          -4.105          -3.725         -12.521           20.414
 5680 (vir)     1          15.723          -4.616          -4.408         -13.977           20.677
 5681 (vir)     1          15.727          -4.584          -4.343         -13.820           20.620
 5682 (vir)     1          15.729          -4.589          -4.347         -13.841           20.633
 5683 (vir)     1          15.729          -3.951          -2.163         -10.636           20.252
 5684 (vir)     1          15.731          -4.516          -4.192         -13.495           20.518
 5685 (vir)     1          15.731          -4.509          -4.176         -13.462           20.507
 5686 (vir)     1          15.732          -4.509          -4.173         -13.457           20.506
 5687 (vir)     1          15.732          -4.524          -4.209         -13.536           20.535
 5688 (vir)     1          15.733          -4.505          -4.169         -13.444           20.503
 5689 (vir)     1          15.737          -4.587          -4.353         -13.835           20.632
 5690 (vir)     1          15.737          -4.136          -3.774         -12.623           20.451
 5691 (vir)     1          15.738          -4.147          -3.759         -12.620           20.451
 5692 (vir)     1          15.739          -4.531          -4.352         -13.734           20.591
 5693 (vir)     1          15.745          -3.989          -2.154         -10.582           20.185
 5694 (vir)     1          15.747          -4.543          -4.347         -13.826           20.684
 5695 (vir)     1          15.754          -4.169          -3.776         -12.677           20.485
 5696 (vir)     1          15.755          -3.999          -2.174         -10.680           20.263
 5697 (vir)     1          15.759          -4.223          -3.876         -12.873           20.533
 5698 (vir)     1          15.760          -4.312          -4.305         -13.549           20.691
 5699 (vir)     1          15.764          -4.472          -4.229         -13.601           20.665
 5700 (vir)     1          15.769          -4.205          -3.810         -12.764           20.519
 5701 (vir)     1          15.773          -4.015          -2.159         -10.615           20.214
 5702 (vir)     1          15.777          -4.247          -3.862         -12.890           20.558
 5703 (vir)     1          15.784          -4.384          -4.241         -13.437           20.595
 5704 (vir)     1          15.785          -4.244          -3.853         -12.866           20.554
 5705 (vir)     1          15.792          -4.347          -3.974         -13.165           20.635
 5706 (vir)     1          15.794          -4.861          -4.636         -14.612           20.910
 5707 (vir)     1          15.795          -4.460          -4.150         -13.408           20.593
 5708 (vir)     1          15.795          -4.825          -4.577         -14.486           20.880
 5709 (vir)     1          15.795          -4.000          -2.158         -10.599           20.237
 5710 (vir)     1          15.804          -4.335          -3.949         -13.122           20.642
 5711 (vir)     1          15.805          -4.327          -3.962         -13.114           20.630
 5712 (vir)     1          15.808          -4.505          -4.101         -13.494           20.696
 5713 (vir)     1          15.809          -4.820          -4.586         -14.502           20.905
 5714 (vir)     1          15.813          -4.537          -4.184         -13.651           20.743
 5715 (vir)     1          15.815          -4.416          -4.222         -13.417           20.594
 5716 (vir)     1          15.817          -4.412          -4.046         -13.346           20.705
 5717 (vir)     1          15.818          -3.963          -2.160         -10.641           20.337
 5718 (vir)     1          15.823          -4.012          -2.159         -10.608           20.260
 5719 (vir)     1          15.824          -4.526          -4.207         -13.697           20.789
 5720 (vir)     1          15.830          -4.524          -4.171         -13.605           20.740
 5721 (vir)     1          15.830          -4.601          -4.258         -13.831           20.802
 5722 (vir)     1          15.832          -4.705          -4.453         -14.218           20.892
 5723 (vir)     1          15.835          -4.597          -4.284         -13.869           20.822
 5724 (vir)     1          15.837          -4.407          -4.043         -13.192           20.579
 5725 (vir)     1          15.838          -4.458          -4.112         -13.502           20.770
 5726 (vir)     1          15.844          -4.516          -4.169         -13.644           20.803
 5727 (vir)     1          15.847          -4.020          -2.166         -10.641           20.303
 5728 (vir)     1          15.849          -4.571          -4.233         -13.791           20.836
 5729 (vir)     1          15.851          -4.579          -4.242         -13.771           20.802
 5730 (vir)     1          15.855          -4.671          -4.402         -14.143           20.925
 5731 (vir)     1          15.856          -4.401          -4.215         -13.428           20.668
 5732 (vir)     1          15.859          -4.782          -4.541         -14.425           20.961
 5733 (vir)     1          15.861          -4.557          -4.185         -13.667           20.786
 5734 (vir)     1          15.862          -4.576          -4.219         -13.759           20.826
 5735 (vir)     1          15.863          -4.018          -2.172         -10.695           20.368
 5736 (vir)     1          15.869          -4.632          -4.341         -14.042           20.938
 5737 (vir)     1          15.871          -4.567          -4.188         -13.696           20.812
 5738 (vir)     1          15.871          -4.548          -4.147         -13.602           20.778
 5739 (vir)     1          15.877          -4.872          -4.694         -14.734           21.045
 5740 (vir)     1          15.880          -4.024          -2.162         -10.625           20.319
 5741 (vir)     1          15.885          -4.720          -4.474         -14.359           21.050
 5742 (vir)     1          15.888          -4.334          -3.913         -12.936           20.576
 5743 (vir)     1          15.891          -4.919          -4.736         -14.850           21.087
 5744 (vir)     1          15.903          -4.800          -4.581         -14.614           21.136
 5745 (vir)     1          15.906          -4.965          -4.848         -15.057           21.151
 5746 (vir)     1          15.907          -4.265          -4.186         -13.396           20.851
 5747 (vir)     1          15.908          -3.973          -2.156         -10.646           20.426
 5748 (vir)     1          15.912          -4.035          -2.164         -10.635           20.348
 5749 (vir)     1          15.924          -4.962          -4.780         -15.006           21.187
 5750 (vir)     1          15.926          -4.940          -4.753         -14.984           21.217
 5751 (vir)     1          15.931          -4.960          -4.839         -15.045           21.178
 5752 (vir)     1          15.940          -4.043          -2.166         -10.651           20.382
 5753 (vir)     1          15.947          -4.326          -3.879         -12.882           20.624
 5754 (vir)     1          15.950          -5.670          -5.953         -17.258           21.586
 5755 (vir)     1          15.951          -5.088          -4.935         -15.353           21.281
 5756 (vir)     1          15.951          -5.610          -5.852         -17.064           21.553
 5757 (vir)     1          15.951          -4.988          -4.857         -15.104           21.210
 5758 (vir)     1          15.953          -5.010          -4.843         -15.220           21.320
 5759 (vir)     1          15.962          -4.030          -2.173         -10.720           20.480
 5760 (vir)     1          15.965          -4.366          -4.155         -13.360           20.804
 5761 (vir)     1          15.966          -5.107          -4.983         -15.413           21.289
 5762 (vir)     1          15.967          -5.209          -5.092         -15.683           21.350
 5763 (vir)     1          15.973          -5.661          -5.906         -17.226           21.632
 5764 (vir)     1          15.973          -5.674          -5.958         -17.265           21.606
 5765 (vir)     1          15.975          -4.058          -2.167         -10.653           20.404
 5766 (vir)     1          15.984          -5.047          -4.883         -15.364           21.417
 5767 (vir)     1          15.990          -4.512          -4.286         -13.814           21.006
 5768 (vir)     1          15.990          -4.522          -4.295         -13.834           21.007
 5769 (vir)     1          16.000          -3.980          -2.152         -10.651           20.518
 5770 (vir)     1          16.006          -5.682          -5.902         -17.288           21.710
 5771 (vir)     1          16.008          -5.666          -5.940         -17.227           21.629
 5772 (vir)     1          16.010          -4.074          -2.168         -10.664           20.432
 5773 (vir)     1          16.013          -4.207          -3.680         -12.483           20.608
 5774 (vir)     1          16.020          -5.153          -5.005         -15.678           21.540
 5775 (vir)     1          16.029          -4.271          -4.048         -13.164           20.873
 5776 (vir)     1          16.042          -4.077          -2.170         -10.678           20.473
 5777 (vir)     1          16.048          -5.689          -5.868         -17.295           21.787
 5778 (vir)     1          16.054          -5.674          -5.938         -17.228           21.670
 5779 (vir)     1          16.060          -5.238          -5.089         -15.915           21.647
 5780 (vir)     1          16.065          -4.043          -2.171         -10.730           20.581
 5781 (vir)     1          16.080          -4.096          -2.170         -10.682           20.496
 5782 (vir)     1          16.082          -4.210          -3.646         -12.442           20.667
 5783 (vir)     1          16.092          -3.990          -2.149         -10.656           20.609
 5784 (vir)     1          16.094          -4.224          -3.959         -13.006           20.917
 5785 (vir)     1          16.097          -5.638          -5.744         -17.105           21.819
 5786 (vir)     1          16.103          -5.312          -5.157         -16.124           21.758
 5787 (vir)     1          16.110          -5.659          -5.887         -17.143           21.707
 5788 (vir)     1          16.118          -4.101          -2.172         -10.693           20.539
 5789 (vir)     1          16.145          -5.479          -5.474         -16.560           21.751
 5790 (vir)     1          16.146          -5.383          -5.204         -16.300           21.859
 5791 (vir)     1          16.152          -4.094          -2.172         -10.711           20.596
 5792 (vir)     1          16.154          -4.341          -3.803         -12.841           20.850
 5793 (vir)     1          16.155          -4.248          -3.794         -12.683           20.796
 5794 (vir)     1          16.169          -4.078          -2.169         -10.734           20.657
 5795 (vir)     1          16.172          -5.691          -5.883         -17.192           21.791
 5796 (vir)     1          16.185          -5.441          -5.230         -16.441           21.956
 5797 (vir)     1          16.187          -4.004          -2.145         -10.660           20.698
 5798 (vir)     1          16.195          -4.122          -2.174         -10.713           20.612
 5799 (vir)     1          16.197          -5.705          -5.763         -17.252           21.982
 5800 (vir)     1          16.199          -4.159          -3.628         -12.353           20.765
 5801 (vir)     1          16.220          -4.099          -3.442         -12.061           20.740
 5802 (vir)     1          16.221          -5.404          -5.178         -16.381           22.019
 5803 (vir)     1          16.225          -5.447          -5.201         -16.465           22.042
 5804 (vir)     1          16.234          -5.726          -5.793         -17.268           21.984
 5805 (vir)     1          16.237          -4.142          -2.176         -10.724           20.642
 5806 (vir)     1          16.249          -5.723          -5.852         -17.281           21.955
 5807 (vir)     1          16.264          -4.087          -2.168         -10.744           20.752
 5808 (vir)     1          16.279          -4.089          -3.409         -12.008           20.788
 5809 (vir)     1          16.279          -5.734          -5.688         -17.266           22.123
 5810 (vir)     1          16.282          -4.009          -2.141         -10.665           20.796
 5811 (vir)     1          16.282          -4.132          -2.174         -10.739           20.716
 5812 (vir)     1          16.311          -5.731          -5.647         -17.230           22.163
 5813 (vir)     1          16.316          -5.702          -5.841         -17.145           21.918
 5814 (vir)     1          16.319          -4.155          -2.178         -10.746           20.732
 5815 (vir)     1          16.330          -4.672          -4.207         -13.868           21.319
 5816 (vir)     1          16.331          -5.172          -4.871         -15.448           21.736
 5817 (vir)     1          16.364          -4.166          -2.180         -10.758           20.775
 5818 (vir)     1          16.370          -4.091          -2.163         -10.754           20.871
 5819 (vir)     1          16.372          -4.152          -3.491         -12.206           20.934
 5820 (vir)     1          16.378          -4.024          -2.138         -10.669           20.887
 5821 (vir)     1          16.389          -5.656          -5.737         -16.951           21.947
 5822 (vir)     1          16.405          -4.140          -3.467         -12.162           20.961
 5823 (vir)     1          16.409          -4.175          -2.181         -10.770           20.824
 5824 (vir)     1          16.432          -4.173          -3.497         -12.233           20.995
 5825 (vir)     1          16.436          -3.707          -3.114         -10.934           20.549
 5826 (vir)     1          16.436          -3.676          -3.132         -10.987           20.614
 5827 (vir)     1          16.443          -3.672          -3.082         -10.834           20.523
 5828 (vir)     1          16.443          -3.693          -3.164         -11.067           20.654
 5829 (vir)     1          16.449          -4.159          -2.181         -10.779           20.888
 5830 (vir)     1          16.450          -4.342          -3.763         -12.799           21.145
 5831 (vir)     1          16.456          -3.615          -3.024         -10.652           20.469
 5832 (vir)     1          16.456          -3.741          -3.209         -11.178           20.685
 5833 (vir)     1          16.462          -5.368          -5.258         -15.990           21.826
 5834 (vir)     1          16.468          -4.191          -3.530         -12.316           21.062
 5835 (vir)     1          16.474          -3.791          -3.267         -11.318           20.734
 5836 (vir)     1          16.476          -4.033          -2.134         -10.674           20.983
 5837 (vir)     1          16.476          -4.111          -2.161         -10.764           20.968
 5838 (vir)     1          16.477          -3.559          -2.961         -10.445           20.401
 5839 (vir)     1          16.481          -4.236          -3.595         -12.466           21.115
 5840 (vir)     1          16.490          -4.207          -3.556         -12.388           21.116
 5841 (vir)     1          16.496          -4.197          -2.186         -10.797           20.910
 5842 (vir)     1          16.497          -5.060          -4.895         -15.167           21.709
 5843 (vir)     1          16.499          -4.210          -3.554         -12.394           21.129
 5844 (vir)     1          16.501          -4.121          -3.682         -12.307           21.006
 5845 (vir)     1          16.505          -4.240          -3.585         -12.469           21.149
 5846 (vir)     1          16.506          -3.831          -3.337         -11.312           20.650
 5847 (vir)     1          16.510          -4.910          -4.665         -14.647           21.582
 5848 (vir)     1          16.512          -4.211          -3.549         -12.402           21.154
 5849 (vir)     1          16.516          -4.370          -3.771         -12.883           21.259
 5850 (vir)     1          16.521          -4.811          -4.400         -14.237           21.548
 5851 (vir)     1          16.522          -4.216          -3.547         -12.414           21.174
 5852 (vir)     1          16.523          -5.192          -4.976         -15.478           21.831
 5853 (vir)     1          16.527          -4.247          -3.591         -12.514           21.204
 5854 (vir)     1          16.530          -4.870          -4.565         -14.508           21.603
 5855 (vir)     1          16.531          -4.224          -3.550         -12.435           21.193
 5856 (vir)     1          16.535          -4.234          -3.564         -12.472           21.210
 5857 (vir)     1          16.537          -4.532          -4.144         -13.483           21.344
 5858 (vir)     1          16.537          -4.325          -3.680         -12.736           21.267
 5859 (vir)     1          16.539          -5.086          -4.808         -15.099           21.745
 5860 (vir)     1          16.543          -4.211          -2.189         -10.813           20.956
 5861 (vir)     1          16.545          -4.268          -3.654         -12.646           21.269
 5862 (vir)     1          16.545          -4.302          -3.706         -12.755           21.293
 5863 (vir)     1          16.546          -5.086          -4.799         -15.096           21.757
 5864 (vir)     1          16.546          -3.998          -3.542         -11.828           20.834
 5865 (vir)     1          16.550          -4.835          -4.499         -14.310           21.527
 5866 (vir)     1          16.555          -5.139          -4.868         -15.252           21.800
 5867 (vir)     1          16.559          -5.074          -4.795         -15.064           21.755
 5868 (vir)     1          16.566          -5.121          -4.865         -15.219           21.798
 5869 (vir)     1          16.570          -4.957          -4.670         -14.755           21.698
 5870 (vir)     1          16.570          -4.126          -2.165         -10.780           21.059
 5871 (vir)     1          16.575          -4.340          -3.710         -12.811           21.336
 5872 (vir)     1          16.575          -4.040          -2.130         -10.678           21.083
 5873 (vir)     1          16.575          -4.333          -3.692         -12.778           21.329
 5874 (vir)     1          16.580          -4.949          -4.674         -14.702           21.660
 5875 (vir)     1          16.582          -4.810          -4.512         -14.350           21.610
 5876 (vir)     1          16.583          -4.296          -3.643         -12.677           21.321
 5877 (vir)     1          16.584          -4.392          -3.778         -12.968           21.382
 5878 (vir)     1          16.592          -4.220          -2.182         -10.814           21.005
 5879 (vir)     1          16.593          -4.127          -3.701         -12.162           20.927
 5880 (vir)     1          16.593          -4.471          -3.896         -13.214           21.441
 5881 (vir)     1          16.594          -4.266          -3.603         -12.606           21.329
 5882 (vir)     1          16.598          -4.904          -4.633         -14.613           21.675
 5883 (vir)     1          16.603          -4.402          -3.801         -13.014           21.413
 5884 (vir)     1          16.605          -4.258          -3.588         -12.588           21.347
 5885 (vir)     1          16.605          -4.633          -4.304         -13.757           21.426
 5886 (vir)     1          16.613          -4.295          -3.648         -12.709           21.379
 5887 (vir)     1          16.617          -4.267          -3.590         -12.606           21.366
 5888 (vir)     1          16.620          -4.785          -4.498         -14.242           21.580
 5889 (vir)     1          16.624          -4.259          -3.583         -12.592           21.375
 5890 (vir)     1          16.626          -4.938          -4.685         -14.750           21.752
 5891 (vir)     1          16.628          -4.226          -2.194         -10.843           21.050
 5892 (vir)     1          16.629          -4.288          -3.615         -12.674           21.400
 5893 (vir)     1          16.636          -4.253          -3.567         -12.575           21.391
 5894 (vir)     1          16.640          -4.360          -3.712         -12.889           21.457
 5895 (vir)     1          16.640          -4.210          -3.834         -12.459           21.056
 5896 (vir)     1          16.646          -4.263          -3.574         -12.608           21.417
 5897 (vir)     1          16.649          -4.666          -4.157         -13.811           21.638
 5898 (vir)     1          16.654          -4.949          -4.717         -14.809           21.796
 5899 (vir)     1          16.655          -4.790          -4.361         -14.224           21.728
 5900 (vir)     1          16.656          -4.288          -3.601         -12.682           21.449
 5901 (vir)     1          16.657          -4.185          -4.003         -12.958           21.427
 5902 (vir)     1          16.662          -4.421          -3.804         -13.105           21.541
 5903 (vir)     1          16.665          -4.325          -3.646         -12.799           21.493
 5904 (vir)     1          16.669          -4.373          -3.722         -12.965           21.540
 5905 (vir)     1          16.671          -4.236          -2.199         -10.865           21.101
 5906 (vir)     1          16.672          -4.367          -3.697         -12.930           21.537
 5907 (vir)     1          16.673          -4.393          -3.730         -13.008           21.558
 5908 (vir)     1          16.674          -4.050          -2.127         -10.683           21.180
 5909 (vir)     1          16.677          -4.143          -2.157         -10.781           21.158
 5910 (vir)     1          16.679          -3.956          -3.474         -11.598           20.846
 5911 (vir)     1          16.685          -5.063          -4.864         -15.160           21.918
 5912 (vir)     1          16.695          -4.245          -3.903         -12.633           21.181
 5913 (vir)     1          16.713          -4.256          -2.201         -10.880           21.137
 5914 (vir)     1          16.720          -4.768          -4.489         -14.223           21.686
 5915 (vir)     1          16.720          -3.226          -2.588          -9.182           20.088
 5916 (vir)     1          16.723          -5.735          -5.690         -17.015           22.313
 5917 (vir)     1          16.730          -5.165          -4.995         -15.481           22.052
 5918 (vir)     1          16.742          -4.248          -2.204         -10.894           21.183
 5919 (vir)     1          16.765          -5.311          -5.178         -15.916           22.191
 5920 (vir)     1          16.770          -4.419          -4.160         -13.475           21.667
 5921 (vir)     1          16.773          -4.278          -2.214         -10.929           21.210
 5922 (vir)     1          16.774          -4.059          -2.123         -10.687           21.279
 5923 (vir)     1          16.775          -4.163          -2.165         -10.812           21.260
 5924 (vir)     1          16.786          -5.598          -5.467         -16.471           22.192
 5925 (vir)     1          16.794          -4.306          -2.217         -10.946           21.217
 5926 (vir)     1          16.797          -5.414          -5.289         -16.156           22.249
 5927 (vir)     1          16.798          -5.797          -5.730         -17.146           22.416
 5928 (vir)     1          16.824          -5.346          -5.155         -15.796           22.119
 5929 (vir)     1          16.829          -5.322          -5.179         -15.955           22.283
 5930 (vir)     1          16.832          -4.133          -2.190         -10.856           21.364
 5931 (vir)     1          16.844          -5.205          -4.953         -15.331           22.017
 5932 (vir)     1          16.852          -4.153          -2.190         -10.850           21.360
 5933 (vir)     1          16.858          -4.454          -4.088         -13.298           21.614
 5934 (vir)     1          16.861          -4.192          -3.783         -12.586           21.471
 5935 (vir)     1          16.869          -5.423          -5.298         -16.248           22.396
 5936 (vir)     1          16.875          -4.068          -2.119         -10.692           21.379
 5937 (vir)     1          16.877          -5.555          -5.404         -16.436           22.353
 5938 (vir)     1          16.886          -4.936          -4.628         -14.641           21.964
 5939 (vir)     1          16.902          -4.258          -2.151         -10.784           21.278
 5940 (vir)     1          16.910          -5.473          -5.274         -16.124           22.287
 5941 (vir)     1          16.916          -5.296          -5.102         -15.795           22.313
 5942 (vir)     1          16.947          -5.349          -5.176         -16.016           22.438
 5943 (vir)     1          16.949          -5.830          -5.690         -17.159           22.588
 5944 (vir)     1          16.956          -4.680          -4.302         -13.606           21.580
 5945 (vir)     1          16.976          -4.624          -4.211         -13.443           21.584
 5946 (vir)     1          16.976          -4.077          -2.116         -10.696           21.479
 5947 (vir)     1          16.976          -5.554          -5.374         -16.408           22.456
 5948 (vir)     1          16.992          -4.313          -2.137         -10.769           21.311
 5949 (vir)     1          16.995          -4.738          -4.347         -14.043           21.953
 5950 (vir)     1          16.997          -5.397          -5.217         -16.131           22.514
 5951 (vir)     1          16.999          -4.572          -4.119         -13.279           21.587
 5952 (vir)     1          17.021          -4.841          -4.449         -14.149           21.880
 5953 (vir)     1          17.023          -5.516          -5.253         -16.136           22.390
 5954 (vir)     1          17.037          -5.640          -5.491         -16.774           22.680
 5955 (vir)     1          17.039          -4.495          -3.975         -13.025           21.595
 5956 (vir)     1          17.052          -4.465          -3.926         -12.941           21.601
 5957 (vir)     1          17.059          -5.254          -4.979         -15.548           22.374
 5958 (vir)     1          17.060          -4.444          -3.886         -12.869           21.599
 5959 (vir)     1          17.064          -4.430          -3.853         -12.812           21.593
 5960 (vir)     1          17.066          -4.383          -3.824         -12.761           21.620
 5961 (vir)     1          17.066          -4.392          -3.809         -12.736           21.601
 5962 (vir)     1          17.067          -4.370          -3.808         -12.736           21.625
 5963 (vir)     1          17.070          -4.345          -3.802         -12.726           21.649
 5964 (vir)     1          17.074          -4.319          -3.804         -12.739           21.690
 5965 (vir)     1          17.077          -4.089          -2.113         -10.701           21.577
 5966 (vir)     1          17.078          -5.340          -5.092         -15.898           22.543
 5967 (vir)     1          17.083          -4.267          -3.792         -12.720           21.744
 5968 (vir)     1          17.086          -4.447          -2.131         -10.767           21.276
 5969 (vir)     1          17.093          -5.537          -5.238         -16.185           22.503
 5970 (vir)     1          17.097          -4.679          -4.166         -13.625           21.876
 5971 (vir)     1          17.105          -5.443          -5.149         -15.986           22.498
 5972 (vir)     1          17.116          -4.380          -3.792         -12.745           21.689
 5973 (vir)     1          17.132          -5.530          -5.332         -16.500           22.770
 5974 (vir)     1          17.136          -5.053          -4.689         -14.916           22.309
 5975 (vir)     1          17.144          -4.429          -3.801         -12.787           21.701
 5976 (vir)     1          17.161          -5.826          -5.564         -17.019           22.791
 5977 (vir)     1          17.179          -4.097          -2.109         -10.705           21.677
 5978 (vir)     1          17.180          -4.302          -2.126         -10.768           21.520
 5979 (vir)     1          17.182          -4.448          -3.839         -12.907           21.802
 5980 (vir)     1          17.184          -5.487          -5.243         -16.320           22.774
 5981 (vir)     1          17.193          -5.658          -5.385         -16.587           22.737
 5982 (vir)     1          17.211          -5.343          -5.025         -15.807           22.649
 5983 (vir)     1          17.224          -5.408          -5.019         -15.770           22.568
 5984 (vir)     1          17.229          -4.911          -4.383         -14.247           22.182
 5985 (vir)     1          17.244          -5.133          -4.742         -15.164           22.534
 5986 (vir)     1          17.264          -5.523          -5.240         -16.383           22.884
 5987 (vir)     1          17.271          -4.275          -2.123         -10.771           21.645
 5988 (vir)     1          17.279          -4.664          -4.094         -13.605           22.126
 5989 (vir)     1          17.280          -4.092          -2.106         -10.709           21.791
 5990 (vir)     1          17.281          -5.855          -5.604         -17.143           22.964
 5991 (vir)     1          17.286          -5.717          -5.352         -16.616           22.833
 5992 (vir)     1          17.309          -5.184          -4.762         -15.277           22.640
 5993 (vir)     1          17.310          -5.558          -5.256         -16.458           22.953
 5994 (vir)     1          17.329          -4.857          -4.324         -14.186           22.334
 5995 (vir)     1          17.340          -5.728          -5.335         -16.625           22.901
 5996 (vir)     1          17.345          -5.512          -5.162         -16.269           22.940
 5997 (vir)     1          17.348          -5.432          -5.046         -15.997           22.868
 5998 (vir)     1          17.357          -5.613          -5.318         -16.408           22.835
 5999 (vir)     1          17.360          -4.283          -2.121         -10.781           21.736
 6000 (vir)     1          17.367          -5.882          -5.593         -17.165           23.057
 6001 (vir)     1          17.373          -5.608          -5.296         -16.369           22.839
 6002 (vir)     1          17.377          -5.495          -5.122         -16.014           22.774
 6003 (vir)     1          17.380          -4.110          -2.103         -10.713           21.880
 6004 (vir)     1          17.387          -5.702          -5.270         -16.508           22.923
 6005 (vir)     1          17.406          -5.369          -4.931         -15.609           22.714
 6006 (vir)     1          17.415          -5.522          -5.125         -16.089           22.857
 6007 (vir)     1          17.425          -5.612          -5.134         -16.222           22.901
 6008 (vir)     1          17.444          -5.387          -4.911         -15.639           22.785
 6009 (vir)     1          17.444          -4.317          -2.122         -10.799           21.804
 6010 (vir)     1          17.448          -5.525          -5.053         -16.034           22.903
 6011 (vir)     1          17.453          -5.400          -4.849         -15.576           22.780
 6012 (vir)     1          17.455          -5.874          -5.548         -17.109           23.141
 6013 (vir)     1          17.464          -5.456          -4.961         -15.828           22.875
 6014 (vir)     1          17.479          -4.111          -2.101         -10.717           21.984
 6015 (vir)     1          17.484          -5.727          -5.395         -16.715           23.077
 6016 (vir)     1          17.525          -4.257          -2.125         -10.827           21.970
 6017 (vir)     1          17.525          -4.965          -4.570         -14.795           22.785
 6018 (vir)     1          17.533          -5.858          -5.541         -17.074           23.207
 6019 (vir)     1          17.534          -4.737          -4.335         -14.235           22.698
 6020 (vir)     1          17.557          -5.682          -5.315         -16.612           23.172
 6021 (vir)     1          17.575          -4.136          -2.098         -10.721           22.062
 6022 (vir)     1          17.592          -5.898          -5.555         -17.156           23.294
 6023 (vir)     1          17.601          -4.304          -2.132         -10.866           22.031
 6024 (vir)     1          17.641          -5.997          -5.602         -17.351           23.393
 6025 (vir)     1          17.657          -5.924          -5.550         -17.194           23.377
 6026 (vir)     1          17.669          -4.116          -2.096         -10.723           22.179
 6027 (vir)     1          17.674          -4.344          -2.140         -10.910           22.100
 6028 (vir)     1          17.725          -5.945          -5.538         -17.218           23.461
 6029 (vir)     1          17.728          -4.266          -2.014         -10.494           21.943
 6030 (vir)     1          17.731          -6.022          -5.587         -17.367           23.489
 6031 (vir)     1          17.741          -4.371          -2.142         -10.932           22.161
 6032 (vir)     1          17.750          -4.264          -2.013         -10.493           21.966
 6033 (vir)     1          17.757          -4.134          -2.094         -10.724           22.253
 6034 (vir)     1          17.785          -4.269          -2.019         -10.515           22.012
 6035 (vir)     1          17.797          -5.963          -5.524         -17.234           23.544
 6036 (vir)     1          17.803          -4.408          -2.146         -10.960           22.208
 6037 (vir)     1          17.822          -6.031          -5.559         -17.351           23.583
 6038 (vir)     1          17.831          -4.282          -2.031         -10.563           22.080
 6039 (vir)     1          17.839          -4.126          -2.092         -10.720           22.342
 6040 (vir)     1          17.859          -4.424          -2.148         -10.980           22.267
 6041 (vir)     1          17.871          -5.980          -5.507         -17.243           23.627
 6042 (vir)     1          17.885          -4.308          -2.041         -10.603           22.139
 6043 (vir)     1          17.910          -4.469          -2.164         -11.046           22.323
 6044 (vir)     1          17.912          -6.024          -5.514         -17.292           23.666
 6045 (vir)     1          17.913          -4.150          -2.089         -10.711           22.384
 6046 (vir)     1          17.944          -5.411          -4.930         -15.858           23.462
 6047 (vir)     1          17.944          -4.311          -2.037         -10.598           22.194
 6048 (vir)     1          17.946          -5.989          -5.486         -17.239           23.710
 6049 (vir)     1          17.950          -5.342          -4.827         -15.605           23.386
 6050 (vir)     1          17.953          -4.515          -2.178         -11.102           22.363
 6051 (vir)     1          17.967          -5.408          -4.932         -15.880           23.507
 6052 (vir)     1          17.974          -4.085          -2.083         -10.690           22.496
 6053 (vir)     1          17.987          -4.552          -2.186         -11.135           22.385
 6054 (vir)     1          17.989          -5.609          -5.146         -16.441           23.675
 6055 (vir)     1          18.002          -5.982          -5.425         -17.121           23.716
 6056 (vir)     1          18.005          -4.447          -2.121         -10.906           22.344
 6057 (vir)     1          18.009          -4.196          -2.011         -10.461           22.262
 6058 (vir)     1          18.010          -4.959          -4.350         -14.448           23.150
 6059 (vir)     1          18.011          -4.202          -2.011         -10.461           22.260
 6060 (vir)     1          18.014          -4.181          -2.017         -10.481           22.297
 6061 (vir)     1          18.015          -4.442          -2.107         -10.859           22.325
 6062 (vir)     1          18.019          -4.189          -2.011         -10.464           22.283
 6063 (vir)     1          18.019          -4.160          -2.044         -10.566           22.382
 6064 (vir)     1          18.022          -5.986          -5.449         -17.196           23.782
 6065 (vir)     1          18.025          -4.590          -2.202         -11.202           22.435
 6066 (vir)     1          18.026          -4.183          -2.027         -10.514           22.329
 6067 (vir)     1          18.029          -4.176          -2.013         -10.471           22.310
 6068 (vir)     1          18.031          -5.823          -5.393         -17.091           23.906
 6069 (vir)     1          18.035          -4.639          -2.207         -11.223           22.411
 6070 (vir)     1          18.036          -4.206          -2.019         -10.489           22.300
 6071 (vir)     1          18.039          -4.689          -2.214         -11.247           22.384
 6072 (vir)     1          18.040          -4.174          -2.016         -10.482           22.331
 6073 (vir)     1          18.040          -4.663          -2.217         -11.259           22.420
 6074 (vir)     1          18.047          -4.183          -2.018         -10.486           22.333
 6075 (vir)     1          18.050          -4.179          -2.024         -10.506           22.353
 6076 (vir)     1          18.059          -4.176          -2.019         -10.491           22.355
 6077 (vir)     1          18.060          -4.179          -2.036         -10.542           22.388
 6078 (vir)     1          18.069          -4.187          -2.032         -10.533           22.382
 6079 (vir)     1          18.071          -4.175          -2.022         -10.502           22.376
 6080 (vir)     1          18.074          -5.891          -5.456         -17.281           24.008
 6081 (vir)     1          18.079          -4.174          -2.026         -10.514           22.394
 6082 (vir)     1          18.082          -4.198          -2.030         -10.526           22.380
 6083 (vir)     1          18.082          -4.310          -2.030         -10.590           22.332
 6084 (vir)     1          18.089          -4.847          -3.923         -13.427           22.747
 6085 (vir)     1          18.090          -4.188          -2.027         -10.517           22.393
 6086 (vir)     1          18.090          -4.197          -2.041         -10.559           22.411
 6087 (vir)     1          18.091          -5.977          -5.378         -17.057           23.794
 6088 (vir)     1          18.097          -5.858          -5.279         -16.816           23.776
 6089 (vir)     1          18.098          -4.191          -2.035         -10.540           22.412
 6090 (vir)     1          18.100          -4.207          -2.033         -10.537           22.397
 6091 (vir)     1          18.107          -4.203          -2.033         -10.536           22.408
 6092 (vir)     1          18.108          -4.148          -2.044         -10.568           22.483
 6093 (vir)     1          18.113          -4.112          -2.038         -10.550           22.514
 6094 (vir)     1          18.115          -4.177          -2.042         -10.561           22.457
 6095 (vir)     1          18.118          -4.195          -2.043         -10.565           22.445
 6096 (vir)     1          18.119          -5.935          -5.487         -17.389           24.087
 6097 (vir)     1          18.119          -4.211          -2.041         -10.559           22.425
 6098 (vir)     1          18.121          -4.201          -2.045         -10.569           22.444
 6099 (vir)     1          18.121          -4.191          -2.043         -10.564           22.451
 6100 (vir)     1          18.145          -4.145          -3.449         -12.166           22.717
 6101 (vir)     1          18.153          -3.973          -3.272         -11.678           22.585
 6102 (vir)     1          18.155          -3.857          -2.885         -10.630           22.043
 6103 (vir)     1          18.158          -4.311          -2.029         -10.596           22.414
 6104 (vir)     1          18.164          -6.002          -5.547         -17.575           24.189
 6105 (vir)     1          18.181          -5.972          -5.332         -16.994           23.871
 6106 (vir)     1          18.183          -4.368          -3.549         -12.471           22.737
 6107 (vir)     1          18.186          -5.682          -5.074         -16.286           23.716
 6108 (vir)     1          18.209          -6.041          -5.573         -17.669           24.264
 6109 (vir)     1          18.222          -4.041          -3.164         -11.412           22.429
 6110 (vir)     1          18.237          -4.315          -2.028         -10.607           22.501
 6111 (vir)     1          18.252          -6.075          -5.587         -17.734           24.324
 6112 (vir)     1          18.260          -6.003          -5.379         -17.125           24.001
 6113 (vir)     1          18.270          -5.932          -5.248         -16.836           23.927
 6114 (vir)     1          18.277          -4.135          -3.276         -11.728           22.596
 6115 (vir)     1          18.295          -6.109          -5.610         -17.821           24.397
 6116 (vir)     1          18.320          -4.320          -2.027         -10.617           22.590
 6117 (vir)     1          18.322          -4.543          -3.692         -12.868           22.954
 6118 (vir)     1          18.335          -6.142          -5.623         -17.881           24.452
 6119 (vir)     1          18.336          -6.021          -5.367         -17.134           24.082
 6120 (vir)     1          18.361          -5.712          -4.958         -16.163           23.853
 6121 (vir)     1          18.374          -6.145          -5.611         -17.873           24.491
 6122 (vir)     1          18.381          -4.236          -3.354         -11.952           22.743
 6123 (vir)     1          18.406          -4.324          -2.026         -10.626           22.683
 6124 (vir)     1          18.409          -6.166          -5.621         -17.923           24.545
 6125 (vir)     1          18.411          -5.912          -5.226         -16.787           24.059
 6126 (vir)     1          18.419          -5.165          -4.360         -14.619           23.513
 6127 (vir)     1          18.435          -3.988          -3.032         -10.915           22.330
 6128 (vir)     1          18.442          -6.187          -5.629         -17.961           24.587
 6129 (vir)     1          18.457          -5.232          -4.399         -14.808           23.635
 6130 (vir)     1          18.459          -4.311          -1.996         -10.535           22.687
 6131 (vir)     1          18.459          -4.301          -1.996         -10.535           22.697
 6132 (vir)     1          18.466          -4.281          -3.432         -11.974           22.728
 6133 (vir)     1          18.467          -5.546          -4.857         -15.608           23.672
 6134 (vir)     1          18.467          -4.305          -1.998         -10.539           22.704
 6135 (vir)     1          18.467          -4.307          -1.998         -10.540           22.703
 6136 (vir)     1          18.471          -5.689          -5.017         -15.937           23.702
 6137 (vir)     1          18.472          -6.163          -5.588         -17.873           24.594
 6138 (vir)     1          18.476          -5.505          -4.804         -15.513           23.680
 6139 (vir)     1          18.479          -4.300          -1.999         -10.545           22.726
 6140 (vir)     1          18.480          -4.311          -2.000         -10.548           22.717
 6141 (vir)     1          18.482          -4.920          -4.108         -13.973           23.427
 6142 (vir)     1          18.486          -5.497          -4.804         -15.413           23.598
 6143 (vir)     1          18.489          -5.789          -5.115         -16.224           23.808
 6144 (vir)     1          18.495          -4.343          -2.024         -10.635           22.763
 6145 (vir)     1          18.496          -4.305          -2.000         -10.554           22.744
 6146 (vir)     1          18.496          -4.326          -2.004         -10.556           22.722
 6147 (vir)     1          18.498          -5.952          -5.283         -17.107           24.370
 6148 (vir)     1          18.503          -5.627          -4.903         -16.064           24.038
 6149 (vir)     1          18.512          -5.803          -5.113         -16.261           23.856
 6150 (vir)     1          18.514          -5.519          -4.763         -15.504           23.736
 6151 (vir)     1          18.515          -4.320          -2.006         -10.564           22.753
 6152 (vir)     1          18.516          -6.059          -5.454         -17.539           24.542
 6153 (vir)     1          18.517          -4.325          -2.004         -10.566           22.754
 6154 (vir)     1          18.520          -4.923          -4.104         -13.691           23.184
 6155 (vir)     1          18.523          -5.089          -4.343         -14.333           23.424
 6156 (vir)     1          18.538          -4.312          -2.005         -10.574           22.794
 6157 (vir)     1          18.539          -5.627          -4.912         -15.772           23.771
 6158 (vir)     1          18.540          -4.333          -2.011         -10.579           22.776
 6159 (vir)     1          18.542          -5.548          -4.768         -15.819           24.045
 6160 (vir)     1          18.554          -5.761          -5.030         -16.127           23.891
 6161 (vir)     1          18.564          -4.346          -2.014         -10.588           22.792
 6162 (vir)     1          18.566          -4.332          -2.009         -10.589           22.814
 6163 (vir)     1          18.568          -5.820          -5.148         -16.773           24.373
 6164 (vir)     1          18.576          -5.739          -4.931         -16.227           24.133
 6165 (vir)     1          18.576          -5.294          -4.522         -14.806           23.565
 6166 (vir)     1          18.578          -5.506          -4.760         -15.778           24.091
 6167 (vir)     1          18.578          -4.795          -3.914         -13.301           23.170
 6168 (vir)     1          18.581          -5.566          -4.811         -15.609           23.813
 6169 (vir)     1          18.586          -4.343          -2.022         -10.643           22.864
 6170 (vir)     1          18.587          -5.883          -5.148         -16.560           24.116
 6171 (vir)     1          18.591          -4.336          -2.012         -10.598           22.842
 6172 (vir)     1          18.595          -4.361          -2.017         -10.603           22.820
 6173 (vir)     1          18.606          -5.763          -5.021         -16.148           23.969
 6174 (vir)     1          18.607          -6.163          -5.503         -17.716           24.657
 6175 (vir)     1          18.609          -5.893          -5.184         -16.858           24.390
 6176 (vir)     1          18.615          -5.885          -5.181         -16.853           24.402
 6177 (vir)     1          18.616          -6.253          -5.610         -18.012           24.765
 6178 (vir)     1          18.620          -5.499          -4.677         -15.287           23.731
 6179 (vir)     1          18.623          -4.365          -2.020         -10.613           22.850
 6180 (vir)     1          18.625          -4.353          -2.015         -10.616           22.873
 6181 (vir)     1          18.632          -5.204          -4.364         -14.495           23.560
 6182 (vir)     1          18.636          -5.037          -4.221         -14.107           23.485
 6183 (vir)     1          18.637          -5.097          -4.177         -14.339           23.702
 6184 (vir)     1          18.642          -5.760          -4.979         -16.088           23.992
 6185 (vir)     1          18.648          -5.689          -4.833         -16.025           24.151
 6186 (vir)     1          18.654          -4.370          -2.018         -10.625           22.891
 6187 (vir)     1          18.658          -4.379          -2.024         -10.629           22.884
 6188 (vir)     1          18.658          -5.716          -4.917         -15.964           23.989
 6189 (vir)     1          18.663          -5.302          -4.455         -14.760           23.666
 6190 (vir)     1          18.668          -5.925          -5.153         -16.674           24.264
 6191 (vir)     1          18.672          -5.535          -4.703         -15.419           23.852
 6192 (vir)     1          18.672          -5.383          -4.522         -14.947           23.713
 6193 (vir)     1          18.680          -4.358          -2.020         -10.650           22.952
 6194 (vir)     1          18.686          -5.429          -4.645         -15.211           23.824
 6195 (vir)     1          18.688          -4.257          -3.294         -11.802           22.938
 6196 (vir)     1          18.688          -4.391          -2.026         -10.639           22.910
 6197 (vir)     1          18.692          -4.386          -2.023         -10.644           22.927
 6198 (vir)     1          18.699          -5.446          -4.686         -15.370           23.936
 6199 (vir)     1          18.714          -5.584          -4.694         -15.712           24.148
 6200 (vir)     1          18.715          -5.155          -4.214         -14.506           23.851
 6201 (vir)     1          18.724          -4.391          -2.024         -10.653           22.962
 6202 (vir)     1          18.726          -4.404          -2.031         -10.656           22.946
 6203 (vir)     1          18.729          -5.196          -4.434         -14.734           23.834
 6204 (vir)     1          18.750          -5.998          -5.210         -16.883           24.426
 6205 (vir)     1          18.758          -4.415          -2.032         -10.666           22.977
 6206 (vir)     1          18.763          -4.408          -2.032         -10.672           22.995
 6207 (vir)     1          18.770          -5.567          -4.644         -15.616           24.175
 6208 (vir)     1          18.775          -4.359          -2.017         -10.657           23.056
 6209 (vir)     1          18.776          -5.304          -4.341         -14.870           24.001
 6210 (vir)     1          18.796          -4.440          -2.038         -10.682           23.001
 6211 (vir)     1          18.796          -4.419          -2.033         -10.685           23.029
 6212 (vir)     1          18.801          -5.071          -4.276         -14.320           23.774
 6213 (vir)     1          18.805          -4.145          -3.098         -11.319           22.881
 6214 (vir)     1          18.815          -5.518          -4.561         -15.455           24.190
 6215 (vir)     1          18.821          -5.202          -4.229         -14.541           23.930
 6216 (vir)     1          18.829          -4.448          -2.038         -10.696           23.039
 6217 (vir)     1          18.831          -4.460          -2.042         -10.700           23.030
 6218 (vir)     1          18.832          -6.128          -5.317         -17.232           24.619
 6219 (vir)     1          18.844          -5.464          -4.491         -15.297           24.186
 6220 (vir)     1          18.844          -5.454          -4.477         -15.266           24.180
 6221 (vir)     1          18.862          -4.478          -2.044         -10.709           23.049
 6222 (vir)     1          18.863          -4.464          -2.046         -10.719           23.072
 6223 (vir)     1          18.873          -4.377          -2.014         -10.664           23.145
 6224 (vir)     1          18.888          -5.012          -4.210         -14.159           23.825
 6225 (vir)     1          18.891          -4.484          -2.049         -10.725           23.083
 6226 (vir)     1          18.891          -4.492          -2.052         -10.735           23.083
 6227 (vir)     1          18.911          -6.210          -5.369         -17.409           24.740
 6228 (vir)     1          18.913          -4.501          -2.055         -10.742           23.099
 6229 (vir)     1          18.914          -4.523          -2.058         -10.749           23.083
 6230 (vir)     1          18.927          -4.530          -2.062         -10.758           23.093
 6231 (vir)     1          18.928          -4.563          -2.066         -10.765           23.064
 6232 (vir)     1          18.937          -3.776          -2.769         -10.383           22.775
 6233 (vir)     1          18.948          -6.209          -5.379         -17.210           24.570
 6234 (vir)     1          18.950          -4.363          -2.017         -10.689           23.258
 6235 (vir)     1          18.957          -6.183          -5.343         -17.118           24.549
 6236 (vir)     1          18.962          -5.823          -4.975         -16.151           24.316
 6237 (vir)     1          18.971          -4.377          -2.011         -10.670           23.253
 6238 (vir)     1          18.985          -6.146          -5.293         -17.132           24.678
 6239 (vir)     1          18.991          -5.418          -4.564         -15.101           24.109
 6240 (vir)     1          19.002          -5.998          -5.136         -16.671           24.538
 6241 (vir)     1          19.018          -4.305          -1.995         -10.680           23.398
 6242 (vir)     1          19.041          -5.678          -4.793         -15.714           24.284
 6243 (vir)     1          19.071          -5.242          -4.362         -14.571           24.038
 6244 (vir)     1          19.072          -4.394          -2.007         -10.676           23.347
 6245 (vir)     1          19.073          -3.789          -2.738         -10.317           22.862
 6246 (vir)     1          19.075          -6.161          -5.268         -17.183           24.829
 6247 (vir)     1          19.106          -4.316          -1.990         -10.695           23.495
 6248 (vir)     1          19.120          -5.270          -4.357         -14.642           24.135
 6249 (vir)     1          19.154          -6.163          -5.244         -17.156           24.904
 6250 (vir)     1          19.159          -5.055          -4.189         -14.130           24.045
 6251 (vir)     1          19.173          -4.404          -2.003         -10.681           23.447
 6252 (vir)     1          19.200          -4.322          -1.988         -10.710           23.601
 6253 (vir)     1          19.211          -3.797          -2.726         -10.307           22.994
 6254 (vir)     1          19.214          -5.309          -4.368         -14.771           24.308
 6255 (vir)     1          19.236          -5.989          -5.049         -16.647           24.846
 6256 (vir)     1          19.258          -4.995          -3.993         -13.652           23.921
 6257 (vir)     1          19.275          -4.407          -1.999         -10.686           23.555
 6258 (vir)     1          19.298          -4.344          -1.986         -10.723           23.691
 6259 (vir)     1          19.305          -5.931          -4.973         -16.500           24.901
 6260 (vir)     1          19.324          -5.348          -4.383         -14.834           24.426
 6261 (vir)     1          19.349          -3.810          -2.721         -10.318           23.136
 6262 (vir)     1          19.363          -4.980          -3.929         -13.550           24.004
 6263 (vir)     1          19.377          -4.414          -1.995         -10.691           23.658
 6264 (vir)     1          19.386          -6.216          -5.233         -17.236           25.173
 6265 (vir)     1          19.397          -4.365          -1.984         -10.735           23.783
 6266 (vir)     1          19.415          -5.061          -4.083         -14.020           24.292
 6267 (vir)     1          19.445          -5.931          -4.966         -16.472           25.020
 6268 (vir)     1          19.476          -4.432          -1.990         -10.689           23.743
 6269 (vir)     1          19.481          -4.973          -3.922         -13.614           24.200
 6270 (vir)     1          19.488          -3.823          -2.721         -10.343           23.287
 6271 (vir)     1          19.497          -4.376          -1.982         -10.745           23.884
 6272 (vir)     1          19.537          -5.162          -4.100         -14.221           24.494
 6273 (vir)     1          19.554          -6.245          -5.168         -17.174           25.314
 6274 (vir)     1          19.563          -4.347          -1.981         -10.629           23.864
 6275 (vir)     1          19.575          -4.855          -3.809         -13.428           24.340
 6276 (vir)     1          19.596          -4.393          -1.980         -10.755           23.978
 6277 (vir)     1          19.607          -4.133          -1.972         -10.487           23.989
 6278 (vir)     1          19.624          -3.840          -2.728         -10.392           23.448
 6279 (vir)     1          19.630          -6.338          -5.245         -17.410           25.457
 6280 (vir)     1          19.636          -4.874          -3.795         -13.315           24.282
 6281 (vir)     1          19.639          -4.163          -1.973         -10.497           24.000
 6282 (vir)     1          19.665          -4.960          -3.891         -13.725           24.538
 6283 (vir)     1          19.693          -4.401          -1.978         -10.765           24.080
 6284 (vir)     1          19.700          -5.191          -4.220         -14.662           24.951
 6285 (vir)     1          19.700          -5.192          -4.220         -14.663           24.951
 6286 (vir)     1          19.708          -6.335          -5.223         -17.377           25.527
 6287 (vir)     1          19.711          -4.344          -1.977         -10.625           24.015
 6288 (vir)     1          19.746          -4.894          -3.803         -13.351           24.401
 6289 (vir)     1          19.748          -5.021          -3.940         -13.903           24.690
 6290 (vir)     1          19.756          -4.133          -3.023         -11.235           23.834
 6291 (vir)     1          19.759          -5.796          -4.660         -15.740           25.044
 6292 (vir)     1          19.761          -5.849          -4.726         -15.949           25.134
 6293 (vir)     1          19.778          -6.130          -4.994         -16.649           25.302
 6294 (vir)     1          19.786          -6.179          -5.049         -16.927           25.484
 6295 (vir)     1          19.786          -5.576          -4.465         -15.278           25.023
 6296 (vir)     1          19.787          -4.424          -1.976         -10.775           24.163
 6297 (vir)     1          19.806          -4.412          -1.973         -10.665           24.086
 6298 (vir)     1          19.808          -6.286          -5.135         -17.034           25.421
 6299 (vir)     1          19.816          -5.390          -4.284         -14.829           24.971
 6300 (vir)     1          19.827          -5.070          -3.967         -14.000           24.791
 6301 (vir)     1          19.847          -6.425          -5.255         -17.373           25.540
 6302 (vir)     1          19.848          -5.860          -4.721         -15.983           25.250
 6303 (vir)     1          19.856          -5.280          -4.166         -14.545           24.955
 6304 (vir)     1          19.868          -5.262          -4.133         -14.424           24.896
 6305 (vir)     1          19.878          -4.376          -3.243         -11.931           24.190
 6306 (vir)     1          19.878          -4.424          -1.974         -10.786           24.266
 6307 (vir)     1          19.895          -6.521          -5.327         -17.595           25.641
 6308 (vir)     1          19.897          -4.448          -1.966         -10.698           24.180
 6309 (vir)     1          19.905          -4.485          -1.964         -10.756           24.212
 6310 (vir)     1          19.906          -4.491          -1.964         -10.745           24.195
 6311 (vir)     1          19.908          -4.864          -3.707         -13.267           24.603
 6312 (vir)     1          19.910          -5.049          -3.915         -13.829           24.775
 6313 (vir)     1          19.915          -4.473          -1.963         -10.756           24.235
 6314 (vir)     1          19.919          -4.486          -1.963         -10.755           24.224
 6315 (vir)     1          19.929          -6.441          -5.258         -17.548           25.779
 6316 (vir)     1          19.935          -4.483          -1.963         -10.749           24.239
 6317 (vir)     1          19.937          -4.490          -1.964         -10.753           24.236
 6318 (vir)     1          19.940          -5.052          -3.933         -13.956           24.911
 6319 (vir)     1          19.947          -6.576          -5.363         -17.720           25.728
 6320 (vir)     1          19.950          -4.466          -1.961         -10.754           24.277
 6321 (vir)     1          19.951          -4.954          -3.823         -13.648           24.821
 6322 (vir)     1          19.962          -4.472          -1.962         -10.756           24.284
 6323 (vir)     1          19.963          -4.449          -1.973         -10.799           24.339
 6324 (vir)     1          19.974          -4.470          -1.961         -10.755           24.297
 6325 (vir)     1          19.982          -4.444          -1.959         -10.763           24.342
 6326 (vir)     1          19.985          -4.484          -1.963         -10.727           24.265
 6327 (vir)     1          19.993          -5.072          -3.922         -13.954           24.953
 6328 (vir)     1          20.001          -6.250          -5.025         -16.827           25.554
 6329 (vir)     1          20.003          -6.394          -5.187         -17.401           25.823
 6330 (vir)     1          20.008          -4.784          -3.608         -12.977           24.593
 6331 (vir)     1          20.009          -4.900          -3.739         -13.282           24.651
 6332 (vir)     1          20.016          -4.506          -1.961         -10.712           24.261
 6333 (vir)     1          20.023          -5.143          -3.992         -14.156           25.045
 6334 (vir)     1          20.024          -4.507          -1.962         -10.739           24.295
 6335 (vir)     1          20.042          -4.484          -1.973         -10.813           24.398
 6336 (vir)     1          20.055          -4.880          -3.697         -13.315           24.793
 6337 (vir)     1          20.060          -6.663          -5.404         -17.893           25.886
 6338 (vir)     1          20.061          -4.530          -1.960         -10.736           24.307
 6339 (vir)     1          20.073          -6.085          -4.871         -16.582           25.699
 6340 (vir)     1          20.082          -4.874          -3.712         -13.391           24.887
 6341 (vir)     1          20.082          -4.497          -1.957         -10.714           24.343
 6342 (vir)     1          20.094          -5.478          -4.282         -14.963           25.296
 6343 (vir)     1          20.112          -4.483          -1.973         -10.830           24.485
 6344 (vir)     1          20.113          -4.527          -1.955         -10.706           24.336
 6345 (vir)     1          20.113          -5.076          -3.898         -13.765           24.904
 6346 (vir)     1          20.119          -6.649          -5.367         -17.828           25.931
 6347 (vir)     1          20.124          -4.510          -1.956         -10.723           24.382
 6348 (vir)     1          20.138          -5.778          -4.559         -15.766           25.567
 6349 (vir)     1          20.142          -4.618          -3.413         -12.493           24.603
 6350 (vir)     1          20.142          -5.009          -3.819         -13.718           25.033
 6351 (vir)     1          20.162          -4.513          -1.953         -10.719           24.414
 6352 (vir)     1          20.169          -5.594          -4.392         -15.239           25.421
 6353 (vir)     1          20.172          -4.533          -1.975         -10.847           24.511
 6354 (vir)     1          20.177          -6.568          -5.265         -17.587           25.931
 6355 (vir)     1          20.178          -4.517          -1.950         -10.700           24.411
 6356 (vir)     1          20.183          -4.402          -1.913         -10.477           24.345
 6357 (vir)     1          20.194          -4.406          -1.914         -10.482           24.356
 6358 (vir)     1          20.197          -5.061          -3.857         -13.861           25.139
 6359 (vir)     1          20.205          -6.301          -5.047         -17.045           25.902
 6360 (vir)     1          20.206          -5.040          -3.807         -13.677           25.035
 6361 (vir)     1          20.207          -4.517          -1.949         -10.700           24.441
 6362 (vir)     1          20.211          -4.420          -1.918         -10.507           24.380
 6363 (vir)     1          20.219          -4.525          -1.949         -10.707           24.452
 6364 (vir)     1          20.220          -4.551          -1.976         -10.854           24.548
 6365 (vir)     1          20.223          -4.850          -3.639         -13.193           24.926
 6366 (vir)     1          20.233          -6.560          -5.239         -17.548           25.981
 6367 (vir)     1          20.234          -4.418          -1.916         -10.495           24.395
 6368 (vir)     1          20.237          -4.764          -2.016         -11.042           24.498
 6369 (vir)     1          20.246          -4.761          -2.014         -11.033           24.504
 6370 (vir)     1          20.251          -4.687          -1.998         -10.963           24.529
 6371 (vir)     1          20.252          -4.526          -1.947         -10.704           24.483
 6372 (vir)     1          20.255          -5.206          -3.991         -14.267           25.325
 6373 (vir)     1          20.257          -5.287          -4.075         -14.316           25.212
 6374 (vir)     1          20.262          -4.680          -1.998         -10.966           24.550
 6375 (vir)     1          20.263          -4.505          -1.943         -10.689           24.504
 6376 (vir)     1          20.263          -4.423          -1.917         -10.502           24.425
 6377 (vir)     1          20.269          -4.725          -2.004         -10.994           24.534
 6378 (vir)     1          20.276          -6.423          -5.140         -17.352           26.066
 6379 (vir)     1          20.281          -4.944          -3.701         -13.359           24.994
 6380 (vir)     1          20.283          -4.668          -1.992         -10.945           24.569
 6381 (vir)     1          20.284          -4.700          -2.000         -10.982           24.566
 6382 (vir)     1          20.286          -5.766          -4.487         -15.559           25.592
 6383 (vir)     1          20.288          -4.510          -1.944         -10.695           24.530
 6384 (vir)     1          20.291          -5.830          -4.518         -15.604           25.547
 6385 (vir)     1          20.295          -4.619          -1.981         -10.882           24.578
 6386 (vir)     1          20.295          -4.680          -1.995         -10.964           24.584
 6387 (vir)     1          20.298          -4.473          -1.929         -10.577           24.473
 6388 (vir)     1          20.300          -4.515          -1.942         -10.693           24.536
 6389 (vir)     1          20.310          -4.534          -1.957         -10.761           24.579
 6390 (vir)     1          20.310          -5.258          -4.025         -14.376           25.403
 6391 (vir)     1          20.325          -4.533          -1.951         -10.736           24.576
 6392 (vir)     1          20.329          -4.515          -1.941         -10.691           24.563
 6393 (vir)     1          20.336          -4.446          -1.917         -10.507           24.481
 6394 (vir)     1          20.337          -4.542          -1.944         -10.706           24.558
 6395 (vir)     1          20.337          -6.186          -4.862         -16.584           25.873
 6396 (vir)     1          20.342          -6.453          -5.148         -17.405           26.147
 6397 (vir)     1          20.345          -5.281          -4.054         -14.322           25.332
 6398 (vir)     1          20.353          -5.469          -4.159         -14.656           25.381
 6399 (vir)     1          20.353          -5.131          -3.846         -13.769           25.145
 6400 (vir)     1          20.358          -4.520          -1.938         -10.684           24.584
 6401 (vir)     1          20.360          -4.535          -1.954         -10.752           24.624
 6402 (vir)     1          20.364          -5.475          -4.228         -14.917           25.579
 6403 (vir)     1          20.365          -4.513          -1.939         -10.690           24.603
 6404 (vir)     1          20.379          -4.442          -1.917         -10.511           24.531
 6405 (vir)     1          20.383          -6.158          -4.805         -16.445           25.865
 6406 (vir)     1          20.387          -4.520          -1.934         -10.675           24.608
 6407 (vir)     1          20.388          -4.513          -1.933         -10.673           24.615
 6408 (vir)     1          20.401          -4.531          -1.952         -10.749           24.667
 6409 (vir)     1          20.404          -6.344          -5.037         -17.108           26.132
 6410 (vir)     1          20.405          -4.511          -1.931         -10.668           24.631
 6411 (vir)     1          20.406          -5.648          -4.302         -15.042           25.498
 6412 (vir)     1          20.406          -5.858          -4.493         -15.536           25.591
 6413 (vir)     1          20.408          -5.126          -3.876         -13.984           25.389
 6414 (vir)     1          20.409          -4.526          -1.936         -10.688           24.634
 6415 (vir)     1          20.418          -4.509          -1.929         -10.663           24.643
 6416 (vir)     1          20.418          -4.508          -1.928         -10.660           24.642
 6417 (vir)     1          20.421          -6.176          -4.874         -16.638           26.008
 6418 (vir)     1          20.425          -5.421          -4.136         -14.663           25.532
 6419 (vir)     1          20.426          -4.459          -1.917         -10.516           24.567
 6420 (vir)     1          20.449          -4.557          -1.961         -10.791           24.721
 6421 (vir)     1          20.456          -6.326          -5.008         -17.030           26.152
 6422 (vir)     1          20.457          -5.132          -3.880         -14.026           25.470
 6423 (vir)     1          20.462          -5.283          -4.007         -14.331           25.503
 6424 (vir)     1          20.463          -6.419          -5.097         -17.277           26.224
 6425 (vir)     1          20.476          -4.471          -1.916         -10.522           24.611
 6426 (vir)     1          20.499          -4.577          -1.962         -10.805           24.765
 6427 (vir)     1          20.499          -5.224          -3.946         -14.191           25.519
 6428 (vir)     1          20.502          -5.137          -3.871         -14.013           25.507
 6429 (vir)     1          20.529          -4.484          -1.916         -10.528           24.657
 6430 (vir)     1          20.540          -5.237          -3.948         -14.218           25.573
 6431 (vir)     1          20.545          -5.123          -3.838         -13.932           25.516
 6432 (vir)     1          20.553          -4.589          -1.963         -10.818           24.819
 6433 (vir)     1          20.582          -5.239          -3.942         -14.219           25.620
 6434 (vir)     1          20.583          -4.488          -1.915         -10.537           24.717
 6435 (vir)     1          20.587          -5.116          -3.828         -13.909           25.552
 6436 (vir)     1          20.610          -4.597          -1.963         -10.825           24.876
 6437 (vir)     1          20.624          -5.267          -3.946         -14.245           25.657
 6438 (vir)     1          20.627          -5.117          -3.817         -13.882           25.575
 6439 (vir)     1          20.637          -4.499          -1.915         -10.556           24.778
 6440 (vir)     1          20.663          -4.581          -1.961         -10.814           24.935
 6441 (vir)     1          20.665          -5.114          -3.810         -13.865           25.607
 6442 (vir)     1          20.666          -5.302          -3.971         -14.327           25.720
 6443 (vir)     1          20.687          -4.502          -1.919         -10.598           24.864
 6444 (vir)     1          20.700          -5.123          -3.809         -13.864           25.632
 6445 (vir)     1          20.701          -4.522          -1.962         -10.772           24.988
 6446 (vir)     1          20.705          -5.375          -4.018         -14.462           25.774
 6447 (vir)     1          20.724          -4.528          -1.970         -10.787           25.013
 6448 (vir)     1          20.731          -4.526          -1.928         -10.660           24.938
 6449 (vir)     1          20.733          -5.136          -3.816         -13.883           25.663
 6450 (vir)     1          20.738          -5.465          -4.105         -14.697           25.866
 6451 (vir)     1          20.760          -5.187          -3.860         -14.009           25.722
 6452 (vir)     1          20.761          -4.609          -1.975         -10.851           25.028
 6453 (vir)     1          20.765          -5.660          -4.275         -15.158           25.988
 6454 (vir)     1          20.771          -4.535          -1.934         -10.689           24.990
 6455 (vir)     1          20.781          -4.566          -1.964         -10.777           25.028
 6456 (vir)     1          20.781          -4.554          -1.960         -10.765           25.032
 6457 (vir)     1          20.782          -5.234          -3.896         -14.111           25.763
 6458 (vir)     1          20.789          -5.569          -4.187         -14.925           25.957
 6459 (vir)     1          20.792          -4.551          -1.956         -10.753           25.039
 6460 (vir)     1          20.794          -4.586          -1.966         -10.790           25.033
 6461 (vir)     1          20.797          -5.283          -3.936         -14.219           25.797
 6462 (vir)     1          20.807          -4.562          -1.953         -10.748           25.040
 6463 (vir)     1          20.807          -5.603          -4.182         -14.904           25.926
 6464 (vir)     1          20.812          -6.391          -4.854         -16.705           26.272
 6465 (vir)     1          20.812          -4.524          -1.930         -10.650           25.009
 6466 (vir)     1          20.814          -5.175          -3.837         -13.929           25.731
 6467 (vir)     1          20.820          -4.556          -1.951         -10.741           25.054
 6468 (vir)     1          20.822          -4.655          -1.976         -10.883           25.073
 6469 (vir)     1          20.828          -6.537          -5.010         -17.184           26.465
 6470 (vir)     1          20.830          -4.587          -1.972         -10.810           25.081
 6471 (vir)     1          20.831          -5.143          -3.792         -13.784           25.681
 6472 (vir)     1          20.840          -4.567          -1.946         -10.729           25.055
 6473 (vir)     1          20.843          -5.226          -3.839         -13.996           25.774
 6474 (vir)     1          20.849          -5.097          -3.753         -13.665           25.664
 6475 (vir)     1          20.854          -5.586          -4.133         -14.736           25.871
 6476 (vir)     1          20.859          -4.571          -1.944         -10.722           25.066
 6477 (vir)     1          20.859          -4.494          -1.918         -10.587           25.034
 6478 (vir)     1          20.862          -5.101          -3.746         -13.636           25.651
 6479 (vir)     1          20.864          -6.956          -5.371         -18.200           26.738
 6480 (vir)     1          20.870          -5.127          -3.768         -13.691           25.666
 6481 (vir)     1          20.871          -5.596          -4.136         -14.634           25.773
 6482 (vir)     1          20.879          -5.245          -3.848         -14.002           25.788
 6483 (vir)     1          20.880          -4.588          -1.944         -10.727           25.074
 6484 (vir)     1          20.882          -6.043          -4.575         -15.935           26.199
 6485 (vir)     1          20.883          -4.609          -1.974         -10.821           25.121
 6486 (vir)     1          20.891          -4.671          -1.974         -10.895           25.140
 6487 (vir)     1          20.892          -5.245          -3.841         -14.031           25.836
 6488 (vir)     1          20.903          -6.908          -5.313         -18.061           26.742
 6489 (vir)     1          20.903          -4.596          -1.943         -10.723           25.089
 6490 (vir)     1          20.908          -5.288          -3.875         -14.129           25.874
 6491 (vir)     1          20.908          -4.484          -1.908         -10.544           25.060
 6492 (vir)     1          20.917          -4.859          -3.471         -12.701           25.288
 6493 (vir)     1          20.919          -6.387          -4.884         -16.854           26.503
 6494 (vir)     1          20.926          -4.612          -1.938         -10.709           25.085
 6495 (vir)     1          20.931          -6.691          -5.097         -17.455           26.598
 6496 (vir)     1          20.948          -4.608          -1.947         -10.743           25.136
 6497 (vir)     1          20.955          -5.282          -3.809         -13.789           25.653
 6498 (vir)     1          20.956          -4.607          -1.964         -10.796           25.181
 6499 (vir)     1          20.958          -6.469          -4.944         -17.042           26.588
 6500 (vir)     1          20.959          -4.499          -1.903         -10.532           25.089
 6501 (vir)     1          20.965          -4.691          -1.973         -10.900           25.201
 6502 (vir)     1          20.970          -7.157          -5.515         -18.662           26.960
 6503 (vir)     1          20.977          -4.653          -1.940         -10.725           25.109
 6504 (vir)     1          20.992          -6.426          -4.912         -16.971           26.625
 6505 (vir)     1          21.002          -4.629          -1.934         -10.700           25.140
 6506 (vir)     1          21.004          -7.159          -5.502         -18.642           26.984
 6507 (vir)     1          21.015          -4.532          -1.904         -10.543           25.123
 6508 (vir)     1          21.017          -4.351          -3.000         -11.339           25.005
 6509 (vir)     1          21.027          -4.677          -1.938         -10.720           25.132
 6510 (vir)     1          21.031          -6.699          -5.147         -17.673           26.859
 6511 (vir)     1          21.032          -7.148          -5.482         -18.598           27.000
 6512 (vir)     1          21.042          -4.599          -1.963         -10.806           25.286
 6513 (vir)     1          21.044          -4.705          -1.974         -10.915           25.280
 6514 (vir)     1          21.058          -4.715          -1.936         -10.717           25.124
 6515 (vir)     1          21.061          -7.247          -5.566         -18.853           27.101
 6516 (vir)     1          21.066          -4.786          -3.221         -12.123           25.182
 6517 (vir)     1          21.067          -6.716          -5.155         -17.708           26.904
 6518 (vir)     1          21.077          -4.552          -1.906         -10.559           25.179
 6519 (vir)     1          21.087          -4.620          -1.930         -10.693           25.230
 6520 (vir)     1          21.087          -7.133          -5.451         -18.538           27.041
 6521 (vir)     1          21.099          -6.754          -5.193         -17.836           26.988
 6522 (vir)     1          21.108          -7.291          -5.581         -18.921           27.157
 6523 (vir)     1          21.114          -4.781          -1.931         -10.701           25.103
 6524 (vir)     1          21.127          -4.732          -1.976         -10.936           25.355
 6525 (vir)     1          21.128          -7.295          -5.581         -18.931           27.183
 6526 (vir)     1          21.129          -6.803          -5.228         -17.951           27.048
 6527 (vir)     1          21.136          -4.622          -1.959         -10.810           25.365
 6528 (vir)     1          21.144          -7.311          -5.588         -18.959           27.204
 6529 (vir)     1          21.145          -4.315          -2.952         -11.226           25.103
 6530 (vir)     1          21.146          -4.584          -1.907         -10.572           25.227
 6531 (vir)     1          21.148          -4.737          -1.930         -10.698           25.180
 6532 (vir)     1          21.158          -6.441          -4.886         -16.944           26.775
 6533 (vir)     1          21.158          -7.319          -5.593         -18.978           27.224
 6534 (vir)     1          21.168          -7.331          -5.592         -18.981           27.227
 6535 (vir)     1          21.175          -7.336          -5.597         -18.999           27.242
 6536 (vir)     1          21.179          -4.616          -1.926         -10.688           25.324
 6537 (vir)     1          21.179          -7.342          -5.596         -19.000           27.242
 6538 (vir)     1          21.180          -6.826          -5.246         -18.023           27.131
 6539 (vir)     1          21.198          -4.296          -2.833         -11.040           25.109
 6540 (vir)     1          21.201          -6.814          -5.232         -17.990           27.144
 6541 (vir)     1          21.209          -4.207          -1.925         -10.687           25.764
 6542 (vir)     1          21.213          -4.738          -1.978         -10.953           25.450
 6543 (vir)     1          21.218          -6.822          -5.238         -18.018           27.175
 6544 (vir)     1          21.219          -4.579          -1.906         -10.580           25.313
 6545 (vir)     1          21.232          -6.824          -5.240         -18.027           27.195
 6546 (vir)     1          21.237          -4.664          -1.954         -10.810           25.429
 6547 (vir)     1          21.243          -6.819          -5.236         -18.020           27.207
 6548 (vir)     1          21.246          -4.414          -1.923         -10.678           25.587
 6549 (vir)     1          21.251          -6.888          -5.288         -18.169           27.243
 6550 (vir)     1          21.256          -6.654          -5.099         -17.636           27.140
 6551 (vir)     1          21.258          -6.735          -5.170         -17.842           27.194
 6552 (vir)     1          21.278          -4.905          -1.924         -10.693           25.142
 6553 (vir)     1          21.296          -4.625          -1.905         -10.585           25.351
 6554 (vir)     1          21.298          -3.813          -2.448          -9.752           24.790
 6555 (vir)     1          21.302          -4.756          -1.977         -10.953           25.522
 6556 (vir)     1          21.311          -4.378          -1.920         -10.673           25.686
 6557 (vir)     1          21.330          -4.251          -2.787         -10.958           25.250
 6558 (vir)     1          21.341          -4.638          -1.949         -10.810           25.564
 6559 (vir)     1          21.350          -4.110          -1.917         -10.658           25.981
 6560 (vir)     1          21.374          -4.657          -1.904         -10.591           25.404
 6561 (vir)     1          21.381          -4.752          -1.934         -10.760           25.455
 6562 (vir)     1          21.396          -4.757          -1.962         -10.881           25.557
 6563 (vir)     1          21.417          -4.891          -1.914         -10.652           25.264
 6564 (vir)     1          21.441          -4.327          -2.889         -11.342           25.566
 6565 (vir)     1          21.447          -4.664          -1.945         -10.812           25.650
 6566 (vir)     1          21.449          -4.439          -3.050         -11.860           25.820
 6567 (vir)     1          21.453          -4.851          -1.911         -10.628           25.320
 6568 (vir)     1          21.454          -4.668          -1.903         -10.600           25.484
 6569 (vir)     1          21.457          -4.853          -3.471         -13.347           26.480
 6570 (vir)     1          21.471          -4.148          -2.786         -11.006           25.543
 6571 (vir)     1          21.478          -4.758          -1.945         -10.819           25.595
 6572 (vir)     1          21.483          -4.943          -3.443         -13.118           26.216
 6573 (vir)     1          21.489          -4.727          -1.947         -10.801           25.617
 6574 (vir)     1          21.493          -4.875          -3.375         -12.906           26.149
 6575 (vir)     1          21.503          -4.800          -1.906         -10.598           25.395
 6576 (vir)     1          21.514          -4.826          -1.939         -10.928           25.677
 6577 (vir)     1          21.515          -4.811          -1.939         -10.935           25.699
 6578 (vir)     1          21.524          -4.908          -3.405         -12.994           26.206
 6579 (vir)     1          21.526          -4.646          -3.159         -12.224           25.944
 6580 (vir)     1          21.527          -4.823          -1.939         -10.932           25.696
 6581 (vir)     1          21.527          -4.824          -1.936         -10.908           25.674
 6582 (vir)     1          21.530          -4.729          -1.913         -10.722           25.611
 6583 (vir)     1          21.544          -4.815          -1.934         -10.919           25.714
 6584 (vir)     1          21.549          -4.813          -1.929         -10.859           25.666
 6585 (vir)     1          21.549          -4.682          -1.945         -10.834           25.756
 6586 (vir)     1          21.562          -4.790          -1.932         -10.911           25.752
 6587 (vir)     1          21.565          -4.815          -1.934         -10.914           25.730
 6588 (vir)     1          21.572          -4.754          -3.260         -12.541           26.099
 6589 (vir)     1          21.573          -4.811          -1.981         -11.020           25.802
 6590 (vir)     1          21.576          -4.947          -3.448         -13.123           26.304
 6591 (vir)     1          21.578          -4.781          -1.929         -10.894           25.763
 6592 (vir)     1          21.582          -4.773          -1.924         -10.891           25.776
 6593 (vir)     1          21.584          -4.858          -3.326         -12.746           26.146
 6594 (vir)     1          21.588          -4.943          -3.446         -13.110           26.310
 6595 (vir)     1          21.589          -4.756          -1.922         -10.883           25.794
 6596 (vir)     1          21.607          -4.934          -3.443         -13.091           26.321
 6597 (vir)     1          21.609          -4.867          -1.939         -10.929           25.731
 6598 (vir)     1          21.615          -4.773          -1.917         -10.743           25.668
 6599 (vir)     1          21.632          -4.898          -3.404         -12.954           26.283
 6600 (vir)     1          21.637          -3.803          -2.378          -9.582           25.038
 6601 (vir)     1          21.638          -4.888          -3.347         -12.818           26.220
 6602 (vir)     1          21.641          -4.649          -3.126         -12.122           25.988
 6603 (vir)     1          21.644          -4.693          -1.950         -10.872           25.874
 6604 (vir)     1          21.655          -4.847          -1.932         -10.868           25.744
 6605 (vir)     1          21.662          -4.947          -3.436         -13.043           26.321
 6606 (vir)     1          21.662          -4.812          -1.973         -11.003           25.880
 6607 (vir)     1          21.678          -4.846          -1.933         -10.880           25.779
 6608 (vir)     1          21.686          -4.528          -1.896         -10.701           25.963
 6609 (vir)     1          21.696          -4.941          -3.432         -13.014           26.337
 6610 (vir)     1          21.697          -4.734          -3.200         -12.363           26.126
 6611 (vir)     1          21.708          -4.729          -1.906         -10.735           25.809
 6612 (vir)     1          21.712          -4.869          -3.309         -12.700           26.233
 6613 (vir)     1          21.721          -4.772          -1.950         -10.898           25.897
 6614 (vir)     1          21.721          -4.791          -1.912         -10.734           25.752
 6615 (vir)     1          21.734          -4.944          -3.427         -12.988           26.351
 6616 (vir)     1          21.734          -4.887          -1.939         -10.933           25.842
 6617 (vir)     1          21.745          -4.580          -1.893         -10.676           25.949
 6618 (vir)     1          21.751          -4.730          -1.960         -10.952           26.013
 6619 (vir)     1          21.770          -4.888          -3.322         -12.751           26.311
 6620 (vir)     1          21.775          -4.742          -1.962         -10.957           26.028
 6621 (vir)     1          21.775          -4.962          -3.425         -12.967           26.355
 6622 (vir)     1          21.778          -4.657          -3.082         -11.984           26.023
 6623 (vir)     1          21.786          -4.401          -1.891         -10.666           26.159
 6624 (vir)     1          21.791          -4.894          -1.938         -10.938           25.898
 6625 (vir)     1          21.798          -4.778          -1.908         -10.714           25.827
 6626 (vir)     1          21.811          -4.194          -2.708         -10.660           25.569
 6627 (vir)     1          21.822          -4.581          -3.066         -11.793           25.968
 6628 (vir)     1          21.829          -4.404          -1.888         -10.654           26.191
 6629 (vir)     1          21.834          -4.625          -3.127         -12.139           26.221
 6630 (vir)     1          21.850          -4.893          -3.306         -12.699           26.350
 6631 (vir)     1          21.852          -4.895          -1.932         -10.912           25.936
 6632 (vir)     1          21.864          -4.958          -3.415         -12.916           26.408
 6633 (vir)     1          21.874          -4.818          -1.914         -10.780           25.922
 6634 (vir)     1          21.876          -4.872          -1.886         -10.646           25.764
 6635 (vir)     1          21.907          -4.885          -3.293         -12.665           26.395
 6636 (vir)     1          21.913          -4.964          -3.408         -12.885           26.426
 6637 (vir)     1          21.917          -4.855          -1.921         -10.841           25.982
 6638 (vir)     1          21.920          -4.623          -3.074         -11.961           26.184
 6639 (vir)     1          21.924          -4.871          -1.883         -10.638           25.809
 6640 (vir)     1          21.944          -4.870          -1.925         -10.874           26.023
 6641 (vir)     1          21.960          -4.885          -3.338         -12.660           26.397
 6642 (vir)     1          21.972          -4.587          -3.055         -11.912           26.242
 6643 (vir)     1          21.974          -4.949          -1.880         -10.633           25.778
 6644 (vir)     1          21.988          -4.893          -3.288         -12.646           26.453
 6645 (vir)     1          21.989          -4.817          -1.907         -10.756           26.020
 6646 (vir)     1          21.995          -4.044          -2.479          -9.909           25.380
 6647 (vir)     1          22.008          -4.909          -1.930         -10.924           26.093
 6648 (vir)     1          22.013          -4.969          -3.398         -12.843           26.489
 6649 (vir)     1          22.024          -4.955          -1.882         -10.653           25.840
 6650 (vir)     1          22.043          -4.863          -3.259         -12.558           26.479
 6651 (vir)     1          22.057          -4.889          -1.917         -10.846           26.096
 6652 (vir)     1          22.058          -4.628          -3.063         -11.924           26.291
 6653 (vir)     1          22.064          -4.807          -1.901         -10.725           26.080
 6654 (vir)     1          22.068          -4.953          -3.376         -12.765           26.503
 6655 (vir)     1          22.069          -4.920          -1.930         -10.939           26.157
 6656 (vir)     1          22.074          -4.851          -1.903         -10.769           26.089
 6657 (vir)     1          22.078          -4.801          -1.905         -10.794           26.166
 6658 (vir)     1          22.106          -4.596          -3.025         -11.808           26.293
 6659 (vir)     1          22.116          -4.907          -3.324         -12.603           26.488
 6660 (vir)     1          22.117          -4.852          -1.914         -10.814           26.165
 6661 (vir)     1          22.121          -4.834          -3.252         -12.528           26.564
 6662 (vir)     1          22.128          -4.892          -1.928         -10.932           26.240
 6663 (vir)     1          22.135          -4.853          -1.878         -10.648           26.052
 6664 (vir)     1          22.136          -4.836          -1.902         -10.747           26.145
 6665 (vir)     1          22.164          -4.842          -1.928         -10.917           26.310
 6666 (vir)     1          22.166          -4.268          -2.574         -10.204           25.528
 6667 (vir)     1          22.173          -4.697          -3.227         -12.450           26.699
 6668 (vir)     1          22.174          -4.978          -3.374         -12.753           26.575
 6669 (vir)     1          22.185          -4.897          -1.922         -10.905           26.271
 6670 (vir)     1          22.186          -4.856          -3.015         -11.760           26.075
 6671 (vir)     1          22.196          -4.880          -1.912         -10.814           26.218
 6672 (vir)     1          22.196          -4.853          -1.872         -10.627           26.098
 6673 (vir)     1          22.201          -4.865          -1.909         -10.803           26.231
 6674 (vir)     1          22.229          -4.592          -3.056         -11.896           26.478
 6675 (vir)     1          22.232          -4.936          -3.329         -12.601           26.568
 6676 (vir)     1          22.240          -4.863          -1.916         -10.865           26.327
 6677 (vir)     1          22.245          -4.617          -3.192         -12.326           26.762
 6678 (vir)     1          22.256          -4.874          -1.915         -10.855           26.322
 6679 (vir)     1          22.260          -4.871          -1.871         -10.625           26.143
 6680 (vir)     1          22.263          -4.877          -1.933         -10.948           26.401
 6681 (vir)     1          22.278          -4.731          -3.254         -12.370           26.663
 6682 (vir)     1          22.283          -4.887          -1.897         -10.770           26.269
 6683 (vir)     1          22.290          -4.835          -1.912         -10.843           26.385
 6684 (vir)     1          22.292          -4.803          -3.192         -12.324           26.621
 6685 (vir)     1          22.295          -4.761          -2.964         -11.584           26.154
 6686 (vir)     1          22.298          -4.888          -1.917         -10.875           26.368
 6687 (vir)     1          22.324          -4.867          -1.914         -10.855           26.398
 6688 (vir)     1          22.326          -4.285          -2.723         -10.667           25.986
 6689 (vir)     1          22.327          -4.884          -1.917         -10.872           26.397
 6690 (vir)     1          22.327          -4.832          -1.877         -10.657           26.275
 6691 (vir)     1          22.337          -5.013          -3.116         -12.073           26.282
 6692 (vir)     1          22.339          -4.919          -3.335         -12.619           26.704
 6693 (vir)     1          22.350          -4.924          -3.083         -11.956           26.299
 6694 (vir)     1          22.362          -4.911          -1.906         -10.823           26.368
 6695 (vir)     1          22.372          -4.847          -1.895         -10.793           26.423
 6696 (vir)     1          22.383          -4.812          -3.016         -11.741           26.296
 6697 (vir)     1          22.390          -6.380          -3.125         -12.087           24.972
 6698 (vir)     1          22.399          -5.054          -3.289         -12.466           26.521
 6699 (vir)     1          22.405          -4.835          -1.896         -10.763           26.437
 6700 (vir)     1          22.422          -5.006          -3.014         -11.722           26.124
 6701 (vir)     1          22.423          -5.080          -3.108         -12.028           26.262
 6702 (vir)     1          22.433          -4.802          -3.097         -11.860           26.394
 6703 (vir)     1          22.436          -4.847          -1.863         -10.625           26.351
 6704 (vir)     1          22.448          -5.000          -3.078         -11.925           26.294
 6705 (vir)     1          22.450          -5.013          -3.040         -11.799           26.195
 6706 (vir)     1          22.464          -4.878          -3.059         -11.857           26.384
 6707 (vir)     1          22.465          -4.879          -3.052         -11.833           26.367
 6708 (vir)     1          22.476          -4.858          -1.919         -10.923           26.622
 6709 (vir)     1          22.476          -4.873          -2.944         -11.354           26.014
 6710 (vir)     1          22.498          -4.865          -1.903         -10.822           26.551
 6711 (vir)     1          22.498          -5.057          -3.266         -12.390           26.565
 6712 (vir)     1          22.505          -4.599          -1.855         -10.593           26.644
 6713 (vir)     1          22.541          -4.799          -1.881         -10.778           26.638
 6714 (vir)     1          22.541          -4.799          -1.881         -10.778           26.638
 6715 (vir)     1          22.556          -5.168          -3.249         -12.330           26.468
 6716 (vir)     1          22.568          -4.790          -2.963         -11.414           26.229
 6717 (vir)     1          22.574          -4.539          -1.853         -10.589           26.771
 6718 (vir)     1          22.583          -4.867          -1.914         -10.920           26.722
 6719 (vir)     1          22.594          -4.904          -1.897         -10.816           26.609
 6720 (vir)     1          22.616          -5.045          -3.142         -11.976           26.405
 6721 (vir)     1          22.635          -5.003          -3.131         -11.948           26.448
 6722 (vir)     1          22.646          -4.829          -1.858         -10.619           26.577
 6723 (vir)     1          22.678          -4.012          -2.621         -10.683           26.728
 6724 (vir)     1          22.678          -4.011          -2.621         -10.683           26.728
 6725 (vir)     1          22.678          -5.097          -3.043         -11.651           26.189
 6726 (vir)     1          22.685          -4.929          -1.870         -10.709           26.596
 6727 (vir)     1          22.686          -6.174          -3.170         -12.064           25.406
 6728 (vir)     1          22.689          -4.871          -1.904         -10.894           26.807
 6729 (vir)     1          22.726          -4.880          -1.885         -10.751           26.713
 6730 (vir)     1          22.729          -5.048          -3.153         -12.000           26.528
 6731 (vir)     1          22.730          -3.359          -3.061         -11.704           28.014
 6732 (vir)     1          22.764          -5.078          -3.125         -11.903           26.464
 6733 (vir)     1          22.765          -4.995          -1.847         -10.606           26.529
 6734 (vir)     1          22.766          -5.395          -3.091         -11.794           26.074
 6735 (vir)     1          22.786          -5.038          -3.109         -11.848           26.486
 6736 (vir)     1          22.787          -5.000          -3.103         -11.829           26.512
 6737 (vir)     1          22.791          -4.902          -1.885         -10.833           26.837
 6738 (vir)     1          22.821          -4.933          -1.913         -10.904           26.879
 6739 (vir)     1          22.839          -4.707          -1.838         -10.567           26.861
 6740 (vir)     1          22.843          -4.926          -1.864         -10.771           26.825
 6741 (vir)     1          22.848          -4.954          -1.871         -10.811           26.833
 6742 (vir)     1          22.863          -4.927          -1.853         -10.712           26.795
 6743 (vir)     1          22.874          -4.931          -1.880         -10.865           26.927
 6744 (vir)     1          22.890          -4.835          -1.874         -10.803           26.983
 6745 (vir)     1          22.903          -4.956          -1.838         -10.622           26.730
 6746 (vir)     1          22.906          -4.922          -1.884         -10.896           26.996
 6747 (vir)     1          22.912          -4.310          -1.834         -10.557           27.325
 6748 (vir)     1          22.923          -4.930          -1.915         -10.941           27.019
 6749 (vir)     1          22.944          -4.890          -1.886         -10.913           27.080
 6750 (vir)     1          22.962          -3.834          -1.826         -10.561           27.863
 6751 (vir)     1          22.984          -4.869          -1.868         -10.794           27.040
 6752 (vir)     1          22.984          -4.899          -1.887         -10.922           27.120
 6753 (vir)     1          22.987          -4.573          -1.837         -10.575           27.152
 6754 (vir)     1          23.023          -4.963          -1.891         -10.854           27.023
 6755 (vir)     1          23.027          -4.898          -1.888         -10.930           27.171
 6756 (vir)     1          23.036          -4.597          -1.818         -10.521           27.141
 6757 (vir)     1          23.066          -4.597          -1.856         -10.672           27.285
 6758 (vir)     1          23.071          -4.886          -1.887         -10.932           27.229
 6759 (vir)     1          23.074          -4.934          -1.864         -10.789           27.066
 6760 (vir)     1          23.110          -5.030          -1.850         -10.678           26.909
 6761 (vir)     1          23.115          -4.883          -1.886         -10.933           27.279
 6762 (vir)     1          23.118          -4.535          -1.810         -10.494           27.266
 6763 (vir)     1          23.133          -4.173          -2.677         -10.746           27.029
 6764 (vir)     1          23.141          -4.162          -2.676         -10.746           27.049
 6765 (vir)     1          23.154          -4.192          -2.675         -10.745           27.032
 6766 (vir)     1          23.155          -5.023          -1.888         -10.838           27.082
 6767 (vir)     1          23.159          -4.891          -1.885         -10.932           27.316
 6768 (vir)     1          23.160          -4.945          -1.859         -10.783           27.139
 6769 (vir)     1          23.172          -4.078          -2.674         -10.745           27.165
 6770 (vir)     1          23.186          -4.887          -1.836         -10.620           27.083
 6771 (vir)     1          23.195          -4.180          -2.672         -10.743           27.087
 6772 (vir)     1          23.203          -4.913          -1.864         -10.821           27.248
 6773 (vir)     1          23.207          -4.556          -1.823         -10.581           27.409
 6774 (vir)     1          23.223          -4.162          -2.669         -10.742           27.133
 6775 (vir)     1          23.239          -4.939          -1.853         -10.765           27.212
 6776 (vir)     1          23.244          -4.928          -1.885         -10.845           27.276
 6777 (vir)     1          23.248          -4.927          -1.881         -10.927           27.367
 6778 (vir)     1          23.253          -4.768          -1.843         -10.669           27.312
 6779 (vir)     1          23.255          -4.203          -2.667         -10.739           27.125
 6780 (vir)     1          23.292          -4.153          -2.664         -10.737           27.213
 6781 (vir)     1          23.293          -4.890          -1.880         -10.924           27.447
 6782 (vir)     1          23.298          -4.731          -1.797         -10.455           27.224
 6783 (vir)     1          23.314          -4.916          -1.856         -10.798           27.340
 6784 (vir)     1          23.334          -4.176          -2.660         -10.740           27.238
 6785 (vir)     1          23.337          -4.782          -1.878         -10.920           27.597
 6786 (vir)     1          23.361          -4.242          -2.624         -11.120           27.615
 6787 (vir)     1          23.362          -4.893          -1.868         -10.751           27.352
 6788 (vir)     1          23.363          -4.241          -2.622         -11.148           27.648
 6789 (vir)     1          23.365          -4.360          -1.850         -10.636           27.790
 6790 (vir)     1          23.381          -4.899          -1.874         -10.906           27.513
 6791 (vir)     1          23.382          -4.236          -2.654         -10.770           27.261
 6792 (vir)     1          23.392          -5.261          -1.859         -10.788           27.060
 6793 (vir)     1          23.392          -4.786          -1.792         -10.447           27.261
 6794 (vir)     1          23.425          -4.520          -1.874         -10.912           27.942
 6795 (vir)     1          23.432          -4.285          -2.653         -10.734           27.228
 6796 (vir)     1          23.447          -4.964          -1.854         -10.815           27.445
 6797 (vir)     1          23.469          -4.235          -1.872         -10.907           28.269
 6798 (vir)     1          23.487          -4.242          -2.649         -10.727           27.322
 6799 (vir)     1          23.489          -4.787          -1.783         -10.419           27.337
 6800 (vir)     1          23.499          -5.005          -1.852         -10.823           27.465
 6801 (vir)     1          23.512          -4.496          -1.822         -10.625           27.818
 6802 (vir)     1          23.512          -4.687          -1.869         -10.900           27.855
 6803 (vir)     1          23.541          -5.352          -1.836         -10.739           27.092
 6804 (vir)     1          23.542          -4.180          -2.685         -10.362           27.038
 6805 (vir)     1          23.542          -4.170          -2.685         -10.361           27.049
 6806 (vir)     1          23.546          -4.375          -2.646         -10.719           27.244
 6807 (vir)     1          23.546          -4.182          -2.683         -10.357           27.039
 6808 (vir)     1          23.547          -4.204          -2.680         -10.349           27.012
 6809 (vir)     1          23.547          -4.642          -1.802         -10.548           27.651
 6810 (vir)     1          23.552          -4.177          -2.673         -10.333           27.034
 6811 (vir)     1          23.552          -4.209          -2.675         -10.339           27.007
 6812 (vir)     1          23.555          -4.192          -2.661         -10.303           27.005
 6813 (vir)     1          23.555          -4.607          -1.867         -10.895           27.976
 6814 (vir)     1          23.557          -4.172          -2.682         -10.362           27.065
 6815 (vir)     1          23.558          -5.032          -1.879         -10.885           27.532
 6816 (vir)     1          23.566          -4.088          -2.704         -10.427           27.202
 6817 (vir)     1          23.576          -5.087          -1.850         -10.831           27.470
 6818 (vir)     1          23.583          -4.227          -2.716         -10.471           27.111
 6819 (vir)     1          23.587          -4.878          -1.776         -10.400           27.333
 6820 (vir)     1          23.599          -4.741          -1.865         -10.890           27.883
 6821 (vir)     1          23.601          -4.990          -1.850         -10.836           27.597
 6822 (vir)     1          23.606          -4.206          -2.720         -10.531           27.211
 6823 (vir)     1          23.609          -4.758          -1.779         -10.435           27.506
 6824 (vir)     1          23.610          -4.228          -2.648         -10.699           27.433
 6825 (vir)     1          23.615          -5.101          -1.849         -10.832           27.498
 6826 (vir)     1          23.638          -4.235          -2.734         -10.558           27.227
 6827 (vir)     1          23.642          -4.707          -1.863         -10.883           27.955
 6828 (vir)     1          23.654          -4.987          -1.892         -10.951           27.726
 6829 (vir)     1          23.677          -4.280          -2.638         -10.712           27.471
 6830 (vir)     1          23.679          -4.231          -2.741         -10.603           27.310
 6831 (vir)     1          23.680          -4.787          -1.772         -10.409           27.530
 6832 (vir)     1          23.685          -4.863          -1.848         -10.809           27.783
 6833 (vir)     1          23.687          -4.908          -1.780         -10.447           27.446
 6834 (vir)     1          23.728          -4.886          -1.858         -10.870           27.854
 6835 (vir)     1          23.729          -4.264          -2.748         -10.651           27.369
 6836 (vir)     1          23.748          -4.228          -2.635         -10.709           27.594
 6837 (vir)     1          23.754          -4.795          -1.767         -10.397           27.589
 6838 (vir)     1          23.761          -5.122          -1.891         -10.965           27.712
 6839 (vir)     1          23.771          -4.856          -1.856         -10.863           27.923
 6840 (vir)     1          23.788          -4.905          -1.760         -10.359           27.482
 6841 (vir)     1          23.789          -4.205          -2.752         -10.699           27.530
 6842 (vir)     1          23.815          -4.904          -1.853         -10.856           27.913
 6843 (vir)     1          23.823          -4.247          -2.632         -10.707           27.651
 6844 (vir)     1          23.831          -4.782          -1.763         -10.391           27.677
 6845 (vir)     1          23.858          -4.937          -1.851         -10.849           27.919
 6846 (vir)     1          23.858          -4.306          -2.755         -10.747           27.544
 6847 (vir)     1          23.871          -5.227          -1.880         -10.935           27.699
 6848 (vir)     1          23.890          -4.966          -1.751         -10.337           27.509
 6849 (vir)     1          23.899          -4.797          -2.896         -11.789           27.995
 6850 (vir)     1          23.899          -4.553          -2.896         -11.789           28.239
 6851 (vir)     1          23.902          -4.906          -1.848         -10.842           27.989
 6852 (vir)     1          23.902          -4.335          -2.630         -10.706           27.642
 6853 (vir)     1          23.910          -4.839          -1.767         -10.415           27.719
 6854 (vir)     1          23.937          -4.205          -2.756         -10.795           27.772
 6855 (vir)     1          23.945          -4.938          -1.846         -10.834           27.996
 6856 (vir)     1          23.975          -4.676          -1.808         -10.629           28.120
 6857 (vir)     1          23.983          -4.260          -2.628         -10.706           27.802
 6858 (vir)     1          23.989          -4.945          -1.844         -10.827           28.028
 6859 (vir)     1          23.993          -4.965          -1.742         -10.314           27.600
 6860 (vir)     1          23.997          -4.338          -1.830         -10.708           28.537
 6861 (vir)     1          24.026          -4.360          -2.756         -10.841           27.752
 6862 (vir)     1          24.033          -4.964          -1.842         -10.820           28.047
 6863 (vir)     1          24.060          -4.769          -1.751         -10.382           27.922
 6864 (vir)     1          24.068          -4.368          -2.626         -10.707           27.780
 6865 (vir)     1          24.076          -4.949          -1.840         -10.814           28.101
 6866 (vir)     1          24.098          -5.021          -1.733         -10.289           27.633
 6867 (vir)     1          24.105          -5.299          -1.876         -10.937           27.867
 6868 (vir)     1          24.119          -4.990          -1.839         -10.810           28.099
 6869 (vir)     1          24.124          -4.375          -2.754         -10.886           27.882
 6870 (vir)     1          24.141          -4.820          -1.740         -10.339           27.921
 6871 (vir)     1          24.155          -4.325          -2.626         -10.710           27.914
 6872 (vir)     1          24.160          -4.950          -1.840         -10.809           28.178
 6873 (vir)     1          24.193          -4.948          -1.844         -10.814           28.216
 6874 (vir)     1          24.203          -4.983          -1.724         -10.264           27.760
 6875 (vir)     1          24.218          -5.180          -1.875         -10.956           28.119
 6876 (vir)     1          24.221          -4.801          -1.732         -10.318           28.007
 6877 (vir)     1          24.230          -4.375          -2.751         -10.929           28.033
 6878 (vir)     1          24.245          -4.384          -2.626         -10.715           27.950
 6879 (vir)     1          24.302          -4.835          -1.727         -10.304           28.045
 6880 (vir)     1          24.309          -4.929          -1.714         -10.238           27.903
 6881 (vir)     1          24.330          -5.136          -1.795         -10.710           28.109
 6882 (vir)     1          24.332          -5.462          -1.867         -10.939           27.942
 6883 (vir)     1          24.337          -4.341          -2.628         -10.722           28.090
 6884 (vir)     1          24.343          -4.409          -2.748         -10.970           28.156
 6885 (vir)     1          24.354          -5.078          -1.796         -10.706           28.187
 6886 (vir)     1          24.384          -4.637          -1.724         -10.304           28.327
 6887 (vir)     1          24.391          -5.064          -1.798         -10.706           28.235
 6888 (vir)     1          24.401          -4.647          -2.955         -11.856           28.655
 6889 (vir)     1          24.401          -4.676          -2.951         -11.847           28.622
 6890 (vir)     1          24.401          -4.619          -2.948         -11.841           28.675
 6891 (vir)     1          24.402          -4.679          -2.944         -11.832           28.611
 6892 (vir)     1          24.402          -4.639          -2.939         -11.821           28.646
 6893 (vir)     1          24.403          -4.619          -2.933         -11.810           28.660
 6894 (vir)     1          24.405          -4.629          -2.927         -11.797           28.645
 6895 (vir)     1          24.406          -4.653          -2.921         -11.782           28.615
 6896 (vir)     1          24.408          -4.648          -2.913         -11.766           28.613
 6897 (vir)     1          24.411          -4.656          -2.905         -11.748           28.599
 6898 (vir)     1          24.414          -4.610          -2.895         -11.729           28.637
 6899 (vir)     1          24.415          -5.073          -1.705         -10.211           27.848
 6900 (vir)     1          24.418          -4.618          -2.886         -11.708           28.622
 6901 (vir)     1          24.422          -4.680          -2.876         -11.686           28.553
 6902 (vir)     1          24.428          -4.625          -2.866         -11.664           28.602
 6903 (vir)     1          24.430          -4.370          -2.631         -10.733           28.162
 6904 (vir)     1          24.435          -4.609          -2.855         -11.641           28.612
 6905 (vir)     1          24.436          -4.936          -1.798         -10.703           28.405
 6906 (vir)     1          24.443          -4.644          -2.845         -11.619           28.572
 6907 (vir)     1          24.444          -4.797          -1.832         -10.805           28.620
 6908 (vir)     1          24.452          -4.659          -2.834         -11.595           28.554
 6909 (vir)     1          24.460          -4.395          -2.745         -11.008           28.328
 6910 (vir)     1          24.462          -4.671          -2.824         -11.571           28.539
 6911 (vir)     1          24.469          -5.318          -1.747         -10.415           27.819
 6912 (vir)     1          24.474          -4.635          -2.813         -11.547           28.573
 6913 (vir)     1          24.483          -4.927          -1.796         -10.696           28.456
 6914 (vir)     1          24.487          -4.607          -2.802         -11.522           28.600
 6915 (vir)     1          24.501          -4.649          -2.791         -11.496           28.557
 6916 (vir)     1          24.517          -4.597          -2.779         -11.469           28.609
 6917 (vir)     1          24.521          -5.047          -1.696         -10.186           27.964
 6918 (vir)     1          24.524          -4.420          -2.637         -10.750           28.218
 6919 (vir)     1          24.533          -4.747          -1.793         -10.684           28.678
 6920 (vir)     1          24.534          -4.566          -2.767         -11.440           28.640
 6921 (vir)     1          24.541          -4.925          -1.725         -10.341           28.233
 6922 (vir)     1          24.552          -4.583          -2.755         -11.409           28.623
 6923 (vir)     1          24.570          -4.694          -1.842         -10.851           28.885
 6924 (vir)     1          24.572          -4.561          -2.741         -11.376           28.646
 6925 (vir)     1          24.577          -4.439          -2.739         -11.031           28.430
 6926 (vir)     1          24.584          -5.450          -1.791         -10.679           28.022
 6927 (vir)     1          24.593          -4.569          -2.727         -11.340           28.637
 6928 (vir)     1          24.615          -4.524          -2.712         -11.301           28.680
 6929 (vir)     1          24.620          -4.363          -2.650         -10.787           28.393
 6930 (vir)     1          24.625          -5.060          -1.686         -10.156           28.036
 6931 (vir)     1          24.627          -4.769          -1.698         -10.233           28.393
 6932 (vir)     1          24.637          -5.691          -1.788         -10.669           27.827
 6933 (vir)     1          24.639          -4.496          -2.695         -11.257           28.704
 6934 (vir)     1          24.663          -4.510          -2.677         -11.207           28.683
 6935 (vir)     1          24.684           2.092          -1.855         -10.927           35.848
 6936 (vir)     1          24.686          -4.398          -2.718         -10.995           28.564
 6937 (vir)     1          24.688          -4.444          -2.657         -11.151           28.739
 6938 (vir)     1          24.691          -5.278          -1.784         -10.658           28.287
 6939 (vir)     1          24.712          -4.619          -1.687         -10.195           28.601
 6940 (vir)     1          24.713          -4.454          -2.634         -11.087           28.712
 6941 (vir)     1          24.719          -4.485          -2.686         -10.889           28.437
 6942 (vir)     1          24.728          -5.075          -1.676         -10.131           28.108
 6943 (vir)     1          24.738          -4.425          -2.608         -11.012           28.717
 6944 (vir)     1          24.746          -5.163          -1.780         -10.645           28.449
 6945 (vir)     1          24.762          -4.359          -2.578         -10.924           28.749
 6946 (vir)     1          24.782          -4.419          -2.698         -10.937           28.602
 6947 (vir)     1          24.785          -4.360          -2.545         -10.820           28.700
 6948 (vir)     1          24.797          -4.747          -1.678         -10.165           28.537
 6949 (vir)     1          24.799          -4.880          -1.851         -10.930           28.998
 6950 (vir)     1          24.802          -5.189          -1.776         -10.635           28.471
 6951 (vir)     1          24.804          -4.281          -2.509         -10.700           28.714
 6952 (vir)     1          24.819          -4.244          -2.472         -10.566           28.669
 6953 (vir)     1          24.820          -4.488          -2.729         -11.014           28.617
 6954 (vir)     1          24.827          -5.192          -1.667         -10.105           28.072
 6955 (vir)     1          24.828          -4.166          -2.442         -10.431           28.651
 6956 (vir)     1          24.830          -4.194          -2.442         -10.344           28.539
 6957 (vir)     1          24.832          -4.282          -2.475         -10.362           28.438
 6958 (vir)     1          24.840          -4.321          -2.523         -10.443           28.440
 6959 (vir)     1          24.855          -4.337          -2.576         -10.534           28.476
 6960 (vir)     1          24.860          -5.308          -1.772         -10.624           28.403
 6961 (vir)     1          24.868          -4.421          -2.698         -10.930           28.679
 6962 (vir)     1          24.880          -4.375          -2.628         -10.629           28.505
 6963 (vir)     1          24.883          -3.963          -1.669         -10.136           29.388
 6964 (vir)     1          24.913          -4.548          -2.754         -11.082           28.693
 6965 (vir)     1          24.913          -4.449          -2.676         -10.718           28.505
 6966 (vir)     1          24.915          -5.083          -1.844         -10.916           28.903
 6967 (vir)     1          24.918          -5.199          -1.768         -10.612           28.562
 6968 (vir)     1          24.921          -5.090          -1.659         -10.081           28.253
 6969 (vir)     1          24.945          -4.511          -2.711         -10.957           28.680
 6970 (vir)     1          24.955          -4.490          -2.720         -10.799           28.544
 6971 (vir)     1          24.971          -5.253          -1.661         -10.112           28.170
 6972 (vir)     1          24.978          -5.222          -1.764         -10.599           28.591
 6973 (vir)     1          24.991          -4.604          -2.769         -11.111           28.729
 6974 (vir)     1          25.005          -4.548          -2.759         -10.872           28.570
 6975 (vir)     1          25.008          -5.234          -1.651         -10.060           28.182
 6976 (vir)     1          25.010          -4.511          -2.732         -11.002           28.769
 6977 (vir)     1          25.031          -4.669          -1.829         -10.865           29.398
 6978 (vir)     1          25.039          -5.279          -1.759         -10.587           28.588
 6979 (vir)     1          25.050          -4.617          -2.777         -11.116           28.773
 6980 (vir)     1          25.059          -4.580          -2.754         -11.052           28.777
 6981 (vir)     1          25.060          -4.592          -2.797         -10.941           28.613
 6982 (vir)     1          25.061          -4.541          -1.660         -10.119           28.980
 6983 (vir)     1          25.086          -5.073          -1.645         -10.043           28.411
 6984 (vir)     1          25.087          -4.655          -2.779         -11.110           28.763
 6985 (vir)     1          25.089          -4.589          -2.772         -11.091           28.819
 6986 (vir)     1          25.101          -5.474          -1.755         -10.573           28.446
 6987 (vir)     1          25.121          -4.631          -2.833         -11.008           28.664
 6988 (vir)     1          25.142          -4.091          -1.732         -10.455           29.774
 6989 (vir)     1          25.153          -5.200          -1.639         -10.029           28.343
 6990 (vir)     1          25.157          -4.441          -1.740         -10.481           29.457
 6991 (vir)     1          25.165          -5.276          -1.750         -10.560           28.699
 6992 (vir)     1          25.185          -4.695          -2.870         -11.076           28.695
 6993 (vir)     1          25.207          -5.260          -1.635         -10.016           28.329
 6994 (vir)     1          25.229          -5.262          -1.746         -10.548           28.771
 6995 (vir)     1          25.239          -4.576          -1.634         -10.033           29.063
 6996 (vir)     1          25.247          -5.299          -1.632         -10.008           28.324
 6997 (vir)     1          25.251          -4.729          -2.907         -11.146           28.761
 6998 (vir)     1          25.269          -4.899          -1.820         -10.852           29.401
 6999 (vir)     1          25.271          -5.194          -1.630         -10.003           28.451
 7000 (vir)     1          25.295          -5.275          -1.741         -10.536           28.815
 7001 (vir)     1          25.319          -4.796          -2.946         -11.220           28.797
 7002 (vir)     1          25.333          -4.627          -1.612          -9.947           29.041
 7003 (vir)     1          25.362          -5.545          -1.736         -10.523           28.604
 7004 (vir)     1          25.385          -5.113          -1.823         -10.881           29.330
 7005 (vir)     1          25.387          -4.835          -2.986         -11.298           28.864
 7006 (vir)     1          25.428          -4.497          -1.597          -9.890           29.224
 7007 (vir)     1          25.431          -5.328          -1.731         -10.509           28.881
 7008 (vir)     1          25.453          -4.913          -3.026         -11.380           28.894
 7009 (vir)     1          25.500          -5.368          -1.726         -10.496           28.903
 7010 (vir)     1          25.502          -5.227          -1.818         -10.878           29.336
 7011 (vir)     1          25.517          -5.002          -3.064         -11.465           28.916
 7012 (vir)     1          25.523          -4.654          -1.582          -9.837           29.123
 7013 (vir)     1          25.526          -4.899          -2.956         -11.509           29.179
 7014 (vir)     1          25.526          -4.899          -2.957         -11.509           29.179
 7015 (vir)     1          25.567          -5.248          -2.954         -11.722           29.088
 7016 (vir)     1          25.569          -5.236          -2.955         -11.716           29.093
 7017 (vir)     1          25.571          -5.348          -1.721         -10.483           28.985
 7018 (vir)     1          25.575          -5.072          -3.081         -11.566           28.987
 7019 (vir)     1          25.598          -5.208          -2.932         -11.670           29.128
 7020 (vir)     1          25.605          -5.218          -2.950         -11.641           29.078
 7021 (vir)     1          25.618          -4.752          -1.568          -9.784           29.082
 7022 (vir)     1          25.620          -3.843          -1.813         -10.869           30.834
 7023 (vir)     1          25.630          -5.135          -3.088         -11.612           29.020
 7024 (vir)     1          25.643          -5.805          -1.715         -10.470           28.591
 7025 (vir)     1          25.646          -5.187          -2.910         -11.581           29.130
 7026 (vir)     1          25.656          -5.079          -2.943         -11.600           29.235
 7027 (vir)     1          25.687          -5.198          -3.128         -11.634           28.994
 7028 (vir)     1          25.711          -4.820          -1.554          -9.731           29.068
 7029 (vir)     1          25.712          -5.161          -2.948         -11.552           29.154
 7030 (vir)     1          25.712          -5.086          -2.890         -11.547           29.283
 7031 (vir)     1          25.716          -5.564          -1.710         -10.456           28.898
 7032 (vir)     1          25.738          -5.328          -1.806         -10.856           29.460
 7033 (vir)     1          25.743          -5.233          -3.123         -11.642           29.029
 7034 (vir)     1          25.761          -5.345          -3.133         -11.689           28.973
 7035 (vir)     1          25.769          -5.303          -3.136         -11.696           29.026
 7036 (vir)     1          25.769          -5.236          -3.135         -11.702           29.099
 7037 (vir)     1          25.781          -5.026          -2.817         -11.390           29.328
 7038 (vir)     1          25.790          -5.353          -1.705         -10.443           29.174
 7039 (vir)     1          25.801          -5.169          -2.946         -11.539           29.225
 7040 (vir)     1          25.801          -4.188          -1.540          -9.681           29.754
 7041 (vir)     1          25.803          -5.323          -3.089         -11.592           28.982
 7042 (vir)     1          25.808          -5.296          -3.222         -11.782           29.073
 7043 (vir)     1          25.825          -5.340          -3.213         -11.835           29.107
 7044 (vir)     1          25.835          -5.274          -3.214         -11.798           29.145
 7045 (vir)     1          25.851          -5.315          -3.236         -11.824           29.124
 7046 (vir)     1          25.857          -4.562          -1.797         -10.832           30.330
 7047 (vir)     1          25.863          -5.326          -3.252         -11.848           29.132
 7048 (vir)     1          25.865          -5.579          -1.699         -10.429           29.016
 7049 (vir)     1          25.872          -5.078          -2.836         -11.419           29.376
 7050 (vir)     1          25.876          -5.004          -2.902         -11.215           29.186
 7051 (vir)     1          25.877          -5.082          -2.827         -11.315           29.282
 7052 (vir)     1          25.887          -4.632          -1.529          -9.642           29.368
 7053 (vir)     1          25.896          -5.408          -3.302         -11.987           29.173
 7054 (vir)     1          25.941          -5.769          -1.694         -10.416           28.894
 7055 (vir)     1          25.959          -5.078          -2.725         -11.160           29.316
 7056 (vir)     1          25.963          -4.977          -2.778         -11.307           29.515
 7057 (vir)     1          25.964          -4.793          -1.528          -9.648           29.290
 7058 (vir)     1          25.971          -5.415          -3.318         -11.999           29.238
 7059 (vir)     1          25.977          -5.304          -1.779         -10.768           29.661
 7060 (vir)     1          25.988          -4.780          -2.640         -10.754           29.321
 7061 (vir)     1          26.019          -6.096          -1.688         -10.402           28.637
 7062 (vir)     1          26.033          -4.262          -1.503          -9.541           29.810
 7063 (vir)     1          26.046          -5.026          -2.725         -11.187           29.482
 7064 (vir)     1          26.049          -5.401          -3.314         -11.980           29.314
 7065 (vir)     1          26.066          -4.920          -2.683         -11.093           29.556
 7066 (vir)     1          26.080          -4.549          -2.596         -10.794           29.730
 7067 (vir)     1          26.089          -4.772          -1.493          -9.507           29.330
 7068 (vir)     1          26.095          -5.326          -1.787         -10.819           29.801
 7069 (vir)     1          26.097          -6.049          -1.683         -10.389           28.755
 7070 (vir)     1          26.131          -4.099          -1.487          -9.483           30.028
 7071 (vir)     1          26.146          -5.473          -3.343         -11.988           29.319
 7072 (vir)     1          26.151          -4.828          -2.654         -11.075           29.745
 7073 (vir)     1          26.156          -4.754          -2.719         -10.998           29.681
 7074 (vir)     1          26.157          -3.691          -1.483          -9.466           30.449
 7075 (vir)     1          26.166          -5.069          -2.618         -10.850           29.329
 7076 (vir)     1          26.176          -6.861          -1.677         -10.375           28.014
 7077 (vir)     1          26.215          -5.427          -1.781         -10.807           29.814
 7078 (vir)     1          26.241          -4.873          -2.604         -10.906           29.671
 7079 (vir)     1          26.251          -5.510          -3.373         -12.026           29.394
 7080 (vir)     1          26.256          -4.230          -1.671         -10.362           30.717
 7081 (vir)     1          26.280          -4.681          -2.576         -10.908           29.931
 7082 (vir)     1          26.284          -5.075          -2.760         -10.975           29.424
 7083 (vir)     1          26.336          -5.424          -1.774         -10.792           29.930
 7084 (vir)     1          26.337          -4.789          -1.665         -10.348           30.231
 7085 (vir)     1          26.355          -5.416          -3.284         -11.863           29.518
 7086 (vir)     1          26.360          -4.671          -2.543         -10.862           30.008
 7087 (vir)     1          26.399          -4.914          -2.519         -10.641           29.606
 7088 (vir)     1          26.419          -4.480          -1.660         -10.334           30.613
 7089 (vir)     1          26.421          -4.934          -2.798         -11.221           29.909
 7090 (vir)     1          26.444          -5.230          -3.088         -11.653           29.778
 7091 (vir)     1          26.456          -4.574          -2.471         -10.887           30.298
 7092 (vir)     1          26.457          -5.210          -1.767         -10.777           30.256
 7093 (vir)     1          26.457          -4.984          -2.497         -10.582           29.559
 7094 (vir)     1          26.491          -4.617          -2.495         -10.776           30.156
 7095 (vir)     1          26.501          -4.514          -1.654         -10.321           30.654
 7096 (vir)     1          26.509          -4.421          -2.497         -10.951           30.542
 7097 (vir)     1          26.518          -4.740          -2.699         -11.058           30.138
 7098 (vir)     1          26.540          -5.488          -3.358         -11.918           29.612
 7099 (vir)     1          26.559          -4.610          -2.474         -10.736           30.211
 7100 (vir)     1          26.574          -4.655          -2.540         -10.796           30.175
 7101 (vir)     1          26.578          -5.347          -1.760         -10.761           30.232
 7102 (vir)     1          26.583          -4.473          -1.648         -10.307           30.769
 7103 (vir)     1          26.586          -4.800          -2.723         -10.779           29.844
 7104 (vir)     1          26.591          -4.313          -2.494         -10.962           30.746
 7105 (vir)     1          26.606          -4.610          -2.465         -10.717           30.248
 7106 (vir)     1          26.637          -5.542          -3.377         -11.871           29.590
 7107 (vir)     1          26.654          -4.622          -2.517         -10.859           30.374
 7108 (vir)     1          26.656          -4.533          -2.453         -10.720           30.389
 7109 (vir)     1          26.667          -4.319          -1.642         -10.293           30.999
 7110 (vir)     1          26.685          -4.676          -2.446         -10.643           30.206
 7111 (vir)     1          26.689          -4.533          -2.503         -10.997           30.651
 7112 (vir)     1          26.701          -5.067          -1.753         -10.743           30.624
 7113 (vir)     1          26.711          -4.465          -2.443         -10.713           30.516
 7114 (vir)     1          26.715          -5.702          -3.555         -12.154           29.612
 7115 (vir)     1          26.717          -5.367          -2.424         -10.247           29.173
 7116 (vir)     1          26.746          -4.635          -2.518         -10.891           30.483
 7117 (vir)     1          26.750          -4.594          -1.636         -10.279           30.799
 7118 (vir)     1          26.793          -4.734          -2.508         -10.922           30.473
 7119 (vir)     1          26.800          -5.706          -3.575         -12.161           29.680
 7120 (vir)     1          26.815          -5.435          -1.735         -10.709           30.353
 7121 (vir)     1          26.833          -4.420          -1.630         -10.265           31.049
 7122 (vir)     1          26.845          -4.788          -2.593         -11.010           30.474
 7123 (vir)     1          26.859          -5.129          -2.839         -10.976           29.867
 7124 (vir)     1          26.886          -5.512          -3.113         -11.339           29.601
 7125 (vir)     1          26.908          -4.664          -2.533         -10.941           30.653
 7126 (vir)     1          26.917          -4.819          -1.624         -10.250           30.724
 7127 (vir)     1          26.939          -5.680          -3.541         -12.084           29.802
 7128 (vir)     1          26.946          -5.288          -1.738         -10.710           30.631
 7129 (vir)     1          26.963          -4.765          -2.523         -11.090           30.765
 7130 (vir)     1          26.980          -5.317          -2.321         -10.105           29.446
 7131 (vir)     1          26.992          -4.766          -1.921          -9.922           30.227
 7132 (vir)     1          26.997          -5.646          -3.545         -12.066           29.871
 7133 (vir)     1          27.001          -4.628          -1.618         -10.236           30.991
 7134 (vir)     1          27.001          -4.531          -1.910          -9.924           30.483
 7135 (vir)     1          27.018          -4.915          -1.936          -9.935           30.103
 7136 (vir)     1          27.020          -4.723          -2.560         -10.910           30.646
 7137 (vir)     1          27.033          -4.807          -1.936          -9.957           30.247
 7138 (vir)     1          27.042          -5.618          -3.527         -12.029           29.926
 7139 (vir)     1          27.063          -4.884          -1.949          -9.959           30.189
 7140 (vir)     1          27.071          -5.286          -1.730         -10.692           30.747
 7141 (vir)     1          27.078          -5.496          -3.423         -11.926           30.084
 7142 (vir)     1          27.080          -4.823          -1.988         -10.011           30.281
 7143 (vir)     1          27.084          -4.603          -1.612         -10.220           31.090
 7144 (vir)     1          27.089          -4.755          -2.552         -11.209           30.991
 7145 (vir)     1          27.105          -5.512          -3.447         -11.913           30.058
 7146 (vir)     1          27.115          -4.768          -2.599         -10.916           30.664
 7147 (vir)     1          27.123          -5.506          -3.450         -11.917           30.084
 7148 (vir)     1          27.123          -4.900          -1.979         -10.000           30.244
 7149 (vir)     1          27.133          -5.483          -3.435         -11.896           30.111
 7150 (vir)     1          27.140          -4.759          -2.033         -10.059           30.407
 7151 (vir)     1          27.167          -4.787          -1.605         -10.205           30.980
 7152 (vir)     1          27.193          -5.047          -2.407         -10.199           29.938
 7153 (vir)     1          27.196          -5.421          -1.723         -10.673           30.726
 7154 (vir)     1          27.197          -4.805          -2.014         -10.053           30.431
 7155 (vir)     1          27.215          -4.986          -2.052         -10.088           30.265
 7156 (vir)     1          27.218          -4.789          -2.602         -10.963           30.791
 7157 (vir)     1          27.225          -4.724          -2.439         -11.081           31.142
 7158 (vir)     1          27.250          -4.959          -1.599         -10.189           30.881
 7159 (vir)     1          27.286          -4.974          -2.038         -10.111           30.386
 7160 (vir)     1          27.304          -5.241          -2.077         -10.099           30.084
 7161 (vir)     1          27.314          -4.791          -2.610         -10.975           30.889
 7162 (vir)     1          27.323          -5.405          -1.715         -10.654           30.856
 7163 (vir)     1          27.332          -4.640          -1.592         -10.172           31.271
 7164 (vir)     1          27.352          -4.730          -2.494         -11.159           31.287
 7165 (vir)     1          27.391          -5.520          -2.115         -10.097           29.854
 7166 (vir)     1          27.393          -4.831          -2.054         -10.170           30.678
 7167 (vir)     1          27.400          -4.772          -2.583         -11.085           31.130
 7168 (vir)     1          27.414          -4.912          -1.586         -10.154           31.070
 7169 (vir)     1          27.450          -5.116          -1.707         -10.634           31.262
 7170 (vir)     1          27.456          -4.855          -2.631         -11.081           31.051
 7171 (vir)     1          27.485          -5.407          -2.102         -10.170           30.146
 7172 (vir)     1          27.495          -4.916          -1.579         -10.135           31.134
 7173 (vir)     1          27.511          -4.996          -2.568         -10.751           30.698
 7174 (vir)     1          27.514          -4.589          -2.464         -11.239           31.699
 7175 (vir)     1          27.516          -5.185          -2.078         -10.228           30.480
 7176 (vir)     1          27.554          -5.223          -2.462         -10.376           30.246
 7177 (vir)     1          27.574          -4.741          -1.572         -10.115           31.376
 7178 (vir)     1          27.578          -5.037          -1.698         -10.613           31.456
 7179 (vir)     1          27.582          -4.918          -2.685         -11.138           31.117
 7180 (vir)     1          27.607          -5.188          -2.095         -10.265           30.590
 7181 (vir)     1          27.622          -4.920          -2.666         -11.141           31.177
 7182 (vir)     1          27.643          -5.460          -2.134         -10.254           30.303
 7183 (vir)     1          27.653          -4.685          -1.565         -10.094           31.497
 7184 (vir)     1          27.658          -4.497          -2.461         -11.280           31.980
 7185 (vir)     1          27.660          -4.864          -2.729         -11.184           31.250
 7186 (vir)     1          27.691          -4.947          -2.740         -11.216           31.220
 7187 (vir)     1          27.708          -5.292          -1.690         -10.591           31.317
 7188 (vir)     1          27.712          -4.970          -2.766         -11.237           31.213
 7189 (vir)     1          27.728          -4.977          -2.786         -11.265           31.230
 7190 (vir)     1          27.730          -4.837          -1.557         -10.072           31.408
 7191 (vir)     1          27.739          -5.025          -2.808         -11.293           31.199
 7192 (vir)     1          27.743          -5.686          -2.213         -10.230           30.074
 7193 (vir)     1          27.746          -5.059          -2.836         -11.327           31.178
 7194 (vir)     1          27.750          -5.280          -2.112         -10.347           30.704
 7195 (vir)     1          27.752          -5.114          -2.872         -11.368           31.133
 7196 (vir)     1          27.757          -5.206          -2.917         -11.416           31.050
 7197 (vir)     1          27.762          -5.275          -2.966         -11.468           30.989
 7198 (vir)     1          27.768          -5.322          -3.015         -11.520           30.951
 7199 (vir)     1          27.775          -5.379          -3.060         -11.566           30.902
 7200 (vir)     1          27.780          -5.440          -3.097         -11.604           30.846
 7201 (vir)     1          27.784          -5.473          -3.121         -11.627           30.817
 7202 (vir)     1          27.796          -4.702          -2.398         -11.324           32.019
 7203 (vir)     1          27.807          -4.361          -1.549         -10.047           31.944
 7204 (vir)     1          27.838          -5.170          -1.682         -10.569           31.555
 7205 (vir)     1          27.853          -5.325          -2.160         -10.366           30.733
 7206 (vir)     1          27.881          -4.319          -1.541         -10.022           32.042
 7207 (vir)     1          27.890          -5.409          -2.357         -10.042           30.165
 7208 (vir)     1          27.901          -5.536          -2.152         -10.412           30.625
 7209 (vir)     1          27.934          -4.650          -2.379         -11.343           32.248
 7210 (vir)     1          27.954          -4.385          -1.533          -9.994           32.030
 7211 (vir)     1          27.970          -4.933          -1.673         -10.544           31.908
 7212 (vir)     1          28.003          -5.431          -2.161         -10.479           30.890
 7213 (vir)     1          28.023          -6.182          -2.284         -10.372           29.930
 7214 (vir)     1          28.025          -4.140          -1.524          -9.964           32.325
 7215 (vir)     1          28.072          -4.736          -2.365         -11.360           32.330
 7216 (vir)     1          28.094          -3.939          -1.515          -9.933           32.572
 7217 (vir)     1          28.103          -4.658          -1.664         -10.516           32.296
 7218 (vir)     1          28.110          -5.582          -2.256         -10.511           30.784
 7219 (vir)     1          28.128          -4.985          -2.545         -10.805           31.403
 7220 (vir)     1          28.139          -5.000          -2.545         -10.809           31.404
 7221 (vir)     1          28.159          -5.011          -2.538         -10.806           31.415
 7222 (vir)     1          28.160          -4.047          -1.506          -9.900           32.506
 7223 (vir)     1          28.164          -5.573          -2.229         -10.589           30.951
 7224 (vir)     1          28.182          -5.075          -2.522         -10.794           31.379
 7225 (vir)     1          28.206          -4.803          -2.352         -11.374           32.426
 7226 (vir)     1          28.209          -4.970          -2.528         -10.812           31.523
 7227 (vir)     1          28.222          -3.494          -1.497          -9.866           33.098
 7228 (vir)     1          28.226          -5.998          -2.387         -10.148           29.988
 7229 (vir)     1          28.236          -4.507          -1.656         -10.477           32.550
 7230 (vir)     1          28.239          -5.087          -2.539         -10.807           31.421
 7231 (vir)     1          28.259          -5.386          -2.318         -10.693           31.248
 7232 (vir)     1          28.281          -2.649          -1.487          -9.831           33.977
 7233 (vir)     1          28.281          -6.138          -2.390         -10.578           30.332
 7234 (vir)     1          28.283          -5.210          -2.453         -10.775           31.395
 7235 (vir)     1          28.311          -5.014          -2.486         -10.810           31.620
 7236 (vir)     1          28.336          -2.824          -1.478          -9.797           33.831
 7237 (vir)     1          28.338          -4.840          -2.341         -11.388           32.545
 7238 (vir)     1          28.350          -4.955          -2.529         -10.844           31.710
 7239 (vir)     1          28.362          -5.565          -2.361         -10.727           31.163
 7240 (vir)     1          28.368          -4.415          -1.657         -10.380           32.675
 7241 (vir)     1          28.384          -3.681          -1.470          -9.765           32.998
 7242 (vir)     1          28.398          -5.101          -2.478         -10.819           31.637
 7243 (vir)     1          28.415          -5.998          -2.301         -10.728           30.845
 7244 (vir)     1          28.426          -3.141          -1.462          -9.735           33.558
 7245 (vir)     1          28.427          -5.099          -2.528         -10.847           31.648
 7246 (vir)     1          28.432          -5.914          -3.370         -12.032           31.180
 7247 (vir)     1          28.433          -5.954          -3.422         -12.062           31.118
 7248 (vir)     1          28.460          -5.300          -1.456          -9.710           31.415
 7249 (vir)     1          28.461          -3.406          -1.829          -9.760           32.986
 7250 (vir)     1          28.468          -4.984          -2.388         -11.438           32.533
 7251 (vir)     1          28.471          -4.973          -2.514         -10.878           31.862
 7252 (vir)     1          28.479          -3.495          -1.885          -9.748           32.847
 7253 (vir)     1          28.485          -5.671          -1.451          -9.691           31.055
 7254 (vir)     1          28.485          -5.982          -2.426         -10.769           30.847
 7255 (vir)     1          28.500          -5.417          -1.448          -9.679           31.315
 7256 (vir)     1          28.504          -6.054          -2.328         -10.794           30.917
 7257 (vir)     1          28.519          -5.086          -2.496         -10.883           31.820
 7258 (vir)     1          28.528          -3.189          -1.712         -10.381           34.007
 7259 (vir)     1          28.543          -6.100          -2.430         -10.319           30.333
 7260 (vir)     1          28.557          -5.239          -2.526         -10.904           31.697
 7261 (vir)     1          28.568          -6.270          -2.359         -10.841           30.780
 7262 (vir)     1          28.572          -6.243          -2.395         -10.850           30.785
 7263 (vir)     1          28.592          -4.971          -2.327         -11.396           32.690
 7264 (vir)     1          28.605          -5.006          -2.536         -10.939           32.003
 7265 (vir)     1          28.651          -4.982          -2.542         -10.960           32.087
 7266 (vir)     1          28.656          -1.483          -1.641         -10.467           35.999
 7267 (vir)     1          28.700          -4.912          -2.544         -10.980           32.224
 7268 (vir)     1          28.711          -5.017          -2.313         -11.418           32.798
 7269 (vir)     1          28.751          -4.939          -2.545         -10.999           32.266
 7270 (vir)     1          28.795          -3.919          -1.625         -10.443           33.694
 7271 (vir)     1          28.804          -4.951          -2.544         -11.019           32.327
 7272 (vir)     1          28.827          -5.039          -2.305         -11.427           32.910
 7273 (vir)     1          28.835          -6.531          -2.473         -10.476           30.306
 7274 (vir)     1          28.859          -4.983          -2.543         -11.038           32.370
 7275 (vir)     1          28.916          -4.955          -2.540         -11.056           32.476
 7276 (vir)     1          28.936          -2.800          -1.614         -10.417           34.939
 7277 (vir)     1          28.940          -5.046          -2.301         -11.422           33.015
 7278 (vir)     1          28.974          -4.987          -2.536         -11.074           32.525
 7279 (vir)     1          29.033          -4.957          -2.530         -11.091           32.638
 7280 (vir)     1          29.043          -5.149          -2.311         -11.389           32.972
 7281 (vir)     1          29.079          -3.496          -1.603         -10.392           34.372
 7282 (vir)     1          29.094          -5.008          -2.522         -11.109           32.673
 7283 (vir)     1          29.099          -6.774          -2.498         -10.690           30.516
 7284 (vir)     1          29.149          -5.199          -2.295         -11.441           33.096
 7285 (vir)     1          29.156          -5.043          -2.513         -11.127           32.727
 7286 (vir)     1          29.218          -5.028          -2.503         -11.147           32.834
 7287 (vir)     1          29.224          -5.077          -1.593         -10.367           32.921
 7288 (vir)     1          29.249          -5.201          -2.295         -11.432           33.184
 7289 (vir)     1          29.278          -5.093          -2.492         -11.169           32.863
 7290 (vir)     1          29.304          -5.471          -2.309         -10.991           32.515
 7291 (vir)     1          29.308          -4.825          -2.194         -10.949           33.238
 7292 (vir)     1          29.312          -5.503          -2.323         -10.978           32.463
 7293 (vir)     1          29.323          -4.796          -2.199         -10.962           33.289
 7294 (vir)     1          29.325          -4.784          -2.202         -10.962           33.301
 7295 (vir)     1          29.336          -5.060          -2.478         -11.188           32.987
 7296 (vir)     1          29.349          -5.205          -2.248         -10.916           32.813
 7297 (vir)     1          29.353          -4.853          -2.206         -10.978           33.272
 7298 (vir)     1          29.355          -5.585          -2.340         -11.240           32.670
 7299 (vir)     1          29.371          -4.787          -1.582         -10.342           33.343
 7300 (vir)     1          29.377          -4.696          -2.199         -10.967           33.450
 7301 (vir)     1          29.389          -5.118          -2.460         -11.201           33.012
 7302 (vir)     1          29.392          -4.836          -2.224         -11.030           33.361
 7303 (vir)     1          29.418          -5.041          -2.288         -11.258           33.347
 7304 (vir)     1          29.422          -5.009          -2.194         -10.946           33.165
 7305 (vir)     1          29.429          -5.373          -2.262         -10.724           32.519
 7306 (vir)     1          29.431          -5.223          -2.304         -10.836           32.740
 7307 (vir)     1          29.434          -5.169          -2.388         -11.107           32.984
 7308 (vir)     1          29.445          -4.980          -2.241         -11.141           33.365
 7309 (vir)     1          29.463          -5.169          -2.343         -11.049           33.000
 7310 (vir)     1          29.471          -4.871          -2.211         -11.009           33.397
 7311 (vir)     1          29.471          -5.235          -2.409         -11.159           32.987
 7312 (vir)     1          29.474          -5.340          -2.319         -10.850           32.665
 7313 (vir)     1          29.475          -4.904          -2.270         -11.140           33.440
 7314 (vir)     1          29.480          -5.269          -2.395         -11.148           32.964
 7315 (vir)     1          29.519          -3.055          -1.572         -10.317           35.208
 7316 (vir)     1          29.526          -7.177          -2.441         -11.123           31.030
 7317 (vir)     1          29.526          -5.168          -2.239         -11.211           33.330
 7318 (vir)     1          29.529          -5.402          -2.322         -10.740           32.545
 7319 (vir)     1          29.531          -4.923          -2.230         -11.094           33.473
 7320 (vir)     1          29.534          -5.709          -2.352         -10.983           32.455
 7321 (vir)     1          29.591          -4.947          -2.288         -11.206           33.562
 7322 (vir)     1          29.597          -4.838          -2.224         -11.062           33.597
 7323 (vir)     1          29.612          -4.843          -2.272         -11.223           33.720
 7324 (vir)     1          29.615          -5.611          -2.313         -10.622           32.312
 7325 (vir)     1          29.658          -5.069          -2.301         -11.274           33.562
 7326 (vir)     1          29.664          -5.019          -2.220         -10.990           33.415
 7327 (vir)     1          29.669          -4.545          -1.562         -10.292           33.854
 7328 (vir)     1          29.670          -5.573          -2.386         -11.315           33.027
 7329 (vir)     1          29.715          -6.044          -2.388         -10.999           32.281
 7330 (vir)     1          29.731          -5.671          -2.373         -11.381           33.068
 7331 (vir)     1          29.733          -5.622          -2.326         -10.578           32.362
 7332 (vir)     1          29.735          -4.980          -2.275         -11.193           33.673
 7333 (vir)     1          29.760          -4.938          -2.240         -11.151           33.732
 7334 (vir)     1          29.799          -5.176          -2.326         -11.345           33.642
 7335 (vir)     1          29.806          -5.029          -2.305         -11.272           33.744
 7336 (vir)     1          29.821          -6.400          -1.551         -10.267           32.136
 7337 (vir)     1          29.841          -4.883          -2.208         -11.091           33.841
 7338 (vir)     1          29.850          -8.228          -2.545         -11.223           30.301
 7339 (vir)     1          29.872          -5.396          -2.347         -11.439           33.568
 7340 (vir)     1          29.873          -5.825          -2.352         -10.612           32.308
 7341 (vir)     1          29.877          -5.140          -2.325         -11.307           33.720
 7342 (vir)     1          29.921          -5.025          -2.231         -11.121           33.786
 7343 (vir)     1          29.937          -5.655          -2.356         -11.510           33.436
 7344 (vir)     1          29.939          -5.533          -2.408         -11.484           33.482
 7345 (vir)     1          29.963          -5.985          -2.402         -11.151           32.726
 7346 (vir)     1          29.974          -5.954          -1.541         -10.242           32.722
 7347 (vir)     1          29.991          -5.603          -2.415         -11.478           33.450
 7348 (vir)     1          30.004          -4.853          -2.246         -11.040           33.943
 7349 (vir)     1          30.021          -5.867          -2.372         -10.679           32.460
 7350 (vir)     1          30.045          -5.469          -2.262         -11.103           33.417
 7351 (vir)     1          30.056          -5.548          -2.453         -11.400           33.455
 7352 (vir)     1          30.084          -5.320          -2.341         -11.185           33.607
 7353 (vir)     1          30.114          -4.765          -2.177         -11.048           34.220
 7354 (vir)     1          30.129          -3.718          -1.530         -10.216           35.098
 7355 (vir)     1          30.141          -6.412          -2.524         -11.391           32.596
 7356 (vir)     1          30.161          -5.094          -2.392         -11.301           33.975
 7357 (vir)     1          30.168          -6.182          -2.382         -10.749           32.352
 7358 (vir)     1          30.169          -4.823          -2.137         -11.025           34.234
 7359 (vir)     1          30.210          -4.832          -2.121         -11.032           34.289
 7360 (vir)     1          30.225          -6.061          -2.495         -11.493           33.162
 7361 (vir)     1          30.229          -4.915          -2.168         -11.093           34.240
 7362 (vir)     1          30.243          -5.139          -2.362         -11.334           34.075
 7363 (vir)     1          30.247          -5.654          -2.443         -11.561           33.711
 7364 (vir)     1          30.278          -5.330          -2.449         -11.614           34.114
 7365 (vir)     1          30.286          -5.515          -1.519         -10.191           33.443
 7366 (vir)     1          30.309          -5.851          -2.384         -10.812           32.886
 7367 (vir)     1          30.317          -5.212          -2.421         -11.527           34.211
 7368 (vir)     1          30.328          -5.223          -2.566         -11.558           34.098
 7369 (vir)     1          30.341          -5.294          -2.508         -11.607           34.146
 7370 (vir)     1          30.385          -5.553          -2.341         -10.952           33.443
 7371 (vir)     1          30.387          -5.595          -2.325         -10.921           33.388
 7372 (vir)     1          30.389          -5.527          -2.453         -11.674           34.083
 7373 (vir)     1          30.405          -6.182          -2.575         -11.652           33.301
 7374 (vir)     1          30.414          -5.560          -2.532         -11.547           33.869
 7375 (vir)     1          30.420          -5.492          -2.357         -10.961           33.532
 7376 (vir)     1          30.435          -5.683          -2.295         -10.886           33.343
 7377 (vir)     1          30.444          -7.988          -1.508         -10.166           31.113
 7378 (vir)     1          30.453          -6.081          -2.384         -10.924           32.911
 7379 (vir)     1          30.457          -5.926          -2.544         -11.741           33.728
 7380 (vir)     1          30.470          -4.966          -2.573         -11.741           34.672
 7381 (vir)     1          30.490          -5.495          -2.394         -11.104           33.705
 7382 (vir)     1          30.498          -5.395          -2.523         -11.560           34.140
 7383 (vir)     1          30.504          -5.545          -2.257         -10.839           33.542
 7384 (vir)     1          30.519          -6.141          -2.610         -11.777           33.545
 7385 (vir)     1          30.527          -5.007          -2.578         -11.805           34.746
 7386 (vir)     1          30.572          -5.728          -2.629         -11.833           34.047
 7387 (vir)     1          30.572          -6.297          -2.645         -11.823           33.453
 7388 (vir)     1          30.577          -5.719          -2.449         -11.249           33.658
 7389 (vir)     1          30.580          -6.164          -2.362         -10.929           32.983
 7390 (vir)     1          30.588          -5.543          -2.250         -10.830           33.626
 7391 (vir)     1          30.594          -5.464          -2.524         -11.675           34.280
 7392 (vir)     1          30.604          -7.721          -1.497         -10.141           31.526
 7393 (vir)     1          30.613          -6.322          -2.653         -11.902           33.540
 7394 (vir)     1          30.616          -6.236          -2.647         -11.838           33.570
 7395 (vir)     1          30.643          -6.508          -2.678         -11.942           33.399
 7396 (vir)     1          30.644          -6.436          -2.688         -11.936           33.456
 7397 (vir)     1          30.662          -6.048          -2.698         -11.967           33.883
 7398 (vir)     1          30.663          -6.484          -2.700         -11.966           33.444
 7399 (vir)     1          30.680          -5.820          -2.507         -11.396           33.749
 7400 (vir)     1          30.680          -5.582          -2.232         -10.839           33.705
 7401 (vir)     1          30.698          -5.235          -2.528         -11.660           34.594
 7402 (vir)     1          30.709          -4.551          -2.364         -10.972           34.766
 7403 (vir)     1          30.765          -6.851          -1.486         -10.115           32.543
 7404 (vir)     1          30.782          -5.580          -2.239         -10.881           33.843
 7405 (vir)     1          30.794          -6.109          -2.566         -11.536           33.656
 7406 (vir)     1          30.800          -5.303          -2.552         -11.713           34.658
 7407 (vir)     1          30.832          -5.886          -2.350         -11.000           33.596
 7408 (vir)     1          30.890          -5.691          -2.257         -10.941           33.882
 7409 (vir)     1          30.900          -5.262          -2.565         -11.751           34.824
 7410 (vir)     1          30.916          -6.294          -2.624         -11.671           33.669
 7411 (vir)     1          30.928          -7.143          -1.475         -10.090           32.399
 7412 (vir)     1          30.951          -5.862          -2.332         -11.020           33.776
 7413 (vir)     1          30.993          -4.624          -2.546         -11.729           35.552
 7414 (vir)     1          31.002          -5.762          -2.281         -11.012           33.972
 7415 (vir)     1          31.040          -6.696          -2.680         -11.796           33.460
 7416 (vir)     1          31.065          -5.318          -2.314         -11.037           34.470
 7417 (vir)     1          31.069          -5.288          -2.371         -11.370           34.779
 7418 (vir)     1          31.091          -7.945          -1.464         -10.064           31.747
 7419 (vir)     1          31.106          -5.012          -2.122         -10.808           34.779
 7420 (vir)     1          31.116          -5.825          -2.309         -11.094           34.076
 7421 (vir)     1          31.129          -5.231          -2.282         -11.139           34.756
 7422 (vir)     1          31.163          -7.258          -2.721         -11.895           33.079
 7423 (vir)     1          31.176          -5.712          -2.298         -11.053           34.219
 7424 (vir)     1          31.183          -5.539          -2.582         -11.824           34.885
 7425 (vir)     1          31.229          -5.811          -2.351         -11.216           34.282
 7426 (vir)     1          31.248          -5.388          -2.325         -11.617           35.152
 7427 (vir)     1          31.249          -5.378          -2.632         -11.964           35.203
 7428 (vir)     1          31.252          -5.392          -2.326         -11.617           35.151
 7429 (vir)     1          31.256          -7.912          -1.453         -10.039           31.930
 7430 (vir)     1          31.256          -5.403          -2.333         -11.625           35.145
 7431 (vir)     1          31.264          -5.417          -2.329         -11.621           35.139
 7432 (vir)     1          31.269          -5.626          -2.436         -11.700           34.907
 7433 (vir)     1          31.279          -5.785          -2.550         -11.809           34.752
 7434 (vir)     1          31.281          -5.687          -2.295         -11.194           34.493
 7435 (vir)     1          31.285          -5.526          -2.323         -11.517           34.953
 7436 (vir)     1          31.299          -5.549          -2.400         -11.706           35.056
 7437 (vir)     1          31.311          -5.554          -2.632         -11.987           35.112
 7438 (vir)     1          31.313          -5.505          -2.341         -11.640           35.107
 7439 (vir)     1          31.327          -5.831          -2.406         -11.631           34.722
 7440 (vir)     1          31.343          -5.769          -2.366         -11.439           34.648
 7441 (vir)     1          31.348          -5.605          -2.363         -11.657           35.038
 7442 (vir)     1          31.361          -5.517          -2.349         -11.257           34.753
 7443 (vir)     1          31.361          -5.549          -2.347         -11.254           34.719
 7444 (vir)     1          31.364          -5.612          -2.577         -11.862           35.038
 7445 (vir)     1          31.368          -5.537          -2.346         -11.257           34.742
 7446 (vir)     1          31.369          -5.520          -2.364         -11.303           34.787
 7447 (vir)     1          31.375          -5.535          -2.334         -11.518           35.024
 7448 (vir)     1          31.376          -5.481          -2.353         -11.168           34.710
 7449 (vir)     1          31.378          -5.443          -2.343         -11.260           34.852
 7450 (vir)     1          31.379          -5.508          -2.340         -11.251           34.781
 7451 (vir)     1          31.382          -5.980          -2.505         -11.775           34.672
 7452 (vir)     1          31.386          -5.557          -2.347         -11.161           34.643
 7453 (vir)     1          31.386          -5.260          -2.291         -11.205           35.040
 7454 (vir)     1          31.392          -5.573          -2.341         -11.268           34.746
 7455 (vir)     1          31.392          -5.366          -2.334         -11.242           34.934
 7456 (vir)     1          31.401          -5.479          -2.345         -11.187           34.765
 7457 (vir)     1          31.408          -5.471          -2.371         -11.357           34.923
 7458 (vir)     1          31.408          -6.238          -2.588         -11.916           34.497
 7459 (vir)     1          31.409          -5.587          -2.336         -11.273           34.759
 7460 (vir)     1          31.410          -5.379          -2.425         -11.444           35.051
 7461 (vir)     1          31.422          -7.979          -1.442         -10.014           32.015
 7462 (vir)     1          31.424          -5.652          -2.367         -11.645           35.049
 7463 (vir)     1          31.424          -5.613          -2.417         -11.443           34.837
 7464 (vir)     1          31.426          -5.478          -2.315         -11.217           34.851
 7465 (vir)     1          31.427          -5.567          -2.342         -11.312           34.830
 7466 (vir)     1          31.436          -5.488          -2.339         -11.228           34.837
 7467 (vir)     1          31.437          -5.891          -2.482         -11.646           34.711
 7468 (vir)     1          31.445          -5.416          -2.304         -11.198           34.923
 7469 (vir)     1          31.447          -5.567          -2.322         -11.272           34.830
 7470 (vir)     1          31.456          -5.433          -2.313         -11.191           34.901
 7471 (vir)     1          31.462          -5.472          -2.371         -11.355           34.974
 7472 (vir)     1          31.464          -5.784          -2.364         -11.510           34.827
 7473 (vir)     1          31.464          -5.523          -2.381         -11.433           34.992
 7474 (vir)     1          31.467          -5.405          -2.318         -11.282           35.026
 7475 (vir)     1          31.471          -5.797          -2.430         -11.692           34.936
 7476 (vir)     1          31.475          -5.434          -2.326         -11.257           34.973
 7477 (vir)     1          31.478          -5.480          -2.301         -11.212           34.910
 7478 (vir)     1          31.482          -5.501          -2.274         -11.164           34.872
 7479 (vir)     1          31.484          -5.389          -2.276         -11.151           34.970
 7480 (vir)     1          31.484          -5.325          -2.271         -11.129           35.017
 7481 (vir)     1          31.491          -5.322          -2.260         -11.103           35.013
 7482 (vir)     1          31.492          -5.339          -2.256         -11.097           34.994
 7483 (vir)     1          31.497          -5.624          -2.378         -11.476           34.971
 7484 (vir)     1          31.505          -5.527          -2.413         -11.550           35.115
 7485 (vir)     1          31.507          -6.555          -2.622         -11.948           34.278
 7486 (vir)     1          31.514          -5.778          -2.400         -11.631           34.968
 7487 (vir)     1          31.527          -6.293          -2.649         -11.881           34.465
 7488 (vir)     1          31.529          -5.624          -2.468         -11.710           35.146
 7489 (vir)     1          31.534          -5.507          -2.395         -11.561           35.193
 7490 (vir)     1          31.550          -5.805          -2.432         -11.633           34.946
 7491 (vir)     1          31.552          -5.893          -2.447         -11.665           34.877
 7492 (vir)     1          31.563          -5.592          -2.407         -11.623           35.187
 7493 (vir)     1          31.571          -5.528          -2.443         -11.671           35.271
 7494 (vir)     1          31.574          -5.518          -2.243         -11.082           34.895
 7495 (vir)     1          31.588          -8.618          -1.430          -9.989           31.529
 7496 (vir)     1          31.596          -5.736          -2.446         -11.707           35.121
 7497 (vir)     1          31.606          -5.676          -2.402         -11.650           35.178
 7498 (vir)     1          31.609          -7.745          -2.939         -12.349           33.275
 7499 (vir)     1          31.633          -5.711          -2.396         -11.679           35.205
 7500 (vir)     1          31.641          -5.699          -2.446         -11.703           35.199
 7501 (vir)     1          31.661          -5.792          -2.411         -11.696           35.154
 7502 (vir)     1          31.662          -5.441          -2.236         -11.075           35.060
 7503 (vir)     1          31.672          -5.755          -2.385         -11.694           35.226
 7504 (vir)     1          31.693          -5.757          -2.361         -11.676           35.250
 7505 (vir)     1          31.693          -6.988          -2.965         -12.421           34.161
 7506 (vir)     1          31.701          -5.754          -2.405         -11.659           35.201
 7507 (vir)     1          31.715          -5.783          -2.359         -11.608           35.182
 7508 (vir)     1          31.726          -5.497          -2.310         -11.588           35.507
 7509 (vir)     1          31.730          -5.730          -2.219         -11.530           35.311
 7510 (vir)     1          31.734          -5.788          -2.225         -11.623           35.345
 7511 (vir)     1          31.739          -5.386          -2.242         -11.143           35.253
 7512 (vir)     1          31.747          -5.527          -2.263         -11.489           35.447
 7513 (vir)     1          31.755          -9.289          -1.419          -9.964           31.011
 7514 (vir)     1          31.757          -5.686          -2.336         -11.519           35.254
 7515 (vir)     1          31.761          -5.924          -2.408         -11.830           35.259
 7516 (vir)     1          31.772          -5.717          -2.221         -11.371           35.205
 7517 (vir)     1          31.777          -7.115          -2.856         -12.317           34.123
 7518 (vir)     1          31.779          -5.679          -2.251         -11.385           35.234
 7519 (vir)     1          31.796          -5.620          -2.235         -11.388           35.330
 7520 (vir)     1          31.803          -5.768          -2.294         -11.593           35.333
 7521 (vir)     1          31.815          -5.497          -2.239         -11.162           35.241
 7522 (vir)     1          31.828          -5.683          -2.268         -11.344           35.222
 7523 (vir)     1          31.831          -5.718          -2.280         -11.626           35.460
 7524 (vir)     1          31.840          -5.335          -2.189         -11.292           35.607
 7525 (vir)     1          31.844          -7.170          -3.049         -12.592           34.217
 7526 (vir)     1          31.860          -5.756          -2.262         -11.235           35.077
 7527 (vir)     1          31.878          -5.700          -2.301         -11.736           35.612
 7528 (vir)     1          31.888          -5.587          -2.260         -11.319           35.361
 7529 (vir)     1          31.894          -5.201          -2.168         -11.226           35.751
 7530 (vir)     1          31.895          -5.193          -2.299         -11.177           35.580
 7531 (vir)     1          31.904          -7.252          -3.093         -12.684           34.243
 7532 (vir)     1          31.922          -5.768          -2.310         -11.740           35.585
 7533 (vir)     1          31.923          -9.754          -1.408          -9.939           30.699
 7534 (vir)     1          31.944          -5.869          -2.303         -11.315           35.088
 7535 (vir)     1          31.955          -5.265          -2.156         -11.185           35.719
 7536 (vir)     1          31.955          -5.538          -2.254         -11.306           35.469
 7537 (vir)     1          31.957          -7.247          -3.081         -12.670           34.299
 7538 (vir)     1          31.963          -5.247          -2.399         -11.292           35.609
 7539 (vir)     1          31.967          -5.803          -2.320         -11.722           35.567
 7540 (vir)     1          32.002          -7.025          -3.108         -12.786           34.656
 7541 (vir)     1          32.011          -5.945          -2.358         -11.850           35.558
 7542 (vir)     1          32.018          -5.349          -2.150         -11.161           35.680
 7543 (vir)     1          32.018          -5.363          -2.536         -11.480           35.600
 7544 (vir)     1          32.026          -5.170          -2.241         -11.284           35.898
 7545 (vir)     1          32.041          -5.713          -2.436         -11.406           35.299
 7546 (vir)     1          32.042          -6.988          -3.143         -12.867           34.779
 7547 (vir)     1          32.057          -5.883          -2.347         -11.837           35.663
 7548 (vir)     1          32.066          -5.850          -2.572         -11.575           35.219
 7549 (vir)     1          32.077          -6.887          -3.153         -12.913           34.951
 7550 (vir)     1          32.080          -5.432          -2.157         -11.144           35.635
 7551 (vir)     1          32.083          -4.933          -2.848         -11.979           36.282
 7552 (vir)     1          32.090          -8.960          -1.396          -9.914           31.647
 7553 (vir)     1          32.097          -5.393          -2.207         -11.232           35.728
 7554 (vir)     1          32.100          -5.678          -2.599         -11.974           35.797
 7555 (vir)     1          32.103          -5.741          -2.693         -12.027           35.696
 7556 (vir)     1          32.108          -6.308          -3.146         -12.828           35.482
 7557 (vir)     1          32.109          -5.489          -3.049         -12.433           36.005
 7558 (vir)     1          32.135          -6.418          -3.161         -12.999           35.555
 7559 (vir)     1          32.137          -5.327          -2.201         -11.123           35.732
 7560 (vir)     1          32.145          -5.938          -2.369         -11.875           35.713
 7561 (vir)     1          32.159          -6.516          -2.893         -12.529           35.278
 7562 (vir)     1          32.159          -5.243          -2.151         -11.108           35.872
 7563 (vir)     1          32.165          -6.063          -2.523         -11.756           35.336
 7564 (vir)     1          32.182          -6.712          -2.989         -12.816           35.298
 7565 (vir)     1          32.183          -5.358          -2.291         -11.157           35.691
 7566 (vir)     1          32.190          -5.985          -2.448         -12.021           35.779
 7567 (vir)     1          32.198          -5.374          -2.180         -11.069           35.712
 7568 (vir)     1          32.207          -6.565          -3.017         -12.893           35.519
 7569 (vir)     1          32.231          -6.422          -2.911         -12.767           35.666
 7570 (vir)     1          32.232          -5.945          -2.336         -11.863           35.814
 7571 (vir)     1          32.237          -5.392          -2.230         -11.151           35.767
 7572 (vir)     1          32.238          -5.232          -2.140         -11.129           35.995
 7573 (vir)     1          32.258          -9.178          -1.385          -9.889           31.583
 7574 (vir)     1          32.261          -6.340          -2.747         -12.541           35.715
 7575 (vir)     1          32.268          -5.980          -2.346         -11.697           35.639
 7576 (vir)     1          32.278          -6.019          -2.298         -11.585           35.546
 7577 (vir)     1          32.287          -5.114          -2.102         -11.157           36.229
 7578 (vir)     1          32.290          -5.253          -2.163         -11.057           35.930
 7579 (vir)     1          32.298          -6.209          -2.514         -12.118           35.693
 7580 (vir)     1          32.311          -5.942          -2.329         -11.852           35.891
 7581 (vir)     1          32.331          -5.168          -2.109         -10.955           36.009
 7582 (vir)     1          32.333          -5.862          -2.367         -11.914           36.018
 7583 (vir)     1          32.337          -5.174          -2.084         -11.177           36.256
 7584 (vir)     1          32.349          -5.945          -2.318         -11.834           35.919
 7585 (vir)     1          32.355          -5.050          -2.072         -10.894           36.127
 7586 (vir)     1          32.374          -5.493          -2.213         -11.615           36.283
 7587 (vir)     1          32.379          -5.622          -2.264         -11.602           36.095
 7588 (vir)     1          32.386          -5.254          -2.076         -11.231           36.287
 7589 (vir)     1          32.393          -6.011          -2.274         -11.524           35.631
 7590 (vir)     1          32.413          -5.540          -2.206         -11.582           36.250
 7591 (vir)     1          32.418          -5.580          -2.149         -11.407           36.096
 7592 (vir)     1          32.425          -9.248          -1.374          -9.865           31.668
 7593 (vir)     1          32.429          -5.336          -2.119         -11.399           36.373
 7594 (vir)     1          32.432          -5.198          -2.080         -11.277           36.432
 7595 (vir)     1          32.451          -5.823          -2.299         -11.790           36.119
 7596 (vir)     1          32.477          -5.135          -2.090         -11.315           36.568
 7597 (vir)     1          32.478          -5.832          -2.295         -11.769           36.120
 7598 (vir)     1          32.504          -5.822          -2.298         -11.788           36.171
 7599 (vir)     1          32.504          -5.977          -2.246         -11.321           35.603
 7600 (vir)     1          32.516          -5.683          -2.178         -11.648           36.303
 7601 (vir)     1          32.520          -5.182          -2.107         -11.347           36.578
 7602 (vir)     1          32.528          -5.867          -2.290         -11.747           36.118
 7603 (vir)     1          32.545          -5.486          -2.117         -11.474           36.417
 7604 (vir)     1          32.549          -5.792          -2.270         -11.705           36.192
 7605 (vir)     1          32.560          -4.973          -2.132         -11.369           36.824
 7606 (vir)     1          32.570          -5.577          -2.253         -11.658           36.397
 7607 (vir)     1          32.572          -5.290          -2.094         -11.394           36.582
 7608 (vir)     1          32.588          -5.577          -2.220         -11.579           36.369
 7609 (vir)     1          32.591          -9.471          -1.363          -9.840           31.598
 7610 (vir)     1          32.596          -5.304          -2.108         -11.388           36.572
 7611 (vir)     1          32.598          -5.024          -2.163         -11.371           36.782
 7612 (vir)     1          32.606          -5.440          -2.172         -11.473           36.467
 7613 (vir)     1          32.611          -5.307          -2.182         -11.331           36.454
 7614 (vir)     1          32.617          -5.636          -2.203         -11.427           36.205
 7615 (vir)     1          32.623          -5.271          -2.103         -11.325           36.574
 7616 (vir)     1          32.629          -5.248          -2.160         -11.434           36.655
 7617 (vir)     1          32.631          -4.791          -2.194         -11.344           36.990
 7618 (vir)     1          32.638          -5.073          -2.074         -11.255           36.746
 7619 (vir)     1          32.641          -5.453          -2.153         -11.404           36.438
 7620 (vir)     1          32.651          -5.192          -2.066         -11.224           36.616
 7621 (vir)     1          32.652          -5.010          -2.135         -11.354           36.860
 7622 (vir)     1          32.657          -4.613          -2.219         -11.293           37.119
 7623 (vir)     1          32.660          -5.169          -2.119         -11.310           36.681
 7624 (vir)     1          32.660          -5.133          -2.069         -11.215           36.673
 7625 (vir)     1          32.665          -5.079          -2.103         -11.269           36.752
 7626 (vir)     1          32.666          -5.069          -2.074         -11.215           36.738
 7627 (vir)     1          32.668          -4.984          -2.091         -11.238           36.832
 7628 (vir)     1          32.668          -5.013          -2.081         -11.220           36.794
 7629 (vir)     1          32.674          -4.337          -2.232         -11.241           37.345
 7630 (vir)     1          32.715          -5.871          -2.218         -11.323           35.948
 7631 (vir)     1          32.757          -9.152          -1.352          -9.816           32.070
 7632 (vir)     1          32.801          -5.804          -2.204         -11.336           36.128
 7633 (vir)     1          32.870          -5.667          -2.201         -11.345           36.347
 7634 (vir)     1          32.921         -10.008          -1.341          -9.793           31.365
 7635 (vir)     1          32.938          -5.719          -2.195         -11.321           36.345
 7636 (vir)     1          32.951          -5.546          -2.217         -11.929           37.117
 7637 (vir)     1          32.963          -5.265          -2.215         -11.807           37.290
 7638 (vir)     1          32.978          -5.124          -2.211         -11.655           37.298
 7639 (vir)     1          32.994          -4.926          -2.207         -11.502           37.364
 7640 (vir)     1          33.009          -4.681          -2.204         -11.367           37.490
 7641 (vir)     1          33.020          -5.787          -2.174         -11.275           36.334
 7642 (vir)     1          33.023          -4.262          -2.203         -11.256           37.814
 7643 (vir)     1          33.036          -4.395          -2.205         -11.172           37.608
 7644 (vir)     1          33.049          -4.178          -2.208         -11.113           37.775
 7645 (vir)     1          33.062          -3.923          -2.213         -11.076           38.002
 7646 (vir)     1          33.076          -4.172          -2.218         -11.056           37.741
 7647 (vir)     1          33.083          -9.869          -1.330          -9.769           31.654
 7648 (vir)     1          33.090          -4.246          -2.223         -11.050           37.672
 7649 (vir)     1          33.106          -5.163          -2.226         -11.057           36.774
 7650 (vir)     1          33.112          -5.837          -2.144         -11.232           36.363
 7651 (vir)     1          33.122          -4.502          -2.228         -11.070           37.461
 7652 (vir)     1          33.137          -6.310          -2.154         -11.360           36.033
 7653 (vir)     1          33.137          -6.385          -2.154         -11.362           35.960
 7654 (vir)     1          33.137          -5.035          -2.228         -11.070           36.945
 7655 (vir)     1          33.145          -6.099          -2.153         -11.361           36.254
 7656 (vir)     1          33.146          -6.220          -2.153         -11.368           36.141
 7657 (vir)     1          33.153          -5.518          -2.228         -11.040           36.448
 7658 (vir)     1          33.158          -6.051          -2.151         -11.358           36.314
 7659 (vir)     1          33.159          -6.027          -2.151         -11.377           36.357
 7660 (vir)     1          33.171          -4.536          -2.230         -10.994           37.398
 7661 (vir)     1          33.176          -6.038          -2.149         -11.359           36.348
 7662 (vir)     1          33.178          -6.150          -2.150         -11.398           36.276
 7663 (vir)     1          33.191          -5.449          -2.235         -10.961           36.468
 7664 (vir)     1          33.199          -6.029          -2.138         -11.351           36.382
 7665 (vir)     1          33.199          -6.060          -2.146         -11.348           36.341
 7666 (vir)     1          33.208          -5.870          -2.123         -11.272           36.486
 7667 (vir)     1          33.215          -5.647          -2.240         -10.946           36.275
 7668 (vir)     1          33.227          -6.076          -2.145         -11.440           36.445
 7669 (vir)     1          33.228          -6.022          -2.142         -11.324           36.388
 7670 (vir)     1          33.242          -5.384          -2.244         -10.942           36.557
 7671 (vir)     1          33.244          -9.871          -1.319          -9.746           31.799
 7672 (vir)     1          33.256          -5.981          -2.143         -11.462           36.594
 7673 (vir)     1          33.259          -5.973          -2.139         -11.343           36.491
 7674 (vir)     1          33.271          -5.595          -2.247         -10.944           36.373
 7675 (vir)     1          33.275          -5.008          -2.456         -11.551           37.362
 7676 (vir)     1          33.280          -5.055          -2.449         -11.551           37.326
 7677 (vir)     1          33.287          -4.848          -2.440         -11.556           37.554
 7678 (vir)     1          33.288          -5.943          -2.141         -11.452           36.655
 7679 (vir)     1          33.294          -5.422          -2.289         -11.379           36.962
 7680 (vir)     1          33.297          -5.919          -2.163         -11.378           36.593
 7681 (vir)     1          33.300          -4.954          -2.245         -11.363           37.464
 7682 (vir)     1          33.302          -5.676          -2.250         -10.948           36.325
 7683 (vir)     1          33.308          -5.311          -2.417         -11.549           37.130
 7684 (vir)     1          33.320          -5.518          -2.408         -11.561           36.954
 7685 (vir)     1          33.323          -4.240          -2.147         -11.463           38.399
 7686 (vir)     1          33.333          -5.339          -2.410         -11.573           37.156
 7687 (vir)     1          33.335          -5.424          -2.252         -10.955           36.613
 7688 (vir)     1          33.337          -5.783          -2.207         -11.449           36.796
 7689 (vir)     1          33.348          -6.100          -2.363         -11.528           36.413
 7690 (vir)     1          33.359          -6.115          -2.403         -11.560           36.401
 7691 (vir)     1          33.362          -5.862          -2.134         -11.428           36.794
 7692 (vir)     1          33.370          -5.835          -2.255         -10.964           36.244
 7693 (vir)     1          33.374          -5.885          -2.404         -11.567           36.652
 7694 (vir)     1          33.375          -5.756          -2.085         -11.288           36.821
 7695 (vir)     1          33.381          -6.130          -2.251         -11.402           36.402
 7696 (vir)     1          33.393          -6.110          -2.280         -11.471           36.475
 7697 (vir)     1          33.401          -6.284          -2.396         -11.547           36.268
 7698 (vir)     1          33.402          -9.525          -1.308          -9.723           32.291
 7699 (vir)     1          33.405          -5.777          -2.125         -11.355           36.859
 7700 (vir)     1          33.406          -5.610          -2.260         -10.980           36.515
 7701 (vir)     1          33.418          -6.418          -2.398         -11.533           36.135
 7702 (vir)     1          33.421          -5.982          -2.197         -11.531           36.773
 7703 (vir)     1          33.435          -6.579          -2.343         -11.493           36.006
 7704 (vir)     1          33.443          -5.470          -2.275         -11.023           36.721
 7705 (vir)     1          33.447          -6.295          -2.379         -11.508           36.281
 7706 (vir)     1          33.451          -5.518          -2.061         -11.198           37.069
 7707 (vir)     1          33.455          -5.888          -2.094         -11.200           36.674
 7708 (vir)     1          33.466          -5.988          -2.177         -11.553           36.854
 7709 (vir)     1          33.467          -6.436          -2.383         -11.475           36.122
 7710 (vir)     1          33.471          -4.555          -2.593         -11.998           38.321
 7711 (vir)     1          33.472          -3.876          -2.631         -12.122           39.087
 7712 (vir)     1          33.478          -4.960          -2.442         -11.553           37.628
 7713 (vir)     1          33.479          -6.382          -2.534         -11.920           36.484
 7714 (vir)     1          33.479          -6.433          -2.534         -11.920           36.433
 7715 (vir)     1          33.483          -4.189          -2.607         -12.066           38.752
 7716 (vir)     1          33.485          -4.359          -2.538         -11.847           38.435
 7717 (vir)     1          33.487          -6.145          -2.367         -11.466           36.440
 7718 (vir)     1          33.489          -6.106          -2.523         -11.899           36.760
 7719 (vir)     1          33.490          -6.393          -2.529         -11.918           36.486
 7720 (vir)     1          33.497          -4.887          -2.574         -11.998           38.034
 7721 (vir)     1          33.499          -5.991          -2.302         -11.478           36.684
 7722 (vir)     1          33.501          -4.877          -2.568         -11.986           38.043
 7723 (vir)     1          33.504          -5.995          -2.515         -11.894           36.889
 7724 (vir)     1          33.504          -5.671          -2.101         -11.251           36.984
 7725 (vir)     1          33.506          -6.272          -2.523         -11.918           36.629
 7726 (vir)     1          33.509          -5.555          -1.989         -11.022           36.987
 7727 (vir)     1          33.514          -6.101          -2.201         -11.520           36.733
 7728 (vir)     1          33.516          -5.270          -2.454         -11.606           37.398
 7729 (vir)     1          33.519          -5.080          -2.530         -11.911           37.819
 7730 (vir)     1          33.524          -4.840          -2.366         -11.409           37.726
 7731 (vir)     1          33.525          -5.943          -2.504         -11.881           36.959
 7732 (vir)     1          33.526          -5.285          -2.486         -11.775           37.530
 7733 (vir)     1          33.528          -6.016          -2.520         -11.928           36.920
 7734 (vir)     1          33.546          -5.546          -2.436         -11.711           37.274
 7735 (vir)     1          33.546          -5.204          -2.513         -11.883           37.712
 7736 (vir)     1          33.548          -4.924          -2.355         -11.362           37.631
 7737 (vir)     1          33.550          -5.361          -1.937         -10.943           37.194
 7738 (vir)     1          33.551          -5.670          -2.123         -11.502           37.261
 7739 (vir)     1          33.552          -6.290          -2.500         -11.856           36.617
 7740 (vir)     1          33.553          -6.301          -2.509         -11.928           36.672
 7741 (vir)     1          33.556          -4.798          -2.409         -11.547           37.896
 7742 (vir)     1          33.557          -9.914          -1.298          -9.700           32.045
 7743 (vir)     1          33.558          -5.691          -2.118         -11.270           37.019
 7744 (vir)     1          33.573          -6.221          -2.294         -11.315           36.372
 7745 (vir)     1          33.574          -5.397          -1.924         -10.915           37.168
 7746 (vir)     1          33.575          -5.702          -2.396         -11.650           37.127
 7747 (vir)     1          33.578          -4.959          -2.568         -12.079           38.131
 7748 (vir)     1          33.580          -6.045          -2.502         -11.927           36.961
 7749 (vir)     1          33.585          -5.405          -2.392         -11.550           37.339
 7750 (vir)     1          33.586          -4.935          -2.159         -11.320           37.812
 7751 (vir)     1          33.595          -4.539          -2.476         -11.790           38.370
 7752 (vir)     1          33.604          -6.049          -2.164         -11.324           36.714
 7753 (vir)     1          33.605          -5.454          -2.377         -11.617           37.391
 7754 (vir)     1          33.606          -5.807          -2.103         -11.187           36.883
 7755 (vir)     1          33.607          -5.264          -2.484         -11.896           37.755
 7756 (vir)     1          33.611          -6.503          -2.494         -11.916           36.531
 7757 (vir)     1          33.621          -6.192          -2.159         -11.209           36.478
 7758 (vir)     1          33.622          -5.438          -2.401         -11.604           37.387
 7759 (vir)     1          33.632          -5.148          -2.365         -11.671           37.790
 7760 (vir)     1          33.639          -5.433          -2.442         -11.789           37.553
 7761 (vir)     1          33.641          -5.268          -2.453         -11.770           37.690
 7762 (vir)     1          33.645          -6.023          -2.414         -11.735           36.942
 7763 (vir)     1          33.650          -6.409          -2.329         -11.770           36.682
 7764 (vir)     1          33.653          -5.250          -2.377         -11.529           37.555
 7765 (vir)     1          33.656          -5.304          -2.395         -11.630           37.586
 7766 (vir)     1          33.663          -5.397          -2.324         -11.595           37.538
 7767 (vir)     1          33.667          -5.856          -2.153         -11.307           36.965
 7768 (vir)     1          33.672          -6.236          -2.444         -11.816           36.808
 7769 (vir)     1          33.680          -5.442          -2.247         -11.365           37.356
 7770 (vir)     1          33.683          -5.514          -2.475         -11.949           37.644
 7771 (vir)     1          33.691          -9.768          -2.445         -11.624           33.102
 7772 (vir)     1          33.691          -5.538          -2.379         -11.567           37.341
 7773 (vir)     1          33.694          -5.669          -2.369         -11.663           37.318
 7774 (vir)     1          33.696          -6.068          -2.320         -11.833           37.141
 7775 (vir)     1          33.703          -5.597          -2.294         -11.565           37.378
 7776 (vir)     1          33.709          -9.587          -1.288          -9.678           32.512
 7777 (vir)     1          33.711          -5.582          -2.314         -11.519           37.333
 7778 (vir)     1          33.715          -5.094          -2.403         -11.766           37.984
 7779 (vir)     1          33.718          -6.010          -2.178         -11.329           36.859
 7780 (vir)     1          33.724         -10.873          -2.400         -11.544           31.995
 7781 (vir)     1          33.725          -5.377          -2.134         -11.265           37.478
 7782 (vir)     1          33.730          -5.849          -2.348         -11.585           37.119
 7783 (vir)     1          33.736          -7.721          -2.257         -11.744           35.501
 7784 (vir)     1          33.737          -5.960          -2.469         -11.924           37.232
 7785 (vir)     1          33.739          -5.261          -2.131         -11.260           37.606
 7786 (vir)     1          33.743          -5.666          -2.322         -11.521           37.277
 7787 (vir)     1          33.746          -5.152          -2.144         -11.253           37.704
 7788 (vir)     1          33.747          -5.161          -2.363         -11.653           37.877
 7789 (vir)     1          33.761          -8.600          -2.352         -11.537           34.347
 7790 (vir)     1          33.764          -6.290          -2.236         -11.347           36.585
 7791 (vir)     1          33.768          -7.185          -2.367         -11.659           35.876
 7792 (vir)     1          33.773          -6.879          -2.521         -12.049           36.422
 7793 (vir)     1          33.780          -6.461          -2.210         -11.683           36.792
 7794 (vir)     1          33.781          -5.629          -2.345         -11.600           37.408
 7795 (vir)     1          33.788          -5.736          -2.330         -11.540           37.262
 7796 (vir)     1          33.800          -5.090          -2.347         -11.633           37.996
 7797 (vir)     1          33.802          -8.347          -2.309         -11.547           34.693
 7798 (vir)     1          33.804          -6.740          -2.481         -11.959           36.542
 7799 (vir)     1          33.806          -7.224          -2.289         -11.375           35.669
 7800 (vir)     1          33.816          -5.953          -2.376         -11.739           37.227
 7801 (vir)     1          33.827          -5.892          -2.174         -11.644           37.406
 7802 (vir)     1          33.828          -5.707          -2.294         -11.491           37.319
 7803 (vir)     1          33.831          -5.343          -2.359         -11.684           37.813
 7804 (vir)     1          33.831          -5.969          -2.386         -11.759           37.234
 7805 (vir)     1          33.843          -5.983          -2.395         -11.833           37.298
 7806 (vir)     1          33.844          -7.600          -2.282         -11.555           35.516
 7807 (vir)     1          33.848          -7.159          -2.314         -11.378           35.753
 7808 (vir)     1          33.857          -9.712          -1.278          -9.656           32.524
 7809 (vir)     1          33.861          -7.141          -2.353         -11.624           35.991
 7810 (vir)     1          33.865          -6.086          -2.404         -11.832           37.208
 7811 (vir)     1          33.876          -6.029          -2.158         -11.653           37.343
 7812 (vir)     1          33.887          -7.521          -2.270         -11.552           35.647
 7813 (vir)     1          33.889          -6.466          -2.339         -11.554           36.638
 7814 (vir)     1          33.892          -7.474          -2.328         -11.366           35.456
 7815 (vir)     1          33.894          -6.340          -2.491         -12.058           37.122
 7816 (vir)     1          33.916          -4.287          -2.378         -11.597           38.848
 7817 (vir)     1          33.925          -5.986          -2.116         -11.744           37.567
 7818 (vir)     1          33.931          -7.333          -2.293         -11.481           35.786
 7819 (vir)     1          33.933          -6.577          -2.507         -12.169           37.019
 7820 (vir)     1          33.936          -7.478          -2.341         -11.347           35.464
 7821 (vir)     1          33.941          -6.544          -2.441         -11.685           36.641
 7822 (vir)     1          33.963          -7.236          -2.519         -11.806           36.013
 7823 (vir)     1          33.972          -5.742          -2.076         -11.845           37.998
 7824 (vir)     1          33.975          -6.605          -2.542         -12.193           37.021
 7825 (vir)     1          33.979          -7.162          -2.314         -11.392           35.895
 7826 (vir)     1          33.980          -7.127          -2.584         -11.959           36.229
 7827 (vir)     1          33.981          -7.553          -2.350         -11.330           35.408
 7828 (vir)     1          33.990          -8.012          -2.693         -12.095           35.380
 7829 (vir)     1          33.994          -8.478          -2.744         -12.118           34.890
 7830 (vir)     1          33.997          -7.634          -2.767         -12.153           35.749
 7831 (vir)     1          33.999          -8.478          -2.771         -12.269           35.019
 7832 (vir)     1          34.000          -8.167          -2.708         -12.048           35.173
 7833 (vir)     1          34.001          -9.751          -1.268          -9.634           32.617
 7834 (vir)     1          34.015          -5.816          -2.073         -11.833           37.959
 7835 (vir)     1          34.022          -6.570          -2.486         -12.116           37.082
 7836 (vir)     1          34.023          -8.299          -2.578         -11.589           34.734
 7837 (vir)     1          34.026          -7.187          -2.352         -11.325           35.812
 7838 (vir)     1          34.029          -6.904          -2.299         -11.383           36.209
 7839 (vir)     1          34.051          -7.702          -2.635         -12.003           35.717
 7840 (vir)     1          34.052          -7.653          -2.597         -12.116           35.918
 7841 (vir)     1          34.057          -5.871          -2.058         -11.832           37.959
 7842 (vir)     1          34.062          -7.637          -2.467         -11.508           35.467
 7843 (vir)     1          34.065          -6.483          -2.483         -12.109           37.209
 7844 (vir)     1          34.072          -7.190          -2.333         -11.330           35.879
 7845 (vir)     1          34.076          -7.081          -2.292         -11.320           36.024
 7846 (vir)     1          34.096          -5.798          -2.043         -11.829           38.085
 7847 (vir)     1          34.102          -7.495          -2.428         -11.310           35.488
 7848 (vir)     1          34.102          -6.698          -2.456         -12.147           37.096
 7849 (vir)     1          34.111          -6.661          -2.242         -11.250           36.457
 7850 (vir)     1          34.124          -7.636          -2.323         -11.415           35.580
 7851 (vir)     1          34.134          -6.069          -2.088         -11.752           37.729
 7852 (vir)     1          34.135          -6.692          -2.449         -12.157           37.151
 7853 (vir)     1          34.141         -10.219          -1.258          -9.613           32.277
 7854 (vir)     1          34.145          -7.003          -2.409         -11.263           35.995
 7855 (vir)     1          34.158          -7.234          -2.288         -11.435           36.072
 7856 (vir)     1          34.164          -6.831          -2.444         -12.134           37.022
 7857 (vir)     1          34.168          -6.837          -2.126         -11.683           36.888
 7858 (vir)     1          34.185          -6.066          -2.439         -11.904           37.585
 7859 (vir)     1          34.190          -7.397          -2.233         -11.549           36.109
 7860 (vir)     1          34.190          -6.975          -2.400         -11.457           36.273
 7861 (vir)     1          34.199          -7.286          -2.215         -11.589           36.287
 7862 (vir)     1          34.207          -6.968          -2.446         -12.176           36.968
 7863 (vir)     1          34.219          -6.008          -2.053         -11.762           37.920
 7864 (vir)     1          34.224          -6.773          -2.443         -12.163           37.170
 7865 (vir)     1          34.231          -7.043          -2.381         -11.245           36.051
 7866 (vir)     1          34.233          -8.324          -2.395         -11.339           34.852
 7867 (vir)     1          34.238          -8.045          -2.442         -12.107           35.859
 7868 (vir)     1          34.240          -5.976          -2.040         -11.782           38.006
 7869 (vir)     1          34.247          -7.088          -2.441         -11.828           36.547
 7870 (vir)     1          34.249          -8.258          -2.429         -12.111           35.673
 7871 (vir)     1          34.256          -6.057          -2.055         -11.769           37.912
 7872 (vir)     1          34.258          -8.320          -2.425         -12.106           35.620
 7873 (vir)     1          34.263          -8.381          -2.397         -11.951           35.436
 7874 (vir)     1          34.267          -6.289          -2.096         -11.728           37.611
 7875 (vir)     1          34.270          -8.284          -2.388         -12.040           35.638
 7876 (vir)     1          34.271          -7.881          -2.374         -11.731           35.746
 7877 (vir)     1          34.275          -8.289          -2.370         -11.433           35.049
 7878 (vir)     1          34.275          -8.194          -2.348         -11.749           35.482
 7879 (vir)     1          34.276          -8.988          -2.306         -11.889           34.871
 7880 (vir)     1          34.276          -9.346          -1.249          -9.592           33.273
 7881 (vir)     1          34.276          -6.181          -2.086         -11.752           37.761
 7882 (vir)     1          34.280          -8.194          -2.272         -11.688           35.502
 7883 (vir)     1          34.282          -6.270          -2.117         -11.730           37.626
 7884 (vir)     1          34.284          -8.737          -2.163         -11.603           34.986
 7885 (vir)     1          34.286          -6.339          -2.118         -11.742           37.570
 7886 (vir)     1          34.288          -6.397          -2.130         -11.737           37.498
 7887 (vir)     1          34.288          -6.279          -2.135         -11.738           37.612
 7888 (vir)     1          34.293          -8.256          -2.091         -11.447           35.392
 7889 (vir)     1          34.293          -7.347          -2.422         -11.579           36.104
 7890 (vir)     1          34.305          -8.146          -2.001         -11.210           35.368
 7891 (vir)     1          34.311          -7.055          -2.400         -11.425           36.282
 7892 (vir)     1          34.320          -7.692          -2.401         -11.512           35.739
 7893 (vir)     1          34.326          -7.499          -1.936         -11.105           35.997
 7894 (vir)     1          34.337          -7.696          -2.422         -11.424           35.642
 7895 (vir)     1          34.345          -6.734          -2.383         -11.339           36.567
 7896 (vir)     1          34.353          -6.898          -1.902         -10.974           36.527
 7897 (vir)     1          34.368          -7.371          -2.391         -11.618           36.225
 7898 (vir)     1          34.377          -7.895          -2.422         -11.362           35.422
 7899 (vir)     1          34.381          -6.448          -2.345         -11.217           36.805
 7900 (vir)     1          34.389          -6.799          -1.894         -10.882           36.577
 7901 (vir)     1          34.405          -9.846          -1.240          -9.571           32.890
 7902 (vir)     1          34.416          -7.159          -2.388         -11.643           36.512
 7903 (vir)     1          34.416          -7.610          -2.420         -11.357           35.743
 7904 (vir)     1          34.423          -6.385          -2.328         -11.121           36.830
 7905 (vir)     1          34.432          -6.904          -1.907         -10.853           36.474
 7906 (vir)     1          34.453          -7.615          -2.415         -11.389           35.812
 7907 (vir)     1          34.460          -7.194          -2.392         -11.608           36.482
 7908 (vir)     1          34.469          -6.376          -2.325         -11.067           36.834
 7909 (vir)     1          34.481          -6.544          -1.930         -10.862           36.868
 7910 (vir)     1          34.490          -7.433          -2.408         -11.450           36.098
 7911 (vir)     1          34.498          -7.253          -2.399         -11.553           36.400
 7912 (vir)     1          34.517          -6.249          -2.325         -11.038           36.981
 7913 (vir)     1          34.524          -7.405          -2.400         -11.521           36.239
 7914 (vir)     1          34.528         -10.693          -1.231          -9.551           32.155
 7915 (vir)     1          34.532          -7.321          -2.404         -11.517           36.323
 7916 (vir)     1          34.533          -6.427          -1.959         -10.892           37.040
 7917 (vir)     1          34.555          -7.204          -2.396         -11.570           36.525
 7918 (vir)     1          34.560          -7.453          -2.406         -11.511           36.213
 7919 (vir)     1          34.567          -6.401          -2.326         -11.023           36.864
 7920 (vir)     1          34.581          -7.173          -2.395         -11.590           36.603
 7921 (vir)     1          34.583          -7.383          -2.405         -11.528           36.323
 7922 (vir)     1          34.590          -6.801          -1.993         -10.934           36.730
 7923 (vir)     1          34.599          -7.299          -2.396         -11.592           36.496
 7924 (vir)     1          34.600          -7.295          -2.403         -11.553           36.456
 7925 (vir)     1          34.611          -7.287          -2.398         -11.587           36.512
 7926 (vir)     1          34.611          -7.334          -2.400         -11.575           36.452
 7927 (vir)     1          34.619          -5.755          -2.326         -11.016           37.554
 7928 (vir)     1          34.645         -10.696          -1.222          -9.531           32.257
 7929 (vir)     1          34.650          -6.843          -2.032         -10.983           36.759
 7930 (vir)     1          34.672          -5.398          -2.324         -11.015           37.966
 7931 (vir)     1          34.713          -6.367          -2.079         -11.034           37.301
 7932 (vir)     1          34.728          -5.853          -2.318         -11.023           37.579
 7933 (vir)     1          34.754         -10.194          -1.214          -9.512           32.858
 7934 (vir)     1          34.778          -6.405          -2.156         -11.067           37.284
 7935 (vir)     1          34.785          -6.132          -2.286         -11.057           37.423
 7936 (vir)     1          34.837          -7.908          -2.893         -11.883           35.919
 7937 (vir)     1          34.839          -7.356          -2.353         -11.838           36.969
 7938 (vir)     1          34.839          -7.496          -2.353         -11.838           36.828
 7939 (vir)     1          34.842          -3.833          -2.342         -11.034           39.700
 7940 (vir)     1          34.847          -7.229          -2.232         -11.257           36.643
 7941 (vir)     1          34.849          -7.881          -2.914         -11.912           35.966
 7942 (vir)     1          34.856          -9.742          -1.207          -9.493           33.400
 7943 (vir)     1          34.868          -7.878          -2.855         -11.855           35.991
 7944 (vir)     1          34.890          -7.133          -2.824         -11.813           36.746
 7945 (vir)     1          34.905          -5.123          -2.378         -11.076           38.480
 7946 (vir)     1          34.919          -7.351          -2.254         -11.313           36.626
 7947 (vir)     1          34.925          -6.889          -2.859         -11.875           37.051
 7948 (vir)     1          34.950          -9.351          -1.200          -9.476           33.874
 7949 (vir)     1          34.968          -3.979          -2.373         -11.066           39.683
 7950 (vir)     1          34.968          -7.491          -2.826         -11.857           36.508
 7951 (vir)     1          34.987          -7.340          -2.311         -11.384           36.720
 7952 (vir)     1          35.022          -7.340          -2.741         -11.793           36.734
 7953 (vir)     1          35.033          -4.395          -2.379         -11.096           39.355
 7954 (vir)     1          35.034         -10.461          -1.193          -9.460           32.839
 7955 (vir)     1          35.056          -7.214          -2.440         -11.514           36.917
 7956 (vir)     1          35.086          -7.442          -2.611         -11.695           36.727
 7957 (vir)     1          35.101          -4.128          -2.378         -11.115           39.709
 7958 (vir)     1          35.109         -10.071          -1.187          -9.444           33.295
 7959 (vir)     1          35.127          -7.326          -2.529         -11.614           36.885
 7960 (vir)     1          35.158          -7.441          -2.528         -11.642           36.832
 7961 (vir)     1          35.169          -6.104          -2.364         -11.111           37.812
 7962 (vir)     1          35.174          -8.784          -1.182          -9.431           34.639
 7963 (vir)     1          35.201          -7.365          -2.564         -11.677           36.949
 7964 (vir)     1          35.228          -9.966          -1.178          -9.419           33.504
 7965 (vir)     1          35.236          -7.508          -2.511         -11.651           36.869
 7966 (vir)     1          35.237          -2.710          -2.344         -11.098           41.281
 7967 (vir)     1          35.271         -10.186          -1.174          -9.410           33.320
 7968 (vir)     1          35.279          -7.411          -2.566         -11.716           37.018
 7969 (vir)     1          35.296          -6.635          -2.542         -11.972           38.090
 7970 (vir)     1          35.296          -6.741          -2.542         -11.982           37.995
 7971 (vir)     1          35.301          -4.533          -2.326         -11.091           39.533
 7972 (vir)     1          35.302         -10.174          -1.172          -9.403           33.359
 7973 (vir)     1          35.306          -6.437          -2.533         -11.959           38.295
 7974 (vir)     1          35.308          -6.794          -2.532         -11.997           37.980
 7975 (vir)     1          35.317          -7.339          -2.528         -11.693           37.143
 7976 (vir)     1          35.320          -9.841          -1.170          -9.398           33.706
 7977 (vir)     1          35.322          -6.478          -2.517         -11.938           38.266
 7978 (vir)     1          35.328          -6.657          -2.514         -12.021           38.177
 7979 (vir)     1          35.343          -6.522          -2.497         -11.916           38.240
 7980 (vir)     1          35.354          -6.571          -2.491         -12.045           38.336
 7981 (vir)     1          35.361          -7.480          -2.550         -11.731           37.062
 7982 (vir)     1          35.361          -3.949          -2.310         -11.090           40.193
 7983 (vir)     1          35.368          -6.630          -2.473         -11.900           38.165
 7984 (vir)     1          35.385          -6.536          -2.465         -12.052           38.437
 7985 (vir)     1          35.397          -6.554          -2.445         -11.904           38.302
 7986 (vir)     1          35.402          -7.156          -2.550         -11.729           37.425
 7987 (vir)     1          35.414          -5.395          -2.307         -11.115           38.828
 7988 (vir)     1          35.421          -6.589          -2.442         -11.984           38.375
 7989 (vir)     1          35.430          -6.586          -2.405         -11.985           38.424
 7990 (vir)     1          35.445          -7.128          -2.507         -11.671           37.481
 7991 (vir)     1          35.458          -7.020          -2.425         -11.843           37.855
 7992 (vir)     1          35.458          -6.876          -2.301         -11.154           37.435
 7993 (vir)     1          35.468          -6.247          -2.343         -12.140           39.018
 7994 (vir)     1          35.489          -6.691          -2.269         -11.087           37.615
 7995 (vir)     1          35.491          -6.752          -2.601         -11.820           37.957
 7996 (vir)     1          35.493          -7.119          -2.404         -11.798           37.768
 7997 (vir)     1          35.508          -6.233          -2.261         -11.084           38.098
 7998 (vir)     1          35.509          -5.816          -2.256         -12.194           39.630
 7999 (vir)     1          35.528          -7.210          -2.383         -11.785           37.719
 8000 (vir)     1          35.533          -7.498          -2.519         -11.747           37.262
 8001 (vir)     1          35.544          -5.449          -2.136         -12.209           40.167
 8002 (vir)     1          35.562          -7.136          -2.364         -11.778           37.840
 8003 (vir)     1          35.584          -7.273          -2.628         -11.880           37.562
 8004 (vir)     1          35.596          -7.126          -2.347         -11.770           37.893
 8005 (vir)     1          35.620          -7.357          -2.528         -11.772           37.507
 8006 (vir)     1          35.627          -7.365          -2.330         -11.752           37.684
 8007 (vir)     1          35.647          -7.516          -2.303         -11.443           37.270
 8008 (vir)     1          35.648          -7.744          -2.296         -11.460           37.067
 8009 (vir)     1          35.652          -6.817          -2.295         -11.634           38.174
 8010 (vir)     1          35.656          -7.829          -2.303         -11.438           36.962
 8011 (vir)     1          35.663          -7.376          -2.301         -11.593           37.579
 8012 (vir)     1          35.669          -6.689          -2.296         -11.612           38.297
 8013 (vir)     1          35.672          -6.451          -2.312         -11.420           38.329
 8014 (vir)     1          35.677          -7.569          -2.784         -12.290           37.615
 8015 (vir)     1          35.681          -6.890          -2.641         -11.926           38.076
 8016 (vir)     1          35.688          -7.280          -2.269         -11.733           37.872
 8017 (vir)     1          35.689          -6.787          -2.262         -11.623           38.263
 8018 (vir)     1          35.694          -8.194          -2.360         -11.345           36.483
 8019 (vir)     1          35.709          -7.773          -2.549         -11.805           37.192
 8020 (vir)     1          35.710          -6.990          -2.254         -11.737           38.203
 8021 (vir)     1          35.711          -6.809          -2.248         -11.652           38.305
 8022 (vir)     1          35.722          -7.345          -2.687         -12.308           37.998
 8023 (vir)     1          35.724          -7.602          -2.369         -11.405           37.158
 8024 (vir)     1          35.733          -6.938          -2.230         -11.737           38.302
 8025 (vir)     1          35.733          -7.305          -2.261         -11.600           37.766
 8026 (vir)     1          35.752          -6.717          -2.228         -11.743           38.550
 8027 (vir)     1          35.754          -7.040          -2.221         -11.749           38.242
 8028 (vir)     1          35.763          -7.770          -2.388         -11.291           36.896
 8029 (vir)     1          35.773          -6.712          -2.206         -11.774           38.629
 8030 (vir)     1          35.774          -7.155          -2.315         -11.803           38.107
 8031 (vir)     1          35.778          -7.124          -2.552         -12.237           38.339
 8032 (vir)     1          35.781          -7.656          -2.642         -11.961           37.443
 8033 (vir)     1          35.791          -7.014          -2.207         -11.753           38.322
 8034 (vir)     1          35.792          -6.738          -2.200         -11.786           38.639
 8035 (vir)     1          35.798          -7.585          -2.580         -11.847           37.480
 8036 (vir)     1          35.806          -8.109          -2.427         -11.204           36.474
 8037 (vir)     1          35.808          -6.991          -2.191         -11.783           38.409
 8038 (vir)     1          35.808          -6.595          -2.196         -11.781           38.798
 8039 (vir)     1          35.822          -6.761          -2.184         -11.794           38.670
 8040 (vir)     1          35.822          -6.911          -2.189         -11.781           38.503
 8041 (vir)     1          35.833          -6.917          -2.183         -11.790           38.524
 8042 (vir)     1          35.834          -6.784          -2.196         -11.821           38.674
 8043 (vir)     1          35.838          -6.767          -2.574         -12.337           38.833
 8044 (vir)     1          35.843          -6.809          -2.177         -11.801           38.658
 8045 (vir)     1          35.843          -6.729          -2.178         -11.792           38.728
 8046 (vir)     1          35.848          -7.311          -2.358         -11.381           37.560
 8047 (vir)     1          35.849          -6.706          -2.174         -11.803           38.772
 8048 (vir)     1          35.850          -7.113          -2.270         -11.572           38.039
 8049 (vir)     1          35.852          -6.922          -2.171         -11.803           38.562
 8050 (vir)     1          35.852          -6.802          -2.173         -11.799           38.676
 8051 (vir)     1          35.883          -7.473          -2.639         -11.989           37.760
 8052 (vir)     1          35.888          -7.715          -2.618         -11.895           37.451
 8053 (vir)     1          35.889          -8.697          -2.473         -11.113           35.832
 8054 (vir)     1          35.901          -6.884          -2.566         -12.378           38.829
 8055 (vir)     1          35.925          -7.915          -2.479         -11.101           36.631
 8056 (vir)     1          35.952          -8.084          -2.482         -11.091           36.477
 8057 (vir)     1          35.967          -6.765          -2.547         -12.389           39.045
 8058 (vir)     1          35.969          -8.382          -2.484         -11.084           36.188
 8059 (vir)     1          35.980          -7.829          -2.660         -11.949           37.439
 8060 (vir)     1          35.987          -7.438          -2.636         -12.014           37.927
 8061 (vir)     1          36.035          -6.703          -2.536         -12.396           39.193
 8062 (vir)     1          36.072          -7.956          -2.705         -12.007           37.419
 8063 (vir)     1          36.091          -7.249          -2.639         -12.042           38.245
 8064 (vir)     1          36.104          -6.892          -2.534         -12.395           39.073
 8065 (vir)     1          36.165          -8.372          -2.750         -12.070           37.113
 8066 (vir)     1          36.172          -6.953          -2.559         -12.379           39.039
 8067 (vir)     1          36.194          -7.720          -2.657         -12.078           37.895
 8068 (vir)     1          36.232          -7.170          -2.687         -12.329           38.704
 8069 (vir)     1          36.259          -8.210          -2.791         -12.136           37.393
 8070 (vir)     1          36.271          -7.790          -2.879         -12.307           37.909
 8071 (vir)     1          36.296          -7.986          -2.703         -12.135           37.741
 8072 (vir)     1          36.302          -7.789          -2.822         -12.380           38.071
 8073 (vir)     1          36.352          -8.367          -2.822         -12.203           37.366
 8074 (vir)     1          36.353          -7.256          -2.611         -12.447           38.934
 8075 (vir)     1          36.393          -8.582          -2.796         -12.230           37.246
 8076 (vir)     1          36.421          -6.809          -2.522         -12.454           39.545
 8077 (vir)     1          36.444          -8.268          -2.833         -12.263           37.606
 8078 (vir)     1          36.483          -8.815          -2.947         -12.387           37.107
 8079 (vir)     1          36.491          -8.194          -2.997         -12.114           37.415
 8080 (vir)     1          36.495          -6.869          -2.503         -12.437           39.560
 8081 (vir)     1          36.509          -8.770          -2.980         -12.123           36.882
 8082 (vir)     1          36.534          -8.450          -2.836         -12.317           37.564
 8083 (vir)     1          36.536          -7.258          -2.979         -12.108           38.406
 8084 (vir)     1          36.563          -9.375          -3.148         -12.614           36.653
 8085 (vir)     1          36.572          -6.969          -2.487         -12.445           39.562
 8086 (vir)     1          36.573          -8.404          -2.973         -12.106           37.303
 8087 (vir)     1          36.613          -8.679          -2.896         -12.389           37.426
 8088 (vir)     1          36.618          -8.087          -2.967         -12.113           37.678
 8089 (vir)     1          36.628         -10.455          -3.394         -12.919           35.698
 8090 (vir)     1          36.649          -7.260          -2.506         -12.455           39.337
 8091 (vir)     1          36.656          -8.590          -3.176         -12.448           37.338
 8092 (vir)     1          36.658          -9.519          -3.078         -12.416           36.477
 8093 (vir)     1          36.670         -11.404          -3.641         -13.232           34.857
 8094 (vir)     1          36.671          -7.373          -2.966         -12.137           38.469
 8095 (vir)     1          36.688          -7.567          -3.055         -12.436           38.502
 8096 (vir)     1          36.689          -9.966          -3.083         -12.418           36.058
 8097 (vir)     1          36.716          -7.947          -2.841         -12.532           38.460
 8098 (vir)     1          36.732          -8.736          -3.148         -12.566           37.415
 8099 (vir)     1          36.733          -7.668          -2.760         -12.187           38.492
 8100 (vir)     1          36.741          -8.645          -3.004         -12.396           37.488
 8101 (vir)     1          36.756          -8.631          -3.080         -12.652           37.697
 8102 (vir)     1          36.761         -10.087          -3.276         -12.763           36.161
 8103 (vir)     1          36.783          -9.224          -3.189         -12.562           36.932
 8104 (vir)     1          36.788          -7.658          -2.959         -12.548           38.719
 8105 (vir)     1          36.807          -8.611          -2.868         -12.370           37.699
 8106 (vir)     1          36.808          -7.411          -2.698         -12.181           38.879
 8107 (vir)     1          36.831          -9.392          -3.032         -12.371           36.778
 8108 (vir)     1          36.839          -6.552          -2.693         -12.362           39.956
 8109 (vir)     1          36.887          -7.131          -2.729         -12.135           39.161
 8110 (vir)     1          36.887          -7.123          -2.748         -12.295           39.311
 8111 (vir)     1          36.901          -9.086          -3.017         -12.365           37.164
 8112 (vir)     1          36.909          -6.464          -2.562         -12.318           40.200
 8113 (vir)     1          36.970          -7.326          -2.703         -12.137           39.078
 8114 (vir)     1          36.976          -7.567          -2.674         -12.264           38.998
 8115 (vir)     1          36.980          -8.392          -3.011         -12.377           37.953
 8116 (vir)     1          36.986          -7.069          -2.547         -12.281           39.651
 8117 (vir)     1          37.056          -6.772          -2.524         -12.259           40.018
 8118 (vir)     1          37.065          -9.120          -3.001         -12.384           37.329
 8119 (vir)     1          37.067          -7.829          -2.625         -12.249           38.862
 8120 (vir)     1          37.067          -5.788          -2.701         -12.141           40.720
 8121 (vir)     1          37.098          -3.453          -2.028         -11.073           42.690
 8122 (vir)     1          37.113          -4.554          -2.164         -11.289           41.684
 8123 (vir)     1          37.137          -3.764          -2.313         -11.537           42.597
 8124 (vir)     1          37.137          -7.020          -2.377         -12.358           40.099
 8125 (vir)     1          37.157         -10.097          -2.986         -12.381           36.454
 8126 (vir)     1          37.158          -6.972          -2.841         -12.048           39.393
 8127 (vir)     1          37.160          -7.655          -2.599         -12.248           39.154
 8128 (vir)     1          37.169          -5.381          -2.464         -11.771           41.095
 8129 (vir)     1          37.193         -10.391          -3.447         -13.200           36.555
 8130 (vir)     1          37.197         -10.383          -3.445         -13.194           36.563
 8131 (vir)     1          37.202         -10.310          -3.423         -13.173           36.643
 8132 (vir)     1          37.207          -4.822          -2.590         -11.966           41.761
 8133 (vir)     1          37.211         -10.366          -3.436         -13.176           36.585
 8134 (vir)     1          37.214          -7.736          -2.596         -12.533           39.415
 8135 (vir)     1          37.221          -9.706          -3.241         -13.016           37.289
 8136 (vir)     1          37.231         -10.314          -3.424         -13.151           36.644
 8137 (vir)     1          37.242          -9.886          -3.342         -13.011           37.024
 8138 (vir)     1          37.245          -7.964          -2.604         -12.140           38.817
 8139 (vir)     1          37.254          -8.820          -2.977         -12.391           37.848
 8140 (vir)     1          37.256          -7.911          -2.656         -12.246           38.935
 8141 (vir)     1          37.256         -10.473          -3.397         -13.111           36.498
 8142 (vir)     1          37.257          -7.467          -2.997         -12.336           39.129
 8143 (vir)     1          37.275          -9.887          -3.326         -12.966           37.028
 8144 (vir)     1          37.285          -9.320          -3.042         -12.832           37.755
 8145 (vir)     1          37.295          -5.431          -2.736         -12.217           41.344
 8146 (vir)     1          37.296          -8.317          -2.764         -12.631           38.846
 8147 (vir)     1          37.309         -10.298          -3.357         -13.031           36.686
 8148 (vir)     1          37.328         -10.012          -3.305         -12.963           36.974
 8149 (vir)     1          37.341          -7.635          -2.585         -12.305           39.425
 8150 (vir)     1          37.344          -7.934          -2.813         -12.319           38.916
 8151 (vir)     1          37.350          -9.823          -3.190         -12.896           37.233
 8152 (vir)     1          37.357          -8.762          -2.943         -12.386           38.038
 8153 (vir)     1          37.361          -6.340          -2.987         -12.335           40.369
 8154 (vir)     1          37.371          -7.940          -2.569         -12.472           39.334
 8155 (vir)     1          37.385          -9.677          -3.194         -12.749           37.264
 8156 (vir)     1          37.396          -7.835          -2.849         -12.390           39.102
 8157 (vir)     1          37.410         -10.090          -3.241         -12.885           36.964
 8158 (vir)     1          37.426          -7.973          -2.594         -12.324           39.184
 8159 (vir)     1          37.433          -8.672          -2.794         -12.586           38.554
 8160 (vir)     1          37.450          -8.346          -2.880         -12.451           38.674
 8161 (vir)     1          37.454          -8.988          -2.847         -12.618           38.238
 8162 (vir)     1          37.462          -8.639          -2.883         -12.377           38.317
 8163 (vir)     1          37.466          -6.126          -3.026         -12.466           40.779
 8164 (vir)     1          37.490          -9.095          -2.947         -12.396           37.844
 8165 (vir)     1          37.502          -6.884          -2.861         -12.458           40.216
 8166 (vir)     1          37.514          -8.544          -2.705         -12.401           38.666
 8167 (vir)     1          37.517          -7.993          -2.491         -12.376           39.409
 8168 (vir)     1          37.520          -9.599          -3.136         -12.744           37.529
 8169 (vir)     1          37.558          -7.594          -2.902         -12.509           39.571
 8170 (vir)     1          37.562          -7.496          -2.701         -12.360           39.725
 8171 (vir)     1          37.571          -9.979          -3.066         -12.675           37.201
 8172 (vir)     1          37.581          -8.412          -2.597         -12.371           38.944
 8173 (vir)     1          37.592          -6.356          -2.708         -12.099           40.627
 8174 (vir)     1          37.604          -7.653          -2.863         -12.431           39.519
 8175 (vir)     1          37.613          -8.243          -2.944         -12.556           38.982
 8176 (vir)     1          37.627          -9.229          -2.947         -12.525           37.977
 8177 (vir)     1          37.643          -8.454          -2.573         -12.364           38.980
 8178 (vir)     1          37.644          -8.002          -2.543         -12.349           39.449
 8179 (vir)     1          37.667          -8.617          -2.951         -12.578           38.676
 8180 (vir)     1          37.677          -9.415          -2.766         -12.423           37.919
 8181 (vir)     1          37.703          -8.406          -2.580         -12.338           39.054
 8182 (vir)     1          37.712          -7.603          -3.000         -12.474           39.583
 8183 (vir)     1          37.714          -7.840          -2.541         -12.380           39.713
 8184 (vir)     1          37.715          -2.812          -2.811         -12.099           44.190
 8185 (vir)     1          37.720          -8.720          -2.926         -12.563           38.637
 8186 (vir)     1          37.738          -8.945          -2.676         -12.367           38.484
 8187 (vir)     1          37.760          -8.394          -2.549         -12.284           39.102
 8188 (vir)     1          37.771          -8.644          -2.920         -12.588           38.795
 8189 (vir)     1          37.778          -8.233          -2.591         -12.423           39.376
 8190 (vir)     1          37.796          -8.726          -2.606         -12.295           38.759
 8191 (vir)     1          37.811          -8.929          -2.565         -12.242           38.559
 8192 (vir)     1          37.822          -8.313          -2.862         -12.567           39.215
 8193 (vir)     1          37.823          -8.085          -2.694         -12.402           39.446
 8194 (vir)     1          37.833          -8.929          -2.679         -12.079           38.304
 8195 (vir)     1          37.843          -8.231          -2.937         -12.521           39.196
 8196 (vir)     1          37.849          -8.497          -2.601         -12.215           38.966
 8197 (vir)     1          37.859          -8.265          -2.477         -12.190           39.308
 8198 (vir)     1          37.873          -8.608          -2.788         -12.528           39.005
 8199 (vir)     1          37.880          -7.714          -2.605         -12.451           40.012
 8200 (vir)     1          37.891          -8.480          -2.483         -12.171           39.098
 8201 (vir)     1          37.899          -7.889          -2.434         -12.143           39.719
 8202 (vir)     1          37.914          -7.601          -2.765         -12.536           40.084
 8203 (vir)     1          37.923          -7.720          -2.632         -12.475           40.047
 8204 (vir)     1          37.925          -8.461          -2.440         -12.124           39.148
 8205 (vir)     1          37.928          -8.284          -2.414         -12.110           39.340
 8206 (vir)     1          37.946          -8.352          -2.409         -12.091           39.276
 8207 (vir)     1          37.947          -8.203          -2.396         -12.088           39.436
 8208 (vir)     1          37.951          -8.277          -2.696         -12.510           39.489
 8209 (vir)     1          37.954          -6.806          -2.646         -12.465           40.967
 8210 (vir)     1          37.957          -5.353          -2.775         -12.083           41.913
 8211 (vir)     1          37.967          -7.425          -2.980         -12.508           40.070
 8212 (vir)     1          37.976          -7.150          -2.641         -12.489           40.673
 8213 (vir)     1          37.976          -8.346          -2.695         -12.488           39.422
 8214 (vir)     1          38.081          -5.466          -2.786         -12.109           41.938
 8215 (vir)     1          38.097          -7.058          -3.041         -12.495           40.494
 8216 (vir)     1          38.205          -5.232          -2.794         -12.149           42.327
 8217 (vir)     1          38.231          -9.006          -3.039         -12.511           38.697
 8218 (vir)     1          38.318          -6.290          -2.847         -12.308           41.489
 8219 (vir)     1          38.352          -9.612          -2.886         -12.515           38.369
 8220 (vir)     1          38.366          -8.612          -3.035         -12.531           39.250
 8221 (vir)     1          38.371          -9.549          -2.828         -12.391           38.385
 8222 (vir)     1          38.468          -1.786          -2.780         -12.209           46.110
 8223 (vir)     1          38.498          -7.977          -3.014         -12.558           40.065
 8224 (vir)     1          38.587          -6.068          -2.821         -12.336           42.034
 8225 (vir)     1          38.590          -9.340          -2.849         -12.620           39.020
 8226 (vir)     1          38.605          -8.091          -2.923         -12.656           40.247
 8227 (vir)     1          38.610          -8.462          -2.888         -12.559           39.820
 8228 (vir)     1          38.618          -9.428          -2.798         -12.640           39.032
 8229 (vir)     1          38.675          -9.667          -2.942         -12.605           38.672
 8230 (vir)     1          38.691          -9.097          -2.599         -12.539           39.533
 8231 (vir)     1          38.692          -8.873          -2.559         -12.532           39.792
 8232 (vir)     1          38.714          -8.658          -2.528         -12.534           40.062
 8233 (vir)     1          38.715          -9.298          -2.636         -12.551           39.332
 8234 (vir)     1          38.716          -7.509          -2.790         -12.278           40.694
 8235 (vir)     1          38.739          -8.700          -2.527         -12.537           40.049
 8236 (vir)     1          38.755          -8.925          -2.546         -12.554           39.837
 8237 (vir)     1          38.777          -9.445          -2.698         -12.568           39.202
 8238 (vir)     1          38.780          -9.014          -2.516         -12.552           39.802
 8239 (vir)     1          38.801          -8.779          -2.971         -12.621           39.673
 8240 (vir)     1          38.805          -8.775          -2.497         -12.566           40.099
 8241 (vir)     1          38.821          -8.885          -2.522         -12.594           40.008
 8242 (vir)     1          38.836          -8.885          -2.500         -12.609           40.060
 8243 (vir)     1          38.838         -10.687          -2.797         -12.322           37.676
 8244 (vir)     1          38.841          -9.500          -2.615         -12.788           39.514
 8245 (vir)     1          38.844          -9.221          -2.581         -12.714           39.755
 8246 (vir)     1          38.846          -9.300          -2.565         -12.690           39.671
 8247 (vir)     1          38.849          -9.324          -2.588         -12.746           39.684
 8248 (vir)     1          38.854          -9.212          -2.564         -12.706           39.784
 8249 (vir)     1          38.854          -9.085          -2.527         -12.658           39.901
 8250 (vir)     1          38.857          -9.126          -2.554         -12.667           39.845
 8251 (vir)     1          38.858          -9.260          -2.547         -12.689           39.739
 8252 (vir)     1          38.865          -9.799          -2.811         -12.606           38.861
 8253 (vir)     1          38.927          -9.490          -3.070         -12.691           39.058
 8254 (vir)     1          38.957         -11.860          -2.803         -12.370           36.664
 8255 (vir)     1          38.978         -10.328          -2.942         -12.601           38.309
 8256 (vir)     1          38.992          -9.591          -3.105         -12.778           39.075
 8257 (vir)     1          39.021          -9.171          -3.058         -12.724           39.515
 8258 (vir)     1          39.074         -12.457          -2.810         -12.419           36.227
 8259 (vir)     1          39.101          -8.020          -3.056         -12.690           40.716
 8260 (vir)     1          39.131         -10.678          -2.931         -12.536           38.058
 8261 (vir)     1          39.188          -9.511          -2.816         -12.469           39.330
 8262 (vir)     1          39.234          -8.531          -3.061         -12.716           40.359
 8263 (vir)     1          39.298         -10.721          -2.821         -12.519           38.276
 8264 (vir)     1          39.305         -11.055          -2.949         -12.520           37.821
 8265 (vir)     1          39.371          -9.998          -3.068         -12.753           39.057
 8266 (vir)     1          39.403          -9.340          -2.824         -12.568           39.807
 8267 (vir)     1          39.444         -11.850          -3.213         -12.941           37.322
 8268 (vir)     1          39.468         -12.371          -3.277         -13.040           36.860
 8269 (vir)     1          39.504         -11.779          -2.819         -12.609           37.515
 8270 (vir)     1          39.508         -10.316          -3.086         -12.792           38.899
 8271 (vir)     1          39.526          -6.827          -1.839         -11.723           42.584
 8272 (vir)     1          39.526          -6.461          -1.835         -11.719           42.949
 8273 (vir)     1          39.532          -6.924          -1.842         -11.724           42.490
 8274 (vir)     1          39.532          -6.696          -1.826         -11.704           42.715
 8275 (vir)     1          39.540          -6.757          -1.810         -11.679           42.653
 8276 (vir)     1          39.541          -7.094          -1.850         -11.727           42.323
 8277 (vir)     1          39.549         -11.405          -3.016         -12.587           37.715
 8278 (vir)     1          39.551          -6.435          -1.801         -11.661           42.976
 8279 (vir)     1          39.554          -7.008          -1.849         -11.715           42.411
 8280 (vir)     1          39.565          -6.745          -1.824         -11.678           42.674
 8281 (vir)     1          39.570          -7.002          -1.805         -11.648           42.411
 8282 (vir)     1          39.583          -6.978          -1.934         -11.787           42.458
 8283 (vir)     1          39.587          -6.977          -1.735         -11.551           42.426
 8284 (vir)     1          39.600         -10.123          -2.742         -12.577           39.311
 8285 (vir)     1          39.605          -6.775          -1.738         -11.537           42.629
 8286 (vir)     1          39.612          -6.887          -1.937         -11.775           42.562
 8287 (vir)     1          39.626          -6.746          -1.788         -11.584           42.676
 8288 (vir)     1          39.638          -6.565          -1.707         -11.470           42.836
 8289 (vir)     1          39.644         -10.891          -3.082         -12.812           38.483
 8290 (vir)     1          39.657          -6.457          -1.670         -11.407           42.937
 8291 (vir)     1          39.661          -7.466          -2.053         -11.879           42.021
 8292 (vir)     1          39.675          -6.388          -1.720         -11.453           43.021
 8293 (vir)     1          39.686          -7.534          -2.426         -12.253           41.979
 8294 (vir)     1          39.688          -7.525          -1.951         -11.699           41.910
 8295 (vir)     1          39.699          -6.076          -1.647         -11.337           43.312
 8296 (vir)     1          39.705          -5.931          -1.647         -11.329           43.456
 8297 (vir)     1          39.723          -8.177          -2.291         -12.131           41.386
 8298 (vir)     1          39.750         -11.811          -2.999         -12.677           37.618
 8299 (vir)     1          39.765          -8.513          -2.625         -12.509           41.134
 8300 (vir)     1          39.793          -4.948          -2.461         -12.326           44.710
 8301 (vir)     1          39.799         -12.151          -2.981         -12.582           37.249
 8302 (vir)     1          39.833           2.954          -2.600         -12.501           52.689
 8303 (vir)     1          39.854         -10.446          -2.505         -12.399           39.303
 8304 (vir)     1          39.873           2.055          -2.549         -12.465           51.844
 8305 (vir)     1          39.891         -10.691          -3.073         -12.876           39.003
 8306 (vir)     1          40.001         -10.567          -2.739         -12.609           39.304
 8307 (vir)     1          40.003         -10.484          -2.739         -12.615           39.395
 8308 (vir)     1          40.015         -12.182          -3.073         -12.909           37.670
 8309 (vir)     1          40.029         -12.289          -2.860         -12.460           37.340
 8310 (vir)     1          40.138         -11.512          -3.030         -12.869           38.465
 8311 (vir)     1          40.189         -10.801          -2.922         -12.763           39.229
 8312 (vir)     1          40.331          -3.992          -2.973         -12.752           46.117
 8313 (vir)     1          40.339          -3.485          -3.010         -12.864           46.708
 8314 (vir)     1          40.358           3.621          -3.052         -13.005           53.932
 8315 (vir)     1          40.372           3.896          -3.059         -13.024           54.233
 8316 (vir)     1          40.418           4.120          -2.985         -12.882           54.434
 8317 (vir)     1          40.444           4.288          -3.081         -13.189           54.840
 8318 (vir)     1          40.516           4.297          -3.083         -13.258           54.988
 8319 (vir)     1          40.544           3.808          -2.886         -12.578           54.043
 8320 (vir)     1          40.590           4.404          -3.066         -13.251           55.179
 8321 (vir)     1          40.662           4.150          -3.102         -13.359           55.069
 8322 (vir)     1          40.738           0.694          -3.106         -13.396           51.722
 8323 (vir)     1          40.738           3.825          -3.398         -13.146           54.311
 8324 (vir)     1          40.767           3.220          -3.382         -12.890           53.495
 8325 (vir)     1          40.768           3.239          -2.794         -12.278           53.491
 8326 (vir)     1          40.800           3.527          -3.363         -13.186           54.149
 8327 (vir)     1          40.815           4.657          -3.113         -13.427           55.787
 8328 (vir)     1          40.871         -11.781          -3.337         -13.265           39.019
 8329 (vir)     1          40.891         -11.968          -3.117         -13.453           39.260
 8330 (vir)     1          40.957           4.181          -3.325         -13.309           55.123
 8331 (vir)     1          40.967         -12.011          -3.124         -13.479           39.311
 8332 (vir)     1          40.992           1.880          -3.243         -12.665           52.294
 8333 (vir)     1          41.038           4.120          -3.079         -13.347           55.426
 8334 (vir)     1          41.052           3.983          -3.294         -13.157           54.898
 8335 (vir)     1          41.069           3.098          -2.817         -12.292           53.642
 8336 (vir)     1          41.114           4.377          -3.133         -13.521           55.878
 8337 (vir)     1          41.117         -11.655          -3.309         -13.355           39.509
 8338 (vir)     1          41.185           4.169          -3.138         -13.529           55.745
 8339 (vir)     1          41.200           4.189          -3.303         -13.375           55.461
 8340 (vir)     1          41.249           4.435          -3.140         -13.551           56.096
 8341 (vir)     1          41.262         -11.354          -3.283         -13.319           39.943
 8342 (vir)     1          41.314           4.042          -3.149         -13.576           55.783
 8343 (vir)     1          41.343         -11.613          -3.289         -13.422           39.863
 8344 (vir)     1          41.357           2.205          -3.181         -12.727           53.108
 8345 (vir)     1          41.368           3.680          -3.129         -13.516           55.435
 8346 (vir)     1          41.426           3.816          -3.159         -13.614           55.697
 8347 (vir)     1          41.426           4.030          -3.248         -13.221           55.429
 8348 (vir)     1          41.437           2.452          -2.829         -12.319           53.378
 8349 (vir)     1          41.472          -1.276          -3.266         -13.444           50.373
 8350 (vir)     1          41.480           3.483          -3.119         -13.432           55.276
 8351 (vir)     1          41.517           3.776          -3.169         -13.650           55.774
 8352 (vir)     1          41.540          -0.685          -3.249         -13.433           51.039
 8353 (vir)     1          41.555           3.611          -3.171         -13.652           55.646
 8354 (vir)     1          41.583           3.597          -3.178         -13.685           55.687
 8355 (vir)     1          41.588         -11.949          -3.233         -13.436           39.842
 8356 (vir)     1          41.608           3.476          -3.182         -13.699           55.600
 8357 (vir)     1          41.615         -11.685          -3.845         -13.870           39.954
 8358 (vir)     1          41.624         -12.631          -3.842         -13.867           39.017
 8359 (vir)     1          41.626           3.524          -3.186         -13.715           55.679
 8360 (vir)     1          41.638           3.507          -3.189         -13.726           55.682
 8361 (vir)     1          41.639          -4.825          -3.838         -13.863           46.839
 8362 (vir)     1          41.645           3.484          -3.190         -13.733           55.671
 8363 (vir)     1          41.650         -11.568          -3.215         -13.466           40.333
 8364 (vir)     1          41.659          -4.861          -3.831         -13.857           46.823
 8365 (vir)     1          41.684          -4.522          -3.773         -13.806           47.195
 8366 (vir)     1          41.688           4.280          -3.238         -13.370           56.100
 8367 (vir)     1          41.715          -4.225          -3.814         -13.840           47.516
 8368 (vir)     1          41.750         -11.921          -3.167         -13.470           40.131
 8369 (vir)     1          41.750          -2.089          -3.741         -13.751           49.671
 8370 (vir)     1          41.757           2.763          -3.212         -13.051           54.360
 8371 (vir)     1          41.792         -11.687          -3.789         -13.815           40.131
 8372 (vir)     1          41.815           3.638          -3.133         -13.246           55.566
 8373 (vir)     1          41.839           4.351          -3.772         -13.795           56.213
 8374 (vir)     1          41.840         -11.962          -3.108         -13.459           40.229
 8375 (vir)     1          41.868           1.764          -2.743         -11.933           52.822
 8376 (vir)     1          41.890          -2.838          -3.756         -13.782           49.078
 8377 (vir)     1          41.891           4.098          -3.069         -13.407           56.327
 8378 (vir)     1          41.923           4.759          -3.040         -13.435           57.077
 8379 (vir)     1          41.946           4.150          -3.737         -13.761           56.120
 8380 (vir)     1          41.969           4.241          -2.993         -13.420           56.637
 8381 (vir)     1          41.998          -1.699          -3.040         -13.427           50.686
 8382 (vir)     1          42.007         -12.253          -3.642         -13.708           39.820
 8383 (vir)     1          42.043          -0.236          -2.908         -13.404           52.302
 8384 (vir)     1          42.068           4.308          -2.923         -13.304           56.758
 8385 (vir)     1          42.071           4.294          -3.691         -13.715           56.390
 8386 (vir)     1          42.115           0.856          -2.805         -13.379           53.545
 8387 (vir)     1          42.121           2.949          -3.035         -13.114           55.149
 8388 (vir)     1          42.141           3.847          -3.627         -13.639           56.000
 8389 (vir)     1          42.163           3.996          -2.804         -13.232           56.588
 8390 (vir)     1          42.185           1.811          -2.648         -13.358           54.706
 8391 (vir)     1          42.210           4.085          -3.624         -13.656           56.327
 8392 (vir)     1          42.271           4.143          -2.879         -13.281           56.816
 8393 (vir)     1          42.279           3.479          -3.226         -13.410           55.941
 8394 (vir)     1          42.288           3.014          -3.409         -13.525           55.417
 8395 (vir)     1          42.323          -6.314          -2.759         -11.958           45.208
 8396 (vir)     1          42.331           4.334          -2.858         -13.325           57.131
 8397 (vir)     1          42.355           3.370          -3.200         -13.436           55.961
 8398 (vir)     1          42.365           2.976          -3.287         -13.428           55.483
 8399 (vir)     1          42.413           2.748          -3.136         -13.209           55.234
 8400 (vir)     1          42.417           4.092          -2.836         -13.340           57.013
 8401 (vir)     1          42.430          -8.232          -1.655          -9.557           42.101
 8402 (vir)     1          42.430          -2.351          -1.655          -9.557           47.982
 8403 (vir)     1          42.438           2.826          -3.489         -13.530           55.305
 8404 (vir)     1          42.476           4.186          -2.850         -13.316           57.127
 8405 (vir)     1          42.490           4.127          -3.805         -14.033           56.846
 8406 (vir)     1          42.490           4.031          -3.805         -14.033           56.750
 8407 (vir)     1          42.499           4.059          -3.803         -14.031           56.786
 8408 (vir)     1          42.499           3.755          -3.803         -14.032           56.483
 8409 (vir)     1          42.511           2.254          -3.497         -13.506           54.773
 8410 (vir)     1          42.511           0.236          -2.815         -13.313           53.245
 8411 (vir)     1          42.513           4.060          -3.800         -14.028           56.802
 8412 (vir)     1          42.513           4.132          -3.800         -14.030           56.875
 8413 (vir)     1          42.532           3.670          -3.795         -14.024           56.430
 8414 (vir)     1          42.532         -10.779          -3.795         -14.027           41.984
 8415 (vir)     1          42.556           4.264          -3.789         -14.018           57.049
 8416 (vir)     1          42.556         -12.660          -3.789         -14.022           40.129
 8417 (vir)     1          42.571          -0.048          -2.785         -13.332           53.071
 8418 (vir)     1          42.574           1.751          -3.256         -13.323           54.392
 8419 (vir)     1          42.582           2.028          -3.460         -13.470           54.619
 8420 (vir)     1          42.585           3.930          -3.780         -14.008           56.744
 8421 (vir)     1          42.586           4.118          -3.781         -14.016           56.938
 8422 (vir)     1          42.619           0.835          -3.771         -13.999           53.682
 8423 (vir)     1          42.620         -12.379          -3.768         -14.004           40.477
 8424 (vir)     1          42.632           4.147          -2.901         -13.368           57.246
 8425 (vir)     1          42.645           2.064          -3.423         -13.439           54.725
 8426 (vir)     1          42.657           3.240          -3.751         -13.972           56.119
 8427 (vir)     1          42.659           3.986          -3.752         -13.988           56.881
 8428 (vir)     1          42.664           2.758          -3.018         -13.342           55.746
 8429 (vir)     1          42.701           1.913          -3.398         -13.426           54.642
 8430 (vir)     1          42.701           4.162          -3.704         -13.926           57.085
 8431 (vir)     1          42.701           3.864          -3.740         -13.962           56.787
 8432 (vir)     1          42.701           2.535          -3.260         -13.436           55.412
 8433 (vir)     1          42.725           3.482          -2.959         -13.372           56.621
 8434 (vir)     1          42.742           1.962          -3.510         -13.528           54.723
 8435 (vir)     1          42.746           2.050          -3.404         -13.435           54.827
 8436 (vir)     1          42.747         -12.554          -3.631         -13.842           40.403
 8437 (vir)     1          42.762           1.786          -3.440         -13.479           54.587
 8438 (vir)     1          42.768           1.432          -3.132         -12.758           53.826
 8439 (vir)     1          42.775           2.997          -3.073         -13.415           56.114
 8440 (vir)     1          42.781           1.521          -3.418         -13.471           54.355
 8441 (vir)     1          42.792           1.595          -3.501         -13.497           54.383
 8442 (vir)     1          42.794           3.412          -3.687         -13.891           56.409
 8443 (vir)     1          42.803           1.940          -3.346         -13.488           54.886
 8444 (vir)     1          42.816           2.589          -3.267         -13.516           55.654
 8445 (vir)     1          42.828           2.681          -3.851         -14.129           55.788
 8446 (vir)     1          42.846           4.096          -3.023         -13.477           57.397
 8447 (vir)     1          42.868           3.093          -3.832         -14.125           56.254
 8448 (vir)     1          42.878           2.773          -3.886         -14.197           55.962
 8449 (vir)     1          42.887           3.046          -2.945         -13.457           56.445
 8450 (vir)     1          42.929           2.447          -3.763         -14.018           55.631
 8451 (vir)     1          42.930           4.408          -2.949         -13.459           57.848
 8452 (vir)     1          42.931           2.842          -3.793         -14.071           56.051
 8453 (vir)     1          42.971           4.447          -2.974         -13.469           57.913
 8454 (vir)     1          42.986           3.925          -3.738         -14.028           57.202
 8455 (vir)     1          42.998           2.371          -3.746         -13.988           55.612
 8456 (vir)     1          43.008           4.444          -3.011         -13.484           57.925
 8457 (vir)     1          43.041           3.657          -3.185         -13.504           57.017
 8458 (vir)     1          43.044           2.506          -3.407         -13.452           55.595
 8459 (vir)     1          43.046           3.169          -3.269         -13.442           56.387
 8460 (vir)     1          43.050           1.801          -3.596         -13.733           54.988
 8461 (vir)     1          43.058           3.453          -3.738         -14.031           56.805
 8462 (vir)     1          43.073           4.391          -3.084         -13.505           57.885
 8463 (vir)     1          43.098           4.007          -3.125         -13.522           57.502
 8464 (vir)     1          43.104           3.601          -3.604         -13.803           56.905
 8465 (vir)     1          43.119           4.244          -3.167         -13.537           57.733
 8466 (vir)     1          43.135           1.596          -3.680         -13.881           54.931
 8467 (vir)     1          43.136           4.004          -3.208         -13.551           57.482
 8468 (vir)     1          43.148           3.717          -3.249         -13.562           57.178
 8469 (vir)     1          43.153           3.169          -3.383         -13.560           56.500
 8470 (vir)     1          43.154           3.905          -3.390         -13.561           57.230
 8471 (vir)     1          43.155           3.889          -3.302         -13.575           57.317
 8472 (vir)     1          43.158           3.508          -3.371         -13.560           56.855
 8473 (vir)     1          43.158           3.817          -3.355         -13.579           57.199
 8474 (vir)     1          43.159           3.488          -3.321         -13.575           56.900
 8475 (vir)     1          43.159           0.854          -3.541         -13.582           54.054
 8476 (vir)     1          43.164           2.960          -3.818         -14.164           56.471
 8477 (vir)     1          43.164           3.075          -3.889         -14.259           56.610
 8478 (vir)     1          43.166           3.441          -3.426         -13.621           56.803
 8479 (vir)     1          43.175           3.118          -3.787         -14.121           56.627
 8480 (vir)     1          43.176           3.035          -3.865         -14.224           56.570
 8481 (vir)     1          43.182           3.359          -3.491         -13.721           56.770
 8482 (vir)     1          43.193           3.688          -3.687         -13.998           57.192
 8483 (vir)     1          43.193           2.910          -3.808         -14.144           56.439
 8484 (vir)     1          43.197           3.035          -3.798         -14.121           56.555
 8485 (vir)     1          43.201           3.107          -3.529         -13.767           56.547
 8486 (vir)     1          43.218           2.781          -3.847         -14.209           56.362
 8487 (vir)     1          43.228           3.268          -3.736         -14.041           56.802
 8488 (vir)     1          43.229           1.400          -3.623         -13.750           54.757
 8489 (vir)     1          43.234           3.820          -3.521         -13.703           57.236
 8490 (vir)     1          43.247           2.771          -3.829         -14.182           56.371
 8491 (vir)     1          43.262           1.194          -3.606         -13.714           54.564
 8492 (vir)     1          43.264           2.960          -3.715         -14.031           56.540
 8493 (vir)     1          43.276           2.817          -3.660         -13.913           56.346
 8494 (vir)     1          43.285           3.075          -3.646         -13.875           56.589
 8495 (vir)     1          43.286           3.029          -3.776         -14.084           56.624
 8496 (vir)     1          43.301           2.886          -3.643         -13.907           56.451
 8497 (vir)     1          43.327           2.903          -3.765         -14.114           56.580
 8498 (vir)     1          43.336           3.445          -3.672         -13.912           57.020
 8499 (vir)     1          43.343           3.996          -3.686         -14.035           57.688
 8500 (vir)     1          43.351           3.457          -3.590         -13.776           56.994
 8501 (vir)     1          43.364           2.852          -3.761         -14.121           56.577
 8502 (vir)     1          43.384           3.322          -3.593         -13.776           56.890
 8503 (vir)     1          43.391           4.316          -3.594         -13.780           57.892
 8504 (vir)     1          43.401           2.914          -3.751         -14.117           56.681
 8505 (vir)     1          43.422         -11.986          -3.684         -14.043           41.794
 8506 (vir)     1          43.439           2.857          -3.745         -14.117           56.668
 8507 (vir)     1          43.478           3.129          -3.742         -14.119           56.984
 8508 (vir)     1          43.502           3.483          -3.488         -13.652           57.150
 8509 (vir)     1          43.505           4.091          -3.667         -14.025           57.954
 8510 (vir)     1          43.510           2.985          -3.630         -13.931           56.796
 8511 (vir)     1          43.518           2.883          -3.740         -14.120           56.780
 8512 (vir)     1          43.557           3.095          -3.738         -14.119           57.033
 8513 (vir)     1          43.578           2.414          -3.647         -13.960           56.306
 8514 (vir)     1          43.593           2.907          -3.722         -14.084           56.862
 8515 (vir)     1          43.602           3.909          -3.630         -13.991           57.872
 8516 (vir)     1          43.606           3.174          -3.618         -13.828           56.990
 8517 (vir)     1          43.607           3.374          -3.635         -13.863           57.208
 8518 (vir)     1          43.628           3.271          -3.749         -14.129           57.279
 8519 (vir)     1          43.641           2.609          -3.572         -13.848           56.526
 8520 (vir)     1          43.651           3.255          -3.757         -14.138           57.287
 8521 (vir)     1          43.676           2.903          -3.590         -13.868           56.857
 8522 (vir)     1          43.724           2.293          -3.349         -13.459           56.128
 8523 (vir)     1          43.733           2.276          -3.642         -14.002           56.369
 8524 (vir)     1          43.779           3.893          -3.627         -14.014           58.060
 8525 (vir)     1          43.808           2.483          -2.770         -13.430           56.951
 8526 (vir)     1          43.811           2.727          -3.307         -13.786           57.017
 8527 (vir)     1          43.819           4.145          -3.037         -13.606           58.532
 8528 (vir)     1          43.830         -11.830          -2.798         -13.449           42.651
 8529 (vir)     1          43.850           4.205          -2.867         -13.496           58.684
 8530 (vir)     1          43.867           4.382          -2.952         -13.559           58.856
 8531 (vir)     1          43.872           2.542          -3.616         -14.062           56.860
 8532 (vir)     1          43.872           2.542          -3.616         -14.062           56.861
 8533 (vir)     1          43.876           3.485          -3.564         -13.978           57.775
 8534 (vir)     1          43.888           2.380          -3.444         -13.866           56.689
 8535 (vir)     1          43.897           4.128          -2.911         -13.525           58.639
 8536 (vir)     1          43.920           2.614          -3.057         -13.394           56.871
 8537 (vir)     1          43.933           2.944          -3.218         -13.649           57.308
 8538 (vir)     1          43.948           3.048          -3.182         -13.727           57.540
 8539 (vir)     1          43.973           2.955          -3.324         -13.825           57.429
 8540 (vir)     1          43.977           3.298          -3.283         -13.709           57.701
 8541 (vir)     1          43.993           3.392          -3.190         -13.681           57.877
 8542 (vir)     1          44.023           3.262          -3.585         -14.107           57.807
 8543 (vir)     1          44.023           3.295          -3.082         -13.650           57.886
 8544 (vir)     1          44.028           2.605          -3.447         -13.927           57.114
 8545 (vir)     1          44.046           2.643          -3.486         -13.898           57.101
 8546 (vir)     1          44.052           3.420          -3.594         -14.112           57.990
 8547 (vir)     1          44.061           2.989          -3.157         -13.704           57.597
 8548 (vir)     1          44.077           2.638          -3.297         -13.797           57.215
 8549 (vir)     1          44.092           3.119          -3.601         -14.117           57.727
 8550 (vir)     1          44.098           2.776          -3.352         -13.848           57.370
 8551 (vir)     1          44.108           2.795          -3.292         -13.814           57.425
 8552 (vir)     1          44.118           1.514          -3.252         -13.491           55.871
 8553 (vir)     1          44.133           2.709          -3.344         -13.846           57.344
 8554 (vir)     1          44.138           3.043          -3.608         -14.123           57.696
 8555 (vir)     1          44.140           2.874          -3.269         -13.793           57.539
 8556 (vir)     1          44.149           2.746          -3.546         -13.994           57.344
 8557 (vir)     1          44.165           2.739          -3.402         -13.901           57.403
 8558 (vir)     1          44.167           2.782          -3.267         -13.788           57.470
 8559 (vir)     1          44.186           2.689          -3.613         -14.129           57.392
 8560 (vir)     1          44.187           2.731          -3.330         -13.844           57.433
 8561 (vir)     1          44.188           2.667          -3.414         -13.916           57.358
 8562 (vir)     1          44.202           2.813          -3.355         -13.864           57.524
 8563 (vir)     1          44.203           2.710          -3.392         -13.896           57.417
 8564 (vir)     1          44.211           2.711          -3.382         -13.888           57.429
 8565 (vir)     1          44.212           2.762          -3.391         -13.896           57.479
 8566 (vir)     1          44.234           3.229          -3.496         -13.951           57.918
 8567 (vir)     1          44.234           1.600          -3.277         -13.569           56.126
 8568 (vir)     1          44.237           2.908          -3.617         -14.135           57.663
 8569 (vir)     1          44.288           2.707          -3.621         -14.141           57.516
 8570 (vir)     1          44.309           3.023          -3.458         -13.919           57.794
 8571 (vir)     1          44.319           2.302          -3.308         -13.678           56.991
 8572 (vir)     1          44.340           2.328          -3.624         -14.146           57.190
 8573 (vir)     1          44.370           3.513          -3.415         -13.882           58.351
 8574 (vir)     1          44.378           2.727          -3.336         -13.764           57.532
 8575 (vir)     1          44.390           2.435          -3.626         -14.150           57.349
 8576 (vir)     1          44.410           3.342          -3.379         -13.853           58.226
 8577 (vir)     1          44.413           3.069          -3.357         -13.821           57.946
 8578 (vir)     1          44.441           2.457          -3.628         -14.153           57.422
 8579 (vir)     1          44.489           2.008          -3.627         -14.152           57.023
 8580 (vir)     1          44.535           1.671          -3.615         -14.139           56.729
 8581 (vir)     1          44.576           1.880          -3.521         -14.012           56.947
 8582 (vir)     1          44.589           1.665          -3.422         -13.792           56.625
 8583 (vir)     1          44.593           1.765          -3.530         -13.900           56.729
 8584 (vir)     1          44.601           2.261          -3.253         -13.652           57.261
 8585 (vir)     1          44.601           2.261          -3.253         -13.652           57.261
 8586 (vir)     1          44.607           2.296          -3.585         -13.971           57.289
 8587 (vir)     1          44.607           2.481          -3.600         -13.976           57.465
 8588 (vir)     1          44.622           1.624          -3.627         -14.011           56.630
 8589 (vir)     1          44.626           2.806          -3.584         -14.020           57.869
 8590 (vir)     1          44.627           2.305          -3.561         -13.965           57.337
 8591 (vir)     1          44.648           2.892          -3.541         -13.975           57.974
 8592 (vir)     1          44.654           2.671          -3.549         -13.991           57.767
 8593 (vir)     1          44.670           1.447          -3.624         -14.005           56.498
 8594 (vir)     1          44.675           2.057          -3.538         -13.986           57.180
 8595 (vir)     1          44.678           3.365          -3.493         -13.956           58.505
 8596 (vir)     1          44.698           3.495          -3.469         -13.957           58.681
 8597 (vir)     1          44.707           2.643          -3.474         -13.944           57.820
 8598 (vir)     1          44.723           2.099          -3.519         -13.984           57.288
 8599 (vir)     1          44.724           2.229          -3.505         -13.999           57.448
 8600 (vir)     1          44.732           1.797          -3.507         -13.930           56.951
 8601 (vir)     1          44.743           3.203          -3.396         -13.916           58.466
 8602 (vir)     1          44.755           3.073          -3.350         -13.859           58.336
 8603 (vir)     1          44.767           2.805          -3.358         -13.896           58.110
 8604 (vir)     1          44.776           1.641          -3.434         -13.887           56.869
 8605 (vir)     1          44.783           1.244          -3.521         -14.010           56.516
 8606 (vir)     1          44.784           1.770          -3.461         -13.946           57.040
 8607 (vir)     1          44.794           2.568          -3.346         -13.874           57.890
 8608 (vir)     1          44.802           2.695          -3.296         -13.855           58.056
 8609 (vir)     1          44.813           2.125          -3.274         -13.833           57.497
 8610 (vir)     1          44.821           2.204          -3.300         -13.859           57.584
 8611 (vir)     1          44.832           2.221          -3.264         -13.830           57.619
 8612 (vir)     1          44.835           1.038          -3.485         -13.981           56.368
 8613 (vir)     1          44.844           1.741          -3.353         -13.890           57.121
 8614 (vir)     1          44.844           1.055          -3.640         -14.041           56.301
 8615 (vir)     1          44.850           1.707          -3.267         -13.830           57.120
 8616 (vir)     1          44.856           1.706          -2.985         -13.273           56.851
 8617 (vir)     1          44.856           2.597          -2.985         -13.273           57.741
 8618 (vir)     1          44.860           1.915          -3.283         -13.845           57.337
 8619 (vir)     1          44.868           1.765          -3.279         -13.838           57.192
 8620 (vir)     1          44.878           1.611          -3.288         -13.848           57.049
 8621 (vir)     1          44.885           1.155          -3.334         -13.864           56.569
 8622 (vir)     1          44.891           0.479          -3.567         -13.998           55.802
 8623 (vir)     1          44.893           1.320          -3.368         -13.905           56.749
 8624 (vir)     1          44.897           1.058          -3.569         -14.032           56.418
 8625 (vir)     1          44.901           1.567          -3.310         -13.858           57.015
 8626 (vir)     1          44.906           1.584          -3.306         -13.852           57.035
 8627 (vir)     1          44.910           1.212          -3.306         -13.852           56.668
 8628 (vir)     1          44.912           1.333          -3.306         -13.850           56.789
 8629 (vir)     1          44.939           3.966          -3.663         -14.099           59.341
 8630 (vir)     1          44.943          -6.857          -3.656         -14.049           48.479
 8631 (vir)     1          44.977          -3.175          -3.667         -14.077           52.212
 8632 (vir)     1          44.981          -2.106          -3.672         -14.085           53.288
 8633 (vir)     1          45.003          -4.249          -3.674         -14.078           51.158
 8634 (vir)     1          45.004          -3.936          -3.677         -14.088           51.479
 8635 (vir)     1          45.126           1.627          -2.973         -13.288           57.069
 8636 (vir)     1          45.126           1.638          -2.975         -13.291           57.081
 8637 (vir)     1          45.176           1.664          -2.852         -13.050           57.038
 8638 (vir)     1          45.177           0.947          -2.843         -13.038           56.318
 8639 (vir)     1          45.207           1.232          -2.859         -13.059           56.640
 8640 (vir)     1          45.210           1.313          -2.865         -13.068           56.727
 8641 (vir)     1          45.256           1.107          -2.841         -13.029           56.552
 8642 (vir)     1          45.258           0.654          -2.911         -13.133           56.135
 8643 (vir)     1          45.306           0.997          -3.011         -13.314           56.607
 8644 (vir)     1          45.311           1.168          -3.026         -13.389           56.842
 8645 (vir)     1          45.314           1.410          -2.991         -13.305           57.038
 8646 (vir)     1          45.328           0.720          -2.837         -13.017           56.229
 8647 (vir)     1          45.335           1.210          -3.061         -13.405           56.889
 8648 (vir)     1          45.342           1.051          -3.014         -13.385           56.765
 8649 (vir)     1          45.363           0.940          -2.961         -13.291           56.634
 8650 (vir)     1          45.378           1.541          -3.091         -13.444           57.272
 8651 (vir)     1          45.395           0.691          -2.978         -13.308           56.415
 8652 (vir)     1          45.409           1.262          -3.002         -13.301           56.971
 8653 (vir)     1          45.418           1.403          -3.527         -13.918           57.212
 8654 (vir)     1          45.418           1.321          -3.527         -13.918           57.130
 8655 (vir)     1          45.425           0.437          -2.895         -13.218           56.186
 8656 (vir)     1          45.437           1.530          -3.109         -13.471           57.328
 8657 (vir)     1          45.469           0.808          -3.019         -13.398           56.656
 8658 (vir)     1          45.478           0.962          -2.839         -13.043           56.644
 8659 (vir)     1          45.500           1.260          -2.988         -13.342           57.114
 8660 (vir)     1          45.508           1.050          -3.105         -13.481           56.933
 8661 (vir)     1          45.529           1.146          -3.028         -13.428           57.075
 8662 (vir)     1          45.573           1.230          -2.993         -13.352           57.162
 8663 (vir)     1          45.582           3.215          -3.120         -13.491           59.169
 8664 (vir)     1          45.590           0.847          -3.004         -13.446           56.879
 8665 (vir)     1          45.597           1.624          -2.876         -13.093           57.438
 8666 (vir)     1          45.651           1.939          -3.081         -13.480           57.989
 8667 (vir)     1          45.658           0.766          -3.054         -13.502           56.872
 8668 (vir)     1          45.663           0.780          -2.877         -13.133           56.699
 8669 (vir)     1          45.689           0.982          -2.994         -13.329           57.006
 8670 (vir)     1          45.711           1.433          -3.090         -13.498           57.552
 8671 (vir)     1          45.728           1.188          -3.022         -13.483           57.377
 8672 (vir)     1          45.761           1.797          -3.039         -13.355           57.874
 8673 (vir)     1          45.767           1.422          -2.991         -13.314           57.513
 8674 (vir)     1          45.773           0.744          -2.918         -13.237           56.835
 8675 (vir)     1          45.791           1.441          -2.987         -13.454           57.699
 8676 (vir)     1          45.813           1.589          -3.103         -13.479           57.777
 8677 (vir)     1          45.847           0.546          -2.966         -13.493           56.920
 8678 (vir)     1          45.851           1.844          -3.123         -13.527           58.100
 8679 (vir)     1          45.863           1.430          -3.296         -13.563           57.560
 8680 (vir)     1          45.863           1.549          -3.296         -13.562           57.679
 8681 (vir)     1          45.865           1.762          -3.305         -13.573           57.895
 8682 (vir)     1          45.865           1.461          -3.305         -13.572           57.593
 8683 (vir)     1          45.869           1.508          -3.318         -13.588           57.646
 8684 (vir)     1          45.869           1.577          -3.321         -13.590           57.715
 8685 (vir)     1          45.873           1.350          -3.333         -13.604           57.495
 8686 (vir)     1          45.873           1.370          -3.346         -13.618           57.515
 8687 (vir)     1          45.877           1.506          -3.371         -13.646           57.659
 8688 (vir)     1          45.878           1.156          -3.357         -13.632           57.309
 8689 (vir)     1          45.883           1.325          -3.382         -13.661           57.486
 8690 (vir)     1          45.883           1.223          -3.405         -13.685           57.386
 8691 (vir)     1          45.888           1.019          -3.441         -13.726           57.191
 8692 (vir)     1          45.888           1.043          -3.411         -13.694           57.215
 8693 (vir)     1          45.893           1.540          -3.124         -13.546           57.854
 8694 (vir)     1          45.893           1.000          -3.437         -13.725           57.181
 8695 (vir)     1          45.893           1.217          -3.485         -13.775           57.401
 8696 (vir)     1          45.897           0.877          -3.500         -13.794           57.069
 8697 (vir)     1          45.898           1.009          -3.510         -13.806           57.203
 8698 (vir)     1          45.901           0.986          -2.996         -13.523           57.414
 8699 (vir)     1          45.901           0.749          -3.554         -13.856           56.951
 8700 (vir)     1          45.901           0.868          -3.535         -13.835           57.070
 8701 (vir)     1          45.903           0.732          -3.567         -13.871           56.939
 8702 (vir)     1          45.904           0.843          -3.525         -13.825           57.047
 8703 (vir)     1          45.908           1.072          -3.306         -13.591           57.265
 8704 (vir)     1          45.921           1.728          -3.128         -13.405           57.926
 8705 (vir)     1          45.932           2.261          -3.115         -13.569           58.648
 8706 (vir)     1          45.941           1.681          -3.058         -13.332           57.896
 8707 (vir)     1          45.950           0.860          -3.045         -13.534           57.299
 8708 (vir)     1          45.967           2.142          -3.016         -13.287           58.380
 8709 (vir)     1          45.974           1.664          -3.078         -13.582           58.142
 8710 (vir)     1          45.989           1.638          -3.088         -13.549           58.089
 8711 (vir)     1          45.999           1.537          -3.015         -13.287           57.808
 8712 (vir)     1          46.005           1.069          -3.397         -13.787           57.465
 8713 (vir)     1          46.005           1.384          -3.388         -13.758           57.760
 8714 (vir)     1          46.017           1.228          -3.047         -13.573           57.772
 8715 (vir)     1          46.021           1.819          -3.103         -13.567           58.304
 8716 (vir)     1          46.022           1.032          -3.370         -13.773           57.456
 8717 (vir)     1          46.023           1.055          -3.328         -13.687           57.437
 8718 (vir)     1          46.039           1.834          -3.052         -13.291           58.112
 8719 (vir)     1          46.046           1.131          -3.343         -13.737           57.571
 8720 (vir)     1          46.050           1.680          -3.100         -13.575           58.204
 8721 (vir)     1          46.051           1.101          -3.251         -13.579           57.480
 8722 (vir)     1          46.055           1.199          -3.058         -13.561           57.757
 8723 (vir)     1          46.069           1.478          -3.247         -13.607           57.906
 8724 (vir)     1          46.076           2.086          -3.079         -13.574           58.657
 8725 (vir)     1          46.082           1.795          -3.086         -13.557           58.348
 8726 (vir)     1          46.087           1.366          -3.287         -13.764           57.930
 8727 (vir)     1          46.100           1.822          -3.093         -13.554           58.383
 8728 (vir)     1          46.102           1.122          -3.060         -13.557           57.722
 8729 (vir)     1          46.112           1.901          -3.075         -13.552           58.490
 8730 (vir)     1          46.112           1.704          -3.253         -13.744           58.307
 8731 (vir)     1          46.114           2.128          -3.092         -13.539           58.689
 8732 (vir)     1          46.132           1.133          -3.028         -13.578           57.814
 8733 (vir)     1          46.138           1.461          -3.237         -13.750           58.113
 8734 (vir)     1          46.158          -3.040          -3.023         -13.614           53.709
 8735 (vir)     1          46.164           1.621          -3.193         -13.677           58.269
 8736 (vir)     1          46.175           1.694          -3.083         -13.412           58.198
 8737 (vir)     1          46.183          -3.485          -3.022         -13.651           53.326
 8738 (vir)     1          46.186           2.768          -2.992         -13.284           59.246
 8739 (vir)     1          46.192           1.851          -3.188         -13.724           58.579
 8740 (vir)     1          46.202          -2.974          -3.022         -13.676           53.882
 8741 (vir)     1          46.214          -2.638          -3.022         -13.690           54.245
 8742 (vir)     1          46.218           1.785          -3.178         -13.721           58.547
 8743 (vir)     1          46.242           1.938          -3.175         -13.721           58.726
 8744 (vir)     1          46.265           1.889          -3.151         -13.696           58.698
 8745 (vir)     1          46.286           1.792          -3.171         -13.710           58.617
 8746 (vir)     1          46.295           1.476          -3.005         -13.444           58.210
 8747 (vir)     1          46.312           1.400          -3.128         -13.615           58.199
 8748 (vir)     1          46.319           1.204          -3.156         -13.600           57.966
 8749 (vir)     1          46.331           0.798          -3.076         -13.366           57.418
 8750 (vir)     1          46.339           1.630          -3.212         -13.731           58.487
 8751 (vir)     1          46.349           1.493          -3.200         -13.702           58.344
 8752 (vir)     1          46.360           1.655          -3.258         -13.757           58.513
 8753 (vir)     1          46.365           1.160          -3.230         -13.712           58.008
 8754 (vir)     1          46.374           1.293          -3.306         -13.778           58.139
 8755 (vir)     1          46.376           1.287          -3.252         -13.705           58.116
 8756 (vir)     1          46.382           1.354          -3.351         -13.796           58.181
 8757 (vir)     1          46.383           1.124          -3.295         -13.727           57.938
 8758 (vir)     1          46.386           1.401          -3.356         -13.773           58.204
 8759 (vir)     1          46.386           1.203          -3.389         -13.810           58.010
 8760 (vir)     1          46.388           1.289          -3.418         -13.820           58.080
 8761 (vir)     1          46.388           1.021          -3.396         -13.801           57.814
 8762 (vir)     1          46.389           1.437          -3.405         -13.815           58.236
 8763 (vir)     1          46.391           1.115          -3.311         -13.712           57.908
 8764 (vir)     1          46.436           0.652          -3.142         -13.583           57.527
 8765 (vir)     1          46.477           0.513          -3.134         -13.543           57.399
 8766 (vir)     1          46.495          -1.056          -3.094         -13.658           56.003
 8767 (vir)     1          46.497          -0.419          -3.007         -13.268           56.340
 8768 (vir)     1          46.504          -1.748          -3.013         -13.463           55.206
 8769 (vir)     1          46.538           0.579          -3.091         -13.689           57.715
 8770 (vir)     1          46.589           0.924          -3.090         -13.724           58.147
 8771 (vir)     1          46.600         -12.714          -2.981         -12.998           43.903
 8772 (vir)     1          46.614           0.385          -2.998         -13.365           57.367
 8773 (vir)     1          46.645           1.450          -3.078         -13.733           58.751
 8774 (vir)     1          46.668          -2.990          -2.729         -12.861           53.810
 8775 (vir)     1          46.699           0.872          -3.044         -13.682           58.208
 8776 (vir)     1          46.729          -6.088          -3.007         -13.372           51.008
 8777 (vir)     1          46.744           1.939          -3.062         -13.732           59.353
 8778 (vir)     1          46.786           1.204          -3.056         -13.725           58.659
 8779 (vir)     1          46.820           1.075          -3.069         -13.737           58.563
 8780 (vir)     1          46.828          -0.858          -2.998         -13.352           56.324
 8781 (vir)     1          46.839          -0.668          -3.434         -14.017           56.754
 8782 (vir)     1          46.841          -0.849          -3.425         -14.008           56.575
 8783 (vir)     1          46.843          -0.500          -3.407         -13.992           56.927
 8784 (vir)     1          46.846          -0.577          -3.391         -13.976           56.854
 8785 (vir)     1          46.848           0.493          -3.248         -13.868           57.962
 8786 (vir)     1          46.851           0.652          -3.231         -13.852           58.124
 8787 (vir)     1          46.854          -0.258          -3.337         -13.927           57.186
 8788 (vir)     1          46.861           0.499          -3.274         -13.875           57.961
 8789 (vir)     1          46.865          -0.109          -3.256         -13.860           57.360
 8790 (vir)     1          46.873           0.263          -3.226         -13.832           57.743
 8791 (vir)     1          46.874           0.661          -3.132         -13.770           58.174
 8792 (vir)     1          46.884           1.614          -3.136         -13.768           59.129
 8793 (vir)     1          46.888           0.749          -3.151         -13.777           58.262
 8794 (vir)     1          46.898           0.798          -3.110         -13.746           58.332
 8795 (vir)     1          46.899           2.154          -3.059         -13.717           59.711
 8796 (vir)     1          46.909           2.114          -3.057         -13.711           59.677
 8797 (vir)     1          46.911           2.628          -3.042         -13.703           60.200
 8798 (vir)     1          46.919           1.961          -3.013         -13.685           59.553
 8799 (vir)     1          46.921           2.583          -3.022         -13.690           60.172
 8800 (vir)     1          46.928           2.584          -2.988         -13.671           60.195
 8801 (vir)     1          46.928           2.933          -2.997         -13.675           60.538
 8802 (vir)     1          46.932           2.698          -2.977         -13.664           60.317
 8803 (vir)     1          46.932           3.590          -2.980         -13.666           61.208
 8804 (vir)     1          46.935          -2.154          -2.863         -12.644           54.562
 8805 (vir)     1          46.944          -0.254          -3.037         -13.449           57.102
 8806 (vir)     1          47.053          -0.549          -3.057         -13.459           56.905
 8807 (vir)     1          47.075          -4.606          -2.331         -12.018           52.157
 8808 (vir)     1          47.142          -0.847          -3.080         -13.500           56.715
 8809 (vir)     1          47.230          -0.742          -3.113         -13.538           56.914
 8810 (vir)     1          47.293          -1.080          -3.036         -13.247           56.424
 8811 (vir)     1          47.330          -1.644          -2.904         -12.816           55.598
 8812 (vir)     1          47.366          -0.732          -3.172         -13.573           57.036
 8813 (vir)     1          47.422          -0.830          -3.196         -13.562           56.958
 8814 (vir)     1          47.441           2.441          -3.329         -13.265           59.819
 8815 (vir)     1          47.449           2.638          -3.328         -13.268           60.027
 8816 (vir)     1          47.460           2.239          -3.303         -13.336           59.731
 8817 (vir)     1          47.467          -0.212          -3.253         -13.510           57.513
 8818 (vir)     1          47.479           3.492          -3.324         -13.277           60.924
 8819 (vir)     1          47.501           2.313          -3.321         -13.289           59.782
 8820 (vir)     1          47.509          -0.917          -3.256         -13.554           56.889
 8821 (vir)     1          47.529           2.046          -3.317         -13.313           59.571
 8822 (vir)     1          47.545           1.854          -3.273         -13.493           59.619
 8823 (vir)     1          47.562           0.807          -3.309         -13.371           58.431
 8824 (vir)     1          47.585          -0.114          -3.290         -13.462           57.644
 8825 (vir)     1          47.601           0.887          -3.306         -13.412           58.594
 8826 (vir)     1          47.620          -0.737          -3.253         -13.379           57.009
 8827 (vir)     1          47.643          -0.808          -3.304         -13.426           56.957
 8828 (vir)     1          47.668          -5.274          -2.093         -11.549           51.850
 8829 (vir)     1          47.669           0.417          -3.289         -13.456           58.253
 8830 (vir)     1          47.675          -2.079          -2.944         -12.803           55.455
 8831 (vir)     1          47.688           0.414          -3.301         -13.411           58.212
 8832 (vir)     1          47.722          -0.790          -3.218         -13.385           57.099
 8833 (vir)     1          47.738          -2.747          -3.286         -13.341           55.046
 8834 (vir)     1          47.761          -6.139          -3.272         -13.475           51.825
 8835 (vir)     1          47.789           0.505          -3.286         -13.370           58.377
 8836 (vir)     1          47.796          -1.263          -2.990         -13.495           57.037
 8837 (vir)     1          47.796          -1.305          -2.993         -13.495           56.994
 8838 (vir)     1          47.813          -9.453          -3.256         -13.488           48.593
 8839 (vir)     1          47.846          -0.270          -3.273         -13.332           57.635
 8840 (vir)     1          47.858         -10.690          -3.242         -13.461           47.387
 8841 (vir)     1          47.897          -0.342          -3.225         -13.298           57.628
 8842 (vir)     1          47.908          -9.409          -3.234         -13.480           48.747
 8843 (vir)     1          47.950          -1.114          -3.145         -13.243           56.935
 8844 (vir)     1          47.963          -0.297          -3.238         -13.326           57.753
 8845 (vir)     1          47.964          -1.281          -3.057         -13.127           56.752
 8846 (vir)     1          47.999           2.646          -3.208         -13.444           60.881
 8847 (vir)     1          48.028          -0.407          -3.167         -13.342           57.795
 8848 (vir)     1          48.044          -0.292          -3.202         -13.335           57.885
 8849 (vir)     1          48.060           2.883          -3.174         -13.392           61.161
 8850 (vir)     1          48.082          -1.009          -3.167         -13.295           57.201
 8851 (vir)     1          48.089           1.767          -3.157         -13.416           60.115
 8852 (vir)     1          48.105           2.483          -3.147         -13.404           60.845
 8853 (vir)     1          48.139          -1.207          -3.170         -13.318           57.079
 8854 (vir)     1          48.147          -1.250          -3.075         -13.098           56.920
 8855 (vir)     1          48.185          -2.987          -3.113         -13.315           55.400
 8856 (vir)     1          48.201          -4.309          -3.194         -13.392           54.090
 8857 (vir)     1          48.236          -1.484          -3.174         -13.302           56.880
 8858 (vir)     1          48.245          -3.132          -3.067         -13.144           55.189
 8859 (vir)     1          48.276          -1.918          -3.114         -13.190           56.434
 8860 (vir)     1          48.282         -11.803          -3.094         -13.166           46.552
 8861 (vir)     1          48.335           7.039          -2.034         -11.502           64.843
 8862 (vir)     1          48.379          -2.822          -2.639         -13.035           55.953
 8863 (vir)     1          48.408           3.650          -2.638         -13.022           62.442
 8864 (vir)     1          48.450          -9.436          -2.659         -13.060           49.416
 8865 (vir)     1          48.510          -9.775          -2.668         -13.065           49.132
 8866 (vir)     1          48.579          -7.562          -2.691         -13.099           51.425
 8867 (vir)     1          48.662          -2.307          -2.708         -13.118           56.765
 8868 (vir)     1          48.748          -2.487          -2.724         -13.128           56.666
 8869 (vir)     1          48.850          -2.645          -2.752         -13.169           56.622
 8870 (vir)     1          48.859          -1.779          -3.012         -13.204           57.272
 8871 (vir)     1          48.859          -1.762          -3.012         -13.204           57.289
 8872 (vir)     1          48.929          -3.769          -2.544         -12.693           55.310
 8873 (vir)     1          48.997          -5.375          -2.327         -12.238           53.534
 8874 (vir)     1          49.059          -2.755          -2.794         -13.209           56.719
 8875 (vir)     1          49.176          -3.292          -2.791         -13.181           56.275
 8876 (vir)     1          49.276          -3.419          -2.819         -13.214           56.253
 8877 (vir)     1          49.395          -3.451          -2.844         -13.246           56.347
 8878 (vir)     1          49.461          -5.516          -2.502         -12.597           54.040
 8879 (vir)     1          49.522          -3.054          -2.984         -13.189           56.672
 8880 (vir)     1          49.525          -3.219          -2.984         -13.172           56.494
 8881 (vir)     1          49.540          -5.092          -2.584         -12.764           54.628
 8882 (vir)     1          49.542          -2.526          -2.970         -13.238           57.284
 8883 (vir)     1          49.557          -2.939          -2.965         -13.200           56.853
 8884 (vir)     1          49.575          -2.830          -2.972         -13.253           57.026
 8885 (vir)     1          49.603          -2.837          -2.969         -13.227           57.024
 8886 (vir)     1          49.614          -3.848          -2.862         -13.249           56.152
 8887 (vir)     1          49.628          -2.825          -2.956         -13.248           57.095
 8888 (vir)     1          49.666          -3.655          -2.994         -13.293           56.310
 8889 (vir)     1          49.699          -3.288          -2.919         -13.210           56.703
 8890 (vir)     1          49.732          -4.189          -2.854         -13.230           55.919
 8891 (vir)     1          49.741          -3.124          -3.031         -13.385           56.970
 8892 (vir)     1          49.789          -3.698          -2.868         -13.151           56.375
 8893 (vir)     1          49.800          -4.892          -2.689         -12.943           55.161
 8894 (vir)     1          49.822          -2.950          -3.064         -13.470           57.278
 8895 (vir)     1          49.859          -4.486          -3.080         -13.413           55.706
 8896 (vir)     1          49.859          -3.707          -3.078         -13.410           56.484
 8897 (vir)     1          49.874          -3.961          -2.844         -13.144           56.212
 8898 (vir)     1          49.875          -4.121          -3.090         -13.427           56.091
 8899 (vir)     1          49.883          -3.341          -2.919         -13.214           56.837
 8900 (vir)     1          49.898          -3.477          -2.828         -13.107           56.701
 8901 (vir)     1          49.905          -3.892          -3.012         -13.345           56.347
 8902 (vir)     1          49.906          -4.211          -3.000         -13.319           56.013
 8903 (vir)     1          49.907          -2.689          -3.087         -13.537           57.668
 8904 (vir)     1          49.925          -3.353          -3.004         -13.366           56.934
 8905 (vir)     1          49.943          -3.691          -2.980         -13.338           56.610
 8906 (vir)     1          49.950          -3.297          -3.086         -13.436           57.003
 8907 (vir)     1          49.985          -3.845          -3.020         -13.360           56.480
 8908 (vir)     1          49.991          -2.428          -3.100         -13.585           58.047
 8909 (vir)     1          49.995          -3.651          -3.010         -13.363           56.697
 8910 (vir)     1          50.022          -3.944          -3.058         -13.424           56.444
 8911 (vir)     1          50.022          -3.241          -2.840         -13.147           57.088
 8912 (vir)     1          50.038          -4.572          -2.806         -13.163           55.822
 8913 (vir)     1          50.055          -3.007          -3.147         -13.539           57.440
 8914 (vir)     1          50.075          -2.681          -3.075         -13.560           57.880
 8915 (vir)     1          50.080          -4.631          -2.691         -12.984           55.742
 8916 (vir)     1          50.091          -4.189          -2.958         -13.318           56.262
 8917 (vir)     1          50.117          -2.580          -3.256         -13.680           57.961
 8918 (vir)     1          50.131          -2.637          -3.091         -13.598           58.001
 8919 (vir)     1          50.136          -4.318          -2.725         -13.082           56.175
 8920 (vir)     1          50.170          -4.289          -2.764         -13.096           56.214
 8921 (vir)     1          50.173          -3.976          -2.727         -13.065           56.535
 8922 (vir)     1          50.182          -2.561          -3.310         -13.763           58.074
 8923 (vir)     1          50.185          -3.704          -2.837         -13.154           56.798
 8924 (vir)     1          50.198          -3.501          -2.670         -13.035           57.061
 8925 (vir)     1          50.202          -2.188          -3.168         -13.736           58.581
 8926 (vir)     1          50.229          -3.629          -2.756         -13.117           56.962
 8927 (vir)     1          50.247          -2.218          -3.302         -13.760           58.487
 8928 (vir)     1          50.257          -1.493          -3.199         -13.777           59.343
 8929 (vir)     1          50.279          -4.234          -2.854         -13.204           56.395
 8930 (vir)     1          50.286          -1.437          -3.497         -14.054           59.407
 8931 (vir)     1          50.293          -1.568          -3.237         -13.817           59.306
 8932 (vir)     1          50.294          -1.322          -3.488         -14.047           59.532
 8933 (vir)     1          50.306          -1.343          -3.454         -14.015           59.525
 8934 (vir)     1          50.315          -2.169          -3.283         -13.746           58.609
 8935 (vir)     1          50.317          -1.547          -3.399         -13.976           59.347
 8936 (vir)     1          50.325          -1.458          -3.332         -13.922           59.457
 8937 (vir)     1          50.330          -1.602          -3.396         -13.976           59.308
 8938 (vir)     1          50.337          -1.784          -3.204         -13.724           59.072
 8939 (vir)     1          50.339          -0.956          -3.364         -13.953           59.971
 8940 (vir)     1          50.344          -3.701          -2.957         -13.314           57.000
 8941 (vir)     1          50.349          -4.213          -2.924         -13.286           56.498
 8942 (vir)     1          50.384          -3.053          -3.254         -13.716           57.792
 8943 (vir)     1          50.421          -4.174          -2.993         -13.375           56.629
 8944 (vir)     1          50.451          -3.306          -3.196         -13.642           57.592
 8945 (vir)     1          50.487          -4.715          -2.988         -13.358           56.142
 8946 (vir)     1          50.494          -4.524          -2.880         -13.171           56.261
 8947 (vir)     1          50.514          -3.886          -3.226         -13.678           57.080
 8948 (vir)     1          50.541          -5.635          -2.837         -13.122           55.191
 8949 (vir)     1          50.545          -6.276          -2.784         -13.021           54.505
 8950 (vir)     1          50.549          -5.770          -2.812         -13.073           55.041
 8951 (vir)     1          50.571          -3.423          -3.332         -13.825           57.641
 8952 (vir)     1          50.576          -6.010          -2.799         -13.074           54.841
 8953 (vir)     1          50.579          -5.925          -2.794         -13.062           54.922
 8954 (vir)     1          50.585           8.011          -2.783         -12.976           68.789
 8955 (vir)     1          50.591           6.047          -2.781         -12.975           66.832
 8956 (vir)     1          50.599           7.706          -2.777         -12.974           68.502
 8957 (vir)     1          50.606          -5.646          -2.744         -13.007           55.224
 8958 (vir)     1          50.611          -5.108          -2.775         -12.984           55.711
 8959 (vir)     1          50.612          -4.024          -3.055         -13.437           56.970
 8960 (vir)     1          50.624           6.084          -2.764         -12.970           66.914
 8961 (vir)     1          50.627          -3.185          -3.403         -13.928           57.966
 8962 (vir)     1          50.640          -5.282          -2.757         -12.970           55.571
 8963 (vir)     1          50.656          -4.805          -2.727         -12.958           56.082
 8964 (vir)     1          50.662          -5.271          -2.716         -12.984           55.659
 8965 (vir)     1          50.676          -4.845          -2.738         -12.966           56.059
 8966 (vir)     1          50.680          -3.024          -3.457         -14.007           58.206
 8967 (vir)     1          50.691          -4.394          -3.105         -13.490           56.681
 8968 (vir)     1          50.696          -5.147          -2.729         -12.967           55.787
 8969 (vir)     1          50.704          -5.491          -2.664         -12.941           55.490
 8970 (vir)     1          50.716          -5.044          -2.718         -12.972           55.926
 8971 (vir)     1          50.729          -2.698          -3.509         -14.082           58.604
 8972 (vir)     1          50.731          -4.198          -2.695         -12.958           56.796
 8973 (vir)     1          50.739          -4.964          -2.672         -12.955           56.058
 8974 (vir)     1          50.748          -4.829          -2.699         -12.968           56.189
 8975 (vir)     1          50.758          -4.227          -2.671         -12.962           56.821
 8976 (vir)     1          50.761          -4.352          -2.693         -12.972           56.688
 8977 (vir)     1          50.768          -4.731          -2.701         -13.000           56.336
 8978 (vir)     1          50.768          -4.019          -2.684         -12.971           57.036
 8979 (vir)     1          50.772          -4.312          -3.051         -13.275           56.684
 8980 (vir)     1          50.773          -2.402          -3.520         -14.099           58.950
 8981 (vir)     1          50.811          -2.618          -3.561         -14.156           58.789
 8982 (vir)     1          50.838          -5.593          -3.130         -13.194           55.310
 8983 (vir)     1          50.843          -2.422          -3.572         -14.172           59.022
 8984 (vir)     1          50.864          -5.820          -3.174         -13.186           55.056
 8985 (vir)     1          50.869          -2.569          -3.580         -14.184           58.904
 8986 (vir)     1          50.887          -2.630          -3.586         -14.193           58.864
 8987 (vir)     1          50.890          -5.686          -3.144         -13.162           55.223
 8988 (vir)     1          50.898          -2.745          -3.590         -14.198           58.761
 8989 (vir)     1          50.940          -5.692          -3.110         -13.135           55.273
 8990 (vir)     1          51.009          -5.765          -3.070         -13.109           55.284
 8991 (vir)     1          51.095          -5.427          -3.040         -13.102           55.730
 8992 (vir)     1          51.187          -5.485          -3.022         -13.118           55.798
 8993 (vir)     1          51.250          -5.022          -3.019         -13.169           56.379
 8994 (vir)     1          51.270          -4.781          -3.015         -13.167           56.642
 8995 (vir)     1          51.299          -3.959          -3.219         -13.964           58.085
 8996 (vir)     1          51.299          -3.228          -3.225         -13.962           58.809
 8997 (vir)     1          51.304          -3.618          -3.205         -13.965           58.446
 8998 (vir)     1          51.305          -3.805          -3.205         -13.952           58.248
 8999 (vir)     1          51.309          -3.720          -3.173         -13.967           58.383
 9000 (vir)     1          51.309          -4.857          -3.070         -13.360           56.742
 9001 (vir)     1          51.311          -3.345          -3.178         -13.745           58.533
 9002 (vir)     1          51.322          -3.525          -3.275         -13.943           58.466
 9003 (vir)     1          51.345          -3.909          -3.305         -13.938           58.069
 9004 (vir)     1          51.377          -3.369          -3.328         -13.927           58.607
 9005 (vir)     1          51.397          -5.252          -3.026         -13.159           56.278
 9006 (vir)     1          51.420          -3.674          -3.351         -13.929           58.323
 9007 (vir)     1          51.472          -3.533          -3.368         -13.923           58.495
 9008 (vir)     1          51.485          -4.930          -3.046         -13.198           56.707
 9009 (vir)     1          51.533          -3.816          -3.372         -13.905           58.250
 9010 (vir)     1          51.557          -4.199          -2.972         -13.113           57.499
 9011 (vir)     1          51.591          -4.203          -3.141         -13.423           57.669
 9012 (vir)     1          51.594          -4.170          -3.022         -13.124           57.527
 9013 (vir)     1          51.607          -4.179          -3.203         -13.563           57.788
 9014 (vir)     1          51.648          -4.790          -3.039         -13.205           57.023
 9015 (vir)     1          51.672          -3.324          -3.377         -13.877           58.848
 9016 (vir)     1          51.702          -4.482          -3.132         -13.295           57.384
 9017 (vir)     1          51.752          -3.629          -3.378         -13.865           58.611
 9018 (vir)     1          51.753          -4.301          -2.898         -13.042           57.596
 9019 (vir)     1          51.754          -4.191          -3.092         -13.227           57.697
 9020 (vir)     1          51.784          -7.636          -2.729         -12.922           54.342
 9021 (vir)     1          51.784          -7.637          -2.729         -12.922           54.341
 9022 (vir)     1          51.787          -4.265          -3.110         -13.286           57.697
 9023 (vir)     1          51.834          -4.285          -3.163         -13.350           57.736
 9024 (vir)     1          51.835          -3.040          -3.343         -13.793           59.246
 9025 (vir)     1          51.861          -3.929          -3.200         -13.386           58.118
 9026 (vir)     1          51.908          -3.040          -3.273         -13.540           59.135
 9027 (vir)     1          51.914          -3.920          -3.318         -13.709           58.385
 9028 (vir)     1          51.915          -2.359          -3.158         -13.321           59.719
 9029 (vir)     1          51.957          -3.147          -3.210         -13.389           58.988
 9030 (vir)     1          51.965          -2.538          -3.272         -13.470           59.626
 9031 (vir)     1          51.993          -2.750          -3.311         -13.568           59.500
 9032 (vir)     1          52.000          -3.580          -3.171         -13.322           58.571
 9033 (vir)     1          52.001          -4.010          -3.343         -13.729           58.377
 9034 (vir)     1          52.005          -3.147          -3.207         -13.383           59.034
 9035 (vir)     1          52.023          -3.170          -3.322         -13.523           59.054
 9036 (vir)     1          52.029          -6.789          -3.331         -13.528           55.437
 9037 (vir)     1          52.040          -4.992          -3.352         -13.550           57.246
 9038 (vir)     1          52.044          -6.369          -3.359         -13.556           55.873
 9039 (vir)     1          52.050          -5.274          -3.370         -13.567           56.974
 9040 (vir)     1          52.052          -9.979          -3.374         -13.572           52.271
 9041 (vir)     1          52.054          -8.854          -3.378         -13.575           53.397
 9042 (vir)     1          52.085          -3.637          -3.368         -13.801           58.881
 9043 (vir)     1          52.157          -2.383          -3.312         -13.666           60.128
 9044 (vir)     1          52.173          -5.789          -2.798         -12.892           56.479
 9045 (vir)     1          52.192          -4.354          -3.250         -13.474           58.062
 9046 (vir)     1          52.245          -3.953          -3.320         -13.717           58.689
 9047 (vir)     1          52.317          -2.999          -3.338         -13.709           59.688
 9048 (vir)     1          52.321          -2.192          -3.213         -13.419           60.335
 9049 (vir)     1          52.381          -3.411          -3.319         -13.647           59.298
 9050 (vir)     1          52.385          -3.341          -3.277         -13.543           59.310
 9051 (vir)     1          52.386          -5.728          -3.317         -13.688           57.029
 9052 (vir)     1          52.386          -5.728          -3.317         -13.688           57.029
 9053 (vir)     1          52.419          -5.594          -2.942         -13.258           57.141
 9054 (vir)     1          52.430          -4.960          -2.938         -13.253           57.785
 9055 (vir)     1          52.447          -5.099          -2.932         -13.244           57.660
 9056 (vir)     1          52.471          -5.043          -2.922         -13.231           57.736
 9057 (vir)     1          52.502          -4.904          -2.909         -13.214           57.902
 9058 (vir)     1          52.519           6.463          -2.663         -12.767           69.086
 9059 (vir)     1          52.541          -4.873          -2.894         -13.194           57.967
 9060 (vir)     1          52.588          -4.289          -2.876         -13.170           58.594
 9061 (vir)     1          52.643          -5.192          -2.857         -13.145           57.740
 9062 (vir)     1          52.653          -4.624          -3.226         -13.551           58.354
 9063 (vir)     1          52.699          -5.242          -3.073         -13.337           57.722
 9064 (vir)     1          52.707          -4.871          -2.839         -13.120           58.117
 9065 (vir)     1          52.778          -5.256          -2.839         -13.111           57.793
 9066 (vir)     1          52.805          -5.629          -3.408         -13.851           57.619
 9067 (vir)     1          52.805          -6.163          -3.409         -13.851           57.085
 9068 (vir)     1          52.810          -5.357          -3.404         -13.844           57.893
 9069 (vir)     1          52.811          -6.053          -3.408         -13.845           57.195
 9070 (vir)     1          52.817          -5.982          -3.266         -13.550           57.120
 9071 (vir)     1          52.818          -5.310          -3.396         -13.824           57.936
 9072 (vir)     1          52.820          -4.922          -3.151         -13.333           58.080
 9073 (vir)     1          52.826          -4.874          -3.095         -13.150           58.007
 9074 (vir)     1          52.827          -4.894          -3.388         -13.790           58.335
 9075 (vir)     1          52.829          -5.850          -3.325         -13.683           57.338
 9076 (vir)     1          52.839          -4.588          -3.409         -13.760           58.602
 9077 (vir)     1          52.840          -4.937          -3.424         -13.707           58.186
 9078 (vir)     1          52.844          -5.451          -3.256         -13.646           57.783
 9079 (vir)     1          52.850          -5.368          -3.259         -13.532           57.755
 9080 (vir)     1          52.865          -5.802          -3.214         -13.584           57.432
 9081 (vir)     1          52.865          -5.130          -3.153         -13.562           58.144
 9082 (vir)     1          52.882          -6.103          -3.082         -13.433           57.129
 9083 (vir)     1          52.890          -5.879          -3.232         -13.680           57.459
 9084 (vir)     1          52.903          -6.308          -3.180         -13.572           56.988
 9085 (vir)     1          52.918          -6.061          -3.207         -13.672           57.322
 9086 (vir)     1          52.927          -6.381          -3.116         -13.463           56.893
 9087 (vir)     1          52.945          -5.875          -3.158         -13.619           57.532
 9088 (vir)     1          52.947          -6.913          -3.063         -13.409           56.380
 9089 (vir)     1          52.968          -5.859          -3.067         -13.491           57.533
 9090 (vir)     1          52.968          -6.741          -3.120         -13.564           56.671
 9091 (vir)     1          52.984          -6.239          -3.060         -13.483           57.168
 9092 (vir)     1          52.985           6.236          -2.563         -12.627           69.286
 9093 (vir)     1          52.990          -6.361          -3.132         -13.617           57.114
 9094 (vir)     1          53.001          -5.665          -3.115         -13.590           57.810
 9095 (vir)     1          53.008          -6.244          -3.122         -13.626           57.267
 9096 (vir)     1          53.016          -6.477          -3.118         -13.618           57.040
 9097 (vir)     1          53.022          -6.375          -3.109         -13.626           57.164
 9098 (vir)     1          53.027          -6.628          -3.106         -13.623           56.916
 9099 (vir)     1          53.031          -6.377          -3.098         -13.626           57.182
 9100 (vir)     1          53.034          -6.273          -3.096         -13.625           57.290
 9101 (vir)     1          53.036          -6.588          -3.091         -13.628           56.985
 9102 (vir)     1          53.037          -6.665          -3.091         -13.631           56.910
 9103 (vir)     1          53.053          -4.201          -3.417         -13.781           59.215
 9104 (vir)     1          53.053          -6.986          -3.008         -13.410           56.469
 9105 (vir)     1          53.057          -6.795          -2.962         -13.399           56.700
 9106 (vir)     1          53.060          -4.370          -3.416         -13.799           59.074
 9107 (vir)     1          53.080          -0.045          -2.810         -13.167           63.393
 9108 (vir)     1          53.102           5.562          -2.825         -13.279           69.118
 9109 (vir)     1          53.130          -7.760          -2.734         -13.088           55.723
 9110 (vir)     1          53.130          -3.603          -3.412         -13.799           59.915
 9111 (vir)     1          53.133          -3.921          -3.374         -13.685           59.523
 9112 (vir)     1          53.134          -6.579          -3.125         -13.564           56.994
 9113 (vir)     1          53.184          -6.081          -2.939         -13.245           57.410
 9114 (vir)     1          53.207           5.594          -2.709         -13.113           69.204
 9115 (vir)     1          53.217          -4.723          -3.405         -13.786           58.875
 9116 (vir)     1          53.232          -6.602          -2.968         -13.284           56.945
 9117 (vir)     1          53.245          -0.283          -2.838         -13.170           63.294
 9118 (vir)     1          53.250          -4.428          -3.338         -13.615           59.099
 9119 (vir)     1          53.316          -3.987          -3.392         -13.758           59.695
 9120 (vir)     1          53.318          -5.330          -2.903         -13.095           58.180
 9121 (vir)     1          53.346           6.853          -2.752         -13.083           70.530
 9122 (vir)     1          53.363          -6.462          -2.941         -13.252           57.213
 9123 (vir)     1          53.366           5.474          -2.721         -12.857           68.977
 9124 (vir)     1          53.372          -0.800          -2.840         -13.140           62.873
 9125 (vir)     1          53.407          -3.941          -3.366         -13.685           59.785
 9126 (vir)     1          53.439          -4.012          -3.380         -13.677           59.724
 9127 (vir)     1          53.489           0.285          -2.777         -13.074           64.071
 9128 (vir)     1          53.497           0.210          -2.875         -13.163           63.996
 9129 (vir)     1          53.511          -6.875          -2.773         -13.066           56.928
 9130 (vir)     1          53.525          -5.505          -2.941         -12.934           58.013
 9131 (vir)     1          53.539          -4.027          -3.359         -13.694           59.847
 9132 (vir)     1          53.611           1.432          -2.917         -13.135           65.261
 9133 (vir)     1          53.613          -4.125          -3.364         -13.621           59.745
 9134 (vir)     1          53.618           1.013          -2.843         -13.120           64.907
 9135 (vir)     1          53.658          -5.950          -2.885         -13.142           57.965
 9136 (vir)     1          53.665          -7.408          -2.913         -13.133           56.476
 9137 (vir)     1          53.675           0.362          -2.950         -13.204           64.292
 9138 (vir)     1          53.682          -4.407          -3.259         -13.561           59.576
 9139 (vir)     1          53.721          -0.813          -2.807         -13.058           63.159
 9140 (vir)     1          53.802          -4.129          -3.348         -13.607           59.932
 9141 (vir)     1          53.834           5.754          -2.647         -12.887           69.828
 9142 (vir)     1          53.845          -3.151          -3.293         -13.557           60.958
 9143 (vir)     1          53.918          -0.821          -2.954         -13.222           63.365
 9144 (vir)     1          53.930          -6.591          -2.623         -12.267           56.983
 9145 (vir)     1          53.997          -4.821          -3.310         -13.578           59.443
 9146 (vir)     1          54.018           5.812          -2.637         -12.977           70.170
 9147 (vir)     1          54.056          -4.694          -3.217         -13.412           59.557
 9148 (vir)     1          54.139          -6.854          -3.077         -13.370           57.579
 9149 (vir)     1          54.194          -5.173          -3.220         -13.500           59.301
 9150 (vir)     1          54.225           5.293          -2.603         -12.958           69.873
 9151 (vir)     1          54.336          -5.156          -3.218         -13.410           59.372
 9152 (vir)     1          54.347          -6.585          -3.074         -13.302           57.990
 9153 (vir)     1          54.377           3.619          -2.297         -11.911           67.610
 9154 (vir)     1          54.402          -5.917          -3.074         -13.333           58.743
 9155 (vir)     1          54.458           5.296          -2.585         -12.943           70.112
 9156 (vir)     1          54.531          -4.734          -3.344         -13.656           60.109
 9157 (vir)     1          54.598          -7.448          -2.946         -13.264           57.469
 9158 (vir)     1          54.697           4.701          -2.443         -12.722           69.676
 9159 (vir)     1          54.711          -5.735          -3.385         -13.710           59.301
 9160 (vir)     1          54.737           3.196          -2.284         -12.269           67.919
 9161 (vir)     1          54.782          -5.683          -2.834         -12.749           59.014
 9162 (vir)     1          54.819          -7.749          -2.883         -13.215           57.402
 9163 (vir)     1          54.884          -5.754          -3.374         -13.694           59.451
 9164 (vir)     1          54.898          -5.760          -2.149         -12.310           59.299
 9165 (vir)     1          54.980           4.949          -2.504         -12.844           70.269
 9166 (vir)     1          54.995           5.418          -2.061         -12.221           70.573
 9167 (vir)     1          55.009           4.404          -2.045         -12.289           69.656
 9168 (vir)     1          55.022           5.086          -2.088         -12.469           70.490
 9169 (vir)     1          55.041          -5.688          -3.414         -13.767           59.706
 9170 (vir)     1          55.049           6.531          -2.841         -13.172           71.911
 9171 (vir)     1          55.123           4.885          -2.160         -12.575           70.423
 9172 (vir)     1          55.197          -5.816          -3.411         -13.776           59.746
 9173 (vir)     1          55.237           4.693          -2.487         -12.873           70.317
 9174 (vir)     1          55.268           6.129          -2.794         -13.111           71.713
 9175 (vir)     1          55.290           5.444          -2.266         -12.691           71.160
 9176 (vir)     1          55.330          -6.002          -3.346         -13.669           59.651
 9177 (vir)     1          55.441          -6.824          -2.581         -12.383           58.420
 9178 (vir)     1          55.465          -6.115          -3.394         -13.789           59.745
 9179 (vir)     1          55.472           5.298          -2.298         -12.708           71.180
 9180 (vir)     1          55.529           4.566          -2.465         -12.873           70.503
 9181 (vir)     1          55.530           6.065          -2.789         -13.144           71.949
 9182 (vir)     1          55.596          -6.375          -3.418         -13.814           59.617
 9183 (vir)     1          55.707           4.774          -2.280         -12.684           70.884
 9184 (vir)     1          55.708          -6.203          -3.446         -13.866           59.925
 9185 (vir)     1          55.780           6.282          -2.856         -13.220           72.427
 9186 (vir)     1          55.792           4.430          -2.452         -12.852           70.623
 9187 (vir)     1          55.820          -6.919          -3.291         -13.697           59.308
 9188 (vir)     1          55.903          -6.672          -3.455         -13.896           59.671
 9189 (vir)     1          55.950           5.622          -2.275         -12.652           71.949
 9190 (vir)     1          55.986          -6.737          -3.458         -13.907           59.698
 9191 (vir)     1          56.021           5.223          -2.647         -12.971           71.568
 9192 (vir)     1          56.043           5.057          -2.369         -12.753           71.484
 9193 (vir)     1          56.054          -6.613          -3.445         -13.893           59.889
 9194 (vir)     1          56.113          -6.975          -3.465         -13.928           59.601
 9195 (vir)     1          56.157          -7.250          -3.457         -13.918           59.368
 9196 (vir)     1          56.172           5.981          -2.256         -12.572           72.470
 9197 (vir)     1          56.190          -6.925          -3.468         -13.939           59.735
 9198 (vir)     1          56.208          -7.044          -3.465         -13.936           59.635
 9199 (vir)     1          56.274           4.325          -2.261         -11.935           70.272
 9200 (vir)     1          56.290           4.762          -2.296         -12.681           71.438
 9201 (vir)     1          56.302           5.177          -2.618         -12.986           71.847
 9202 (vir)     1          56.363           6.061          -2.287         -12.598           72.735
 9203 (vir)     1          56.562           2.821          -2.278         -12.671           69.776
 9204 (vir)     1          56.576           4.688          -2.387         -12.764           71.641
 9205 (vir)     1          56.586           4.772          -2.555         -12.882           71.686
 9206 (vir)     1          56.821           4.608          -2.539         -12.900           71.790
 9207 (vir)     1          56.826           3.991          -2.455         -12.895           71.258
 9208 (vir)     1          56.852           3.385          -2.273         -12.664           70.628
 9209 (vir)     1          57.094           4.125          -2.479         -12.964           71.704
 9210 (vir)     1          57.107           4.541          -2.524         -12.914           72.038
 9211 (vir)     1          57.150           1.495          -2.269         -12.657           69.032
 9212 (vir)     1          57.179           3.534          -2.155         -11.955           70.514
 9213 (vir)     1          57.366           3.906          -2.483         -13.002           71.791
 9214 (vir)     1          57.417           4.136          -2.388         -12.604           71.769
 9215 (vir)     1          57.448           0.745          -2.267         -12.650           68.576
 9216 (vir)     1          57.596           4.406          -2.493         -12.919           72.429
 9217 (vir)     1          57.636           3.814          -2.476         -13.025           71.999
 9218 (vir)     1          57.743          -1.139          -2.267         -12.646           66.982
 9219 (vir)     1          57.852           4.255          -2.494         -12.945           72.558
 9220 (vir)     1          57.900           3.994          -2.463         -13.040           72.471
 9221 (vir)     1          57.980           4.071          -2.409         -12.766           72.408
 9222 (vir)     1          58.027           1.799          -2.269         -12.643           70.200
 9223 (vir)     1          58.154           3.727          -2.434         -13.029           72.475
 9224 (vir)     1          58.217           4.122          -2.506         -13.020           72.853
 9225 (vir)     1          58.264          -6.533          -2.058         -11.911           61.584
 9226 (vir)     1          58.284           0.909          -2.135         -12.432           69.491
 9227 (vir)     1          58.344           1.625          -1.655         -11.693           70.008
 9228 (vir)     1          58.361           2.199          -1.576         -11.662           70.647
 9229 (vir)     1          58.399           3.914          -2.416         -13.034           72.931
 9230 (vir)     1          58.431           3.971          -2.446         -12.893           72.849
 9231 (vir)     1          58.531          -0.291          -2.253         -12.597           68.584
 9232 (vir)     1          58.631           4.101          -2.399         -12.849           73.183
 9233 (vir)     1          58.635           3.920          -2.372         -13.001           73.184
 9234 (vir)     1          58.679           1.344          -1.668         -11.864           70.219
 9235 (vir)     1          58.721           2.152          -1.528         -11.350           70.694
 9236 (vir)     1          58.744           0.662          -2.258         -12.608           69.756
 9237 (vir)     1          58.854           3.915          -2.347         -12.781           73.202
 9238 (vir)     1          58.863           3.876          -2.362         -13.023           73.399
 9239 (vir)     1          58.898           0.055          -2.294         -12.655           69.313
 9240 (vir)     1          58.995          -0.081          -2.311         -12.674           69.276
 9241 (vir)     1          59.049           3.633          -2.168         -12.716           73.230
 9242 (vir)     1          59.062           4.976          -2.229         -12.530           74.339
 9243 (vir)     1          59.088           3.167          -1.973         -11.901           72.183
 9244 (vir)     1          59.119           2.398          -1.808         -12.139           71.847
 9245 (vir)     1          59.248           3.695          -2.290         -12.957           73.610
 9246 (vir)     1          59.250           5.135          -2.217         -12.627           74.795
 9247 (vir)     1          59.399           2.631          -1.545         -11.433           71.918
 9248 (vir)     1          59.432           3.945          -2.318         -13.046           74.106
 9249 (vir)     1          59.590           4.477          -2.162         -12.734           74.640
 9250 (vir)     1          59.622           2.860          -1.628         -11.728           72.583
 9251 (vir)     1          59.659           4.683          -2.196         -12.509           74.655
 9252 (vir)     1          59.707           3.805          -2.317         -12.747           73.942
 9253 (vir)     1          59.725           3.414          -2.277         -13.032           73.893
 9254 (vir)     1          59.841           2.877          -2.027         -12.122           72.812
 9255 (vir)     1          59.847           3.805          -2.265         -13.033           74.421
 9256 (vir)     1          59.939           3.960          -2.218         -12.969           74.650
 9257 (vir)     1          60.022           2.118          -2.241         -13.028           72.927
 9258 (vir)     1          60.032           2.294          -1.681         -11.999           72.644
 9259 (vir)     1          60.079           3.886          -2.200         -12.965           74.730
 9260 (vir)     1          60.110           4.225          -2.228         -13.024           75.130
 9261 (vir)     1          60.118           3.501          -2.387         -12.804           74.035
 9262 (vir)     1          60.258           3.413          -2.320         -12.737           74.088
 9263 (vir)     1          60.308           2.977          -2.008         -12.182           73.458
 9264 (vir)     1          60.419           2.982          -2.219         -12.596           73.778
 9265 (vir)     1          60.488           3.194          -1.291         -10.759           73.151
 9266 (vir)     1          60.533           3.472          -2.217         -12.623           74.411
 9267 (vir)     1          60.598           1.038          -1.602         -11.895           71.929
 9268 (vir)     1          60.671           4.007          -2.189         -12.603           75.092
 9269 (vir)     1          60.679           3.710          -2.016         -12.290           74.663
 9270 (vir)     1          60.800           4.328          -2.138         -12.538           75.528
 9271 (vir)     1          60.863          -6.010          -2.096         -12.481           65.239
 9272 (vir)     1          60.940           3.381          -2.045         -12.406           74.681
 9273 (vir)     1          60.969          -1.553          -2.100         -12.511           69.827
 9274 (vir)     1          61.052          -5.176          -2.078         -12.491           66.289
 9275 (vir)     1          61.057          -2.494          -2.035         -12.418           68.946
 9276 (vir)     1          61.118           2.491          -2.054         -12.465           74.020
 9277 (vir)     1          61.127          -0.174          -2.040         -12.443           71.357
 9278 (vir)     1          61.162           2.716          -2.040         -12.451           74.289
 9279 (vir)     1          61.165           1.946          -2.038         -12.448           73.521
 9280 (vir)     1          61.200           1.240          -1.585         -11.887           72.742
 9281 (vir)     1          61.565           2.709          -1.242         -10.767           73.800
 9282 (vir)     1          61.840           1.155          -1.563         -11.862           73.294
 9283 (vir)     1          62.240           2.587          -2.061         -12.372           75.137
 9284 (vir)     1          62.240           1.906          -2.061         -12.372           74.456
 9285 (vir)     1          62.507           1.082          -1.542         -11.852           73.899
 9286 (vir)     1          62.657           2.846          -1.224         -10.896           75.174
 9287 (vir)     1          63.220           1.124          -1.529         -11.857           74.673
 9288 (vir)     1          63.649           2.240          -1.227         -11.091           75.753
 9289 (vir)     1          63.960           1.106          -1.506         -11.839           75.399
 9290 (vir)     1          64.478           2.768          -1.267         -11.361           77.340
 9291 (vir)     1          64.725           0.932          -1.474         -11.801           75.985
 9292 (vir)     1          65.140           1.403          -1.301         -11.562           76.803
 9293 (vir)     1          65.333           4.756          -1.828         -12.197           80.457
 9294 (vir)     1          65.335           1.421          -1.819         -12.177           77.114
 9295 (vir)     1          65.428           2.031          -1.838         -12.219           77.840
 9296 (vir)     1          65.443           1.468          -1.809         -12.163           77.264
 9297 (vir)     1          65.495           0.922          -1.390         -11.684           76.711
 9298 (vir)     1          65.578           2.720          -1.832         -12.215           78.681
 9299 (vir)     1          65.623           1.281          -1.825         -12.205           77.284
 9300 (vir)     1          65.771          -4.506          -1.325         -11.677           71.617
 9301 (vir)     1          65.796           2.343          -1.778         -12.121           78.481
 9302 (vir)     1          65.848           1.484          -1.876         -12.318           77.773
 9303 (vir)     1          66.093           1.440          -1.902         -12.378           78.010
 9304 (vir)     1          66.117           2.005          -1.703         -12.014           78.432
 9305 (vir)     1          66.208           0.867          -1.251         -11.589           77.414
 9306 (vir)     1          66.371           2.058          -1.868         -12.330           78.891
 9307 (vir)     1          66.490           1.936          -1.744         -12.234           78.915
 9308 (vir)     1          66.510           0.925          -1.394         -11.840           77.881
 9309 (vir)     1          66.581           3.842          -1.217         -12.298           81.504
 9310 (vir)     1          66.582           3.667          -1.243         -12.325           81.331
 9311 (vir)     1          66.583           3.655          -1.272         -12.427           81.394
 9312 (vir)     1          66.594           3.864          -1.272         -12.457           81.643
 9313 (vir)     1          66.609           3.855          -1.255         -12.380           81.588
 9314 (vir)     1          66.615           3.687          -1.249         -12.286           81.339
 9315 (vir)     1          66.615           3.715          -1.239         -12.341           81.432
 9316 (vir)     1          66.634           3.694          -1.283         -12.483           81.527
 9317 (vir)     1          66.668           3.210          -1.370         -12.408           80.916
 9318 (vir)     1          66.669           3.554          -1.293         -12.498           81.427
 9319 (vir)     1          66.671           3.905          -1.198         -12.218           81.596
 9320 (vir)     1          66.683           3.650          -1.255         -12.363           81.441
 9321 (vir)     1          66.727           3.457          -1.327         -12.140           80.997
 9322 (vir)     1          66.739           3.902          -1.242         -12.306           81.704
 9323 (vir)     1          66.751           3.441          -1.307         -12.410           81.295
 9324 (vir)     1          66.783           3.610          -1.311         -12.571           81.654
 9325 (vir)     1          66.788           2.907          -1.398         -12.182           80.480
 9326 (vir)     1          66.834           2.473          -1.590         -12.310           80.027
 9327 (vir)     1          66.853           3.128          -1.281         -12.346           81.045
 9328 (vir)     1          66.856           2.955          -1.459         -12.321           80.673
 9329 (vir)     1          66.859           3.992          -1.238         -12.291           81.904
 9330 (vir)     1          66.890           3.424          -1.293         -12.328           81.350
 9331 (vir)     1          66.950           3.404          -1.264         -12.285           81.375
 9332 (vir)     1          66.979           4.209          -1.189         -12.119           82.118
 9333 (vir)     1          67.002           3.386          -1.354         -12.527           81.561
 9334 (vir)     1          67.018           3.143          -1.255         -12.149           81.055
 9335 (vir)     1          67.044           3.548          -1.335         -12.650           81.907
 9336 (vir)     1          67.076           0.958          -1.253         -11.991           78.772
 9337 (vir)     1          67.101           4.095          -1.162         -12.057           82.091
 9338 (vir)     1          67.123           4.268          -1.231         -12.228           82.388
 9339 (vir)     1          67.161           1.965          -1.782         -12.428           79.771
 9340 (vir)     1          67.178           2.999          -1.476         -12.610           81.311
 9341 (vir)     1          67.179           0.895          -1.247         -11.949           78.776
 9342 (vir)     1          67.238           3.412          -1.335         -12.622           81.937
 9343 (vir)     1          67.261           3.604          -1.153         -12.041           81.753
 9344 (vir)     1          67.274           2.621          -1.591         -12.522           80.825
 9345 (vir)     1          67.288           4.265          -1.236         -12.213           82.530
 9346 (vir)     1          67.354           0.907          -1.350         -11.857           78.768
 9347 (vir)     1          67.404           2.795          -1.319         -12.452           81.332
 9348 (vir)     1          67.406           3.558          -1.169         -12.036           81.830
 9349 (vir)     1          67.408           0.981          -1.285         -11.863           78.968
 9350 (vir)     1          67.450           4.135          -1.245         -12.233           82.573
 9351 (vir)     1          67.481           3.859          -1.485         -12.320           82.175
 9352 (vir)     1          67.508           2.642          -1.257         -12.055           80.948
 9353 (vir)     1          67.581           3.447          -1.277         -12.334           82.085
 9354 (vir)     1          67.596           4.347          -1.240         -12.193           82.896
 9355 (vir)     1          67.601           2.460          -1.574         -11.977           80.464
 9356 (vir)     1          67.635           4.518          -1.235         -12.168           83.088
 9357 (vir)     1          67.674           3.325          -1.371         -12.747           82.375
 9358 (vir)     1          67.697           1.012          -1.252         -11.931           79.388
 9359 (vir)     1          67.768           4.495          -1.146         -11.991           83.108
 9360 (vir)     1          67.792           2.149          -1.857         -12.526           80.610
 9361 (vir)     1          67.816           0.910          -1.250         -11.924           79.400
 9362 (vir)     1          67.821           4.938          -1.237         -12.145           83.668
 9363 (vir)     1          67.851           2.918          -1.354         -12.538           81.952
 9364 (vir)     1          67.941           2.651          -1.130         -11.943           81.404
 9365 (vir)     1          67.949           3.257          -1.381         -12.775           82.600
 9366 (vir)     1          67.998           4.557          -1.238         -12.117           83.434
 9367 (vir)     1          68.069           1.200          -1.238         -11.911           79.942
 9368 (vir)     1          68.093           2.864          -1.419         -12.583           82.120
 9369 (vir)     1          68.104           0.970          -1.256         -11.939           79.757
 9370 (vir)     1          68.116           3.153          -1.125         -11.926           82.070
 9371 (vir)     1          68.147           1.558          -1.900         -12.561           80.366
 9372 (vir)     1          68.178           5.011          -1.242         -12.115           84.062
 9373 (vir)     1          68.249           3.137          -1.391         -12.796           82.790
 9374 (vir)     1          68.272           2.219          -1.149         -11.905           81.247
 9375 (vir)     1          68.278           0.830          -1.358         -11.778           79.528
 9376 (vir)     1          68.343           3.912          -1.246         -12.096           83.105
 9377 (vir)     1          68.351           2.406          -1.433         -11.982           81.305
 9378 (vir)     1          68.357           1.007          -1.249         -11.947           80.062
 9379 (vir)     1          68.365           1.103          -1.242         -11.889           80.115
 9380 (vir)     1          68.401           2.880          -1.412         -12.641           82.510
 9381 (vir)     1          68.432           2.198          -1.128         -11.917           81.419
 9382 (vir)     1          68.494           4.973          -1.249         -12.097           84.315
 9383 (vir)     1          68.531           1.021          -1.246         -11.948           80.253
 9384 (vir)     1          68.537           1.016          -1.238         -11.915           80.230
 9385 (vir)     1          68.549           1.381          -1.687         -12.298           80.541
 9386 (vir)     1          68.573           2.102          -1.206         -11.940           81.409
 9387 (vir)     1          68.576           3.118          -1.403         -12.836           83.126
 9388 (vir)     1          68.624           5.339          -1.251         -12.089           84.801
 9389 (vir)     1          68.686           2.262          -1.119         -11.882           81.711
 9390 (vir)     1          68.728           2.856          -1.421         -12.661           82.825
 9391 (vir)     1          68.729           5.110          -1.253         -12.084           84.670
 9392 (vir)     1          68.781           2.146          -1.119         -11.880           81.688
 9393 (vir)     1          68.807           4.680          -1.255         -12.081           84.313
 9394 (vir)     1          68.844           1.829          -1.802         -12.535           81.405
 9395 (vir)     1          68.851           2.120          -1.159         -11.915           81.726
 9396 (vir)     1          68.854           5.230          -1.256         -12.079           84.907
 9397 (vir)     1          68.892           1.930          -1.117         -11.870           81.575
 9398 (vir)     1          68.931           3.112          -1.419         -12.888           83.512
 9399 (vir)     1          69.061           2.174          -1.489         -12.670           82.415
 9400 (vir)     1          69.226           1.007          -1.346         -11.771           80.658
 9401 (vir)     1          69.245           1.678          -1.853         -12.621           81.690
 9402 (vir)     1          69.292           2.549          -1.315         -11.804           82.330
 9403 (vir)     1          69.324           3.082          -1.428         -12.913           83.891
 9404 (vir)     1          69.427           2.639          -1.495         -12.697           83.268
 9405 (vir)     1          69.594           0.798          -1.265         -11.853           80.980
 9406 (vir)     1          69.637           1.081          -1.518         -12.180           81.381
 9407 (vir)     1          69.668           1.240          -1.557         -12.269           81.620
 9408 (vir)     1          69.745           0.820          -1.290         -11.887           81.162
 9409 (vir)     1          69.750           2.921          -1.436         -12.928           84.164
 9410 (vir)     1          69.805           1.866          -1.483         -12.634           82.821
 9411 (vir)     1          69.884           0.931          -1.341         -11.977           81.451
 9412 (vir)     1          69.987          -0.234          -1.599         -12.300           80.454
 9413 (vir)     1          70.056           1.552          -1.423         -12.135           82.320
 9414 (vir)     1          70.167           2.113          -1.369         -12.159           83.070
 9415 (vir)     1          70.210           2.332          -1.495         -12.629           83.677
 9416 (vir)     1          70.219           2.226          -1.395         -12.011           83.062
 9417 (vir)     1          70.219           0.863          -1.361         -11.986           81.708
 9418 (vir)     1          70.231           2.295          -1.400         -12.553           83.679
 9419 (vir)     1          70.446           0.551          -1.385         -12.027           81.639
 9420 (vir)     1          70.462           1.767          -1.748         -12.601           83.083
 9421 (vir)     1          70.599           2.669          -1.487         -12.522           84.303
 9422 (vir)     1          70.697           2.782          -1.448         -12.910           84.942
 9423 (vir)     1          70.711           0.877          -1.489         -12.220           82.318
 9424 (vir)     1          70.863           1.648          -1.629         -12.383           83.265
 9425 (vir)     1          70.939           1.820          -1.497         -12.433           83.695
 9426 (vir)     1          71.007           2.523          -1.298         -12.040           84.271
 9427 (vir)     1          71.073           2.306          -1.625         -12.560           84.313
 9428 (vir)     1          71.099           0.756          -1.350         -11.944           82.449
 9429 (vir)     1          71.178           0.582          -1.439         -12.132           82.452
 9430 (vir)     1          71.200           2.450          -1.446         -12.748           84.953
 9431 (vir)     1          71.335           2.241          -1.643         -12.638           84.570
 9432 (vir)     1          71.425           0.611          -1.470         -12.197           82.762
 9433 (vir)     1          71.466           1.425          -1.416         -12.398           83.874
 9434 (vir)     1          71.481           1.796          -1.645         -12.572           84.204
 9435 (vir)     1          71.546           1.549          -1.362         -12.086           83.819
 9436 (vir)     1          71.636           1.655          -1.386         -12.223           84.128
 9437 (vir)     1          71.676           0.966          -1.496         -12.272           83.418
 9438 (vir)     1          71.748           2.202          -1.619         -12.625           84.956
 9439 (vir)     1          71.870           2.505          -1.451         -12.949           85.874
 9440 (vir)     1          71.901           1.248          -1.670         -12.563           84.042
 9441 (vir)     1          72.134           2.062          -1.610         -12.571           85.158
 9442 (vir)     1          72.157           0.977          -1.481         -12.332           83.986
 9443 (vir)     1          72.193           0.830          -1.475         -12.284           83.832
 9444 (vir)     1          72.315           0.868          -1.264         -11.764           83.683
 9445 (vir)     1          72.412           1.147          -1.693         -12.551           84.417
 9446 (vir)     1          72.472           2.694          -1.458         -12.983           86.691
 9447 (vir)     1          72.478           1.453          -1.555         -12.499           84.875
 9448 (vir)     1          72.740           1.027          -1.543         -12.417           84.641
 9449 (vir)     1          72.762           1.553          -1.701         -12.527           85.142
 9450 (vir)     1          72.856           0.887          -1.423         -12.106           84.426
 9451 (vir)     1          72.883           0.672          -1.482         -12.170           84.243
 9452 (vir)     1          72.903           0.662          -1.525         -12.279           84.318
 9453 (vir)     1          72.964           0.994          -1.539         -12.324           84.742
 9454 (vir)     1          73.129           1.539          -1.464         -12.996           86.200
 9455 (vir)     1          73.149           1.338          -1.572         -12.380           85.296
 9456 (vir)     1          73.233           1.489          -1.474         -12.307           85.555
 9457 (vir)     1          73.333           0.828          -1.235         -11.736           84.662
 9458 (vir)     1          73.496           1.385          -1.552         -12.384           85.713
 9459 (vir)     1          73.770           1.438          -1.690         -12.625           86.143
 9460 (vir)     1          73.833           2.110          -1.466         -12.996           87.473
 9461 (vir)     1          74.036           1.579          -1.279         -12.196           86.531
 9462 (vir)     1          74.233           1.135          -1.761         -12.705           86.312
 9463 (vir)     1          74.383           0.949          -1.211         -11.733           85.854
 9464 (vir)     1          74.576           2.153          -1.468         -12.998           88.259
 9465 (vir)     1          74.671           1.139          -1.759         -12.717           86.768
 9466 (vir)     1          74.721           1.721          -1.194         -12.249           87.497
 9467 (vir)     1          75.094           1.115          -1.739         -12.715           87.185
 9468 (vir)     1          75.348           3.846          -1.469         -13.007           90.732
 9469 (vir)     1          75.403           1.423          -1.331         -12.449           87.944
 9470 (vir)     1          75.446           0.706          -1.187         -11.735           86.699
 9471 (vir)     1          75.518           1.339          -1.573         -12.608           87.892
 9472 (vir)     1          75.855           1.038          -1.718         -12.735           87.909
 9473 (vir)     1          76.130           1.550          -1.169         -12.402           88.912
 9474 (vir)     1          76.135          -0.148          -1.472         -13.029           87.544
 9475 (vir)     1          76.208           1.022          -1.719         -12.745           88.256
 9476 (vir)     1          76.511           0.933          -1.164         -11.738           88.019
 9477 (vir)     1          76.524           0.985          -1.708         -12.748           88.548
 9478 (vir)     1          76.766           1.154          -1.366         -12.573           89.126
 9479 (vir)     1          76.817           1.566          -1.486         -12.632           89.529
 9480 (vir)     1          76.910           5.123          -1.477         -13.069           93.626
 9481 (vir)     1          77.028           0.985          -1.696         -12.758           89.076
 9482 (vir)     1          77.214           0.955          -1.691         -12.762           89.239
 9483 (vir)     1          77.346           0.983          -1.677         -12.759           89.412
 9484 (vir)     1          77.411           1.515          -1.152         -12.494           90.267
 9485 (vir)     1          77.429           0.956          -1.686         -12.766           89.464
 9486 (vir)     1          77.573           0.784          -1.142         -11.746           88.960
 9487 (vir)     1          77.635           3.549          -1.485         -13.128           92.827
 9488 (vir)     1          77.989           1.539          -1.131         -12.512           90.909
 9489 (vir)     1          78.258           3.896          -1.497         -13.204           93.861
 9490 (vir)     1          78.519           1.513          -1.120         -12.523           91.435
 9491 (vir)     1          78.621           0.770          -1.120         -11.751           90.023
 9492 (vir)     1          78.723           4.126          -1.508         -13.265           94.606
 9493 (vir)     1          78.988           1.498          -1.109         -12.522           91.899
 9494 (vir)     1          79.000           2.654          -1.509         -13.279           93.424
 9495 (vir)     1          79.117           3.473          -1.503         -13.256           94.344
 9496 (vir)     1          79.135           3.160          -1.485         -13.201           94.012
 9497 (vir)     1          79.152           2.686          -1.456         -13.138           93.520
 9498 (vir)     1          79.244           2.515          -1.426         -13.090           93.424
 9499 (vir)     1          79.380           1.459          -1.097         -12.512           92.254
 9500 (vir)     1          79.422           2.124          -1.393         -13.044           93.197
 9501 (vir)     1          79.649           0.778          -1.099         -11.761           91.088
 9502 (vir)     1          79.680           1.424          -1.086         -12.496           92.514
 9503 (vir)     1          79.682           2.133          -1.364         -13.009           93.460
 9504 (vir)     1          79.868           1.427          -1.078         -12.483           92.701
 9505 (vir)     1          80.009           1.895          -1.335         -12.975           93.543
 9506 (vir)     1          80.382           1.841          -1.308         -12.941           93.855
 9507 (vir)     1          80.646           0.815          -1.079         -11.769           92.152
 9508 (vir)     1          80.781           1.896          -1.281         -12.904           94.300
 9509 (vir)     1          81.182           1.665          -1.254         -12.858           94.451
 9510 (vir)     1          81.416           1.501          -1.380         -12.933           94.470
 9511 (vir)     1          81.422           1.425          -1.398         -12.953           94.402
 9512 (vir)     1          81.559           1.451          -1.218         -12.754           94.547
 9513 (vir)     1          81.569           1.978          -1.364         -12.906           95.089
 9514 (vir)     1          81.577           1.164          -1.419         -12.969           94.292
 9515 (vir)     1          81.606           0.680          -1.067         -11.824           93.042
 9516 (vir)     1          81.845           1.031          -1.437         -12.997           94.436
 9517 (vir)     1          81.856           2.034          -1.346         -12.889           95.433
 9518 (vir)     1          81.887           1.404          -1.196         -12.735           94.830
 9519 (vir)     1          82.117           1.352          -1.169         -12.671           94.972
 9520 (vir)     1          82.216           0.990          -1.453         -13.028           94.780
 9521 (vir)     1          82.267           2.177          -1.332         -12.881           95.993
 9522 (vir)     1          82.510           0.704          -1.044         -11.788           93.959
 9523 (vir)     1          82.673           0.971          -1.466         -13.063           95.241
 9524 (vir)     1          82.770           2.554          -1.322         -12.886           96.888
 9525 (vir)     1          83.147           1.258          -1.303         -12.671           95.774
 9526 (vir)     1          83.153           1.268          -1.307         -12.687           95.802
 9527 (vir)     1          83.203           0.891          -1.477         -13.102           95.719
 9528 (vir)     1          83.326           1.898          -1.316         -12.907           96.816
 9529 (vir)     1          83.363           0.690          -1.031         -11.810           94.832
 9530 (vir)     1          83.797           0.869          -1.486         -13.146           96.326
 9531 (vir)     1          83.898           1.495          -1.312         -12.944           97.025
 9532 (vir)     1          84.109           1.072          -1.298         -12.440           96.323
 9533 (vir)     1          84.132           1.214          -1.286         -12.457           96.516
 9534 (vir)     1          84.137           0.516          -1.017         -11.815           95.451
 9535 (vir)     1          84.446           0.689          -1.492         -13.195           96.838
 9536 (vir)     1          84.454           1.490          -1.311         -12.996           97.628
 9537 (vir)     1          84.474           0.925          -1.332         -12.570           96.636
 9538 (vir)     1          84.478           1.648          -1.284         -12.568           97.410
 9539 (vir)     1          84.834           0.695          -1.002         -11.820           96.346
 9540 (vir)     1          84.883           1.518          -1.289         -12.691           97.803
 9541 (vir)     1          84.970           1.947          -1.313         -13.059           98.662
 9542 (vir)     1          85.018           0.926          -1.355         -12.717           97.306
 9543 (vir)     1          85.146           0.799          -1.496         -13.246           97.695
 9544 (vir)     1          85.286           1.438          -1.314         -12.826           98.236
 9545 (vir)     1          85.427           1.827          -1.319         -13.131           99.066
 9546 (vir)     1          85.442           0.656          -0.989         -11.822           96.931
 9547 (vir)     1          85.532           1.611          -1.322         -12.965           98.786
 9548 (vir)     1          85.742           1.939          -1.431         -13.639           99.888
 9549 (vir)     1          85.800           1.685          -1.338         -13.217           99.364
 9550 (vir)     1          85.814           0.784          -1.396         -12.894           98.096
 9551 (vir)     1          85.836           1.842          -1.358         -13.274           99.595
 9552 (vir)     1          85.863           1.861          -1.409         -13.561           99.875
 9553 (vir)     1          85.908           0.729          -1.487         -13.294           98.443
 9554 (vir)     1          85.952           0.715          -0.980         -11.830           97.517
 9555 (vir)     1          86.034           1.861          -1.375         -13.423           99.943
 9556 (vir)     1          86.049           1.798          -1.354         -13.292           99.785
 9557 (vir)     1          86.116           1.827          -1.333         -13.290           99.901
 9558 (vir)     1          86.198           1.801          -1.349         -13.316           99.967
 9559 (vir)     1          86.206           1.766          -1.343         -13.284           99.913
 9560 (vir)     1          86.307           1.776          -1.339         -13.285          100.029
 9561 (vir)     1          86.310           1.816          -1.338         -13.280          100.068
 9562 (vir)     1          86.345           1.755          -1.347         -13.390          100.143
 9563 (vir)     1          86.356           0.644          -0.973         -11.835           97.863
 9564 (vir)     1          86.449           1.740          -1.414         -13.747          100.523
 9565 (vir)     1          86.502           1.816          -1.371         -13.535          100.483
 9566 (vir)     1          86.508           1.694          -1.403         -13.702          100.501
 9567 (vir)     1          86.594           1.705          -1.379         -13.595          100.516
 9568 (vir)     1          86.605           1.655          -1.369         -13.549          100.439
 9569 (vir)     1          86.623           0.728          -1.423         -12.968           98.897
 9570 (vir)     1          86.650           0.655          -0.968         -11.839           98.176
 9571 (vir)     1          86.669           1.850          -1.364         -13.535          100.689
 9572 (vir)     1          86.672           1.731          -1.364         -13.531          100.570
 9573 (vir)     1          86.697           0.249          -1.503         -13.366           98.809
 9574 (vir)     1          86.827           0.645          -0.965         -11.841           98.350
 9575 (vir)     1          87.532           0.644          -1.439         -13.074           99.811
 9576 (vir)     1          87.535           0.772          -1.506         -13.426          100.228
 9577 (vir)     1          88.419           0.340          -1.506         -13.492          100.746
 9578 (vir)     1          88.515           0.591          -1.451         -13.179          100.834
 9579 (vir)     1          89.345           0.458          -1.505         -13.561          101.859
 9580 (vir)     1          89.557           0.545          -1.462         -13.284          101.923
 9581 (vir)     1          90.315           0.340          -1.503         -13.634          102.786
 9582 (vir)     1          90.648           0.523          -1.471         -13.389          103.089
 9583 (vir)     1          91.326           0.359          -1.501         -13.709          103.893
 9584 (vir)     1          91.783           0.512          -1.480         -13.495          104.310
 9585 (vir)     1          92.379           0.319          -1.498         -13.787          104.987
 9586 (vir)     1          92.957           0.485          -1.488         -13.603          105.557
 9587 (vir)     1          93.472           0.571          -1.495         -13.869          106.418
 9588 (vir)     1          94.168           0.471          -1.496         -13.713          106.855
 9589 (vir)     1          94.605           0.353          -1.491         -13.953          107.421
 9590 (vir)     1          95.412           0.448          -1.504         -13.826          108.182
 9591 (vir)     1          95.777           0.391          -1.487         -14.040          108.721
 9592 (vir)     1          96.689           0.442          -1.512         -13.941          109.559
 9593 (vir)     1          96.984           0.343          -1.483         -14.130          109.974
 9594 (vir)     1          97.995           0.433          -1.519         -14.058          110.968
 9595 (vir)     1          98.225           0.314          -1.478         -14.222          111.283
 9596 (vir)     1          99.330           0.424          -1.527         -14.179          112.407
 9597 (vir)     1          99.497           0.331          -1.474         -14.316          112.670
 9598 (vir)     1         100.693           0.410          -1.534         -14.303          113.872
 9599 (vir)     1         100.797           0.297          -1.469         -14.412          114.036
 9600 (vir)     1         102.083           0.399          -1.542         -14.429          115.369
 9601 (vir)     1         102.118           0.310          -1.465         -14.510          115.473
 9602 (vir)     1         103.458           0.226          -1.460         -14.609          116.832
 9603 (vir)     1         103.498           0.384          -1.549         -14.558          116.891
 9604 (vir)     1         104.809           0.362          -1.456         -14.708          118.423
 9605 (vir)     1         104.939           0.366          -1.557         -14.689          118.437
 9606 (vir)     1         106.164           0.328          -1.452         -14.808          119.849
 9607 (vir)     1         106.403           0.371          -1.565         -14.824          120.033
 9608 (vir)     1         107.516           0.311          -1.448         -14.908          121.287
 9609 (vir)     1         107.889           0.341          -1.573         -14.960          121.618
 9610 (vir)     1         108.856           0.314          -1.443         -15.006          122.733
 9611 (vir)     1         109.397           0.344          -1.580         -15.099          123.260
 9612 (vir)     1         110.176           0.337          -1.439         -15.103          124.176
 9613 (vir)     1         110.925           0.342          -1.588         -15.240          124.920
 9614 (vir)     1         111.463           0.307          -1.436         -15.197          125.531
 9615 (vir)     1         112.472           0.329          -1.595         -15.383          126.589
 9616 (vir)     1         112.709           0.280          -1.433         -15.288          126.844
 9617 (vir)     1         113.901           0.325          -1.429         -15.375          128.170
 9618 (vir)     1         114.034           0.325          -1.602         -15.528          128.285
 9619 (vir)     1         115.027           0.279          -1.427         -15.456          129.336
 9620 (vir)     1         115.611           0.317          -1.610         -15.674          129.992
 9621 (vir)     1         116.076           0.276          -1.424         -15.533          130.461
 9622 (vir)     1         117.036           0.270          -1.422         -15.602          131.486
 9623 (vir)     1         117.198           0.311          -1.617         -15.821          131.714
 9624 (vir)     1         117.895           0.259          -1.420         -15.664          132.398
 9625 (vir)     1         118.643           0.269          -1.418         -15.718          133.211
 9626 (vir)     1         118.793           0.308          -1.624         -15.969          133.446
 9627 (vir)     1         119.270           0.259          -1.417         -15.763          133.875
 9628 (vir)     1         119.766           0.256          -1.416         -15.799          134.404
 9629 (vir)     1         120.126           0.239          -1.415         -15.824          134.774
 9630 (vir)     1         120.343           0.245          -1.415         -15.840          135.012
 9631 (vir)     1         120.391           0.289          -1.631         -16.117          135.166
 9632 (vir)     1         121.988           0.300          -1.638         -16.265          136.915
 9633 (vir)     1         123.577           0.290          -1.645         -16.412          138.635
 9634 (vir)     1         125.153           0.270          -1.651         -16.558          140.330
 9635 (vir)     1         126.708           0.274          -1.658         -16.702          142.026
 9636 (vir)     1         128.234           0.277          -1.664         -16.843          143.689
 9637 (vir)     1         129.720           0.277          -1.670         -16.981          145.308
 9638 (vir)     1         131.158           0.251          -1.676         -17.113          146.846
 9639 (vir)     1         132.535           0.255          -1.682         -17.240          148.348
 9640 (vir)     1         133.839           0.238          -1.687         -17.361          149.750
 9641 (vir)     1         135.056           0.254          -1.692         -17.473          151.092
 9642 (vir)     1         136.175           0.249          -1.696         -17.576          152.303
 9643 (vir)     1         137.179           0.238          -1.700         -17.668          153.386
 9644 (vir)     1         138.058           0.229          -1.703         -17.749          154.333
 9645 (vir)     1         138.796           0.240          -1.706         -17.817          155.147
 9646 (vir)     1         139.384           0.239          -1.708         -17.871          155.785
 9647 (vir)     1         139.810           0.228          -1.710         -17.911          156.239
 9648 (vir)     1         140.069           0.242          -1.711         -17.934          156.534
 
