 
  kpoint:       1             coordinate:     0.0000    0.0000    0.0000
 
    n           k   ϵ_nk^DFT (eV)     Σ^c_nk (eV)     Σ^x_nk (eV)    v_nk^xc (eV)   ϵ_nk^G0W0 (eV)
 
    1 (occ)     1        -266.700          -7.055         -91.572         -61.083         -304.244
    2 (occ)     1        -266.700          -7.055         -91.572         -61.083         -304.244
    3 (occ)     1        -266.699          -7.069         -91.574         -61.085         -304.257
    4 (occ)     1        -266.699          -7.069         -91.574         -61.085         -304.257
    5 (occ)     1        -266.674          -7.708         -91.553         -61.073         -304.861
    6 (occ)     1        -266.674          -7.708         -91.553         -61.073         -304.861
    7 (occ)     1        -266.665          -7.905         -91.621         -61.069         -305.121
    8 (occ)     1        -266.665          -7.905         -91.621         -61.069         -305.122
    9 (occ)     1        -266.665          -7.906         -91.621         -61.070         -305.122
   10 (occ)     1        -266.664          -7.907         -91.622         -61.070         -305.122
   11 (occ)     1        -266.664          -7.907         -91.622         -61.071         -305.123
   12 (occ)     1        -266.664          -7.908         -91.623         -61.071         -305.123
   13 (occ)     1        -266.664          -7.908         -91.623         -61.072         -305.123
   14 (occ)     1        -266.663          -7.909         -91.623         -61.072         -305.123
   15 (occ)     1        -266.663          -7.910         -91.624         -61.073         -305.124
   16 (occ)     1        -266.663          -7.910         -91.624         -61.073         -305.124
   17 (occ)     1        -266.663          -7.911         -91.624         -61.073         -305.124
   18 (occ)     1        -266.662          -7.912         -91.624         -61.074         -305.125
   19 (occ)     1        -266.662          -7.912         -91.624         -61.074         -305.125
   20 (occ)     1        -266.662          -7.913         -91.624         -61.074         -305.125
   21 (occ)     1        -266.661          -7.913         -91.626         -61.076         -305.125
   22 (occ)     1        -266.661          -7.916         -91.620         -61.071         -305.126
   23 (occ)     1        -266.661          -7.912         -91.631         -61.080         -305.123
   24 (occ)     1        -266.661          -7.922         -91.609         -61.062         -305.130
   25 (occ)     1        -266.660          -7.917         -91.620         -61.071         -305.126
   26 (occ)     1        -266.660          -7.914         -91.627         -61.077         -305.124
   27 (occ)     1        -266.660          -7.920         -91.617         -61.069         -305.128
   28 (occ)     1        -266.660          -7.924         -91.611         -61.064         -305.130
   29 (occ)     1        -266.659          -7.924         -91.612         -61.065         -305.130
   30 (occ)     1        -266.659          -7.921         -91.618         -61.070         -305.127
   31 (occ)     1        -266.659          -7.918         -91.623         -61.074         -305.125
   32 (occ)     1        -266.659          -7.921         -91.620         -61.072         -305.127
   33 (occ)     1        -266.658          -7.925         -91.614         -61.068         -305.130
   34 (occ)     1        -266.658          -7.928         -91.613         -61.067         -305.132
   35 (occ)     1        -266.658          -7.930         -91.613         -61.067         -305.133
   36 (occ)     1        -266.658          -7.931         -91.613         -61.068         -305.134
   37 (occ)     1        -266.657          -7.931         -91.615         -61.070         -305.134
   38 (occ)     1        -266.657          -7.931         -91.617         -61.072         -305.134
   39 (occ)     1        -266.657          -7.929         -91.620         -61.074         -305.132
   40 (occ)     1        -266.657          -7.930         -91.622         -61.076         -305.133
   41 (occ)     1        -266.657          -7.927         -91.623         -61.076         -305.130
   42 (occ)     1        -266.657          -7.931         -91.622         -61.076         -305.133
   43 (occ)     1        -266.656          -7.932         -91.618         -61.073         -305.134
   44 (occ)     1        -266.656          -7.933         -91.618         -61.073         -305.134
   45 (occ)     1        -266.656          -7.935         -91.616         -61.071         -305.135
   46 (occ)     1        -266.656          -7.935         -91.616         -61.071         -305.135
   47 (occ)     1        -266.655          -7.935         -91.615         -61.070         -305.134
   48 (occ)     1        -266.655          -7.935         -91.615         -61.070         -305.134
   49 (occ)     1        -266.654          -7.924         -91.622         -61.075         -305.126
   50 (occ)     1        -266.654          -7.924         -91.622         -61.075         -305.126
   51 (occ)     1        -266.653          -7.925         -91.621         -61.074         -305.125
   52 (occ)     1        -266.653          -7.925         -91.621         -61.074         -305.125
   53 (occ)     1        -266.652          -7.935         -91.613         -61.069         -305.131
   54 (occ)     1        -266.652          -7.935         -91.613         -61.069         -305.131
   55 (occ)     1        -266.649          -7.922         -91.620         -61.074         -305.117
   56 (occ)     1        -266.649          -7.922         -91.620         -61.074         -305.117
   57 (occ)     1        -266.649          -7.920         -91.618         -61.072         -305.114
   58 (occ)     1        -266.649          -7.920         -91.618         -61.072         -305.114
   59 (occ)     1        -266.644          -7.953         -91.630         -61.067         -305.161
   60 (occ)     1        -266.644          -7.932         -91.610         -61.068         -305.118
   61 (occ)     1        -266.644          -7.932         -91.610         -61.068         -305.118
   62 (occ)     1        -266.644          -7.953         -91.631         -61.067         -305.161
   63 (occ)     1        -266.644          -7.953         -91.632         -61.068         -305.161
   64 (occ)     1        -266.643          -7.953         -91.633         -61.069         -305.160
   65 (occ)     1        -266.643          -7.953         -91.634         -61.070         -305.160
   66 (occ)     1        -266.643          -7.953         -91.635         -61.071         -305.160
   67 (occ)     1        -266.643          -7.897         -91.623         -61.074         -305.088
   68 (occ)     1        -266.643          -7.897         -91.623         -61.074         -305.088
   69 (occ)     1        -266.643          -7.953         -91.635         -61.072         -305.159
   70 (occ)     1        -266.642          -7.952         -91.636         -61.072         -305.158
   71 (occ)     1        -266.642          -7.951         -91.637         -61.073         -305.158
   72 (occ)     1        -266.642          -7.950         -91.638         -61.074         -305.156
   73 (occ)     1        -266.642          -7.949         -91.639         -61.075         -305.154
   74 (occ)     1        -266.641          -7.947         -91.640         -61.076         -305.152
   75 (occ)     1        -266.641          -7.748         -91.655         -61.082         -304.963
   76 (occ)     1        -266.641          -7.943         -91.641         -61.077         -305.149
   77 (occ)     1        -266.641          -7.753         -91.655         -61.082         -304.967
   78 (occ)     1        -266.641          -7.941         -91.644         -61.079         -305.146
   79 (occ)     1        -266.641          -7.756         -91.655         -61.082         -304.970
   80 (occ)     1        -266.641          -7.759         -91.654         -61.081         -304.972
   81 (occ)     1        -266.641          -7.929         -91.639         -61.075         -305.134
   82 (occ)     1        -266.641          -7.762         -91.652         -61.080         -304.975
   83 (occ)     1        -266.640          -7.942         -91.649         -61.084         -305.148
   84 (occ)     1        -266.640          -7.705         -91.657         -61.083         -304.919
   85 (occ)     1        -266.640          -7.768         -91.649         -61.078         -304.979
   86 (occ)     1        -266.640          -7.777         -91.642         -61.074         -304.986
   87 (occ)     1        -266.640          -7.707         -91.657         -61.083         -304.921
   88 (occ)     1        -266.640          -7.809         -91.623         -61.060         -305.012
   89 (occ)     1        -266.640          -7.860         -91.630         -61.066         -305.064
   90 (occ)     1        -266.640          -7.787         -91.637         -61.070         -304.994
   91 (occ)     1        -266.640          -7.795         -91.632         -61.066         -305.000
   92 (occ)     1        -266.640          -7.711         -91.657         -61.083         -304.924
   93 (occ)     1        -266.640          -7.897         -91.639         -61.075         -305.102
   94 (occ)     1        -266.640          -7.716         -91.656         -61.083         -304.929
   95 (occ)     1        -266.640          -7.907         -91.646         -61.080         -305.112
   96 (occ)     1        -266.640          -7.787         -91.637         -61.070         -304.994
   97 (occ)     1        -266.640          -7.788         -91.636         -61.070         -304.994
   98 (occ)     1        -266.640          -7.762         -91.651         -61.081         -304.972
   99 (occ)     1        -266.640          -7.811         -91.647         -61.079         -305.019
  100 (occ)     1        -266.640          -7.762         -91.650         -61.080         -304.971
  101 (occ)     1        -266.639          -7.774         -91.647         -61.077         -304.983
  102 (occ)     1        -266.639          -7.762         -91.649         -61.079         -304.971
  103 (occ)     1        -266.639          -7.786         -91.638         -61.071         -304.992
  104 (occ)     1        -266.639          -7.786         -91.638         -61.071         -304.993
  105 (occ)     1        -266.639          -7.772         -91.646         -61.077         -304.980
  106 (occ)     1        -266.639          -7.769         -91.647         -61.077         -304.978
  107 (occ)     1        -266.639          -7.942         -91.646         -61.087         -305.141
  108 (occ)     1        -266.639          -7.937         -91.646         -61.087         -305.136
  109 (occ)     1        -266.639          -7.834         -91.647         -61.079         -305.041
  110 (occ)     1        -266.639          -7.834         -91.647         -61.079         -305.040
  111 (occ)     1        -266.639          -7.933         -91.647         -61.087         -305.132
  112 (occ)     1        -266.639          -7.786         -91.639         -61.072         -304.992
  113 (occ)     1        -266.639          -7.786         -91.639         -61.072         -304.992
  114 (occ)     1        -266.639          -7.930         -91.649         -61.088         -305.129
  115 (occ)     1        -266.639          -7.830         -91.649         -61.081         -305.037
  116 (occ)     1        -266.639          -7.830         -91.649         -61.081         -305.037
  117 (occ)     1        -266.639          -7.927         -91.650         -61.089         -305.127
  118 (occ)     1        -266.638          -7.923         -91.653         -61.090         -305.124
  119 (occ)     1        -266.638          -7.919         -91.655         -61.092         -305.120
  120 (occ)     1        -266.638          -7.770         -91.646         -61.077         -304.977
  121 (occ)     1        -266.638          -7.770         -91.646         -61.077         -304.977
  122 (occ)     1        -266.638          -7.912         -91.657         -61.093         -305.114
  123 (occ)     1        -266.638          -7.790         -91.641         -61.073         -304.996
  124 (occ)     1        -266.638          -7.792         -91.641         -61.073         -304.998
  125 (occ)     1        -266.638          -7.910         -91.659         -61.095         -305.112
  126 (occ)     1        -266.638          -7.903         -91.663         -61.098         -305.106
  127 (occ)     1        -266.637          -7.899         -91.664         -61.098         -305.103
  128 (occ)     1        -266.637          -7.810         -91.645         -61.077         -305.016
  129 (occ)     1        -266.637          -7.810         -91.645         -61.077         -305.016
  130 (occ)     1        -266.637          -7.887         -91.672         -61.103         -305.093
  131 (occ)     1        -266.637          -7.901         -91.661         -61.096         -305.104
  132 (occ)     1        -266.637          -7.899         -91.663         -61.097         -305.102
  133 (occ)     1        -266.637          -7.870         -91.648         -61.081         -305.074
  134 (occ)     1        -266.637          -7.870         -91.648         -61.081         -305.074
  135 (occ)     1        -266.637          -7.803         -91.647         -61.079         -305.009
  136 (occ)     1        -266.637          -7.803         -91.648         -61.079         -305.009
  137 (occ)     1        -266.636          -7.884         -91.660         -61.094         -305.086
  138 (occ)     1        -266.636          -7.884         -91.660         -61.094         -305.086
  139 (occ)     1        -266.636          -7.767         -91.646         -61.076         -304.972
  140 (occ)     1        -266.636          -7.767         -91.646         -61.076         -304.972
  141 (occ)     1        -266.636          -7.901         -91.657         -61.093         -305.102
  142 (occ)     1        -266.636          -7.901         -91.657         -61.093         -305.102
  143 (occ)     1        -266.636          -7.731         -91.643         -61.078         -304.932
  144 (occ)     1        -266.636          -7.741         -91.640         -61.076         -304.940
  145 (occ)     1        -266.635          -7.746         -91.638         -61.075         -304.945
  146 (occ)     1        -266.635          -7.791         -91.649         -61.079         -304.995
  147 (occ)     1        -266.635          -7.791         -91.649         -61.079         -304.995
  148 (occ)     1        -266.635          -7.752         -91.637         -61.073         -304.951
  149 (occ)     1        -266.635          -7.877         -91.643         -61.077         -305.078
  150 (occ)     1        -266.635          -7.877         -91.643         -61.077         -305.078
  151 (occ)     1        -266.635          -7.758         -91.635         -61.073         -304.955
  152 (occ)     1        -266.635          -7.763         -91.634         -61.072         -304.959
  153 (occ)     1        -266.635          -7.913         -91.655         -61.092         -305.111
  154 (occ)     1        -266.635          -7.913         -91.655         -61.092         -305.111
  155 (occ)     1        -266.635          -7.924         -91.614         -61.071         -305.102
  156 (occ)     1        -266.635          -7.924         -91.614         -61.071         -305.102
  157 (occ)     1        -266.634          -7.801         -91.647         -61.079         -305.004
  158 (occ)     1        -266.634          -7.806         -91.649         -61.080         -305.009
  159 (occ)     1        -266.634          -7.772         -91.635         -61.073         -304.969
  160 (occ)     1        -266.634          -7.771         -91.633         -61.071         -304.966
  161 (occ)     1        -266.634          -7.808         -91.641         -61.082         -305.001
  162 (occ)     1        -266.634          -7.774         -91.632         -61.071         -304.969
  163 (occ)     1        -266.634          -7.810         -91.639         -61.080         -305.002
  164 (occ)     1        -266.634          -7.811         -91.637         -61.079         -305.003
  165 (occ)     1        -266.634          -7.776         -91.632         -61.071         -304.970
  166 (occ)     1        -266.633          -7.813         -91.636         -61.078         -305.004
  167 (occ)     1        -266.633          -7.814         -91.635         -61.077         -305.005
  168 (occ)     1        -266.633          -7.778         -91.631         -61.071         -304.972
  169 (occ)     1        -266.633          -7.815         -91.633         -61.076         -305.006
  170 (occ)     1        -266.633          -7.811         -91.663         -61.092         -305.015
  171 (occ)     1        -266.633          -7.811         -91.663         -61.092         -305.015
  172 (occ)     1        -266.633          -7.817         -91.633         -61.075         -305.007
  173 (occ)     1        -266.633          -7.779         -91.631         -61.071         -304.972
  174 (occ)     1        -266.633          -7.818         -91.632         -61.075         -305.008
  175 (occ)     1        -266.633          -7.886         -91.639         -61.078         -305.079
  176 (occ)     1        -266.633          -7.886         -91.639         -61.078         -305.079
  177 (occ)     1        -266.633          -7.780         -91.631         -61.071         -304.972
  178 (occ)     1        -266.633          -7.819         -91.631         -61.074         -305.008
  179 (occ)     1        -266.632          -7.819         -91.630         -61.074         -305.008
  180 (occ)     1        -266.632          -7.780         -91.632         -61.071         -304.973
  181 (occ)     1        -266.632          -7.788         -91.640         -61.073         -304.987
  182 (occ)     1        -266.632          -7.779         -91.639         -61.073         -304.977
  183 (occ)     1        -266.632          -7.821         -91.630         -61.073         -305.009
  184 (occ)     1        -266.632          -7.813         -91.629         -61.073         -305.002
  185 (occ)     1        -266.632          -7.774         -91.632         -61.072         -304.966
  186 (occ)     1        -266.632          -7.751         -91.632         -61.072         -304.943
  187 (occ)     1        -266.632          -7.829         -91.628         -61.073         -305.016
  188 (occ)     1        -266.632          -7.793         -91.630         -61.073         -304.982
  189 (occ)     1        -266.631          -7.802         -91.632         -61.073         -304.993
  190 (occ)     1        -266.631          -7.785         -91.633         -61.073         -304.977
  191 (occ)     1        -266.631          -7.872         -91.624         -61.071         -305.057
  192 (occ)     1        -266.631          -7.817         -91.629         -61.073         -305.004
  193 (occ)     1        -266.631          -7.890         -91.648         -61.082         -305.087
  194 (occ)     1        -266.631          -7.884         -91.648         -61.082         -305.081
  195 (occ)     1        -266.631          -7.858         -91.623         -61.070         -305.042
  196 (occ)     1        -266.631          -7.903         -91.624         -61.073         -305.086
  197 (occ)     1        -266.631          -7.882         -91.613         -61.062         -305.063
  198 (occ)     1        -266.631          -7.891         -91.621         -61.070         -305.073
  199 (occ)     1        -266.631          -7.902         -91.624         -61.073         -305.084
  200 (occ)     1        -266.631          -7.862         -91.625         -61.071         -305.046
  201 (occ)     1        -266.631          -7.883         -91.614         -61.064         -305.064
  202 (occ)     1        -266.630          -7.882         -91.625         -61.072         -305.065
  203 (occ)     1        -266.630          -7.838         -91.627         -61.073         -305.024
  204 (occ)     1        -266.630          -7.888         -91.664         -61.097         -305.085
  205 (occ)     1        -266.630          -7.888         -91.663         -61.096         -305.085
  206 (occ)     1        -266.630          -7.842         -91.627         -61.072         -305.028
  207 (occ)     1        -266.630          -7.879         -91.617         -61.066         -305.061
  208 (occ)     1        -266.630          -7.834         -91.627         -61.072         -305.019
  209 (occ)     1        -266.630          -7.857         -91.623         -61.071         -305.040
  210 (occ)     1        -266.630          -7.651         -91.565         -61.078         -304.769
  211 (occ)     1        -266.630          -7.647         -91.564         -61.078         -304.763
  212 (occ)     1        -266.630          -7.855         -91.622         -61.071         -305.037
  213 (occ)     1        -266.630          -7.874         -91.620         -61.069         -305.055
  214 (occ)     1        -266.630          -7.882         -91.621         -61.070         -305.063
  215 (occ)     1        -266.630          -7.875         -91.621         -61.070         -305.057
  216 (occ)     1        -266.630          -7.876         -91.621         -61.069         -305.057
  217 (occ)     1        -266.630          -7.895         -91.620         -61.070         -305.075
  218 (occ)     1        -266.630          -7.899         -91.619         -61.070         -305.079
  219 (occ)     1        -266.630          -7.882         -91.620         -61.069         -305.063
  220 (occ)     1        -266.630          -7.882         -91.620         -61.069         -305.063
  221 (occ)     1        -266.630          -7.900         -91.619         -61.069         -305.079
  222 (occ)     1        -266.630          -7.917         -91.615         -61.067         -305.094
  223 (occ)     1        -266.630          -7.811         -91.639         -61.074         -305.005
  224 (occ)     1        -266.630          -7.811         -91.639         -61.074         -305.005
  225 (occ)     1        -266.630          -7.894         -91.619         -61.069         -305.074
  226 (occ)     1        -266.630          -7.900         -91.618         -61.069         -305.079
  227 (occ)     1        -266.629          -7.882         -91.620         -61.070         -305.062
  228 (occ)     1        -266.629          -7.882         -91.620         -61.070         -305.062
  229 (occ)     1        -266.629          -7.631         -91.573         -61.081         -304.753
  230 (occ)     1        -266.629          -7.631         -91.573         -61.081         -304.753
  231 (occ)     1        -266.629          -7.888         -91.621         -61.070         -305.068
  232 (occ)     1        -266.629          -7.888         -91.621         -61.070         -305.068
  233 (occ)     1        -266.629          -7.884         -91.620         -61.069         -305.063
  234 (occ)     1        -266.629          -7.884         -91.620         -61.069         -305.063
  235 (occ)     1        -266.629          -7.840         -91.627         -61.072         -305.025
  236 (occ)     1        -266.629          -7.840         -91.627         -61.072         -305.025
  237 (occ)     1        -266.629          -7.898         -91.619         -61.069         -305.076
  238 (occ)     1        -266.629          -7.898         -91.619         -61.069         -305.076
  239 (occ)     1        -266.629          -7.791         -91.637         -61.073         -304.984
  240 (occ)     1        -266.629          -7.791         -91.637         -61.073         -304.984
  241 (occ)     1        -266.629          -7.833         -91.624         -61.069         -305.017
  242 (occ)     1        -266.629          -7.833         -91.624         -61.069         -305.017
  243 (occ)     1        -266.628          -7.904         -91.619         -61.069         -305.082
  244 (occ)     1        -266.628          -7.904         -91.619         -61.069         -305.082
  245 (occ)     1        -266.628          -7.863         -91.623         -61.071         -305.043
  246 (occ)     1        -266.628          -7.863         -91.623         -61.071         -305.043
  247 (occ)     1        -266.628          -7.875         -91.621         -61.069         -305.055
  248 (occ)     1        -266.628          -7.875         -91.621         -61.069         -305.055
  249 (occ)     1        -266.627          -7.873         -91.621         -61.070         -305.052
  250 (occ)     1        -266.627          -7.873         -91.621         -61.070         -305.052
  251 (occ)     1        -266.627          -7.889         -91.622         -61.070         -305.068
  252 (occ)     1        -266.627          -7.889         -91.622         -61.070         -305.068
  253 (occ)     1        -266.626          -7.895         -91.656         -61.092         -305.085
  254 (occ)     1        -266.626          -7.895         -91.656         -61.092         -305.085
  255 (occ)     1        -266.626          -7.911         -91.621         -61.071         -305.087
  256 (occ)     1        -266.626          -7.911         -91.621         -61.071         -305.087
  257 (occ)     1        -266.626          -7.836         -91.627         -61.071         -305.019
  258 (occ)     1        -266.626          -7.836         -91.627         -61.071         -305.019
  259 (occ)     1        -266.626          -7.854         -91.646         -61.082         -305.044
  260 (occ)     1        -266.626          -7.854         -91.646         -61.082         -305.044
  261 (occ)     1        -266.625          -7.859         -91.624         -61.072         -305.037
  262 (occ)     1        -266.625          -7.859         -91.624         -61.072         -305.037
  263 (occ)     1        -266.625          -7.858         -91.624         -61.071         -305.036
  264 (occ)     1        -266.625          -7.858         -91.624         -61.071         -305.036
  265 (occ)     1        -266.625          -7.791         -91.643         -61.079         -304.979
  266 (occ)     1        -266.625          -7.791         -91.643         -61.079         -304.979
  267 (occ)     1        -266.624          -7.865         -91.622         -61.070         -305.041
  268 (occ)     1        -266.624          -7.865         -91.622         -61.070         -305.041
  269 (occ)     1        -266.624          -7.800         -91.627         -61.072         -304.979
  270 (occ)     1        -266.624          -7.800         -91.627         -61.072         -304.979
  271 (occ)     1        -266.624          -7.591         -91.569         -61.068         -304.716
  272 (occ)     1        -266.624          -7.591         -91.569         -61.068         -304.716
  273 (occ)     1        -266.623          -7.868         -91.622         -61.068         -305.045
  274 (occ)     1        -266.623          -7.868         -91.622         -61.068         -305.045
  275 (occ)     1        -266.623          -7.916         -91.618         -61.069         -305.088
  276 (occ)     1        -266.623          -7.916         -91.618         -61.069         -305.088
  277 (occ)     1        -266.622          -7.610         -91.559         -61.072         -304.719
  278 (occ)     1        -266.622          -7.610         -91.559         -61.072         -304.719
  279 (occ)     1        -266.622          -7.807         -91.625         -61.069         -304.985
  280 (occ)     1        -266.622          -7.807         -91.625         -61.069         -304.985
  281 (occ)     1        -266.621          -7.822         -91.627         -61.073         -304.997
  282 (occ)     1        -266.621          -7.822         -91.627         -61.073         -304.997
  283 (occ)     1        -266.620          -7.916         -91.644         -61.087         -305.094
  284 (occ)     1        -266.620          -7.916         -91.644         -61.087         -305.094
  285 (occ)     1        -266.619          -7.861         -91.630         -61.082         -305.028
  286 (occ)     1        -266.619          -7.861         -91.630         -61.082         -305.028
  287 (occ)     1        -266.619          -7.892         -91.621         -61.070         -305.061
  288 (occ)     1        -266.619          -7.892         -91.621         -61.070         -305.061
  289 (occ)     1        -266.619          -7.914         -91.618         -61.069         -305.082
  290 (occ)     1        -266.619          -7.914         -91.618         -61.069         -305.082
  291 (occ)     1        -266.618          -7.756         -91.640         -61.078         -304.935
  292 (occ)     1        -266.618          -7.756         -91.640         -61.078         -304.935
  293 (occ)     1        -266.617          -7.726         -91.632         -61.077         -304.898
  294 (occ)     1        -266.617          -7.726         -91.632         -61.077         -304.898
  295 (occ)     1        -266.616          -7.899         -91.621         -61.097         -305.039
  296 (occ)     1        -266.616          -7.899         -91.621         -61.097         -305.039
  297 (occ)     1        -266.616          -7.842         -91.619         -61.071         -305.006
  298 (occ)     1        -266.616          -7.842         -91.619         -61.071         -305.006
  299 (occ)     1        -266.616          -7.844         -91.622         -61.072         -305.010
  300 (occ)     1        -266.616          -7.844         -91.622         -61.072         -305.010
  301 (occ)     1        -266.612          -7.832         -91.619         -61.070         -304.993
  302 (occ)     1        -266.612          -7.832         -91.619         -61.070         -304.993
  303 (occ)     1        -266.611          -7.863         -91.619         -61.071         -305.022
  304 (occ)     1        -266.611          -7.863         -91.619         -61.071         -305.022
  305 (occ)     1        -266.609          -7.860         -91.601         -61.067         -305.003
  306 (occ)     1        -266.609          -7.860         -91.601         -61.067         -305.003
  307 (occ)     1        -266.609          -7.876         -91.608         -61.070         -305.023
  308 (occ)     1        -266.609          -7.876         -91.608         -61.070         -305.023
  309 (occ)     1        -266.605          -7.869         -91.547         -61.069         -304.952
  310 (occ)     1        -266.605          -7.869         -91.547         -61.069         -304.952
  311 (occ)     1        -266.591          -7.612         -91.591         -61.075         -304.719
  312 (occ)     1        -266.591          -7.612         -91.591         -61.075         -304.719
  313 (occ)     1        -266.590          -7.622         -91.592         -61.077         -304.727
  314 (occ)     1        -266.590          -7.622         -91.592         -61.077         -304.727
  315 (occ)     1        -266.397          -8.597         -91.555         -61.084         -305.464
  316 (occ)     1        -266.397          -8.597         -91.555         -61.084         -305.464
  317 (occ)     1        -266.393          -6.251         -91.559         -61.087         -303.115
  318 (occ)     1        -266.393          -6.251         -91.559         -61.087         -303.115
  319 (occ)     1        -266.392          -6.508         -91.564         -61.094         -303.370
  320 (occ)     1        -266.392          -6.508         -91.564         -61.094         -303.370
  321 (occ)     1        -266.356          -6.442         -91.567         -61.092         -303.274
  322 (occ)     1        -266.356          -6.442         -91.567         -61.092         -303.274
  323 (occ)     1        -266.356          -6.442         -91.568         -61.092         -303.274
  324 (occ)     1        -266.356          -6.442         -91.568         -61.092         -303.274
  325 (occ)     1        -266.346          -6.977         -91.643         -61.095         -303.871
  326 (occ)     1        -266.345          -6.978         -91.644         -61.096         -303.871
  327 (occ)     1        -266.345          -6.978         -91.644         -61.096         -303.871
  328 (occ)     1        -266.345          -6.978         -91.645         -61.097         -303.871
  329 (occ)     1        -266.345          -6.978         -91.644         -61.096         -303.871
  330 (occ)     1        -266.345          -6.978         -91.645         -61.097         -303.871
  331 (occ)     1        -266.345          -6.978         -91.644         -61.097         -303.871
  332 (occ)     1        -266.345          -6.978         -91.645         -61.097         -303.871
  333 (occ)     1        -266.345          -6.978         -91.645         -61.097         -303.871
  334 (occ)     1        -266.345          -6.979         -91.646         -61.098         -303.871
  335 (occ)     1        -266.345          -6.979         -91.645         -61.098         -303.871
  336 (occ)     1        -266.345          -6.979         -91.646         -61.098         -303.871
  337 (occ)     1        -266.344          -6.979         -91.646         -61.098         -303.871
  338 (occ)     1        -266.344          -6.979         -91.647         -61.099         -303.871
  339 (occ)     1        -266.344          -6.979         -91.647         -61.099         -303.871
  340 (occ)     1        -266.344          -6.979         -91.647         -61.099         -303.871
  341 (occ)     1        -266.344          -6.979         -91.648         -61.100         -303.871
  342 (occ)     1        -266.344          -6.979         -91.647         -61.100         -303.871
  343 (occ)     1        -266.344          -6.980         -91.649         -61.101         -303.871
  344 (occ)     1        -266.344          -6.980         -91.648         -61.100         -303.871
  345 (occ)     1        -266.344          -6.980         -91.649         -61.101         -303.871
  346 (occ)     1        -266.344          -6.980         -91.649         -61.101         -303.871
  347 (occ)     1        -266.343          -6.980         -91.651         -61.103         -303.871
  348 (occ)     1        -266.343          -6.980         -91.651         -61.103         -303.871
  349 (occ)     1        -266.343          -6.980         -91.650         -61.102         -303.871
  350 (occ)     1        -266.343          -6.980         -91.650         -61.102         -303.871
  351 (occ)     1        -266.343          -6.980         -91.650         -61.102         -303.871
  352 (occ)     1        -266.343          -6.980         -91.651         -61.103         -303.871
  353 (occ)     1        -266.343          -6.980         -91.649         -61.101         -303.870
  354 (occ)     1        -266.343          -6.980         -91.649         -61.101         -303.870
  355 (occ)     1        -266.343          -6.980         -91.650         -61.102         -303.870
  356 (occ)     1        -266.343          -6.980         -91.650         -61.102         -303.870
  357 (occ)     1        -266.342          -6.980         -91.649         -61.101         -303.870
  358 (occ)     1        -266.342          -6.980         -91.649         -61.101         -303.870
  359 (occ)     1        -266.342          -6.980         -91.649         -61.101         -303.870
  360 (occ)     1        -266.342          -6.980         -91.649         -61.101         -303.870
  361 (occ)     1        -266.341          -6.980         -91.648         -61.101         -303.869
  362 (occ)     1        -266.341          -6.980         -91.648         -61.101         -303.869
  363 (occ)     1        -266.341          -6.980         -91.649         -61.101         -303.869
  364 (occ)     1        -266.341          -6.980         -91.649         -61.101         -303.869
  365 (occ)     1        -266.339          -6.980         -91.648         -61.101         -303.867
  366 (occ)     1        -266.339          -6.980         -91.648         -61.101         -303.867
  367 (occ)     1        -266.339          -6.980         -91.648         -61.101         -303.867
  368 (occ)     1        -266.339          -6.980         -91.648         -61.101         -303.867
  369 (occ)     1        -266.338          -6.977         -91.597         -61.061         -303.850
  370 (occ)     1        -266.337          -6.977         -91.598         -61.062         -303.850
  371 (occ)     1        -266.337          -6.977         -91.599         -61.064         -303.850
  372 (occ)     1        -266.337          -6.980         -91.648         -61.100         -303.865
  373 (occ)     1        -266.337          -6.980         -91.648         -61.100         -303.865
  374 (occ)     1        -266.337          -6.980         -91.648         -61.101         -303.865
  375 (occ)     1        -266.337          -6.980         -91.648         -61.101         -303.865
  376 (occ)     1        -266.337          -6.977         -91.600         -61.064         -303.850
  377 (occ)     1        -266.337          -6.978         -91.601         -61.065         -303.850
  378 (occ)     1        -266.337          -6.978         -91.601         -61.065         -303.850
  379 (occ)     1        -266.337          -6.978         -91.602         -61.066         -303.850
  380 (occ)     1        -266.336          -6.978         -91.602         -61.067         -303.850
  381 (occ)     1        -266.336          -6.978         -91.603         -61.068         -303.850
  382 (occ)     1        -266.336          -6.978         -91.604         -61.068         -303.850
  383 (occ)     1        -266.336          -6.978         -91.605         -61.069         -303.850
  384 (occ)     1        -266.336          -6.979         -91.605         -61.070         -303.850
  385 (occ)     1        -266.336          -6.978         -91.606         -61.071         -303.849
  386 (occ)     1        -266.335          -6.979         -91.607         -61.071         -303.850
  387 (occ)     1        -266.335          -6.979         -91.607         -61.072         -303.849
  388 (occ)     1        -266.335          -6.979         -91.608         -61.073         -303.849
  389 (occ)     1        -266.335          -6.979         -91.608         -61.073         -303.849
  390 (occ)     1        -266.335          -6.979         -91.609         -61.074         -303.849
  391 (occ)     1        -266.335          -6.979         -91.610         -61.075         -303.848
  392 (occ)     1        -266.334          -6.979         -91.611         -61.076         -303.849
  393 (occ)     1        -266.334          -6.979         -91.611         -61.076         -303.848
  394 (occ)     1        -266.334          -6.979         -91.613         -61.078         -303.848
  395 (occ)     1        -266.334          -6.978         -91.612         -61.078         -303.848
  396 (occ)     1        -266.334          -6.978         -91.614         -61.080         -303.847
  397 (occ)     1        -266.334          -6.979         -91.612         -61.077         -303.848
  398 (occ)     1        -266.334          -6.979         -91.613         -61.078         -303.848
  399 (occ)     1        -266.334          -6.978         -91.613         -61.078         -303.847
  400 (occ)     1        -266.334          -6.978         -91.613         -61.078         -303.847
  401 (occ)     1        -266.334          -6.981         -91.624         -61.084         -303.854
  402 (occ)     1        -266.334          -6.981         -91.624         -61.084         -303.854
  403 (occ)     1        -266.334          -6.982         -91.635         -61.092         -303.858
  404 (occ)     1        -266.334          -6.982         -91.635         -61.092         -303.858
  405 (occ)     1        -266.334          -6.980         -91.647         -61.100         -303.861
  406 (occ)     1        -266.334          -6.980         -91.647         -61.100         -303.861
  407 (occ)     1        -266.333          -6.979         -91.612         -61.077         -303.847
  408 (occ)     1        -266.333          -6.979         -91.612         -61.077         -303.847
  409 (occ)     1        -266.333          -6.979         -91.611         -61.075         -303.847
  410 (occ)     1        -266.333          -6.979         -91.611         -61.075         -303.847
  411 (occ)     1        -266.333          -6.979         -91.611         -61.077         -303.846
  412 (occ)     1        -266.333          -6.979         -91.611         -61.077         -303.846
  413 (occ)     1        -266.332          -6.980         -91.610         -61.075         -303.847
  414 (occ)     1        -266.332          -6.980         -91.610         -61.075         -303.847
  415 (occ)     1        -266.332          -6.979         -91.611         -61.076         -303.846
  416 (occ)     1        -266.332          -6.979         -91.611         -61.076         -303.846
  417 (occ)     1        -266.330          -6.980         -91.609         -61.074         -303.845
  418 (occ)     1        -266.330          -6.980         -91.609         -61.074         -303.845
  419 (occ)     1        -266.330          -6.979         -91.610         -61.076         -303.844
  420 (occ)     1        -266.330          -6.979         -91.610         -61.076         -303.844
  421 (occ)     1        -266.328          -6.980         -91.609         -61.074         -303.843
  422 (occ)     1        -266.328          -6.980         -91.609         -61.074         -303.843
  423 (occ)     1        -266.328          -6.979         -91.611         -61.076         -303.842
  424 (occ)     1        -266.328          -6.979         -91.611         -61.076         -303.842
  425 (occ)     1        -266.327          -6.974         -91.644         -61.100         -303.846
  426 (occ)     1        -266.327          -6.974         -91.644         -61.100         -303.846
  427 (occ)     1        -266.327          -6.974         -91.644         -61.100         -303.846
  428 (occ)     1        -266.327          -6.974         -91.644         -61.100         -303.846
  429 (occ)     1        -266.325          -6.980         -91.609         -61.074         -303.839
  430 (occ)     1        -266.325          -6.980         -91.609         -61.074         -303.839
  431 (occ)     1        -266.324          -6.979         -91.610         -61.075         -303.838
  432 (occ)     1        -266.324          -6.979         -91.610         -61.075         -303.838
  433 (occ)     1        -266.319          -6.974         -91.605         -61.073         -303.825
  434 (occ)     1        -266.319          -6.974         -91.605         -61.073         -303.825
  435 (occ)     1        -266.318          -6.974         -91.606         -61.075         -303.824
  436 (occ)     1        -266.318          -6.974         -91.606         -61.075         -303.824
  437 (occ)     1        -266.314          -6.939         -91.623         -61.097         -303.779
  438 (occ)     1        -266.314          -6.939         -91.623         -61.097         -303.779
  439 (occ)     1        -266.314          -6.939         -91.623         -61.098         -303.779
  440 (occ)     1        -266.314          -6.939         -91.623         -61.098         -303.779
  441 (occ)     1        -266.303          -6.955         -91.595         -61.076         -303.777
  442 (occ)     1        -266.303          -6.955         -91.595         -61.076         -303.777
  443 (occ)     1        -266.303          -6.955         -91.596         -61.077         -303.776
  444 (occ)     1        -266.303          -6.955         -91.596         -61.077         -303.776
  445 (occ)     1        -266.227          -6.851         -91.579         -61.087         -303.570
  446 (occ)     1        -266.227          -6.851         -91.579         -61.087         -303.570
  447 (occ)     1        -266.227          -6.851         -91.579         -61.087         -303.570
  448 (occ)     1        -266.227          -6.851         -91.579         -61.087         -303.570
  449 (occ)     1         -23.097           8.383         -26.792         -17.010          -24.495
  450 (occ)     1         -23.091           8.378         -26.790         -17.011          -24.492
  451 (occ)     1         -23.083           8.371         -26.787         -17.011          -24.488
  452 (occ)     1         -23.072           8.362         -26.784         -17.012          -24.482
  453 (occ)     1         -23.059           8.351         -26.779         -17.013          -24.474
  454 (occ)     1         -23.044           8.340         -26.773         -17.014          -24.463
  455 (occ)     1         -23.026           8.328         -26.766         -17.015          -24.449
  456 (occ)     1         -23.005           8.316         -26.758         -17.016          -24.432
  457 (occ)     1         -22.982           8.303         -26.750         -17.018          -24.411
  458 (occ)     1         -22.957           8.290         -26.740         -17.019          -24.387
  459 (occ)     1         -22.928           8.276         -26.729         -17.021          -24.360
  460 (occ)     1         -22.897           8.261         -26.717         -17.023          -24.330
  461 (occ)     1         -22.863           8.245         -26.704         -17.025          -24.297
  462 (occ)     1         -22.826           8.228         -26.690         -17.028          -24.261
  463 (occ)     1         -22.786           8.209         -26.675         -17.030          -24.222
  464 (occ)     1         -22.744           8.190         -26.659         -17.033          -24.180
  465 (occ)     1         -22.699           8.170         -26.642         -17.036          -24.136
  466 (occ)     1         -22.651           8.148         -26.625         -17.039          -24.089
  467 (occ)     1         -22.601           8.126         -26.606         -17.042          -24.039
  468 (occ)     1         -22.548           8.102         -26.586         -17.045          -23.986
  469 (occ)     1         -22.492           8.077         -26.565         -17.049          -23.930
  470 (occ)     1         -22.433           8.051         -26.542         -17.052          -23.872
  471 (occ)     1         -22.372           8.024         -26.519         -17.056          -23.811
  472 (occ)     1         -22.308           7.996         -26.495         -17.060          -23.747
  473 (occ)     1         -22.245           8.041         -26.505         -17.054          -23.655
  474 (occ)     1         -22.242           7.967         -26.470         -17.065          -23.681
  475 (occ)     1         -22.238           8.036         -26.503         -17.054          -23.651
  476 (occ)     1         -22.230           8.029         -26.501         -17.055          -23.647
  477 (occ)     1         -22.219           8.021         -26.497         -17.055          -23.640
  478 (occ)     1         -22.206           8.012         -26.492         -17.056          -23.631
  479 (occ)     1         -22.191           8.001         -26.487         -17.057          -23.619
  480 (occ)     1         -22.173           7.936         -26.444         -17.069          -23.612
  481 (occ)     1         -22.173           7.990         -26.480         -17.058          -23.604
  482 (occ)     1         -22.152           7.979         -26.472         -17.060          -23.585
  483 (occ)     1         -22.129           7.967         -26.463         -17.061          -23.564
  484 (occ)     1         -22.103           7.954         -26.453         -17.063          -23.539
  485 (occ)     1         -22.102           7.905         -26.418         -17.074          -23.541
  486 (occ)     1         -22.074           7.940         -26.443         -17.065          -23.511
  487 (occ)     1         -22.043           7.925         -26.431         -17.067          -23.481
  488 (occ)     1         -22.029           7.873         -26.390         -17.079          -23.467
  489 (occ)     1         -22.009           7.910         -26.418         -17.070          -23.447
  490 (occ)     1         -21.972           7.894         -26.404         -17.072          -23.411
  491 (occ)     1         -21.955           7.840         -26.362         -17.085          -23.393
  492 (occ)     1         -21.933           7.876         -26.390         -17.075          -23.371
  493 (occ)     1         -21.891           7.858         -26.374         -17.078          -23.329
  494 (occ)     1         -21.881           7.807         -26.335         -17.092          -23.317
  495 (occ)     1         -21.847           7.838         -26.358         -17.081          -23.285
  496 (occ)     1         -21.811           7.780         -26.310         -17.100          -23.241
  497 (occ)     1         -21.800           7.818         -26.340         -17.085          -23.237
  498 (occ)     1         -21.759           7.775         -26.292         -17.111          -23.164
  499 (occ)     1         -21.750           7.797         -26.322         -17.088          -23.187
  500 (occ)     1         -21.698           7.774         -26.302         -17.092          -23.134
  501 (occ)     1         -21.644           7.751         -26.282         -17.096          -23.079
  502 (occ)     1         -21.587           7.727         -26.261         -17.101          -23.021
  503 (occ)     1         -21.539           7.719         -26.208         -17.096          -22.931
  504 (occ)     1         -21.529           7.702         -26.239         -17.105          -22.961
  505 (occ)     1         -21.471           7.669         -26.181         -17.102          -22.881
  506 (occ)     1         -21.468           7.676         -26.217         -17.111          -22.899
  507 (occ)     1         -21.405           7.649         -26.194         -17.116          -22.835
  508 (occ)     1         -21.388           7.623         -26.150         -17.109          -22.805
  509 (occ)     1         -21.342           7.621         -26.170         -17.122          -22.769
  510 (occ)     1         -21.299           7.581         -26.116         -17.116          -22.717
  511 (occ)     1         -21.277           7.592         -26.146         -17.128          -22.703
  512 (occ)     1         -21.214           7.563         -26.123         -17.135          -22.638
  513 (occ)     1         -21.204           7.540         -26.080         -17.124          -22.621
  514 (occ)     1         -21.152           7.535         -26.100         -17.143          -22.574
  515 (occ)     1         -21.106           7.498         -26.044         -17.131          -22.521
  516 (occ)     1         -21.097           7.510         -26.080         -17.152          -22.515
  517 (occ)     1         -21.054           7.495         -26.064         -17.160          -22.463
  518 (occ)     1         -21.033           7.506         -26.055         -17.168          -22.415
  519 (occ)     1         -21.006           7.457         -26.007         -17.139          -22.417
  520 (occ)     1         -20.903           7.415         -25.969         -17.147          -22.310
  521 (occ)     1         -20.822           7.404         -25.980         -17.076          -22.321
  522 (occ)     1         -20.816           7.400         -25.978         -17.076          -22.318
  523 (occ)     1         -20.808           7.393         -25.975         -17.077          -22.313
  524 (occ)     1         -20.799           7.373         -25.933         -17.153          -22.206
  525 (occ)     1         -20.798           7.385         -25.972         -17.078          -22.307
  526 (occ)     1         -20.785           7.377         -25.968         -17.080          -22.296
  527 (occ)     1         -20.771           7.367         -25.963         -17.080          -22.287
  528 (occ)     1         -20.754           7.357         -25.957         -17.082          -22.272
  529 (occ)     1         -20.735           7.346         -25.950         -17.084          -22.255
  530 (occ)     1         -20.713           7.336         -25.943         -17.086          -22.234
  531 (occ)     1         -20.696           7.329         -25.904         -17.145          -22.127
  532 (occ)     1         -20.688           7.329         -25.925         -17.107          -22.177
  533 (occ)     1         -20.664           7.312         -25.925         -17.092          -22.184
  534 (occ)     1         -20.635           7.300         -25.915         -17.095          -22.154
  535 (occ)     1         -20.606           7.287         -25.901         -17.102          -22.118
  536 (occ)     1         -20.591           7.296         -25.863         -17.168          -21.990
  537 (occ)     1         -20.573           7.274         -25.892         -17.103          -22.089
  538 (occ)     1         -20.571           7.365         -25.887         -17.135          -21.959
  539 (occ)     1         -20.539           7.260         -25.880         -17.108          -22.052
  540 (occ)     1         -20.523           7.335         -25.870         -17.142          -21.916
  541 (occ)     1         -20.505           7.250         -25.867         -17.114          -22.008
  542 (occ)     1         -20.501           7.264         -25.836         -17.175          -21.898
  543 (occ)     1         -20.472           7.238         -25.856         -17.122          -21.967
  544 (occ)     1         -20.457           7.300         -25.846         -17.150          -21.853
  545 (occ)     1         -20.445           7.254         -25.831         -17.162          -21.859
  546 (occ)     1         -20.445           7.241         -25.843         -17.137          -21.910
  547 (occ)     1         -20.380           7.262         -25.817         -17.159          -21.776
  548 (occ)     1         -20.331           7.011         -25.776         -17.118          -21.978
  549 (occ)     1         -20.330           7.016         -25.777         -17.118          -21.974
  550 (occ)     1         -20.295           7.223         -25.786         -17.168          -21.690
  551 (occ)     1         -20.204           7.184         -25.753         -17.177          -21.596
  552 (occ)     1         -20.173           7.155         -25.747         -17.150          -21.615
  553 (occ)     1         -20.166           7.143         -25.747         -17.147          -21.623
  554 (occ)     1         -20.117           7.127         -25.721         -17.167          -21.543
  555 (occ)     1         -20.115           7.109         -25.732         -17.149          -21.590
  556 (occ)     1         -20.109           7.145         -25.718         -17.185          -21.497
  557 (occ)     1         -20.059           7.081         -25.713         -17.156          -21.534
  558 (occ)     1         -20.038           7.083         -25.693         -17.176          -21.472
  559 (occ)     1         -20.010           7.104         -25.683         -17.194          -21.394
  560 (occ)     1         -19.993           7.062         -25.682         -17.176          -21.437
  561 (occ)     1         -19.966           7.036         -25.680         -17.167          -21.441
  562 (occ)     1         -19.908           7.063         -25.646         -17.203          -21.288
  563 (occ)     1         -19.905           7.007         -25.661         -17.171          -21.388
  564 (occ)     1         -19.903           7.038         -25.640         -17.205          -21.300
  565 (occ)     1         -19.845           6.983         -25.637         -17.181          -21.319
  566 (occ)     1         -19.813           6.981         -25.623         -17.193          -21.263
  567 (occ)     1         -19.803           7.022         -25.609         -17.212          -21.179
  568 (occ)     1         -19.770           6.979         -25.595         -17.217          -21.169
  569 (occ)     1         -19.760           6.948         -25.609         -17.189          -21.232
  570 (occ)     1         -19.722           6.935         -25.593         -17.195          -21.185
  571 (occ)     1         -19.709           6.950         -25.591         -17.198          -21.151
  572 (occ)     1         -19.697           6.980         -25.571         -17.221          -21.067
  573 (occ)     1         -19.649           6.940         -25.548         -17.246          -21.011
  574 (occ)     1         -19.588           6.937         -25.533         -17.229          -20.955
  575 (occ)     1         -19.525           6.899         -25.509         -17.266          -20.869
  576 (occ)     1         -19.479           6.894         -25.494         -17.238          -20.842
  577 (occ)     1         -19.395           6.854         -25.473         -17.284          -20.729
  578 (occ)     1         -19.369           6.850         -25.455         -17.245          -20.730
  579 (occ)     1         -19.262           6.807         -25.438         -17.303          -20.590
  580 (occ)     1         -19.262           6.805         -25.417         -17.250          -20.624
  581 (occ)     1         -19.159           6.759         -25.381         -17.251          -20.529
  582 (occ)     1         -19.129           6.760         -25.409         -17.323          -20.454
  583 (occ)     1         -19.109           6.808         -25.523         -17.286          -20.538
  584 (occ)     1         -19.073           6.784         -25.508         -17.292          -20.505
  585 (occ)     1         -19.067           6.711         -25.349         -17.244          -20.461
  586 (occ)     1         -19.031           6.640         -25.343         -17.123          -20.611
  587 (occ)     1         -19.028           6.750         -25.484         -17.300          -20.462
  588 (occ)     1         -19.026           6.636         -25.343         -17.124          -20.609
  589 (occ)     1         -19.020           6.631         -25.342         -17.126          -20.605
  590 (occ)     1         -19.012           6.625         -25.342         -17.129          -20.601
  591 (occ)     1         -19.003           6.618         -25.341         -17.132          -20.594
  592 (occ)     1         -18.996           6.646         -25.331         -17.207          -20.474
  593 (occ)     1         -18.992           6.629         -25.340         -17.154          -20.549
  594 (occ)     1         -18.989           6.718         -25.388         -17.343          -20.315
  595 (occ)     1         -18.981           6.604         -25.340         -17.141          -20.576
  596 (occ)     1         -18.969           6.602         -25.339         -17.148          -20.558
  597 (occ)     1         -18.963           6.721         -25.472         -17.306          -20.407
  598 (occ)     1         -18.957           6.590         -25.335         -17.159          -20.543
  599 (occ)     1         -18.952           6.636         -25.329         -17.198          -20.446
  600 (occ)     1         -18.945           6.595         -25.336         -17.162          -20.524
  601 (occ)     1         -18.937           6.601         -25.334         -17.172          -20.497
  602 (occ)     1         -18.937           6.612         -25.330         -17.186          -20.469
  603 (occ)     1         -18.891           6.690         -25.450         -17.318          -20.333
  604 (occ)     1         -18.858           6.668         -25.365         -17.365          -20.190
  605 (occ)     1         -18.809           6.658         -25.420         -17.338          -20.233
  606 (occ)     1         -18.744           6.625         -25.392         -17.354          -20.157
  607 (occ)     1         -18.703           6.623         -25.354         -17.393          -20.041
  608 (occ)     1         -18.702           6.359         -25.373         -17.259          -20.456
  609 (occ)     1         -18.701           6.358         -25.373         -17.259          -20.457
  610 (occ)     1         -18.652           6.591         -25.388         -17.359          -20.089
  611 (occ)     1         -18.623           6.542         -25.381         -17.304          -20.158
  612 (occ)     1         -18.620           6.545         -25.376         -17.309          -20.142
  613 (occ)     1         -18.597           6.531         -25.379         -17.317          -20.130
  614 (occ)     1         -18.586           6.510         -25.394         -17.321          -20.149
  615 (occ)     1         -18.573           6.580         -25.329         -17.437          -19.885
  616 (occ)     1         -18.561           6.558         -25.371         -17.375          -19.999
  617 (occ)     1         -18.554           6.536         -25.346         -17.341          -20.023
  618 (occ)     1         -18.552           6.484         -25.416         -17.337          -20.147
  619 (occ)     1         -18.517           6.473         -25.423         -17.356          -20.111
  620 (occ)     1         -18.494           6.475         -25.419         -17.372          -20.067
  621 (occ)     1         -18.468           6.525         -25.353         -17.393          -19.903
  622 (occ)     1         -18.465           6.507         -25.321         -17.374          -19.905
  623 (occ)     1         -18.456           6.446         -25.467         -17.398          -20.079
  624 (occ)     1         -18.441           6.537         -25.327         -17.475          -19.756
  625 (occ)     1         -18.421           6.436         -25.482         -17.422          -20.045
  626 (occ)     1         -18.394           6.438         -25.487         -17.441          -20.002
  627 (occ)     1         -18.373           6.493         -25.338         -17.417          -19.801
  628 (occ)     1         -18.363           6.482         -25.283         -17.404          -19.761
  629 (occ)     1         -18.361           6.420         -25.535         -17.473          -20.003
  630 (occ)     1         -18.331           6.415         -25.543         -17.494          -19.965
  631 (occ)     1         -18.315           6.494         -25.333         -17.501          -19.654
  632 (occ)     1         -18.309           6.414         -25.580         -17.520          -19.954
  633 (occ)     1         -18.286           6.410         -25.605         -17.543          -19.938
  634 (occ)     1         -18.273           6.465         -25.331         -17.461          -19.679
  635 (occ)     1         -18.271           6.419         -25.603         -17.553          -19.902
  636 (occ)     1         -18.258           6.414         -25.638         -17.574          -19.908
  637 (occ)     1         -18.255           6.436         -25.604         -17.565          -19.857
  638 (occ)     1         -18.245           6.433         -25.266         -17.438          -19.640
  639 (occ)     1         -18.202           6.445         -25.326         -17.492          -19.592
  640 (occ)     1         -18.167           6.448         -25.360         -17.549          -19.530
  641 (occ)     1         -18.127           6.410         -25.158         -17.431          -19.443
  642 (occ)     1         -18.101           6.402         -25.308         -17.489          -19.518
  643 (occ)     1         -18.061           6.434         -25.422         -17.642          -19.407
  644 (occ)     1         -18.005           6.368         -25.300         -17.508          -19.429
  645 (occ)     1         -18.003           6.369         -25.127         -17.454          -19.307
  646 (occ)     1         -17.970           6.422         -25.495         -17.720          -19.323
  647 (occ)     1         -17.917           6.397         -25.472         -17.700          -19.292
  648 (occ)     1         -17.904           6.358         -25.385         -17.614          -19.317
  649 (occ)     1         -17.876           6.326         -25.102         -17.480          -19.172
  650 (occ)     1         -17.818           6.289         -25.249         -17.514          -19.263
  651 (occ)     1         -17.750           6.283         -25.084         -17.509          -19.041
  652 (occ)     1         -17.731           6.256         -25.230         -17.525          -19.179
  653 (occ)     1         -17.647           6.224         -25.208         -17.533          -19.099
  654 (occ)     1         -17.624           6.242         -25.074         -17.544          -18.913
  655 (occ)     1         -17.567           6.191         -25.183         -17.535          -19.023
  656 (occ)     1         -17.503           6.204         -25.075         -17.583          -18.791
  657 (occ)     1         -17.492           6.159         -25.152         -17.531          -18.954
  658 (occ)     1         -17.424           6.128         -25.114         -17.520          -18.890
  659 (occ)     1         -17.388           6.170         -25.090         -17.630          -18.678
  660 (occ)     1         -17.363           6.098         -25.068         -17.500          -18.834
  661 (occ)     1         -17.311           6.070         -25.016         -17.473          -18.784
  662 (occ)     1         -17.285           6.145         -25.120         -17.682          -18.577
  663 (occ)     1         -17.266           6.044         -24.958         -17.439          -18.741
  664 (occ)     1         -17.230           6.020         -24.897         -17.402          -18.704
  665 (occ)     1         -17.202           6.001         -24.836         -17.364          -18.673
  666 (occ)     1         -17.201           6.132         -25.161         -17.738          -18.493
  667 (occ)     1         -17.182           5.987         -24.776         -17.326          -18.646
  668 (occ)     1         -17.171           5.978         -24.717         -17.289          -18.622
  669 (occ)     1         -17.168           5.972         -24.596         -17.217          -18.574
  670 (occ)     1         -17.167           5.973         -24.654         -17.251          -18.597
  671 (occ)     1         -17.147           6.132         -25.201         -17.784          -18.433
  672 (occ)     1         -16.805           5.542         -24.362         -17.090          -18.535
  673 (occ)     1         -16.804           5.540         -24.372         -17.093          -18.544
  674 (occ)     1         -16.735           5.867         -23.285         -16.771          -17.382
  675 (occ)     1         -16.679           5.832         -23.294         -16.789          -17.351
  676 (occ)     1         -16.595           5.794         -23.297         -16.816          -17.283
  677 (occ)     1         -16.516           5.657         -22.905         -16.364          -17.400
  678 (occ)     1         -16.498           5.647         -22.913         -16.375          -17.389
  679 (occ)     1         -16.488           5.754         -23.310         -16.855          -17.189
  680 (occ)     1         -16.471           5.635         -22.925         -16.392          -17.370
  681 (occ)     1         -16.436           5.620         -22.941         -16.414          -17.342
  682 (occ)     1         -16.391           5.604         -22.958         -16.441          -17.305
  683 (occ)     1         -16.361           5.713         -23.325         -16.901          -17.074
  684 (occ)     1         -16.340           5.586         -22.976         -16.471          -17.258
  685 (occ)     1         -16.281           5.568         -22.994         -16.504          -17.203
  686 (occ)     1         -16.251           5.770         -23.801         -17.204          -17.077
  687 (occ)     1         -16.222           5.669         -23.337         -16.946          -16.943
  688 (occ)     1         -16.216           5.551         -23.020         -16.546          -17.139
  689 (occ)     1         -16.191           5.734         -23.819         -17.226          -17.049
  690 (occ)     1         -16.145           5.530         -23.033         -16.579          -17.069
  691 (occ)     1         -16.115           5.523         -23.252         -16.683          -17.162
  692 (occ)     1         -16.115           5.524         -23.256         -16.685          -17.162
  693 (occ)     1         -16.105           5.694         -23.848         -17.265          -16.993
  694 (occ)     1         -16.103           5.515         -23.257         -16.690          -17.155
  695 (occ)     1         -16.103           5.520         -23.275         -16.704          -17.154
  696 (occ)     1         -16.086           5.505         -23.262         -16.700          -17.143
  697 (occ)     1         -16.085           5.516         -23.302         -16.734          -17.137
  698 (occ)     1         -16.080           5.618         -23.386         -16.993          -16.854
  699 (occ)     1         -16.069           5.508         -23.041         -16.610          -16.992
  700 (occ)     1         -16.064           5.497         -23.274         -16.721          -17.120
  701 (occ)     1         -16.062           5.516         -23.356         -16.782          -17.120
  702 (occ)     1         -16.039           5.490         -23.309         -16.759          -17.099
  703 (occ)     1         -16.034           5.507         -23.381         -16.813          -17.094
  704 (occ)     1         -16.007           5.511         -23.437         -16.881          -17.052
  705 (occ)     1         -16.004           5.458         -23.257         -16.735          -17.068
  706 (occ)     1         -16.001           5.653         -23.869         -17.306          -16.912
  707 (occ)     1         -15.988           5.486         -23.049         -16.643          -16.908
  708 (occ)     1         -15.974           5.442         -23.236         -16.731          -17.037
  709 (occ)     1         -15.952           5.461         -23.248         -16.756          -16.983
  710 (occ)     1         -15.929           5.527         -23.660         -17.078          -16.983
  711 (occ)     1         -15.919           5.488         -23.425         -16.901          -16.954
  712 (occ)     1         -15.903           5.463         -23.059         -16.679          -16.819
  713 (occ)     1         -15.901           5.504         -23.434         -16.964          -16.868
  714 (occ)     1         -15.888           5.610         -23.870         -17.337          -16.811
  715 (occ)     1         -15.879           5.455         -23.362         -16.863          -16.923
  716 (occ)     1         -15.879           5.569         -23.593         -17.159          -16.745
  717 (occ)     1         -15.858           5.511         -23.785         -17.185          -16.947
  718 (occ)     1         -15.840           5.469         -23.482         -16.971          -16.883
  719 (occ)     1         -15.824           5.491         -23.753         -17.175          -16.911
  720 (occ)     1         -15.815           5.441         -23.072         -16.720          -16.726
  721 (occ)     1         -15.810           5.572         -24.099         -17.432          -16.905
  722 (occ)     1         -15.794           5.608         -24.325         -17.602          -16.910
  723 (occ)     1         -15.793           5.388         -23.217         -16.797          -16.824
  724 (occ)     1         -15.768           5.562         -23.835         -17.345          -16.697
  725 (occ)     1         -15.756           5.355         -23.032         -16.683          -16.750
  726 (occ)     1         -15.730           5.516         -23.295         -17.057          -16.451
  727 (occ)     1         -15.724           5.423         -23.107         -16.779          -16.628
  728 (occ)     1         -15.719           5.361         -23.012         -16.707          -16.662
  729 (occ)     1         -15.686           5.341         -22.982         -16.690          -16.636
  730 (occ)     1         -15.655           5.339         -22.967         -16.700          -16.584
  731 (occ)     1         -15.651           5.486         -23.621         -17.215          -16.571
  732 (occ)     1         -15.630           5.340         -22.959         -16.710          -16.538
  733 (occ)     1         -15.626           5.434         -23.309         -16.971          -16.530
  734 (occ)     1         -15.611           5.345         -22.949         -16.717          -16.499
  735 (occ)     1         -15.603           5.359         -22.945         -16.722          -16.467
  736 (occ)     1         -15.561           5.479         -23.250         -17.102          -16.231
  737 (occ)     1         -15.547           5.394         -23.239         -16.952          -16.440
  738 (occ)     1         -15.515           5.463         -23.666         -17.290          -16.428
  739 (occ)     1         -15.452           5.359         -23.160         -16.926          -16.327
  740 (occ)     1         -15.400           5.440         -23.708         -17.365          -16.302
  741 (occ)     1         -15.388           5.428         -23.210         -17.131          -16.038
  742 (occ)     1         -15.360           5.342         -23.166         -16.968          -16.217
  743 (occ)     1         -15.294           5.410         -23.645         -17.362          -16.167
  744 (occ)     1         -15.277           5.339         -23.218         -17.046          -16.109
  745 (occ)     1         -15.215           5.390         -23.514         -17.305          -16.033
  746 (occ)     1         -15.211           5.361         -23.329         -17.168          -16.012
  747 (occ)     1         -15.211           5.374         -23.163         -17.158          -15.842
  748 (occ)     1         -15.031           5.320         -23.112         -17.182          -15.641
  749 (occ)     1         -14.968           5.058         -23.189         -17.034          -16.064
  750 (occ)     1         -14.966           5.061         -23.216         -17.056          -16.066
  751 (occ)     1         -14.849           5.265         -23.059         -17.206          -15.437
  752 (occ)     1         -14.764           5.157         -23.177         -17.064          -15.720
  753 (occ)     1         -14.751           5.164         -23.268         -17.136          -15.720
  754 (occ)     1         -14.702           5.118         -23.116         -17.051          -15.649
  755 (occ)     1         -14.668           5.132         -23.294         -17.187          -15.643
  756 (occ)     1         -14.665           5.209         -23.002         -17.228          -15.231
  757 (occ)     1         -14.623           5.084         -23.076         -17.055          -15.560
  758 (occ)     1         -14.573           5.095         -23.263         -17.196          -15.545
  759 (occ)     1         -14.538           5.054         -23.055         -17.072          -15.467
  760 (occ)     1         -14.518           4.928         -22.538         -16.461          -15.667
  761 (occ)     1         -14.496           4.921         -22.541         -16.485          -15.631
  762 (occ)     1         -14.481           5.147         -22.934         -17.230          -15.038
  763 (occ)     1         -14.476           5.056         -23.198         -17.180          -15.439
  764 (occ)     1         -14.462           4.901         -22.524         -16.483          -15.601
  765 (occ)     1         -14.450           5.026         -23.049         -17.095          -15.378
  766 (occ)     1         -14.417           4.886         -22.514         -16.502          -15.543
  767 (occ)     1         -14.381           5.019         -23.116         -17.152          -15.326
  768 (occ)     1         -14.365           4.867         -22.499         -16.519          -15.477
  769 (occ)     1         -14.364           4.998         -23.055         -17.120          -15.300
  770 (occ)     1         -14.304           4.849         -22.481         -16.537          -15.399
  771 (occ)     1         -14.296           5.094         -22.880         -17.261          -14.822
  772 (occ)     1         -14.292           4.989         -23.046         -17.143          -15.206
  773 (occ)     1         -14.279           4.967         -23.050         -17.123          -15.239
  774 (occ)     1         -14.237           4.832         -22.467         -16.565          -15.307
  775 (occ)     1         -14.213           4.969         -23.068         -17.188          -15.125
  776 (occ)     1         -14.192           4.930         -22.967         -17.076          -15.153
  777 (occ)     1         -14.165           4.811         -22.446         -16.583          -15.216
  778 (occ)     1         -14.147           4.956         -23.131         -17.245          -15.077
  779 (occ)     1         -14.114           5.039         -22.827         -17.289          -14.613
  780 (occ)     1         -14.107           4.894         -22.863         -17.026          -15.050
  781 (occ)     1         -14.095           4.952         -23.213         -17.309          -15.047
  782 (occ)     1         -14.088           4.791         -22.426         -16.605          -15.119
  783 (occ)     1         -14.063           4.959         -23.291         -17.366          -15.029
  784 (occ)     1         -14.024           4.859         -22.761         -16.978          -14.948
  785 (occ)     1         -14.009           4.773         -22.411         -16.635          -15.012
  786 (occ)     1         -13.945           4.827         -22.664         -16.934          -14.848
  787 (occ)     1         -13.942           4.977         -22.766         -17.283          -14.448
  788 (occ)     1         -13.929           4.763         -22.407         -16.690          -14.882
  789 (occ)     1         -13.869           4.797         -22.570         -16.894          -14.749
  790 (occ)     1         -13.857           4.796         -22.473         -16.826          -14.709
  791 (occ)     1         -13.797           4.769         -22.481         -16.858          -14.651
  792 (occ)     1         -13.790           4.784         -22.514         -17.014          -14.506
  793 (occ)     1         -13.779           4.713         -22.384         -16.785          -14.665
  794 (occ)     1         -13.728           4.742         -22.374         -16.809          -14.550
  795 (occ)     1         -13.721           4.660         -20.523         -15.565          -14.019
  796 (occ)     1         -13.698           4.639         -20.555         -15.584          -14.029
  797 (occ)     1         -13.686           4.790         -20.510         -15.793          -13.613
  798 (occ)     1         -13.666           4.617         -20.593         -15.608          -14.034
  799 (occ)     1         -13.663           4.721         -22.304         -16.788          -14.459
  800 (occ)     1         -13.656           4.771         -20.550         -15.829          -13.605
  801 (occ)     1         -13.629           4.595         -20.618         -15.628          -14.024
  802 (occ)     1         -13.611           4.744         -20.604         -15.875          -13.596
  803 (occ)     1         -13.604           4.695         -22.151         -16.707          -14.353
  804 (occ)     1         -13.588           4.579         -20.693         -15.688          -14.014
  805 (occ)     1         -13.560           4.732         -22.248         -16.780          -14.295
  806 (occ)     1         -13.552           4.650         -21.747         -16.442          -14.206
  807 (occ)     1         -13.550           4.714         -20.663         -15.932          -13.568
  808 (occ)     1         -13.542           4.585         -21.014         -15.932          -14.039
  809 (occ)     1         -13.529           4.708         -22.153         -16.728          -14.246
  810 (occ)     1         -13.504           4.644         -21.755         -16.473          -14.143
  811 (occ)     1         -13.494           4.562         -20.926         -15.887          -13.971
  812 (occ)     1         -13.476           4.674         -20.895         -16.077          -13.620
  813 (occ)     1         -13.464           4.670         -22.037         -16.706          -14.126
  814 (occ)     1         -13.456           4.758         -22.225         -16.940          -13.982
  815 (occ)     1         -13.443           4.518         -20.578         -15.650          -13.853
  816 (occ)     1         -13.436           4.676         -22.065         -16.749          -14.076
  817 (occ)     1         -13.430           4.635         -22.012         -16.632          -14.175
  818 (occ)     1         -13.420           4.683         -22.049         -16.751          -14.035
  819 (occ)     1         -13.389           4.646         -20.930         -16.129          -13.544
  820 (occ)     1         -13.387           4.494         -20.478         -15.600          -13.771
  821 (occ)     1         -13.332           4.597         -22.006         -16.651          -14.090
  822 (occ)     1         -13.324           4.476         -20.440         -15.599          -13.689
  823 (occ)     1         -13.301           4.748         -22.305         -17.105          -13.753
  824 (occ)     1         -13.293           4.619         -20.943         -16.177          -13.441
  825 (occ)     1         -13.256           4.459         -20.414         -15.613          -13.598
  826 (occ)     1         -13.230           4.576         -22.096         -16.751          -13.999
  827 (occ)     1         -13.189           4.595         -20.918         -16.212          -13.301
  828 (occ)     1         -13.181           4.444         -20.398         -15.638          -13.497
  829 (occ)     1         -13.153           4.592         -22.070         -16.825          -13.806
  830 (occ)     1         -13.106           4.630         -22.128         -16.985          -13.619
  831 (occ)     1         -13.099           4.429         -20.390         -15.673          -13.388
  832 (occ)     1         -13.075           4.591         -21.113         -16.399          -13.197
  833 (occ)     1         -13.046           4.506         -22.041         -16.748          -13.833
  834 (occ)     1         -13.010           4.414         -20.392         -15.719          -13.269
  835 (occ)     1         -12.975           4.530         -21.105         -16.394          -13.156
  836 (occ)     1         -12.952           4.467         -22.002         -16.738          -13.749
  837 (occ)     1         -12.926           4.629         -22.114         -17.099          -13.312
  838 (occ)     1         -12.913           4.398         -20.404         -15.775          -13.143
  839 (occ)     1         -12.869           4.455         -21.235         -16.437          -13.213
  840 (occ)     1         -12.858           4.449         -21.923         -16.772          -13.561
  841 (occ)     1         -12.809           4.382         -20.424         -15.841          -13.010
  842 (occ)     1         -12.735           4.601         -21.988         -17.127          -12.994
  843 (occ)     1         -12.720           4.504         -21.898         -16.918          -13.197
  844 (occ)     1         -12.699           4.365         -20.452         -15.915          -12.872
  845 (occ)     1         -12.698           4.504         -21.264         -16.595          -12.863
  846 (occ)     1         -12.635           4.445         -21.659         -16.763          -13.086
  847 (occ)     1         -12.583           4.347         -20.488         -15.996          -12.728
  848 (occ)     1         -12.582           4.435         -21.456         -16.679          -12.924
  849 (occ)     1         -12.550           4.563         -22.145         -17.303          -12.829
  850 (occ)     1         -12.536           4.427         -21.390         -16.687          -12.813
  851 (occ)     1         -12.479           4.374         -21.768         -16.816          -13.057
  852 (occ)     1         -12.462           4.328         -20.533         -16.084          -12.583
  853 (occ)     1         -12.419           4.424         -21.062         -16.605          -12.452
  854 (occ)     1         -12.398           4.362         -21.790         -16.868          -12.958
  855 (occ)     1         -12.363           4.487         -22.063         -17.275          -12.665
  856 (occ)     1         -12.338           4.308         -20.589         -16.180          -12.440
  857 (occ)     1         -12.315           4.311         -21.747         -16.822          -12.929
  858 (occ)     1         -12.289           4.392         -21.070         -16.650          -12.317
  859 (occ)     1         -12.255           4.230         -21.601         -16.372          -13.254
  860 (occ)     1         -12.239           4.290         -21.658         -16.802          -12.806
  861 (occ)     1         -12.232           4.218         -21.589         -16.381          -13.223
  862 (occ)     1         -12.215           4.287         -20.671         -16.287          -12.312
  863 (occ)     1         -12.199           4.204         -21.569         -16.393          -13.171
  864 (occ)     1         -12.196           4.387         -21.734         -17.044          -12.500
  865 (occ)     1         -12.175           4.337         -21.870         -17.041          -12.667
  866 (occ)     1         -12.157           4.190         -21.549         -16.414          -13.102
  867 (occ)     1         -12.142           4.359         -21.094         -16.726          -12.151
  868 (occ)     1         -12.123           4.243         -21.761         -16.840          -12.800
  869 (occ)     1         -12.121           4.311         -20.399         -16.105          -12.104
  870 (occ)     1         -12.108           4.179         -21.521         -16.438          -13.013
  871 (occ)     1         -12.100           4.267         -20.801         -16.402          -12.231
  872 (occ)     1         -12.094           4.295         -20.426         -16.137          -12.088
  873 (occ)     1         -12.077           4.238         -21.957         -16.962          -12.834
  874 (occ)     1         -12.055           4.175         -21.478         -16.467          -12.891
  875 (occ)     1         -12.053           4.279         -20.443         -16.167          -12.051
  876 (occ)     1         -12.026           4.355         -21.254         -16.890          -12.035
  877 (occ)     1         -12.015           4.213         -21.238         -16.535          -12.505
  878 (occ)     1         -12.000           4.259         -20.475         -16.215          -12.001
  879 (occ)     1         -11.995           4.353         -21.499         -17.006          -12.135
  880 (occ)     1         -11.994           4.222         -21.244         -16.527          -12.489
  881 (occ)     1         -11.985           4.188         -20.604         -16.147          -12.253
  882 (occ)     1         -11.973           4.222         -21.335         -16.588          -12.499
  883 (occ)     1         -11.954           4.137         -20.623         -16.089          -12.351
  884 (occ)     1         -11.935           4.240         -20.504         -16.266          -11.933
  885 (occ)     1         -11.916           4.113         -20.656         -16.094          -12.365
  886 (occ)     1         -11.890           4.182         -20.779         -16.359          -12.128
  887 (occ)     1         -11.872           4.212         -20.833         -16.475          -12.018
  888 (occ)     1         -11.861           4.210         -20.550         -16.319          -11.882
  889 (occ)     1         -11.850           4.071         -20.577         -16.017          -12.338
  890 (occ)     1         -11.847           3.956         -21.105         -16.292          -12.704
  891 (occ)     1         -11.847           3.965         -21.061         -16.293          -12.650
  892 (occ)     1         -11.831           4.346         -21.772         -17.262          -11.996
  893 (occ)     1         -11.816           4.062         -20.538         -16.003          -12.289
  894 (occ)     1         -11.787           4.041         -20.473         -15.948          -12.271
  895 (occ)     1         -11.778           4.201         -20.563         -16.381          -11.759
  896 (occ)     1         -11.753           4.017         -20.403         -15.886          -12.253
  897 (occ)     1         -11.741           4.232         -20.804         -16.623          -11.690
  898 (occ)     1         -11.717           4.036         -20.430         -15.981          -12.130
  899 (occ)     1         -11.689           4.183         -20.587         -16.438          -11.656
  900 (occ)     1         -11.686           3.988         -20.312         -15.830          -12.180
  901 (occ)     1         -11.674           4.309         -21.744         -17.288          -11.821
  902 (occ)     1         -11.649           3.981         -20.292         -15.834          -12.126
  903 (occ)     1         -11.618           4.029         -20.375         -16.022          -11.942
  904 (occ)     1         -11.596           4.169         -20.688         -16.544          -11.571
  905 (occ)     1         -11.596           4.162         -20.606         -16.493          -11.547
  906 (occ)     1         -11.574           3.947         -20.200         -15.779          -12.047
  907 (occ)     1         -11.542           4.256         -21.579         -17.175          -11.690
  908 (occ)     1         -11.530           3.972         -20.317         -15.933          -11.941
  909 (occ)     1         -11.510           4.063         -20.693         -16.239          -11.901
  910 (occ)     1         -11.506           4.043         -20.797         -16.252          -12.009
  911 (occ)     1         -11.498           4.140         -20.624         -16.540          -11.442
  912 (occ)     1         -11.493           3.966         -20.230         -15.906          -11.851
  913 (occ)     1         -11.462           4.166         -20.681         -16.646          -11.330
  914 (occ)     1         -11.444           3.910         -20.119         -15.769          -11.884
  915 (occ)     1         -11.442           4.004         -20.875         -16.307          -12.004
  916 (occ)     1         -11.437           4.058         -20.616         -16.292          -11.703
  917 (occ)     1         -11.399           4.119         -20.635         -16.591          -11.323
  918 (occ)     1         -11.394           3.900         -20.110         -15.793          -11.812
  919 (occ)     1         -11.364           3.974         -20.885         -16.351          -11.924
  920 (occ)     1         -11.355           3.991         -20.276         -16.091          -11.550
  921 (occ)     1         -11.333           4.038         -20.631         -16.368          -11.557
  922 (occ)     1         -11.327           4.083         -20.545         -16.514          -11.274
  923 (occ)     1         -11.298           4.095         -20.644         -16.634          -11.212
  924 (occ)     1         -11.297           3.878         -20.065         -15.798          -11.686
  925 (occ)     1         -11.277           3.961         -20.802         -16.389          -11.729
  926 (occ)     1         -11.241           3.858         -20.062         -15.822          -11.622
  927 (occ)     1         -11.225           3.964         -20.832         -16.420          -11.673
  928 (occ)     1         -11.222           4.124         -20.612         -16.677          -11.033
  929 (occ)     1         -11.197           4.069         -20.645         -16.669          -11.104
  930 (occ)     1         -11.183           3.874         -20.248         -16.051          -11.506
  931 (occ)     1         -11.173           3.998         -20.568         -16.445          -11.298
  932 (occ)     1         -11.140           3.967         -20.272         -16.195          -11.250
  933 (occ)     1         -11.134           4.128         -21.283         -17.119          -11.169
  934 (occ)     1         -11.133           3.907         -20.912         -16.443          -11.695
  935 (occ)     1         -11.124           3.411         -17.163         -13.511          -11.365
  936 (occ)     1         -11.124           3.409         -17.163         -13.511          -11.366
  937 (occ)     1         -11.124           3.946         -20.735         -16.568          -11.345
  938 (occ)     1         -11.100           4.029         -20.660         -16.675          -11.057
  939 (occ)     1         -11.071           3.857         -20.086         -15.949          -11.351
  940 (occ)     1         -11.069           4.075         -20.809         -16.827          -10.975
  941 (occ)     1         -11.058           3.892         -20.854         -16.477          -11.543
  942 (occ)     1         -11.046           4.014         -20.462         -16.514          -10.981
  943 (occ)     1         -11.032           4.008         -20.780         -16.733          -11.070
  944 (occ)     1         -10.997           4.028         -20.689         -16.690          -10.967
  945 (occ)     1         -10.994           3.889         -20.257         -16.202          -11.160
  946 (occ)     1         -10.988           3.951         -20.695         -16.680          -11.052
  947 (occ)     1         -10.976           4.081         -16.552         -13.227          -10.220
  948 (occ)     1         -10.968           4.072         -16.550         -13.228          -10.218
  949 (occ)     1         -10.964           3.862         -20.799         -16.557          -11.344
  950 (occ)     1         -10.961           3.935         -20.390         -16.421          -10.995
  951 (occ)     1         -10.957           4.062         -16.547         -13.230          -10.213
  952 (occ)     1         -10.943           4.049         -16.543         -13.232          -10.204
  953 (occ)     1         -10.938           4.025         -20.792         -16.771          -10.934
  954 (occ)     1         -10.924           4.039         -16.538         -13.236          -10.187
  955 (occ)     1         -10.921           3.969         -20.424         -16.500          -10.876
  956 (occ)     1         -10.905           4.017         -20.626         -16.656          -10.858
  957 (occ)     1         -10.903           4.023         -16.531         -13.239          -10.170
  958 (occ)     1         -10.902           4.026         -20.455         -16.628          -10.702
  959 (occ)     1         -10.899           3.982         -20.490         -16.548          -10.858
  960 (occ)     1         -10.887           3.900         -20.410         -16.469          -10.926
  961 (occ)     1         -10.877           4.007         -16.522         -13.244          -10.148
  962 (occ)     1         -10.858           4.078         -20.731         -16.873          -10.638
  963 (occ)     1         -10.848           3.990         -16.512         -13.248          -10.122
  964 (occ)     1         -10.847           3.957         -20.843         -16.693          -11.041
  965 (occ)     1         -10.815           3.978         -16.500         -13.253          -10.085
  966 (occ)     1         -10.783           3.938         -20.764         -16.677          -10.933
  967 (occ)     1         -10.779           3.954         -16.487         -13.258          -10.054
  968 (occ)     1         -10.779           3.953         -20.496         -16.696          -10.627
  969 (occ)     1         -10.771           4.047         -20.668         -16.903          -10.490
  970 (occ)     1         -10.750           3.973         -20.502         -16.682          -10.597
  971 (occ)     1         -10.739           3.941         -16.473         -13.263          -10.008
  972 (occ)     1         -10.704           3.903         -20.817         -16.703          -10.916
  973 (occ)     1         -10.696           3.919         -16.456         -13.269           -9.965
  974 (occ)     1         -10.680           4.021         -20.645         -16.928          -10.377
  975 (occ)     1         -10.668           3.969         -20.537         -16.834          -10.402
  976 (occ)     1         -10.649           3.897         -16.439         -13.274           -9.917
  977 (occ)     1         -10.636           3.904         -20.764         -16.736          -10.761
  978 (occ)     1         -10.616           3.973         -20.433         -16.734          -10.341
  979 (occ)     1         -10.599           3.877         -16.420         -13.281           -9.861
  980 (occ)     1         -10.592           3.984         -20.639         -16.913          -10.335
  981 (occ)     1         -10.575           3.939         -20.651         -16.808          -10.480
  982 (occ)     1         -10.562           3.977         -20.559         -16.938          -10.205
  983 (occ)     1         -10.546           3.855         -16.400         -13.287           -9.804
  984 (occ)     1         -10.541           3.928         -20.613         -16.750          -10.477
  985 (occ)     1         -10.512           3.950         -20.506         -16.734          -10.333
  986 (occ)     1         -10.501           3.982         -20.548         -16.902          -10.166
  987 (occ)     1         -10.496           3.991         -20.258         -16.609          -10.154
  988 (occ)     1         -10.496           3.979         -20.461         -16.794          -10.184
  989 (occ)     1         -10.494           3.989         -20.273         -16.622          -10.155
  990 (occ)     1         -10.492           3.988         -20.317         -16.653          -10.169
  991 (occ)     1         -10.489           3.837         -16.379         -13.294           -9.736
  992 (occ)     1         -10.488           3.962         -20.315         -16.656          -10.185
  993 (occ)     1         -10.488           3.953         -20.315         -16.647          -10.202
  994 (occ)     1         -10.474           3.957         -20.383         -16.803          -10.096
  995 (occ)     1         -10.465           3.989         -20.585         -17.038          -10.023
  996 (occ)     1         -10.428           3.812         -16.357         -13.301           -9.672
  997 (occ)     1         -10.418           3.967         -20.580         -17.015          -10.015
  998 (occ)     1         -10.400           4.001         -20.456         -16.909           -9.946
  999 (occ)     1         -10.385           3.951         -20.319         -16.719          -10.035
 1000 (occ)     1         -10.385           3.950         -20.298         -16.742           -9.990
 1001 (occ)     1         -10.364           3.787         -16.333         -13.309           -9.602
 1002 (occ)     1         -10.344           3.914         -20.541         -16.979           -9.993
 1003 (occ)     1         -10.339           3.908         -20.295         -16.740           -9.986
 1004 (occ)     1         -10.305           3.810         -20.246         -16.536          -10.205
 1005 (occ)     1         -10.297           3.766         -16.308         -13.317           -9.523
 1006 (occ)     1         -10.294           3.772         -20.390         -16.735          -10.177
 1007 (occ)     1         -10.292           3.712         -20.396         -16.671          -10.305
 1008 (occ)     1         -10.276           3.780         -20.359         -16.570          -10.286
 1009 (occ)     1         -10.262           3.897         -20.403         -16.860           -9.907
 1010 (occ)     1         -10.251           3.874         -20.507         -16.959           -9.926
 1011 (occ)     1         -10.227           3.740         -16.282         -13.325           -9.444
 1012 (occ)     1         -10.220           3.865         -20.437         -16.922           -9.870
 1013 (occ)     1         -10.214           3.920         -20.374         -16.944           -9.724
 1014 (occ)     1         -10.198           3.867         -19.950         -16.335           -9.946
 1015 (occ)     1         -10.194           3.965         -20.465         -17.104           -9.590
 1016 (occ)     1         -10.193           3.829         -20.509         -16.741          -10.133
 1017 (occ)     1         -10.190           3.910         -20.525         -17.056           -9.749
 1018 (occ)     1         -10.180           3.848         -19.938         -16.316           -9.954
 1019 (occ)     1         -10.162           3.753         -20.205         -16.311          -10.303
 1020 (occ)     1         -10.161           3.745         -20.234         -16.313          -10.338
 1021 (occ)     1         -10.155           3.831         -19.954         -16.345           -9.933
 1022 (occ)     1         -10.153           3.715         -16.255         -13.334           -9.360
 1023 (occ)     1         -10.143           3.749         -20.184         -16.330          -10.248
 1024 (occ)     1         -10.142           3.736         -20.291         -16.378          -10.319
 1025 (occ)     1         -10.133           3.915         -20.539         -17.088           -9.669
 1026 (occ)     1         -10.122           3.812         -19.971         -16.373           -9.908
 1027 (occ)     1         -10.117           3.744         -20.166         -16.359          -10.180
 1028 (occ)     1         -10.115           3.910         -20.398         -17.018           -9.585
 1029 (occ)     1         -10.111           3.702         -20.362         -16.392          -10.379
 1030 (occ)     1         -10.106           3.760         -20.522         -16.647          -10.220
 1031 (occ)     1         -10.087           3.741         -20.218         -16.440          -10.124
 1032 (occ)     1         -10.082           3.903         -20.481         -17.071           -9.588
 1033 (occ)     1         -10.081           3.794         -20.015         -16.420           -9.883
 1034 (occ)     1         -10.076           3.689         -16.226         -13.343           -9.271
 1035 (occ)     1         -10.074           3.688         -20.423         -16.452          -10.357
 1036 (occ)     1         -10.052           3.717         -20.187         -16.407          -10.116
 1037 (occ)     1         -10.048           3.907         -20.457         -17.067           -9.531
 1038 (occ)     1         -10.043           3.918         -20.510         -17.155           -9.480
 1039 (occ)     1         -10.039           3.776         -20.026         -16.453           -9.835
 1040 (occ)     1         -10.035           3.719         -20.487         -16.608          -10.195
 1041 (occ)     1         -10.016           3.732         -20.296         -16.582           -9.997
 1042 (occ)     1         -10.014           3.871         -20.469         -17.087           -9.525
 1043 (occ)     1         -10.014           3.831         -20.335         -16.924           -9.594
 1044 (occ)     1         -10.004           3.722         -20.494         -16.621          -10.155
 1045 (occ)     1          -9.997           3.640         -20.592         -16.576          -10.373
 1046 (occ)     1          -9.996           3.661         -16.197         -13.353           -9.179
 1047 (occ)     1          -9.989           3.761         -20.035         -16.490           -9.773
 1048 (occ)     1          -9.976           3.730         -16.111         -13.270           -9.088
 1049 (occ)     1          -9.976           3.722         -20.072         -16.425           -9.901
 1050 (occ)     1          -9.969           3.722         -16.109         -13.270           -9.086
 1051 (occ)     1          -9.968           3.607         -20.668         -16.556          -10.473
 1052 (occ)     1          -9.960           3.708         -16.105         -13.271           -9.086
 1053 (occ)     1          -9.947           3.699         -16.100         -13.273           -9.076
 1054 (occ)     1          -9.946           3.604         -20.696         -16.574          -10.464
 1055 (occ)     1          -9.937           3.747         -20.059         -16.533           -9.716
 1056 (occ)     1          -9.936           3.650         -20.529         -16.549          -10.266
 1057 (occ)     1          -9.931           3.694         -20.198         -16.472           -9.963
 1058 (occ)     1          -9.931           3.688         -16.094         -13.274           -9.063
 1059 (occ)     1          -9.913           3.635         -16.166         -13.363           -9.080
 1060 (occ)     1          -9.912           3.671         -16.087         -13.276           -9.052
 1061 (occ)     1          -9.906           3.686         -20.393         -16.570          -10.043
 1062 (occ)     1          -9.890           3.661         -16.078         -13.279           -9.028
 1063 (occ)     1          -9.886           3.715         -19.982         -16.448           -9.705
 1064 (occ)     1          -9.882           3.730         -20.116         -16.578           -9.691
 1065 (occ)     1          -9.865           3.646         -16.068         -13.282           -9.005
 1066 (occ)     1          -9.837           3.705         -19.967         -16.466           -9.633
 1067 (occ)     1          -9.837           3.639         -16.057         -13.285           -8.969
 1068 (occ)     1          -9.833           3.712         -20.105         -16.602           -9.623
 1069 (occ)     1          -9.826           3.609         -16.133         -13.373           -8.977
 1070 (occ)     1          -9.805           3.618         -16.044         -13.289           -8.942
 1071 (occ)     1          -9.804           3.645         -20.323         -16.520           -9.962
 1072 (occ)     1          -9.785           3.693         -19.956         -16.485           -9.562
 1073 (occ)     1          -9.778           3.701         -20.108         -16.649           -9.536
 1074 (occ)     1          -9.770           3.604         -16.030         -13.293           -8.902
 1075 (occ)     1          -9.737           3.580         -16.100         -13.384           -8.872
 1076 (occ)     1          -9.734           3.652         -20.258         -16.682           -9.658
 1077 (occ)     1          -9.732           3.591         -16.014         -13.297           -8.858
 1078 (occ)     1          -9.731           3.681         -19.947         -16.507           -9.490
 1079 (occ)     1          -9.726           3.689         -20.123         -16.689           -9.471
 1080 (occ)     1          -9.721           3.684         -20.304         -16.779           -9.562
 1081 (occ)     1          -9.719           3.595         -20.191         -16.416           -9.898
 1082 (occ)     1          -9.700           3.654         -20.268         -16.733           -9.582
 1083 (occ)     1          -9.700           3.644         -20.047         -16.468           -9.634
 1084 (occ)     1          -9.690           3.575         -15.998         -13.302           -8.811
 1085 (occ)     1          -9.678           3.639         -19.961         -16.455           -9.546
 1086 (occ)     1          -9.675           3.667         -19.938         -16.530           -9.416
 1087 (occ)     1          -9.675           3.582         -19.771         -16.109           -9.755
 1088 (occ)     1          -9.659           3.609         -19.854         -16.254           -9.650
 1089 (occ)     1          -9.657           3.618         -20.211         -16.683           -9.568
 1090 (occ)     1          -9.650           3.579         -20.100         -16.446           -9.725
 1091 (occ)     1          -9.645           3.563         -15.980         -13.307           -8.756
 1092 (occ)     1          -9.644           3.550         -16.065         -13.395           -8.763
 1093 (occ)     1          -9.633           3.664         -20.126         -16.721           -9.374
 1094 (occ)     1          -9.617           3.653         -19.931         -16.554           -9.341
 1095 (occ)     1          -9.611           3.572         -19.929         -16.278           -9.691
 1096 (occ)     1          -9.608           3.640         -20.040         -16.571           -9.437
 1097 (occ)     1          -9.597           3.542         -15.961         -13.313           -8.704
 1098 (occ)     1          -9.595           3.626         -20.130         -16.706           -9.392
 1099 (occ)     1          -9.586           3.590         -20.153         -16.665           -9.485
 1100 (occ)     1          -9.585           3.576         -19.998         -16.396           -9.611
 1101 (occ)     1          -9.560           3.636         -20.165         -16.790           -9.300
 1102 (occ)     1          -9.557           3.637         -19.924         -16.579           -9.266
 1103 (occ)     1          -9.555           3.658         -20.158         -16.770           -9.285
 1104 (occ)     1          -9.549           3.522         -16.028         -13.407           -8.647
 1105 (occ)     1          -9.546           3.527         -15.941         -13.319           -8.641
 1106 (occ)     1          -9.546           3.578         -19.987         -16.447           -9.508
 1107 (occ)     1          -9.533           3.572         -20.078         -16.538           -9.501
 1108 (occ)     1          -9.533           3.638         -20.184         -16.820           -9.260
 1109 (occ)     1          -9.518           3.636         -20.192         -16.808           -9.266
 1110 (occ)     1          -9.513           3.609         -20.193         -16.787           -9.310
 1111 (occ)     1          -9.504           3.635         -20.128         -16.746           -9.251
 1112 (occ)     1          -9.500           3.594         -19.971         -16.580           -9.297
 1113 (occ)     1          -9.492           3.589         -20.046         -16.682           -9.266
 1114 (occ)     1          -9.492           3.504         -15.919         -13.325           -8.582
 1115 (occ)     1          -9.489           3.547         -19.925         -16.497           -9.371
 1116 (occ)     1          -9.457           3.624         -20.094         -16.728           -9.199
 1117 (occ)     1          -9.450           3.488         -15.990         -13.419           -8.533
 1118 (occ)     1          -9.441           3.564         -19.901         -16.557           -9.220
 1119 (occ)     1          -9.441           3.592         -20.041         -16.680           -9.210
 1120 (occ)     1          -9.434           3.487         -15.897         -13.332           -8.511
 1121 (occ)     1          -9.408           3.558         -19.918         -16.519           -9.250
 1122 (occ)     1          -9.400           3.640         -20.158         -16.833           -9.085
 1123 (occ)     1          -9.382           3.622         -20.128         -16.877           -9.011
 1124 (occ)     1          -9.373           3.468         -15.874         -13.340           -8.439
 1125 (occ)     1          -9.371           3.632         -19.965         -16.780           -8.924
 1126 (occ)     1          -9.361           3.631         -20.129         -16.765           -9.094
 1127 (occ)     1          -9.354           3.530         -19.871         -16.454           -9.241
 1128 (occ)     1          -9.349           3.457         -15.949         -13.431           -8.409
 1129 (occ)     1          -9.313           3.614         -19.966         -16.814           -8.851
 1130 (occ)     1          -9.309           3.446         -15.849         -13.348           -8.365
 1131 (occ)     1          -9.305           3.554         -19.953         -16.493           -9.211
 1132 (occ)     1          -9.288           3.527         -19.915         -16.459           -9.217
 1133 (occ)     1          -9.280           3.558         -20.081         -16.830           -8.973
 1134 (occ)     1          -9.259           3.607         -19.986         -16.873           -8.765
 1135 (occ)     1          -9.242           3.420         -15.824         -13.356           -8.290
 1136 (occ)     1          -9.223           3.476         -19.792         -16.305           -9.235
 1137 (occ)     1          -9.218           3.613         -19.995         -16.914           -8.685
 1138 (occ)     1          -9.210           3.378         -15.922         -13.456           -8.298
 1139 (occ)     1          -9.203           3.502         -19.930         -16.444           -9.188
 1140 (occ)     1          -9.192           3.638         -20.013         -16.960           -8.607
 1141 (occ)     1          -9.175           3.524         -20.063         -16.864           -8.850
 1142 (occ)     1          -9.172           3.397         -15.798         -13.365           -8.208
 1143 (occ)     1          -9.156           3.342         -15.923         -13.470           -8.267
 1144 (occ)     1          -9.125           3.432         -19.721         -16.281           -9.133
 1145 (occ)     1          -9.108           3.465         -19.925         -16.432           -9.135
 1146 (occ)     1          -9.099           3.370         -15.771         -13.374           -8.126
 1147 (occ)     1          -9.073           3.493         -20.037         -16.882           -8.735
 1148 (occ)     1          -9.033           3.330         -15.833         -13.473           -8.063
 1149 (occ)     1          -9.023           3.340         -15.743         -13.383           -8.043
 1150 (occ)     1          -9.017           3.405         -19.702         -16.340           -8.974
 1151 (occ)     1          -9.009           3.425         -19.898         -16.414           -9.069
 1152 (occ)     1          -8.977           3.465         -20.013         -16.902           -8.622
 1153 (occ)     1          -8.945           3.311         -15.715         -13.394           -7.955
 1154 (occ)     1          -8.919           3.285         -15.788         -13.487           -7.935
 1155 (occ)     1          -8.912           3.384         -19.857         -16.396           -8.988
 1156 (occ)     1          -8.903           3.386         -19.720         -16.434           -8.804
 1157 (occ)     1          -8.886           3.439         -19.990         -16.921           -8.516
 1158 (occ)     1          -8.864           3.278         -15.686         -13.404           -7.868
 1159 (occ)     1          -8.815           3.345         -19.808         -16.391           -8.887
 1160 (occ)     1          -8.805           3.237         -15.742         -13.502           -7.807
 1161 (occ)     1          -8.801           3.414         -19.969         -16.938           -8.417
 1162 (occ)     1          -8.787           3.366         -19.760         -16.512           -8.669
 1163 (occ)     1          -8.781           3.247         -15.657         -13.415           -7.776
 1164 (occ)     1          -8.751           3.391         -19.501         -16.340           -8.521
 1165 (occ)     1          -8.723           3.392         -19.943         -16.945           -8.329
 1166 (occ)     1          -8.718           3.312         -19.757         -16.420           -8.743
 1167 (occ)     1          -8.709           3.374         -19.525         -16.403           -8.457
 1168 (occ)     1          -8.696           3.212         -15.629         -13.426           -7.687
 1169 (occ)     1          -8.688           3.185         -15.696         -13.517           -7.682
 1170 (occ)     1          -8.676           3.330         -19.795         -16.509           -8.632
 1171 (occ)     1          -8.654           3.362         -19.731         -16.702           -8.320
 1172 (occ)     1          -8.650           3.366         -19.735         -16.720           -8.299
 1173 (occ)     1          -8.616           3.295         -19.718         -16.531           -8.509
 1174 (occ)     1          -8.611           3.180         -15.602         -13.437           -7.595
 1175 (occ)     1          -8.589           3.351         -19.865         -16.914           -8.189
 1176 (occ)     1          -8.584           3.341         -19.593         -16.575           -8.261
 1177 (occ)     1          -8.579           3.280         -19.785         -16.446           -8.639
 1178 (occ)     1          -8.570           3.130         -15.648         -13.531           -7.557
 1179 (occ)     1          -8.533           3.339         -19.889         -16.981           -8.102
 1180 (occ)     1          -8.528           3.148         -15.579         -13.449           -7.510
 1181 (occ)     1          -8.511           3.320         -19.556         -16.566           -8.180
 1182 (occ)     1          -8.504           3.291         -19.724         -16.687           -8.250
 1183 (occ)     1          -8.493           3.238         -19.756         -16.413           -8.598
 1184 (occ)     1          -8.485           3.326         -19.873         -16.990           -8.042
 1185 (occ)     1          -8.455           3.128         -15.564         -13.461           -7.429
 1186 (occ)     1          -8.452           3.071         -15.599         -13.543           -7.437
 1187 (occ)     1          -8.444           3.315         -19.855         -16.993           -7.991
 1188 (occ)     1          -8.433           3.301         -19.555         -16.607           -8.079
 1189 (occ)     1          -8.414           3.206         -19.729         -16.415           -8.522
 1190 (occ)     1          -8.411           3.306         -19.837         -16.993           -7.949
 1191 (occ)     1          -8.406           3.136         -15.555         -13.474           -7.351
 1192 (occ)     1          -8.401           3.374         -19.657         -16.888           -7.795
 1193 (occ)     1          -8.394           3.366         -19.664         -16.895           -7.797
 1194 (occ)     1          -8.388           3.271         -19.747         -16.747           -8.117
 1195 (occ)     1          -8.386           3.319         -19.727         -16.930           -7.865
 1196 (occ)     1          -8.384           3.335         -19.765         -16.966           -7.848
 1197 (occ)     1          -8.380           3.045         -15.414         -13.365           -7.384
 1198 (occ)     1          -8.376           3.339         -19.686         -16.915           -7.809
 1199 (occ)     1          -8.374           3.039         -15.412         -13.366           -7.381
 1200 (occ)     1          -8.366           3.331         -19.701         -16.930           -7.807
 1201 (occ)     1          -8.366           3.302         -19.802         -16.991           -7.875
 1202 (occ)     1          -8.365           3.025         -15.411         -13.369           -7.382
 1203 (occ)     1          -8.356           3.331         -19.726         -16.955           -7.796
 1204 (occ)     1          -8.354           3.015         -15.405         -13.370           -7.373
 1205 (occ)     1          -8.353           3.293         -19.693         -16.862           -7.891
 1206 (occ)     1          -8.352           3.306         -19.674         -16.818           -7.901
 1207 (occ)     1          -8.348           3.332         -19.736         -16.952           -7.801
 1208 (occ)     1          -8.346           3.346         -19.787         -17.007           -7.780
 1209 (occ)     1          -8.344           2.997         -15.449         -13.425           -7.371
 1210 (occ)     1          -8.342           3.236         -19.724         -16.930           -7.900
 1211 (occ)     1          -8.341           3.251         -19.729         -16.932           -7.887
 1212 (occ)     1          -8.337           3.188         -19.710         -16.487           -8.372
 1213 (occ)     1          -8.332           3.012         -15.485         -13.481           -7.324
 1214 (occ)     1          -8.323           2.988         -15.394         -13.376           -7.353
 1215 (occ)     1          -8.301           2.981         -15.395         -13.394           -7.321
 1216 (occ)     1          -8.293           3.192         -19.728         -16.517           -8.311
 1217 (occ)     1          -8.283           2.958         -15.382         -13.387           -7.319
 1218 (occ)     1          -8.269           3.262         -19.548         -16.680           -7.875
 1219 (occ)     1          -8.255           2.946         -15.371         -13.394           -7.285
 1220 (occ)     1          -8.246           3.224         -19.731         -16.811           -7.941
 1221 (occ)     1          -8.236           2.933         -15.395         -13.430           -7.268
 1222 (occ)     1          -8.226           3.145         -19.700         -16.428           -8.354
 1223 (occ)     1          -8.206           2.948         -15.436         -13.504           -7.191
 1224 (occ)     1          -8.199           2.911         -15.349         -13.405           -7.232
 1225 (occ)     1          -8.185           3.241         -19.542         -16.713           -7.773
 1226 (occ)     1          -8.171           3.123         -19.688         -16.432           -8.304
 1227 (occ)     1          -8.159           2.902         -15.346         -13.429           -7.174
 1228 (occ)     1          -8.142           3.190         -19.731         -16.743           -7.940
 1229 (occ)     1          -8.135           2.878         -15.340         -13.432           -7.166
 1230 (occ)     1          -8.117           3.148         -19.707         -16.678           -7.997
 1231 (occ)     1          -8.100           3.220         -19.536         -16.744           -7.671
 1232 (occ)     1          -8.092           3.105         -19.681         -16.437           -8.232
 1233 (occ)     1          -8.091           2.930         -15.296         -13.518           -6.939
 1234 (occ)     1          -8.090           2.857         -15.310         -13.429           -7.114
 1235 (occ)     1          -8.088           2.889         -15.393         -13.523           -7.069
 1236 (occ)     1          -8.061           3.095         -19.676         -16.438           -8.205
 1237 (occ)     1          -8.043           3.107         -19.680         -16.459           -8.157
 1238 (occ)     1          -8.040           2.848         -15.312         -13.466           -7.038
 1239 (occ)     1          -8.032           3.107         -19.674         -16.434           -8.165
 1240 (occ)     1          -8.016           2.885         -15.281         -13.526           -6.887
 1241 (occ)     1          -8.015           2.822         -15.300         -13.459           -7.034
 1242 (occ)     1          -8.014           3.199         -19.528         -16.773           -7.571
 1243 (occ)     1          -8.012           3.197         -19.755         -17.061           -7.510
 1244 (occ)     1          -7.964           2.838         -15.348         -13.541           -6.932
 1245 (occ)     1          -7.962           2.799         -15.268         -13.457           -6.974
 1246 (occ)     1          -7.929           3.177         -19.521         -16.800           -7.473
 1247 (occ)     1          -7.923           2.838         -15.252         -13.537           -6.800
 1248 (occ)     1          -7.909           2.796         -15.264         -13.483           -6.894
 1249 (occ)     1          -7.903           3.191         -19.765         -17.166           -7.310
 1250 (occ)     1          -7.888           2.786         -15.289         -13.505           -6.887
 1251 (occ)     1          -7.859           2.826         -15.282         -13.524           -6.791
 1252 (occ)     1          -7.848           2.801         -15.265         -13.502           -6.810
 1253 (occ)     1          -7.845           3.155         -19.513         -16.826           -7.376
 1254 (occ)     1          -7.820           2.787         -15.214         -13.550           -6.697
 1255 (occ)     1          -7.798           3.173         -19.762         -17.225           -7.162
 1256 (occ)     1          -7.761           3.133         -19.505         -16.851           -7.282
 1257 (occ)     1          -7.712           2.734         -15.170         -13.565           -6.584
 1258 (occ)     1          -7.697           3.154         -19.756         -17.274           -7.026
 1259 (occ)     1          -7.679           3.112         -19.498         -16.876           -7.190
 1260 (occ)     1          -7.673           2.606         -15.117         -13.563           -6.621
 1261 (occ)     1          -7.667           2.608         -15.116         -13.555           -6.619
 1262 (occ)     1          -7.604           2.580         -15.120         -13.592           -6.552
 1263 (occ)     1          -7.603           3.136         -19.748         -17.317           -6.898
 1264 (occ)     1          -7.600           2.674         -15.121         -13.580           -6.467
 1265 (occ)     1          -7.600           2.571         -15.093         -13.552           -6.569
 1266 (occ)     1          -7.598           3.091         -19.492         -16.899           -7.099
 1267 (occ)     1          -7.526           2.533         -15.069         -13.569           -6.492
 1268 (occ)     1          -7.519           3.071         -19.487         -16.922           -7.012
 1269 (occ)     1          -7.516           2.543         -15.096         -13.601           -6.468
 1270 (occ)     1          -7.515           3.119         -19.738         -17.354           -6.780
 1271 (occ)     1          -7.484           2.613         -15.069         -13.597           -6.343
 1272 (occ)     1          -7.442           3.051         -19.482         -16.945           -6.928
 1273 (occ)     1          -7.442           2.500         -15.054         -13.608           -6.388
 1274 (occ)     1          -7.435           3.103         -19.726         -17.387           -6.671
 1275 (occ)     1          -7.429           2.496         -15.047         -13.590           -6.391
 1276 (occ)     1          -7.368           3.032         -19.479         -16.968           -6.847
 1277 (occ)     1          -7.366           2.549         -15.013         -13.613           -6.216
 1278 (occ)     1          -7.362           3.089         -19.714         -17.415           -6.571
 1279 (occ)     1          -7.346           2.466         -15.037         -13.643           -6.274
 1280 (occ)     1          -7.345           2.448         -15.003         -13.593           -6.308
 1281 (occ)     1          -7.297           3.014         -19.476         -16.990           -6.769
 1282 (occ)     1          -7.296           3.077         -19.701         -17.439           -6.481
 1283 (occ)     1          -7.260           2.402         -14.970         -13.618           -6.210
 1284 (occ)     1          -7.249           2.424         -14.997         -13.638           -6.184
 1285 (occ)     1          -7.245           2.480         -14.955         -13.631           -6.089
 1286 (occ)     1          -7.238           3.067         -19.688         -17.460           -6.400
 1287 (occ)     1          -7.229           2.997         -19.475         -17.011           -6.695
 1288 (occ)     1          -7.188           3.058         -19.675         -17.477           -6.327
 1289 (occ)     1          -7.167           2.364         -14.948         -13.662           -6.090
 1290 (occ)     1          -7.165           2.982         -19.474         -17.032           -6.625
 1291 (occ)     1          -7.164           2.374         -14.948         -13.618           -6.119
 1292 (occ)     1          -7.144           3.052         -19.663         -17.491           -6.264
 1293 (occ)     1          -7.121           2.411         -14.893         -13.648           -5.956
 1294 (occ)     1          -7.108           3.048         -19.652         -17.503           -6.210
 1295 (occ)     1          -7.105           2.967         -19.475         -17.052           -6.560
 1296 (occ)     1          -7.093           2.331         -14.912         -13.619           -6.056
 1297 (occ)     1          -7.079           3.046         -19.643         -17.511           -6.165
 1298 (occ)     1          -7.079           2.367         -14.923         -13.625           -6.010
 1299 (occ)     1          -7.058           3.047         -19.635         -17.518           -6.128
 1300 (occ)     1          -7.049           2.955         -19.476         -17.071           -6.499
 1301 (occ)     1          -7.043           3.051         -19.630         -17.523           -6.099
 1302 (occ)     1          -7.036           3.062         -19.627         -17.526           -6.075
 1303 (occ)     1          -7.030           2.273         -14.897         -13.710           -5.943
 1304 (occ)     1          -6.998           2.944         -19.478         -17.089           -6.443
 1305 (occ)     1          -6.996           2.338         -14.830         -13.665           -5.822
 1306 (occ)     1          -6.952           2.934         -19.480         -17.106           -6.392
 1307 (occ)     1          -6.924           2.218         -14.874         -13.796           -5.785
 1308 (occ)     1          -6.912           2.927         -19.483         -17.121           -6.347
 1309 (occ)     1          -6.878           2.922         -19.485         -17.134           -6.307
 1310 (occ)     1          -6.870           2.266         -14.764         -13.682           -5.685
 1311 (occ)     1          -6.850           2.919         -19.488         -17.146           -6.273
 1312 (occ)     1          -6.828           2.920         -19.490         -17.154           -6.244
 1313 (occ)     1          -6.813           2.923         -19.492         -17.161           -6.221
 1314 (occ)     1          -6.806           2.934         -19.494         -17.165           -6.201
 1315 (occ)     1          -6.805           2.161         -14.832         -13.829           -5.647
 1316 (occ)     1          -6.742           2.193         -14.696         -13.698           -5.547
 1317 (occ)     1          -6.716           2.146         -14.734         -13.797           -5.508
 1318 (occ)     1          -6.679           2.110         -14.757         -13.832           -5.493
 1319 (occ)     1          -6.658           2.110         -14.699         -13.787           -5.460
 1320 (occ)     1          -6.615           2.121         -14.628         -13.710           -5.412
 1321 (occ)     1          -6.581           2.061         -14.666         -13.799           -5.386
 1322 (occ)     1          -6.568           2.046         -14.711         -13.844           -5.389
 1323 (occ)     1          -6.491           2.056         -14.563         -13.714           -5.284
 1324 (occ)     1          -6.487           2.008         -14.634         -13.832           -5.282
 1325 (occ)     1          -6.462           1.990         -14.649         -13.840           -5.281
 1326 (occ)     1          -6.386           1.987         -14.420         -13.569           -5.249
 1327 (occ)     1          -6.382           1.981         -14.421         -13.571           -5.250
 1328 (occ)     1          -6.382           1.949         -14.603         -13.877           -5.159
 1329 (occ)     1          -6.378           2.005         -14.512         -13.696           -5.189
 1330 (occ)     1          -6.378           1.975         -14.423         -13.574           -5.251
 1331 (occ)     1          -6.372           1.966         -14.425         -13.578           -5.253
 1332 (occ)     1          -6.366           1.955         -14.428         -13.583           -5.255
 1333 (occ)     1          -6.362           1.935         -14.590         -13.843           -5.173
 1334 (occ)     1          -6.358           1.945         -14.432         -13.589           -5.256
 1335 (occ)     1          -6.350           1.935         -14.436         -13.595           -5.256
 1336 (occ)     1          -6.342           1.927         -14.442         -13.603           -5.253
 1337 (occ)     1          -6.332           1.916         -14.447         -13.611           -5.253
 1338 (occ)     1          -6.322           1.913         -14.454         -13.620           -5.243
 1339 (occ)     1          -6.312           1.904         -14.463         -13.630           -5.242
 1340 (occ)     1          -6.306           1.978         -14.494         -13.661           -5.161
 1341 (occ)     1          -6.302           1.909         -14.470         -13.639           -5.224
 1342 (occ)     1          -6.293           1.927         -14.480         -13.649           -5.197
 1343 (occ)     1          -6.290           1.944         -14.489         -13.654           -5.181
 1344 (occ)     1          -6.271           1.888         -14.566         -13.916           -5.033
 1345 (occ)     1          -6.263           1.880         -14.536         -13.856           -5.062
 1346 (occ)     1          -6.219           1.715         -14.526         -13.716           -5.313
 1347 (occ)     1          -6.219           1.715         -14.528         -13.716           -5.316
 1348 (occ)     1          -6.168           1.820         -14.468         -13.827           -4.989
 1349 (occ)     1          -6.167           1.823         -14.491         -13.818           -5.017
 1350 (occ)     1          -6.165           1.823         -14.484         -13.876           -4.950
 1351 (occ)     1          -6.159           1.828         -14.522         -13.946           -4.908
 1352 (occ)     1          -6.151           1.808         -14.502         -13.829           -5.017
 1353 (occ)     1          -6.143           1.817         -14.514         -13.835           -5.006
 1354 (occ)     1          -6.127           1.806         -14.541         -13.847           -5.015
 1355 (occ)     1          -6.122           1.788         -14.460         -13.864           -4.930
 1356 (occ)     1          -6.109           1.770         -14.494         -13.870           -4.963
 1357 (occ)     1          -6.101           1.803         -14.568         -13.874           -4.992
 1358 (occ)     1          -6.088           1.793         -14.572         -13.889           -4.978
 1359 (occ)     1          -6.078           1.803         -14.590         -13.900           -4.964
 1360 (occ)     1          -6.068           1.800         -14.598         -13.913           -4.953
 1361 (occ)     1          -6.066           1.765         -14.435         -13.901           -4.835
 1362 (occ)     1          -6.060           1.805         -14.607         -13.923           -4.939
 1363 (occ)     1          -6.053           1.807         -14.615         -13.933           -4.928
 1364 (occ)     1          -6.051           1.769         -14.476         -13.972           -4.786
 1365 (occ)     1          -6.048           1.817         -14.620         -13.941           -4.910
 1366 (occ)     1          -6.042           1.791         -14.618         -13.940           -4.928
 1367 (occ)     1          -6.042           1.779         -14.621         -13.939           -4.944
 1368 (occ)     1          -6.018           1.662         -14.286         -13.892           -4.749
 1369 (occ)     1          -5.969           1.708         -14.389         -13.929           -4.721
 1370 (occ)     1          -5.948           1.712         -14.430         -14.000           -4.667
 1371 (occ)     1          -5.897           1.601         -14.191         -13.901           -4.587
 1372 (occ)     1          -5.874           1.654         -14.345         -13.953           -4.612
 1373 (occ)     1          -5.851           1.657         -14.390         -14.037           -4.547
 1374 (occ)     1          -5.782           1.603         -14.301         -13.967           -4.512
 1375 (occ)     1          -5.768           1.523         -14.107         -13.917           -4.435
 1376 (occ)     1          -5.764           1.608         -14.361         -14.086           -4.430
 1377 (occ)     1          -5.695           1.557         -14.255         -13.970           -4.423
 1378 (occ)     1          -5.693           1.569         -14.343         -14.135           -4.332
 1379 (occ)     1          -5.642           1.543         -14.327         -14.159           -4.267
 1380 (occ)     1          -5.636           1.438         -14.020         -13.938           -4.280
 1381 (occ)     1          -5.621           1.543         -14.316         -14.152           -4.242
 1382 (occ)     1          -5.600           1.501         -14.203         -13.982           -4.320
 1383 (occ)     1          -5.514           1.451         -14.126         -13.941           -4.248
 1384 (occ)     1          -5.504           1.349         -13.932         -13.961           -4.126
 1385 (occ)     1          -5.421           1.395         -14.064         -13.946           -4.144
 1386 (occ)     1          -5.373           1.260         -13.844         -13.985           -3.971
 1387 (occ)     1          -5.328           1.337         -13.998         -13.952           -4.037
 1388 (occ)     1          -5.244           1.172         -13.756         -14.011           -3.817
 1389 (occ)     1          -5.235           1.276         -13.928         -13.958           -3.928
 1390 (occ)     1          -5.142           1.213         -13.853         -13.963           -3.819
 1391 (occ)     1          -5.119           1.085         -13.671         -14.039           -3.666
 1392 (occ)     1          -5.050           1.148         -13.775         -13.965           -3.711
 1393 (occ)     1          -4.999           1.002         -13.589         -14.067           -3.519
 1394 (occ)     1          -4.959           1.083         -13.693         -13.966           -3.604
 1395 (occ)     1          -4.887           0.925         -13.512         -14.095           -3.379
 1396 (occ)     1          -4.871           1.016         -13.608         -13.963           -3.499
 1397 (occ)     1          -4.784           0.949         -13.519         -13.958           -3.396
 1398 (occ)     1          -4.783           0.856         -13.444         -14.124           -3.247
 1399 (occ)     1          -4.701           0.883         -13.429         -13.951           -3.297
 1400 (occ)     1          -4.693           0.797         -13.384         -14.151           -3.129
 1401 (occ)     1          -4.622           0.817         -13.338         -13.940           -3.202
 1402 (occ)     1          -4.617           0.752         -13.337         -14.176           -3.026
 1403 (occ)     1          -4.561           0.723         -13.302         -14.196           -2.944
 1404 (occ)     1          -4.547           0.754         -13.246         -13.927           -3.112
 1405 (occ)     1          -4.528           0.711         -13.281         -14.210           -2.888
 1406 (occ)     1          -4.477           0.693         -13.154         -13.911           -3.028
 1407 (occ)     1          -4.414           0.637         -13.066         -13.893           -2.950
 1408 (occ)     1          -4.359           0.586         -12.982         -13.875           -2.880
 1409 (occ)     1          -4.313           0.544         -12.904         -13.856           -2.817
 1410 (occ)     1          -4.277           0.511         -12.835         -13.839           -2.762
 1411 (occ)     1          -4.253           0.491         -12.779         -13.826           -2.715
 1412 (occ)     1          -4.241           0.490         -12.732         -13.816           -2.667
 1413 (vir)     1          -2.665          -1.192          -9.092         -14.209            1.261
 1414 (vir)     1          -2.645          -1.199          -9.057         -14.190            1.288
 1415 (vir)     1          -2.616          -1.214          -9.002         -14.159            1.327
 1416 (vir)     1          -2.578          -1.239          -8.929         -14.120            1.373
 1417 (vir)     1          -2.533          -1.272          -8.841         -14.072            1.426
 1418 (vir)     1          -2.481          -1.313          -8.741         -14.019            1.484
 1419 (vir)     1          -2.439          -1.343          -8.712         -13.933            1.439
 1420 (vir)     1          -2.424          -1.358          -8.632         -13.960            1.547
 1421 (vir)     1          -2.400          -1.353          -8.685         -13.935            1.497
 1422 (vir)     1          -2.362          -1.407          -8.515         -13.897            1.613
 1423 (vir)     1          -2.341          -1.377          -8.641         -13.938            1.579
 1424 (vir)     1          -2.297          -1.458          -8.393         -13.830            1.682
 1425 (vir)     1          -2.263          -1.417          -8.579         -13.941            1.681
 1426 (vir)     1          -2.230          -1.509          -8.267         -13.760            1.754
 1427 (vir)     1          -2.170          -1.472          -8.504         -13.943            1.797
 1428 (vir)     1          -2.160          -1.561          -8.137         -13.685            1.827
 1429 (vir)     1          -2.089          -1.612          -8.006         -13.608            1.901
 1430 (vir)     1          -2.063          -1.538          -8.418         -13.945            1.926
 1431 (vir)     1          -2.018          -1.660          -7.873         -13.527            1.976
 1432 (vir)     1          -1.946          -1.613          -8.322         -13.945            2.064
 1433 (vir)     1          -1.946          -1.706          -7.742         -13.445            2.051
 1434 (vir)     1          -1.874          -1.748          -7.618         -13.368            2.128
 1435 (vir)     1          -1.821          -1.696          -8.219         -13.944            2.208
 1436 (vir)     1          -1.803          -1.787          -7.509         -13.305            2.206
 1437 (vir)     1          -1.732          -1.824          -7.425         -13.267            2.286
 1438 (vir)     1          -1.689          -1.782          -8.112         -13.940            2.357
 1439 (vir)     1          -1.661          -1.862          -7.373         -13.264            2.368
 1440 (vir)     1          -1.591          -1.905          -7.377         -13.326            2.453
 1441 (vir)     1          -1.577          -2.000          -7.737         -13.815            2.501
 1442 (vir)     1          -1.552          -1.871          -8.000         -13.934            2.511
 1443 (vir)     1          -1.533          -2.009          -7.670         -13.757            2.545
 1444 (vir)     1          -1.519          -1.954          -7.408         -13.421            2.539
 1445 (vir)     1          -1.462          -2.029          -7.553         -13.658            2.614
 1446 (vir)     1          -1.441          -1.998          -7.372         -13.434            2.624
 1447 (vir)     1          -1.411          -1.959          -7.887         -13.924            2.667
 1448 (vir)     1          -1.375          -2.089          -6.531         -12.665            2.669
 1449 (vir)     1          -1.374          -2.067          -7.471         -13.618            2.706
 1450 (vir)     1          -1.366          -2.085          -6.535         -12.673            2.687
 1451 (vir)     1          -1.354          -2.039          -7.285         -13.391            2.713
 1452 (vir)     1          -1.353          -2.081          -6.542         -12.686            2.711
 1453 (vir)     1          -1.336          -2.079          -6.550         -12.704            2.740
 1454 (vir)     1          -1.314          -2.081          -6.561         -12.728            2.772
 1455 (vir)     1          -1.289          -2.085          -6.574         -12.756            2.807
 1456 (vir)     1          -1.273          -2.116          -7.423         -13.628            2.816
 1457 (vir)     1          -1.266          -2.050          -7.771         -13.911            2.823
 1458 (vir)     1          -1.263          -2.082          -7.181         -13.331            2.805
 1459 (vir)     1          -1.261          -2.094          -6.589         -12.789            2.846
 1460 (vir)     1          -1.228          -2.105          -6.608         -12.829            2.888
 1461 (vir)     1          -1.192          -2.119          -6.624         -12.870            2.933
 1462 (vir)     1          -1.168          -2.128          -7.083         -13.279            2.900
 1463 (vir)     1          -1.161          -2.169          -7.376         -13.645            2.939
 1464 (vir)     1          -1.154          -2.136          -6.646         -12.917            2.982
 1465 (vir)     1          -1.120          -2.140          -7.617         -13.859            2.982
 1466 (vir)     1          -1.112          -2.153          -6.713         -13.011            3.033
 1467 (vir)     1          -1.069          -2.175          -7.007         -13.254            3.003
 1468 (vir)     1          -1.068          -2.176          -6.692         -13.023            3.087
 1469 (vir)     1          -1.042          -2.221          -7.287         -13.614            3.064
 1470 (vir)     1          -1.022          -2.198          -6.720         -13.085            3.144
 1471 (vir)     1          -0.975          -2.225          -6.829         -13.218            3.190
 1472 (vir)     1          -0.971          -2.218          -7.481         -13.827            3.158
 1473 (vir)     1          -0.965          -2.229          -6.978         -13.288            3.116
 1474 (vir)     1          -0.925          -2.247          -6.779         -13.216            3.265
 1475 (vir)     1          -0.923          -2.265          -7.111         -13.477            3.178
 1476 (vir)     1          -0.875          -2.273          -6.820         -13.296            3.329
 1477 (vir)     1          -0.850          -2.297          -7.032         -13.430            3.250
 1478 (vir)     1          -0.826          -2.279          -7.355         -13.858            3.398
 1479 (vir)     1          -0.820          -2.326          -6.974         -13.422            3.302
 1480 (vir)     1          -0.812          -2.301          -6.917         -13.312            3.282
 1481 (vir)     1          -0.774          -2.326          -6.916         -13.477            3.461
 1482 (vir)     1          -0.722          -2.373          -6.821         -13.415            3.499
 1483 (vir)     1          -0.719          -2.375          -7.092         -13.588            3.402
 1484 (vir)     1          -0.705          -2.341          -6.793         -13.227            3.387
 1485 (vir)     1          -0.677          -2.391          -7.099         -13.704            3.536
 1486 (vir)     1          -0.665          -2.411          -7.008         -13.556            3.472
 1487 (vir)     1          -0.624          -2.430          -6.931         -13.618            3.633
 1488 (vir)     1          -0.599          -2.385          -6.727         -13.210            3.499
 1489 (vir)     1          -0.577          -2.460          -6.963         -13.693            3.694
 1490 (vir)     1          -0.577          -2.444          -7.048         -13.624            3.555
 1491 (vir)     1          -0.534          -2.492          -7.025         -13.791            3.741
 1492 (vir)     1          -0.516          -2.484          -7.111         -13.716            3.604
 1493 (vir)     1          -0.491          -2.522          -7.037         -13.857            3.808
 1494 (vir)     1          -0.490          -2.436          -6.730         -13.279            3.623
 1495 (vir)     1          -0.451          -2.551          -7.070         -13.932            3.860
 1496 (vir)     1          -0.439          -2.490          -6.869         -13.488            3.690
 1497 (vir)     1          -0.416          -2.582          -7.105         -14.008            3.905
 1498 (vir)     1          -0.384          -2.609          -7.135         -14.076            3.949
 1499 (vir)     1          -0.367          -2.516          -6.867         -13.521            3.771
 1500 (vir)     1          -0.366          -2.566          -7.043         -13.740            3.764
 1501 (vir)     1          -0.355          -2.628          -7.151         -14.103            3.970
 1502 (vir)     1          -0.333          -2.655          -7.187         -14.193            4.017
 1503 (vir)     1          -0.323          -2.535          -6.822         -13.496            3.818
 1504 (vir)     1          -0.316          -2.676          -7.207         -14.236            4.038
 1505 (vir)     1          -0.303          -2.697          -7.221         -14.269            4.047
 1506 (vir)     1          -0.298          -2.716          -7.230         -14.289            4.045
 1507 (vir)     1          -0.225          -2.616          -7.057         -13.847            3.949
 1508 (vir)     1          -0.214          -2.634          -6.923         -13.668            3.897
 1509 (vir)     1          -0.188          -1.232          -1.565          -4.829            1.844
 1510 (vir)     1          -0.188          -1.232          -1.565          -4.829            1.844
 1511 (vir)     1          -0.186          -2.520          -5.814         -12.332            3.812
 1512 (vir)     1          -0.108          -1.485          -1.842          -5.314            1.880
 1513 (vir)     1          -0.101          -1.482          -1.840          -5.312            1.890
 1514 (vir)     1          -0.090          -1.478          -1.837          -5.308            1.903
 1515 (vir)     1          -0.086          -2.572          -6.105         -12.738            3.974
 1516 (vir)     1          -0.076          -1.474          -1.834          -5.303            1.919
 1517 (vir)     1          -0.073          -1.473          -1.779          -5.237            1.912
 1518 (vir)     1          -0.066          -1.468          -1.778          -5.236            1.924
 1519 (vir)     1          -0.064          -2.680          -6.839         -13.676            4.094
 1520 (vir)     1          -0.062          -2.707          -6.812         -13.625            4.044
 1521 (vir)     1          -0.059          -1.471          -1.830          -5.298            1.937
 1522 (vir)     1          -0.057          -1.461          -1.776          -5.234            1.940
 1523 (vir)     1          -0.045          -1.453          -1.774          -5.230            1.959
 1524 (vir)     1          -0.038          -1.470          -1.826          -5.293            1.958
 1525 (vir)     1          -0.030          -1.447          -1.771          -5.226            1.979
 1526 (vir)     1          -0.014          -1.468          -1.822          -5.288            1.983
 1527 (vir)     1          -0.011          -1.442          -1.767          -5.221            2.001
 1528 (vir)     1           0.010          -1.439          -1.763          -5.216            2.024
 1529 (vir)     1           0.013          -1.467          -1.819          -5.284            2.011
 1530 (vir)     1           0.025          -2.632          -6.204         -12.917            4.107
 1531 (vir)     1           0.034          -1.437          -1.759          -5.211            2.049
 1532 (vir)     1           0.043          -1.466          -1.815          -5.280            2.042
 1533 (vir)     1           0.062          -1.437          -1.755          -5.206            2.076
 1534 (vir)     1           0.077          -1.466          -1.812          -5.277            2.075
 1535 (vir)     1           0.084          -2.706          -6.528         -13.374            4.224
 1536 (vir)     1           0.089          -2.779          -6.702         -13.578            4.187
 1537 (vir)     1           0.092          -1.438          -1.751          -5.201            2.104
 1538 (vir)     1           0.113          -1.466          -1.809          -5.275            2.112
 1539 (vir)     1           0.126          -1.440          -1.748          -5.197            2.135
 1540 (vir)     1           0.153          -1.467          -1.806          -5.273            2.152
 1541 (vir)     1           0.155          -2.730          -6.445         -13.286            4.266
 1542 (vir)     1           0.163          -1.442          -1.745          -5.193            2.169
 1543 (vir)     1           0.195          -1.468          -1.804          -5.272            2.195
 1544 (vir)     1           0.203          -1.445          -1.742          -5.190            2.206
 1545 (vir)     1           0.207          -2.716          -6.240         -13.073            4.324
 1546 (vir)     1           0.240          -2.846          -6.592         -13.527            4.329
 1547 (vir)     1           0.241          -1.470          -1.802          -5.272            2.240
 1548 (vir)     1           0.246          -1.449          -1.739          -5.187            2.246
 1549 (vir)     1           0.290          -1.473          -1.801          -5.272            2.288
 1550 (vir)     1           0.292          -1.452          -1.736          -5.185            2.289
 1551 (vir)     1           0.312          -2.838          -6.616         -13.590            4.449
 1552 (vir)     1           0.319          -2.746          -6.122         -12.977            4.428
 1553 (vir)     1           0.341          -1.475          -1.799          -5.273            2.340
 1554 (vir)     1           0.341          -1.456          -1.733          -5.183            2.335
 1555 (vir)     1           0.391          -2.911          -6.484         -13.473            4.468
 1556 (vir)     1           0.394          -1.460          -1.730          -5.181            2.384
 1557 (vir)     1           0.396          -1.479          -1.799          -5.275            2.394
 1558 (vir)     1           0.430          -2.789          -6.054         -12.936            4.524
 1559 (vir)     1           0.449          -1.464          -1.728          -5.179            2.436
 1560 (vir)     1           0.453          -1.483          -1.798          -5.278            2.450
 1561 (vir)     1           0.476          -2.900          -6.547         -13.603            4.632
 1562 (vir)     1           0.507          -1.468          -1.725          -5.178            2.492
 1563 (vir)     1           0.514          -1.488          -1.798          -5.282            2.509
 1564 (vir)     1           0.540          -2.973          -6.378         -13.416            4.605
 1565 (vir)     1           0.545          -2.838          -6.041         -12.953            4.618
 1566 (vir)     1           0.568          -1.471          -1.722          -5.177            2.552
 1567 (vir)     1           0.577          -1.493          -1.799          -5.286            2.572
 1568 (vir)     1           0.618          -2.908          -6.209         -13.257            4.758
 1569 (vir)     1           0.632          -1.475          -1.720          -5.178            2.614
 1570 (vir)     1           0.643          -1.498          -1.800          -5.291            2.637
 1571 (vir)     1           0.684          -2.933          -6.236         -13.234            4.750
 1572 (vir)     1           0.690          -3.031          -6.274         -13.357            4.741
 1573 (vir)     1           0.698          -1.478          -1.720          -5.180            2.680
 1574 (vir)     1           0.711          -1.503          -1.801          -5.298            2.705
 1575 (vir)     1           0.731          -2.918          -6.004         -13.034            4.843
 1576 (vir)     1           0.766          -1.483          -1.720          -5.186            2.748
 1577 (vir)     1           0.782          -1.509          -1.803          -5.305            2.776
 1578 (vir)     1           0.836          -2.942          -5.899         -12.926            4.921
 1579 (vir)     1           0.837          -1.489          -1.723          -5.194            2.819
 1580 (vir)     1           0.838          -3.086          -6.173         -13.297            4.876
 1581 (vir)     1           0.849          -3.015          -6.289         -13.372            4.917
 1582 (vir)     1           0.856          -1.514          -1.805          -5.313            2.850
 1583 (vir)     1           0.910          -1.495          -1.728          -5.206            2.894
 1584 (vir)     1           0.931          -1.520          -1.808          -5.324            2.927
 1585 (vir)     1           0.939          -2.959          -5.807         -12.817            4.991
 1586 (vir)     1           0.985          -3.135          -6.074         -13.234            5.011
 1587 (vir)     1           0.986          -1.503          -1.734          -5.221            2.971
 1588 (vir)     1           1.001          -3.091          -6.414         -13.693            5.189
 1589 (vir)     1           1.008          -1.526          -1.812          -5.335            3.005
 1590 (vir)     1           1.062          -2.872          -5.130         -11.744            4.803
 1591 (vir)     1           1.065          -1.511          -1.743          -5.240            3.051
 1592 (vir)     1           1.086          -1.531          -1.816          -5.348            3.087
 1593 (vir)     1           1.132          -3.191          -5.977         -13.169            5.132
 1594 (vir)     1           1.133          -2.986          -5.493         -12.434            5.087
 1595 (vir)     1           1.146          -1.521          -1.755          -5.263            3.133
 1596 (vir)     1           1.164          -1.535          -1.818          -5.357            3.169
 1597 (vir)     1           1.195          -2.927          -5.470         -12.170            4.969
 1598 (vir)     1           1.223          -3.000          -5.461         -12.407            5.169
 1599 (vir)     1           1.229          -1.531          -1.769          -5.290            3.219
 1600 (vir)     1           1.241          -1.535          -1.807          -5.347            3.248
 1601 (vir)     1           1.277          -3.224          -5.879         -13.094            5.267
 1602 (vir)     1           1.311          -3.007          -5.384         -12.309            5.228
 1603 (vir)     1           1.314          -1.542          -1.788          -5.324            3.307
 1604 (vir)     1           1.314          -1.514          -1.746          -5.259            3.313
 1605 (vir)     1           1.350          -2.855          -5.173         -11.700            5.022
 1606 (vir)     1           1.377          -1.442          -1.559          -4.972            3.347
 1607 (vir)     1           1.396          -3.046          -5.363         -12.315            5.302
 1608 (vir)     1           1.400          -1.555          -1.814          -5.368            3.398
 1609 (vir)     1           1.419          -3.251          -5.771         -12.992            5.390
 1610 (vir)     1           1.423          -1.360          -1.371          -4.677            3.369
 1611 (vir)     1           1.465          -1.403          -1.494          -4.870            3.439
 1612 (vir)     1           1.468          -2.866          -4.912         -11.459            5.148
 1613 (vir)     1           1.485          -1.570          -1.854          -5.432            3.492
 1614 (vir)     1           1.506          -2.990          -5.254         -12.000            5.262
 1615 (vir)     1           1.514          -1.544          -1.832          -5.405            3.543
 1616 (vir)     1           1.544          -2.883          -4.813         -11.347            5.196
 1617 (vir)     1           1.557          -1.671          -2.108          -5.843            3.621
 1618 (vir)     1           1.558          -3.241          -5.602         -12.761            5.476
 1619 (vir)     1           1.565          -1.594          -1.926          -5.544            3.589
 1620 (vir)     1           1.611          -2.787          -4.520         -10.829            5.132
 1621 (vir)     1           1.637          -2.710          -4.411         -10.520            5.037
 1622 (vir)     1           1.649          -1.474          -1.834          -5.348            3.690
 1623 (vir)     1           1.659          -1.523          -1.924          -5.501            3.712
 1624 (vir)     1           1.664          -1.186          -0.803          -3.785            3.461
 1625 (vir)     1           1.669          -1.217          -0.793          -3.770            3.429
 1626 (vir)     1           1.671          -1.203          -0.852          -3.878            3.494
 1627 (vir)     1           1.675          -2.772          -4.477         -10.717            5.144
 1628 (vir)     1           1.676          -1.689          -1.920          -5.895            3.961
 1629 (vir)     1           1.680          -1.243          -0.945          -4.053            3.545
 1630 (vir)     1           1.686          -2.299          -3.300          -8.488            4.575
 1631 (vir)     1           1.687          -1.525          -1.581          -5.264            3.845
 1632 (vir)     1           1.692          -1.225          -0.856          -3.889            3.500
 1633 (vir)     1           1.698          -1.971          -2.523          -7.058            4.263
 1634 (vir)     1           1.703          -1.368          -1.236          -4.603            3.703
 1635 (vir)     1           1.715          -1.584          -1.675          -5.422            3.877
 1636 (vir)     1           1.716          -1.561          -1.616          -5.335            3.874
 1637 (vir)     1           1.722          -1.895          -2.366          -6.758            4.219
 1638 (vir)     1           1.728          -1.747          -1.983          -6.036            4.034
 1639 (vir)     1           1.729          -1.785          -2.078          -6.217            4.082
 1640 (vir)     1           1.730          -1.261          -0.967          -4.103            3.604
 1641 (vir)     1           1.760          -1.403          -1.304          -4.725            3.778
 1642 (vir)     1           1.783          -1.332          -1.118          -4.402            3.736
 1643 (vir)     1           1.811          -3.049          -5.083         -11.820            5.500
 1644 (vir)     1           1.821          -1.358          -1.195          -4.530            3.798
 1645 (vir)     1           1.849          -1.606          -1.642          -5.447            4.048
 1646 (vir)     1           1.899          -1.412          -1.276          -4.702            3.913
 1647 (vir)     1           1.903          -2.546          -3.495          -9.100            4.962
 1648 (vir)     1           1.935          -1.518          -1.474          -4.962            3.904
 1649 (vir)     1           1.940          -2.052          -2.954          -7.929            4.863
 1650 (vir)     1           1.943          -1.910          -2.664          -7.364            4.734
 1651 (vir)     1           1.959          -1.652          -1.757          -5.653            4.202
 1652 (vir)     1           1.969          -3.036          -4.949         -11.637            5.620
 1653 (vir)     1           1.969          -1.465          -1.447          -4.904            3.961
 1654 (vir)     1           1.986          -1.873          -2.174          -6.477            4.416
 1655 (vir)     1           2.022          -1.542          -1.405          -4.869            3.944
 1656 (vir)     1           2.033          -1.496          -1.538          -5.047            4.046
 1657 (vir)     1           2.040          -2.547          -3.538          -9.167            5.121
 1658 (vir)     1           2.056          -1.499          -1.424          -5.007            4.139
 1659 (vir)     1           2.096          -1.545          -1.481          -4.981            4.051
 1660 (vir)     1           2.118          -1.536          -1.637          -5.209            4.153
 1661 (vir)     1           2.123          -1.531          -1.480          -5.124            4.236
 1662 (vir)     1           2.125          -3.270          -5.245         -12.314            5.923
 1663 (vir)     1           2.151          -2.580          -3.532          -9.179            5.219
 1664 (vir)     1           2.188          -1.549          -1.534          -5.065            4.170
 1665 (vir)     1           2.200          -2.040          -2.476          -7.103            4.788
 1666 (vir)     1           2.215          -1.568          -1.710          -5.333            4.269
 1667 (vir)     1           2.234          -2.853          -4.024         -10.227            5.584
 1668 (vir)     1           2.236          -2.934          -4.179         -10.544            5.669
 1669 (vir)     1           2.244          -1.688          -1.772          -5.715            4.498
 1670 (vir)     1           2.254          -3.351          -5.092         -12.324            6.135
 1671 (vir)     1           2.256          -2.778          -3.877          -9.945            5.546
 1672 (vir)     1           2.267          -2.541          -3.476          -9.078            5.328
 1673 (vir)     1           2.284          -3.356          -5.052         -12.287            6.163
 1674 (vir)     1           2.288          -1.549          -1.569          -5.126            4.297
 1675 (vir)     1           2.297          -3.432          -5.235         -12.612            6.242
 1676 (vir)     1           2.308          -3.045          -4.353         -10.865            5.775
 1677 (vir)     1           2.318          -1.584          -1.748          -5.409            4.396
 1678 (vir)     1           2.320          -2.488          -3.298          -8.811            5.345
 1679 (vir)     1           2.322          -1.515          -1.436          -5.056            4.427
 1680 (vir)     1           2.323          -3.052          -4.464         -11.075            5.882
 1681 (vir)     1           2.329          -1.492          -1.082          -4.573            4.328
 1682 (vir)     1           2.336          -3.468          -5.284         -12.765            6.348
 1683 (vir)     1           2.337          -1.488          -1.079          -4.570            4.340
 1684 (vir)     1           2.347          -1.485          -1.084          -4.577            4.354
 1685 (vir)     1           2.355          -3.583          -5.458         -13.135            6.449
 1686 (vir)     1           2.360          -1.481          -1.080          -4.573            4.372
 1687 (vir)     1           2.363          -1.485          -1.048          -4.526            4.356
 1688 (vir)     1           2.370          -1.480          -1.048          -4.526            4.369
 1689 (vir)     1           2.373          -3.867          -6.047         -14.319            6.778
 1690 (vir)     1           2.378          -1.477          -1.082          -4.575            4.394
 1691 (vir)     1           2.379          -1.473          -1.047          -4.526            4.385
 1692 (vir)     1           2.382          -3.165          -4.584         -11.392            6.024
 1693 (vir)     1           2.390          -1.485          -1.197          -4.703            4.412
 1694 (vir)     1           2.392          -3.108          -4.543         -11.298            6.039
 1695 (vir)     1           2.393          -3.956          -6.138         -14.518            6.818
 1696 (vir)     1           2.394          -1.528          -1.435          -4.989            4.421
 1697 (vir)     1           2.397          -1.477          -1.107          -4.608            4.422
 1698 (vir)     1           2.400          -1.543          -1.480          -5.150            4.528
 1699 (vir)     1           2.406          -1.454          -1.045          -4.526            4.432
 1700 (vir)     1           2.420          -2.050          -2.433          -7.070            5.007
 1701 (vir)     1           2.423          -1.470          -1.080          -4.574            4.447
 1702 (vir)     1           2.425          -1.452          -1.050          -4.533            4.456
 1703 (vir)     1           2.427          -1.581          -1.690          -5.359            4.515
 1704 (vir)     1           2.432          -3.108          -4.356         -10.920            5.890
 1705 (vir)     1           2.446          -1.444          -1.045          -4.527            4.484
 1706 (vir)     1           2.454          -1.481          -1.145          -4.658            4.487
 1707 (vir)     1           2.471          -1.442          -1.044          -4.529            4.514
 1708 (vir)     1           2.482          -1.469          -1.093          -4.595            4.515
 1709 (vir)     1           2.483          -1.769          -1.902          -6.009            4.821
 1710 (vir)     1           2.493          -2.985          -4.259         -10.627            5.876
 1711 (vir)     1           2.495          -1.477          -1.226          -4.749            4.541
 1712 (vir)     1           2.497          -1.831          -1.968          -6.179            4.877
 1713 (vir)     1           2.505          -1.518          -1.422          -4.994            4.559
 1714 (vir)     1           2.520          -1.467          -1.082          -4.582            4.553
 1715 (vir)     1           2.530          -1.439          -1.042          -4.529            4.579
 1716 (vir)     1           2.538          -1.574          -1.652          -5.329            4.641
 1717 (vir)     1           2.544          -2.148          -2.575          -7.371            5.191
 1718 (vir)     1           2.566          -1.491          -1.221          -4.766            4.620
 1719 (vir)     1           2.566          -1.438          -1.045          -4.536            4.620
 1720 (vir)     1           2.576          -1.882          -2.053          -6.354            4.994
 1721 (vir)     1           2.580          -2.780          -3.752          -9.764            5.812
 1722 (vir)     1           2.602          -1.464          -1.172          -4.694            4.660
 1723 (vir)     1           2.603          -1.465          -1.107          -4.620            4.651
 1724 (vir)     1           2.617          -1.534          -1.493          -5.100            4.690
 1725 (vir)     1           2.628          -2.291          -2.853          -7.925            5.409
 1726 (vir)     1           2.633          -1.667          -1.701          -5.614            4.880
 1727 (vir)     1           2.648          -1.436          -1.041          -4.536            4.707
 1728 (vir)     1           2.654          -1.460          -1.084          -4.593            4.702
 1729 (vir)     1           2.659          -1.597          -1.760          -5.490            4.792
 1730 (vir)     1           2.680          -2.750          -3.716          -9.640            5.854
 1731 (vir)     1           2.692          -3.265          -4.572         -11.467            6.322
 1732 (vir)     1           2.696          -1.438          -1.043          -4.542            4.757
 1733 (vir)     1           2.710          -1.468          -1.128          -4.655            4.769
 1734 (vir)     1           2.715          -1.661          -1.687          -5.589            4.957
 1735 (vir)     1           2.724          -1.547          -1.560          -5.202            4.818
 1736 (vir)     1           2.727          -1.766          -1.807          -5.889            5.043
 1737 (vir)     1           2.750          -1.456          -1.123          -4.648            4.820
 1738 (vir)     1           2.754          -1.500          -1.282          -4.866            4.839
 1739 (vir)     1           2.787          -1.576          -1.655          -5.371            4.927
 1740 (vir)     1           2.789          -1.783          -1.922          -6.070            5.153
 1741 (vir)     1           2.790          -3.140          -4.328         -10.995            6.318
 1742 (vir)     1           2.800          -1.444          -1.065          -4.577            4.868
 1743 (vir)     1           2.820          -1.718          -1.712          -5.716            5.105
 1744 (vir)     1           2.822          -1.461          -1.101          -4.629            4.889
 1745 (vir)     1           2.833          -3.254          -4.567         -11.392            6.403
 1746 (vir)     1           2.843          -2.051          -2.451          -7.153            5.494
 1747 (vir)     1           2.843          -1.569          -1.629          -5.315            4.961
 1748 (vir)     1           2.849          -2.617          -3.452          -9.208            5.987
 1749 (vir)     1           2.861          -1.438          -1.045          -4.556            4.934
 1750 (vir)     1           2.890          -1.456          -1.091          -4.620            4.963
 1751 (vir)     1           2.898          -1.619          -1.838          -5.639            5.080
 1752 (vir)     1           2.917          -1.778          -1.805          -5.918            5.251
 1753 (vir)     1           2.925          -1.442          -1.053          -4.572            5.003
 1754 (vir)     1           2.954          -1.565          -1.607          -5.313            5.096
 1755 (vir)     1           2.961          -1.462          -1.124          -4.672            5.047
 1756 (vir)     1           2.989          -2.758          -3.580          -9.490            6.142
 1757 (vir)     1           2.996          -1.459          -1.118          -4.663            5.083
 1758 (vir)     1           3.010          -1.592          -1.685          -5.452            5.185
 1759 (vir)     1           3.026          -2.325          -2.788          -7.918            5.830
 1760 (vir)     1           3.039          -1.505          -1.338          -4.978            5.175
 1761 (vir)     1           3.050          -1.503          -1.296          -4.920            5.171
 1762 (vir)     1           3.083          -1.541          -1.444          -5.118            5.215
 1763 (vir)     1           3.100          -1.504          -1.266          -4.900            5.230
 1764 (vir)     1           3.112          -1.854          -1.898          -6.138            5.498
 1765 (vir)     1           3.123          -1.503          -1.232          -4.852            5.240
 1766 (vir)     1           3.136          -1.579          -1.747          -5.538            5.349
 1767 (vir)     1           3.172          -3.260          -4.374         -11.185            6.723
 1768 (vir)     1           3.173          -1.477          -1.248          -4.861            5.309
 1769 (vir)     1           3.196          -2.318          -2.803          -8.121            6.197
 1770 (vir)     1           3.200          -2.298          -2.786          -8.078            6.194
 1771 (vir)     1           3.224          -1.794          -1.776          -5.914            5.567
 1772 (vir)     1           3.224          -1.527          -1.543          -5.239            5.394
 1773 (vir)     1           3.241          -1.424          -1.061          -4.583            5.339
 1774 (vir)     1           3.273          -1.613          -1.775          -5.618            5.503
 1775 (vir)     1           3.283          -1.481          -1.195          -4.797            5.404
 1776 (vir)     1           3.320          -1.429          -1.021          -4.538            5.409
 1777 (vir)     1           3.321          -1.597          -1.756          -5.573            5.541
 1778 (vir)     1           3.337          -1.843          -1.847          -6.081            5.728
 1779 (vir)     1           3.344          -2.707          -3.152          -8.950            6.435
 1780 (vir)     1           3.360          -2.369          -2.633          -7.837            6.196
 1781 (vir)     1           3.376          -1.476          -1.185          -4.794            5.509
 1782 (vir)     1           3.384          -1.642          -1.894          -5.814            5.662
 1783 (vir)     1           3.403          -3.282          -4.318         -11.170            6.973
 1784 (vir)     1           3.408          -1.428          -1.017          -4.544            5.507
 1785 (vir)     1           3.424          -2.999          -3.659         -10.042            6.809
 1786 (vir)     1           3.428          -1.618          -1.835          -5.720            5.695
 1787 (vir)     1           3.454          -2.142          -2.255          -7.037            6.093
 1788 (vir)     1           3.460          -1.971          -2.008          -6.442            5.923
 1789 (vir)     1           3.474          -1.480          -1.208          -4.839            5.625
 1790 (vir)     1           3.495          -1.658          -1.951          -5.925            5.811
 1791 (vir)     1           3.496          -3.142          -4.149         -10.860            7.066
 1792 (vir)     1           3.503          -1.432          -1.025          -4.565            5.610
 1793 (vir)     1           3.529          -3.305          -4.130         -11.082            7.177
 1794 (vir)     1           3.533          -1.641          -1.915          -5.867            5.845
 1795 (vir)     1           3.558          -1.988          -2.008          -6.522            6.084
 1796 (vir)     1           3.574          -1.491          -1.247          -4.909            5.745
 1797 (vir)     1           3.581          -1.981          -1.996          -6.444            6.049
 1798 (vir)     1           3.602          -1.435          -1.037          -4.591            5.722
 1799 (vir)     1           3.603          -1.676          -2.013          -6.047            5.962
 1800 (vir)     1           3.633          -1.671          -2.024          -6.061            5.999
 1801 (vir)     1           3.645          -3.512          -4.439         -11.795            7.489
 1802 (vir)     1           3.663          -3.184          -4.036         -10.714            7.157
 1803 (vir)     1           3.669          -1.919          -1.866          -6.234            6.118
 1804 (vir)     1           3.677          -1.497          -1.284          -4.980            5.875
 1805 (vir)     1           3.705          -1.705          -2.116          -6.237            6.121
 1806 (vir)     1           3.707          -1.439          -1.049          -4.618            5.837
 1807 (vir)     1           3.708          -2.066          -2.111          -6.716            6.248
 1808 (vir)     1           3.724          -1.708          -2.171          -6.316            6.161
 1809 (vir)     1           3.765          -3.671          -4.627         -12.258            7.725
 1810 (vir)     1           3.781          -1.502          -1.309          -5.034            6.004
 1811 (vir)     1           3.782          -1.884          -1.777          -6.062            6.183
 1812 (vir)     1           3.798          -1.746          -2.269          -6.511            6.294
 1813 (vir)     1           3.804          -1.753          -2.348          -6.622            6.325
 1814 (vir)     1           3.815          -1.450          -1.083          -4.682            5.964
 1815 (vir)     1           3.816          -2.855          -3.461          -9.547            7.046
 1816 (vir)     1           3.846          -2.402          -2.548          -7.716            6.612
 1817 (vir)     1           3.871          -1.795          -2.519          -6.925            6.483
 1818 (vir)     1           3.877          -1.796          -2.460          -6.853            6.474
 1819 (vir)     1           3.885          -1.521          -1.375          -5.155            6.145
 1820 (vir)     1           3.886          -3.769          -4.742         -12.572            7.946
 1821 (vir)     1           3.897          -1.826          -1.701          -5.918            6.288
 1822 (vir)     1           3.916          -1.739          -2.286          -6.601            6.492
 1823 (vir)     1           3.924          -2.144          -3.813          -9.341            7.309
 1824 (vir)     1           3.931          -2.112          -3.734          -9.164            7.249
 1825 (vir)     1           3.932          -2.137          -3.805          -9.327            7.317
 1826 (vir)     1           3.935          -2.023          -3.406          -8.569            7.075
 1827 (vir)     1           3.936          -1.571          -1.583          -5.483            6.265
 1828 (vir)     1           3.937          -1.935          -3.030          -7.889            6.861
 1829 (vir)     1           3.941          -2.102          -3.724          -9.136            7.251
 1830 (vir)     1           3.943          -2.122          -3.761          -9.246            7.306
 1831 (vir)     1           3.949          -2.089          -3.673          -9.036            7.223
 1832 (vir)     1           3.955          -2.048          -3.544          -8.834            7.196
 1833 (vir)     1           3.957          -2.076          -3.658          -9.001            7.224
 1834 (vir)     1           3.961          -2.069          -2.064          -6.690            6.517
 1835 (vir)     1           3.963          -1.963          -3.151          -8.072            6.920
 1836 (vir)     1           3.968          -1.899          -2.863          -7.593            6.799
 1837 (vir)     1           3.968          -2.073          -3.630          -8.943            7.208
 1838 (vir)     1           3.971          -2.082          -3.642          -9.025            7.272
 1839 (vir)     1           3.979          -2.024          -3.425          -8.586            7.116
 1840 (vir)     1           3.986          -2.070          -3.578          -8.897            7.235
 1841 (vir)     1           3.987          -2.022          -3.411          -8.541            7.095
 1842 (vir)     1           3.989          -1.960          -3.166          -8.097            6.960
 1843 (vir)     1           3.989          -3.120          -3.739         -10.258            7.388
 1844 (vir)     1           3.993          -2.011          -3.279          -8.304            7.007
 1845 (vir)     1           3.994          -2.019          -3.339          -8.411            7.048
 1846 (vir)     1           3.996          -1.604          -1.777          -5.840            6.454
 1847 (vir)     1           4.000          -2.054          -3.490          -8.721            7.177
 1848 (vir)     1           4.003          -1.997          -3.289          -8.331            7.049
 1849 (vir)     1           4.007          -3.815          -4.793         -12.748            8.147
 1850 (vir)     1           4.007          -1.775          -1.584          -5.687            6.335
 1851 (vir)     1           4.009          -2.043          -3.414          -8.565            7.117
 1852 (vir)     1           4.010          -2.026          -3.368          -8.476            7.092
 1853 (vir)     1           4.051          -1.446          -1.072          -4.689            6.222
 1854 (vir)     1           4.073          -1.611          -2.115          -6.375            6.722
 1855 (vir)     1           4.074          -1.948          -1.843          -6.262            6.544
 1856 (vir)     1           4.089          -1.644          -1.339          -5.175            6.281
 1857 (vir)     1           4.109          -1.649          -2.443          -6.880            6.897
 1858 (vir)     1           4.127          -4.033          -5.028         -13.334            8.401
 1859 (vir)     1           4.147          -3.069          -3.626         -10.083            7.536
 1860 (vir)     1           4.155          -1.568          -1.863          -5.941            6.665
 1861 (vir)     1           4.163          -1.793          -1.606          -5.781            6.546
 1862 (vir)     1           4.173          -1.441          -1.033          -4.635            6.334
 1863 (vir)     1           4.239          -4.182          -5.145         -13.657            8.569
 1864 (vir)     1           4.242          -1.967          -1.832          -6.262            6.705
 1865 (vir)     1           4.249          -1.527          -1.490          -5.362            6.594
 1866 (vir)     1           4.299          -1.455          -1.103          -4.758            6.499
 1867 (vir)     1           4.306          -3.046          -3.523          -9.931            7.669
 1868 (vir)     1           4.325          -2.482          -2.561          -7.910            7.192
 1869 (vir)     1           4.345          -1.621          -2.668          -7.182            7.238
 1870 (vir)     1           4.348          -1.616          -2.643          -7.140            7.228
 1871 (vir)     1           4.354          -3.852          -4.598         -12.503            8.406
 1872 (vir)     1           4.357          -1.609          -1.931          -6.132            6.949
 1873 (vir)     1           4.388          -2.502          -2.571          -7.921            7.236
 1874 (vir)     1           4.432          -1.465          -0.984          -4.509            6.491
 1875 (vir)     1           4.435          -2.792          -2.999          -8.928            7.573
 1876 (vir)     1           4.457          -2.933          -3.303          -9.517            7.738
 1877 (vir)     1           4.463          -3.548          -4.103         -11.447            8.260
 1878 (vir)     1           4.471          -1.590          -1.667          -5.641            6.855
 1879 (vir)     1           4.513          -2.668          -2.776          -8.380            7.450
 1880 (vir)     1           4.547          -3.849          -4.525         -12.428            8.601
 1881 (vir)     1           4.571          -1.712          -2.250          -6.566            7.174
 1882 (vir)     1           4.573          -1.463          -1.093          -4.768            6.786
 1883 (vir)     1           4.579          -2.528          -2.559          -7.998            7.490
 1884 (vir)     1           4.609          -2.895          -3.189          -9.325            7.851
 1885 (vir)     1           4.646          -1.908          -3.145          -7.967            7.560
 1886 (vir)     1           4.647          -4.365          -5.208         -14.039            9.113
 1887 (vir)     1           4.665          -2.831          -2.993          -8.901            7.742
 1888 (vir)     1           4.695          -2.148          -4.086          -9.423            7.884
 1889 (vir)     1           4.707          -2.070          -1.878          -6.482            7.241
 1890 (vir)     1           4.714          -1.477          -1.144          -4.867            6.960
 1891 (vir)     1           4.730          -2.476          -5.165         -11.072            8.161
 1892 (vir)     1           4.736          -4.522          -5.345         -14.409            9.278
 1893 (vir)     1           4.752          -2.780          -6.169         -12.604            8.408
 1894 (vir)     1           4.761          -2.922          -3.164          -9.327            8.002
 1895 (vir)     1           4.767          -2.906          -6.604         -13.275            8.533
 1896 (vir)     1           4.782          -2.924          -6.676         -13.399            8.582
 1897 (vir)     1           4.802          -2.907          -6.620         -13.330            8.606
 1898 (vir)     1           4.817          -4.580          -5.384         -14.551            9.404
 1899 (vir)     1           4.825          -2.945          -3.098          -9.191            7.972
 1900 (vir)     1           4.828          -2.869          -6.482         -13.138            8.615
 1901 (vir)     1           4.843          -2.053          -1.825          -6.393            7.359
 1902 (vir)     1           4.855          -1.553          -1.429          -5.340            7.213
 1903 (vir)     1           4.856          -2.809          -6.277         -12.836            8.607
 1904 (vir)     1           4.880          -2.886          -6.466         -13.282            8.810
 1905 (vir)     1           4.880          -2.882          -6.442         -13.247            8.803
 1906 (vir)     1           4.883          -2.772          -6.169         -12.663            8.605
 1907 (vir)     1           4.887          -3.244          -7.678         -14.951            8.916
 1908 (vir)     1           4.891          -4.556          -5.320         -14.452            9.467
 1909 (vir)     1           4.903          -3.042          -7.015         -14.039            8.884
 1910 (vir)     1           4.904          -2.815          -6.317         -12.881            8.652
 1911 (vir)     1           4.904          -3.056          -7.044         -14.064            8.868
 1912 (vir)     1           4.905          -2.881          -6.448         -13.260            8.836
 1913 (vir)     1           4.907          -2.940          -6.576         -13.183            8.574
 1914 (vir)     1           4.912          -2.954          -3.169          -9.393            8.183
 1915 (vir)     1           4.928          -3.238          -7.663         -14.952            8.978
 1916 (vir)     1           4.928          -2.699          -5.869         -12.347            8.707
 1917 (vir)     1           4.934          -2.844          -6.363         -13.115            8.842
 1918 (vir)     1           4.934          -2.578          -5.384         -11.785            8.758
 1919 (vir)     1           4.938          -2.615          -5.530         -11.922            8.715
 1920 (vir)     1           4.941          -2.903          -6.528         -13.382            8.892
 1921 (vir)     1           4.944          -2.634          -5.495         -11.629            8.443
 1922 (vir)     1           4.954          -4.581          -5.303         -14.449            9.518
 1923 (vir)     1           4.955          -2.572          -5.366         -11.667            8.685
 1924 (vir)     1           4.958          -3.238          -7.665         -14.968            9.022
 1925 (vir)     1           4.961          -2.561          -5.323         -11.691            8.768
 1926 (vir)     1           4.969          -2.580          -5.365         -11.609            8.633
 1927 (vir)     1           4.975          -2.859          -6.396         -13.176            8.896
 1928 (vir)     1           4.976          -2.624          -5.530         -11.885            8.707
 1929 (vir)     1           4.979          -2.821          -6.245         -12.873            8.786
 1930 (vir)     1           4.985          -2.961          -6.611         -13.433            8.845
 1931 (vir)     1           4.988          -2.989          -3.158          -9.385            8.226
 1932 (vir)     1           4.989          -2.066          -1.817          -6.415            7.521
 1933 (vir)     1           5.001          -2.333          -4.380          -9.963            8.251
 1934 (vir)     1           5.004          -2.509          -5.145         -11.388            8.738
 1935 (vir)     1           5.012          -4.720          -5.469         -14.871            9.694
 1936 (vir)     1           5.012          -3.225          -7.552         -14.857            9.091
 1937 (vir)     1           5.013          -2.384          -4.583         -10.380            8.426
 1938 (vir)     1           5.013          -3.015          -7.012         -14.056            9.042
 1939 (vir)     1           5.017          -3.097          -7.130         -14.251            9.041
 1940 (vir)     1           5.045          -2.511          -5.152         -11.198            8.579
 1941 (vir)     1           5.061          -4.757          -5.474         -14.916            9.745
 1942 (vir)     1           5.063          -3.023          -3.178          -9.468            8.330
 1943 (vir)     1           5.068          -2.290          -4.281          -9.999            8.496
 1944 (vir)     1           5.077          -2.490          -5.044         -11.190            8.733
 1945 (vir)     1           5.083          -2.634          -5.516         -11.925            8.858
 1946 (vir)     1           5.100          -4.772          -5.460         -14.909            9.777
 1947 (vir)     1           5.124          -2.495          -5.234         -11.425            8.819
 1948 (vir)     1           5.131          -4.825          -5.509         -15.044            9.840
 1949 (vir)     1           5.137          -2.031          -1.727          -6.244            7.623
 1950 (vir)     1           5.146          -2.563          -5.406         -11.963            9.139
 1951 (vir)     1           5.152          -4.779          -5.434         -14.885            9.824
 1952 (vir)     1           5.155          -3.079          -3.205          -9.555            8.425
 1953 (vir)     1           5.161          -2.702          -5.712         -12.301            9.047
 1954 (vir)     1           5.161          -1.754          -2.192          -6.568            7.783
 1955 (vir)     1           5.163          -4.864          -5.520         -15.092            9.871
 1956 (vir)     1           5.176          -1.963          -3.117          -7.925            8.022
 1957 (vir)     1           5.190          -2.628          -5.580         -12.330            9.312
 1958 (vir)     1           5.212          -3.032          -3.192          -9.553            8.541
 1959 (vir)     1           5.242          -2.747          -5.821         -12.547            9.221
 1960 (vir)     1           5.247          -2.638          -5.461         -12.211            9.358
 1961 (vir)     1           5.283          -2.225          -3.894          -9.451            8.615
 1962 (vir)     1           5.291          -1.912          -1.557          -5.882            7.705
 1963 (vir)     1           5.292          -1.913          -2.734          -7.489            8.134
 1964 (vir)     1           5.314          -2.308          -4.186         -10.041            8.861
 1965 (vir)     1           5.323          -3.163          -3.250          -9.722            8.632
 1966 (vir)     1           5.324          -2.761          -5.829         -12.616            9.351
 1967 (vir)     1           5.339          -3.020          -6.743         -14.010            9.587
 1968 (vir)     1           5.353          -3.108          -7.040         -14.375            9.580
 1969 (vir)     1           5.356          -2.871          -6.180         -13.303            9.608
 1970 (vir)     1           5.359          -3.107          -3.223          -9.681            8.710
 1971 (vir)     1           5.381          -3.008          -6.708         -13.957            9.623
 1972 (vir)     1           5.388          -2.735          -5.693         -12.475            9.436
 1973 (vir)     1           5.406          -2.771          -5.866         -12.607            9.375
 1974 (vir)     1           5.406          -2.913          -6.302         -13.581            9.773
 1975 (vir)     1           5.413          -2.365          -4.344         -10.099            8.803
 1976 (vir)     1           5.425          -2.730          -5.647         -12.279            9.328
 1977 (vir)     1           5.437          -2.306          -4.126          -9.825            8.830
 1978 (vir)     1           5.450          -3.007          -6.629         -14.105            9.920
 1979 (vir)     1           5.452          -1.925          -1.514          -5.821            7.834
 1980 (vir)     1           5.452          -3.005          -6.655         -13.848            9.639
 1981 (vir)     1           5.454          -2.885          -6.176         -13.018            9.411
 1982 (vir)     1           5.457          -2.976          -6.449         -13.173            9.206
 1983 (vir)     1           5.463          -2.929          -6.366         -13.150            9.317
 1984 (vir)     1           5.466          -2.988          -6.575         -13.539            9.441
 1985 (vir)     1           5.474          -3.043          -6.695         -13.944            9.681
 1986 (vir)     1           5.476          -3.027          -6.664         -13.771            9.556
 1987 (vir)     1           5.479          -2.932          -6.429         -13.610            9.728
 1988 (vir)     1           5.485          -3.036          -6.698         -13.874            9.625
 1989 (vir)     1           5.487          -3.084          -6.763         -14.479           10.118
 1990 (vir)     1           5.493          -3.236          -3.293          -9.890            8.854
 1991 (vir)     1           5.494          -3.040          -6.726         -13.991            9.720
 1992 (vir)     1           5.494          -3.196          -6.878         -14.898           10.320
 1993 (vir)     1           5.495          -3.142          -7.081         -14.930           10.202
 1994 (vir)     1           5.497          -2.587          -5.107         -11.342            9.144
 1995 (vir)     1           5.504          -3.017          -6.671         -13.777            9.592
 1996 (vir)     1           5.507          -3.179          -3.286          -9.884            8.926
 1997 (vir)     1           5.512          -3.033          -6.777         -13.967            9.669
 1998 (vir)     1           5.515          -2.994          -6.607         -13.587            9.501
 1999 (vir)     1           5.529          -2.986          -6.593         -13.542            9.492
 2000 (vir)     1           5.534          -3.163          -7.126         -15.037           10.281
 2001 (vir)     1           5.539          -2.898          -6.278         -13.114            9.477
 2002 (vir)     1           5.543          -2.271          -3.950          -9.485            8.807
 2003 (vir)     1           5.548          -2.898          -6.269         -13.117            9.498
 2004 (vir)     1           5.555          -3.012          -6.633         -14.128           10.038
 2005 (vir)     1           5.557          -2.972          -6.490         -13.379            9.474
 2006 (vir)     1           5.557          -2.977          -6.549         -13.531            9.564
 2007 (vir)     1           5.582          -2.893          -6.205         -13.335            9.819
 2008 (vir)     1           5.583          -2.801          -6.172         -12.867            9.476
 2009 (vir)     1           5.587          -2.794          -6.101         -12.753            9.446
 2010 (vir)     1           5.593          -3.124          -6.977         -14.820           10.313
 2011 (vir)     1           5.618          -1.905          -1.471          -5.760            8.002
 2012 (vir)     1           5.630          -3.112          -6.852         -14.645           10.311
 2013 (vir)     1           5.633          -2.887          -6.280         -13.517            9.984
 2014 (vir)     1           5.655          -3.303          -3.381         -10.170            9.142
 2015 (vir)     1           5.656          -2.449          -4.888         -10.826            9.146
 2016 (vir)     1           5.664          -3.299          -3.338         -10.066            9.092
 2017 (vir)     1           5.669          -3.076          -6.691         -14.384           10.286
 2018 (vir)     1           5.670          -2.858          -6.199         -13.445           10.058
 2019 (vir)     1           5.678          -2.299          -4.293          -9.960            9.047
 2020 (vir)     1           5.695          -2.702          -5.568         -12.217            9.642
 2021 (vir)     1           5.697          -3.099          -6.721         -14.514           10.391
 2022 (vir)     1           5.705          -3.087          -6.719         -13.873            9.772
 2023 (vir)     1           5.707          -3.146          -6.745         -14.583           10.399
 2024 (vir)     1           5.708          -3.090          -6.708         -13.860            9.770
 2025 (vir)     1           5.727          -2.862          -6.024         -12.689            9.530
 2026 (vir)     1           5.728          -2.677          -5.385         -11.677            9.342
 2027 (vir)     1           5.738          -2.772          -5.690         -12.116            9.392
 2028 (vir)     1           5.739          -2.981          -6.397         -13.338            9.699
 2029 (vir)     1           5.740          -2.361          -4.159          -9.733            8.953
 2030 (vir)     1           5.744          -2.658          -5.264         -11.611            9.433
 2031 (vir)     1           5.769          -2.916          -6.173         -12.979            9.660
 2032 (vir)     1           5.770          -2.639          -5.150         -11.287            9.268
 2033 (vir)     1           5.774          -2.816          -5.893         -12.521            9.586
 2034 (vir)     1           5.779          -2.879          -6.156         -12.928            9.671
 2035 (vir)     1           5.785          -2.772          -5.685         -12.150            9.478
 2036 (vir)     1           5.792          -1.888          -1.426          -5.693            8.172
 2037 (vir)     1           5.794          -2.773          -5.599         -12.046            9.468
 2038 (vir)     1           5.794          -2.849          -5.920         -12.575            9.601
 2039 (vir)     1           5.806          -3.444          -3.494         -10.506            9.374
 2040 (vir)     1           5.823          -2.805          -5.739         -12.364            9.643
 2041 (vir)     1           5.830          -2.751          -5.768         -12.275            9.586
 2042 (vir)     1           5.835          -2.233          -3.703          -9.219            9.119
 2043 (vir)     1           5.836          -3.406          -3.397         -10.278            9.310
 2044 (vir)     1           5.845          -2.721          -5.276         -11.989            9.836
 2045 (vir)     1           5.851          -2.954          -6.343         -13.329            9.883
 2046 (vir)     1           5.851          -2.499          -4.481         -10.559            9.430
 2047 (vir)     1           5.856          -2.758          -5.540         -12.045            9.603
 2048 (vir)     1           5.881          -2.780          -5.837         -12.395            9.659
 2049 (vir)     1           5.886          -2.758          -5.452         -12.249            9.925
 2050 (vir)     1           5.891          -2.839          -5.847         -12.483            9.687
 2051 (vir)     1           5.899          -2.487          -4.426         -10.490            9.476
 2052 (vir)     1           5.923          -2.913          -6.180         -13.077            9.908
 2053 (vir)     1           5.930          -2.808          -5.913         -12.529            9.738
 2054 (vir)     1           5.930          -2.946          -6.217         -13.022            9.790
 2055 (vir)     1           5.931          -2.634          -4.967         -11.258            9.588
 2056 (vir)     1           5.934          -2.650          -5.089         -11.692            9.887
 2057 (vir)     1           5.938          -2.809          -5.750         -12.156            9.535
 2058 (vir)     1           5.959          -3.580          -3.597         -10.824            9.606
 2059 (vir)     1           5.961          -2.778          -5.683         -12.067            9.567
 2060 (vir)     1           5.974          -1.874          -1.379          -5.621            8.343
 2061 (vir)     1           5.978          -2.852          -5.981         -12.687            9.833
 2062 (vir)     1           5.984          -2.790          -5.337         -12.086            9.945
 2063 (vir)     1           5.987          -2.187          -3.342          -8.588            9.046
 2064 (vir)     1           5.988          -2.886          -6.157         -12.976            9.921
 2065 (vir)     1           6.008          -3.542          -3.501         -10.600            9.564
 2066 (vir)     1           6.010          -2.455          -4.345         -10.373            9.582
 2067 (vir)     1           6.017          -2.828          -5.954         -12.594            9.829
 2068 (vir)     1           6.020          -2.479          -4.306         -10.264            9.500
 2069 (vir)     1           6.028          -2.838          -5.990         -12.710            9.910
 2070 (vir)     1           6.029          -2.807          -5.944         -12.654            9.932
 2071 (vir)     1           6.046          -2.802          -5.934         -12.627            9.936
 2072 (vir)     1           6.047          -2.828          -5.373         -12.159           10.004
 2073 (vir)     1           6.060          -2.719          -5.667         -12.182            9.855
 2074 (vir)     1           6.068          -2.678          -4.872         -11.244            9.762
 2075 (vir)     1           6.088          -2.752          -5.732         -12.398           10.003
 2076 (vir)     1           6.094          -2.861          -6.036         -12.883           10.080
 2077 (vir)     1           6.111          -2.279          -3.738          -9.372            9.466
 2078 (vir)     1           6.114          -3.689          -3.642         -11.006            9.789
 2079 (vir)     1           6.120          -2.690          -5.499         -11.970            9.901
 2080 (vir)     1           6.145          -2.035          -2.829          -7.886            9.167
 2081 (vir)     1           6.159          -2.512          -4.880         -11.026            9.794
 2082 (vir)     1           6.165          -1.849          -1.328          -5.543            8.531
 2083 (vir)     1           6.172          -3.035          -6.419         -13.776           10.492
 2084 (vir)     1           6.177          -3.744          -3.715         -11.192            9.910
 2085 (vir)     1           6.201          -2.154          -3.333          -8.718            9.433
 2086 (vir)     1           6.231          -2.275          -4.071          -9.792            9.677
 2087 (vir)     1           6.237          -2.887          -6.147         -13.299           10.501
 2088 (vir)     1           6.255          -2.808          -5.859         -12.731           10.319
 2089 (vir)     1           6.256          -2.471          -4.302         -10.483            9.966
 2090 (vir)     1           6.264          -3.165          -6.766         -14.330           10.663
 2091 (vir)     1           6.271          -3.693          -3.550         -10.860            9.888
 2092 (vir)     1           6.294          -3.011          -6.286         -13.550           10.547
 2093 (vir)     1           6.304          -3.039          -6.424         -13.762           10.603
 2094 (vir)     1           6.329          -1.884          -2.336          -7.044            9.153
 2095 (vir)     1           6.339          -2.677          -5.211         -11.780           10.231
 2096 (vir)     1           6.340          -2.576          -4.544         -10.951           10.170
 2097 (vir)     1           6.340          -4.119          -4.090         -12.182           10.313
 2098 (vir)     1           6.365          -1.837          -1.275          -5.459            8.713
 2099 (vir)     1           6.375          -2.429          -4.348         -10.283            9.880
 2100 (vir)     1           6.386          -3.139          -6.486         -14.038           10.800
 2101 (vir)     1           6.416          -3.031          -6.293         -13.608           10.701
 2102 (vir)     1           6.433          -2.493          -4.125         -10.276           10.092
 2103 (vir)     1           6.435          -3.500          -3.265         -10.240            9.910
 2104 (vir)     1           6.466          -2.149          -3.119          -8.454            9.652
 2105 (vir)     1           6.480          -3.067          -6.250         -13.664           10.827
 2106 (vir)     1           6.491          -4.523          -4.487         -13.236           10.717
 2107 (vir)     1           6.510          -3.145          -6.501         -14.051           10.915
 2108 (vir)     1           6.518          -2.213          -3.510          -8.965            9.760
 2109 (vir)     1           6.545          -2.295          -3.391          -9.047            9.906
 2110 (vir)     1           6.569          -2.578          -4.446         -10.786           10.332
 2111 (vir)     1           6.577          -1.804          -1.221          -5.372            8.924
 2112 (vir)     1           6.577          -2.836          -5.489         -12.431           10.683
 2113 (vir)     1           6.608          -3.277          -2.944          -9.522            9.910
 2114 (vir)     1           6.610          -3.145          -6.322         -13.930           11.074
 2115 (vir)     1           6.614          -3.155          -6.438         -13.994           11.015
 2116 (vir)     1           6.625          -3.107          -6.122         -13.603           10.999
 2117 (vir)     1           6.628          -4.825          -4.744         -13.952           11.010
 2118 (vir)     1           6.644          -2.621          -4.529         -10.948           10.441
 2119 (vir)     1           6.648          -2.978          -5.900         -13.122           10.891
 2120 (vir)     1           6.666          -2.869          -5.393         -12.441           10.846
 2121 (vir)     1           6.705          -2.694          -4.911         -11.520           10.620
 2122 (vir)     1           6.707          -2.984          -5.578         -12.744           10.889
 2123 (vir)     1           6.722          -2.887          -5.379         -12.521           10.977
 2124 (vir)     1           6.735          -2.472          -4.238         -10.243           10.268
 2125 (vir)     1           6.741          -3.040          -6.094         -13.526           11.133
 2126 (vir)     1           6.753          -4.972          -4.855         -14.309           11.234
 2127 (vir)     1           6.769          -2.898          -5.282         -12.424           11.013
 2128 (vir)     1           6.775          -3.040          -5.735         -12.999           10.998
 2129 (vir)     1           6.790          -3.021          -5.386         -12.777           11.160
 2130 (vir)     1           6.790          -3.345          -2.970          -9.651           10.126
 2131 (vir)     1           6.801          -1.775          -1.165          -5.282            9.143
 2132 (vir)     1           6.826          -3.200          -6.388         -14.008           11.246
 2133 (vir)     1           6.828          -3.029          -6.022         -13.431           11.209
 2134 (vir)     1           6.833          -3.174          -6.195         -13.834           11.297
 2135 (vir)     1           6.868          -2.785          -4.898         -11.572           10.757
 2136 (vir)     1           6.871          -4.847          -4.646         -13.874           11.252
 2137 (vir)     1           6.878          -2.622          -4.380         -10.501           10.376
 2138 (vir)     1           6.895          -2.838          -4.967         -11.615           10.706
 2139 (vir)     1           6.896          -2.845          -5.027         -11.744           10.768
 2140 (vir)     1           6.910          -1.972          -2.564          -7.506            9.880
 2141 (vir)     1           6.913          -3.040          -5.985         -13.366           11.254
 2142 (vir)     1           6.913          -2.856          -4.920         -11.622           10.758
 2143 (vir)     1           6.919          -3.121          -5.875         -13.294           11.217
 2144 (vir)     1           6.929          -3.001          -5.365         -12.433           10.996
 2145 (vir)     1           6.940          -3.213          -6.334         -14.018           11.411
 2146 (vir)     1           6.941          -3.010          -5.308         -12.330           10.953
 2147 (vir)     1           6.945          -4.881          -4.636         -13.863           11.292
 2148 (vir)     1           6.954          -3.050          -5.441         -12.555           11.018
 2149 (vir)     1           6.966          -3.046          -5.409         -12.495           11.006
 2150 (vir)     1           6.968          -2.770          -4.728         -11.243           10.714
 2151 (vir)     1           6.973          -3.096          -5.722         -12.975           11.130
 2152 (vir)     1           6.981          -3.116          -5.624         -12.826           11.066
 2153 (vir)     1           6.987          -3.017          -5.365         -12.400           11.005
 2154 (vir)     1           6.993          -2.752          -4.435         -10.562           10.368
 2155 (vir)     1           6.995          -3.059          -5.479         -12.545           11.002
 2156 (vir)     1           6.996          -3.133          -5.691         -12.929           11.101
 2157 (vir)     1           6.998          -3.107          -6.106         -13.562           11.347
 2158 (vir)     1           7.017          -3.355          -2.899          -9.590           10.353
 2159 (vir)     1           7.025          -3.105          -5.940         -13.490           11.469
 2160 (vir)     1           7.025          -3.047          -5.668         -12.988           11.298
 2161 (vir)     1           7.039          -1.746          -1.109          -5.192            9.376
 2162 (vir)     1           7.042          -2.713          -4.343         -10.399           10.384
 2163 (vir)     1           7.045          -5.374          -5.125         -15.165           11.710
 2164 (vir)     1           7.068          -3.059          -5.730         -13.166           11.446
 2165 (vir)     1           7.074          -2.379          -3.688          -9.519           10.526
 2166 (vir)     1           7.083          -2.292          -3.183          -8.687           10.296
 2167 (vir)     1           7.103          -3.250          -6.417         -14.062           11.498
 2168 (vir)     1           7.113          -2.963          -5.304         -12.372           11.218
 2169 (vir)     1           7.115          -2.723          -4.360         -10.440           10.471
 2170 (vir)     1           7.128          -5.446          -5.133         -15.250           11.799
 2171 (vir)     1           7.148          -2.853          -5.067         -11.942           11.170
 2172 (vir)     1           7.169          -2.934          -5.297         -12.378           11.316
 2173 (vir)     1           7.182          -2.921          -5.252         -12.333           11.342
 2174 (vir)     1           7.183          -5.058          -4.731         -14.256           11.651
 2175 (vir)     1           7.184          -2.616          -4.088         -10.270           10.750
 2176 (vir)     1           7.192          -2.920          -5.275         -12.371           11.368
 2177 (vir)     1           7.198          -2.751          -4.402         -10.544           10.590
 2178 (vir)     1           7.204          -2.712          -4.406         -10.836           10.922
 2179 (vir)     1           7.207          -2.914          -5.235         -12.286           11.345
 2180 (vir)     1           7.213          -2.929          -5.199         -12.142           11.226
 2181 (vir)     1           7.215          -3.158          -6.116         -13.675           11.615
 2182 (vir)     1           7.216          -2.986          -5.380         -12.382           11.231
 2183 (vir)     1           7.229          -3.073          -5.567         -12.704           11.292
 2184 (vir)     1           7.229          -2.940          -5.272         -12.240           11.257
 2185 (vir)     1           7.236          -3.340          -2.812          -9.461           10.544
 2186 (vir)     1           7.246          -2.945          -5.263         -12.292           11.330
 2187 (vir)     1           7.250          -5.592          -5.269         -15.675           12.064
 2188 (vir)     1           7.253          -2.859          -5.028         -11.893           11.258
 2189 (vir)     1           7.260          -2.846          -4.693         -11.250           10.971
 2190 (vir)     1           7.268          -2.812          -4.526         -10.822           10.752
 2191 (vir)     1           7.273          -2.597          -4.275         -10.514           10.915
 2192 (vir)     1           7.280          -2.634          -4.042         -10.264           10.867
 2193 (vir)     1           7.282          -3.007          -5.360         -12.423           11.338
 2194 (vir)     1           7.288          -2.990          -5.284         -12.294           11.308
 2195 (vir)     1           7.294          -1.735          -1.053          -5.104            9.611
 2196 (vir)     1           7.300          -5.562          -5.183         -15.503           12.057
 2197 (vir)     1           7.320          -2.863          -4.981         -11.848           11.324
 2198 (vir)     1           7.333          -5.641          -5.307         -15.834           12.219
 2199 (vir)     1           7.341          -2.963          -5.185         -12.162           11.355
 2200 (vir)     1           7.345          -2.768          -4.395         -10.943           11.125
 2201 (vir)     1           7.359          -5.641          -5.333         -15.926           12.311
 2202 (vir)     1           7.363          -3.202          -5.815         -13.192           11.538
 2203 (vir)     1           7.373          -5.725          -5.346         -15.969           12.271
 2204 (vir)     1           7.392          -2.926          -5.014         -11.902           11.354
 2205 (vir)     1           7.417          -2.912          -4.863         -11.759           11.401
 2206 (vir)     1           7.419          -2.049          -2.615          -7.701           10.457
 2207 (vir)     1           7.427          -2.944          -5.092         -12.010           11.401
 2208 (vir)     1           7.452          -2.944          -5.255         -12.309           11.561
 2209 (vir)     1           7.455          -3.098          -5.472         -12.675           11.560
 2210 (vir)     1           7.461          -2.554          -1.976          -7.380           10.312
 2211 (vir)     1           7.465          -2.933          -5.199         -12.204           11.537
 2212 (vir)     1           7.485          -3.026          -5.172         -12.189           11.476
 2213 (vir)     1           7.525          -3.026          -5.218         -12.404           11.685
 2214 (vir)     1           7.532          -2.905          -4.861         -11.654           11.420
 2215 (vir)     1           7.553          -3.062          -5.311         -12.429           11.609
 2216 (vir)     1           7.567          -1.698          -0.999          -5.021            9.891
 2217 (vir)     1           7.591          -3.143          -5.434         -12.669           11.683
 2218 (vir)     1           7.619          -3.082          -5.418         -12.763           11.882
 2219 (vir)     1           7.633          -2.207          -2.924          -8.331           10.833
 2220 (vir)     1           7.640          -2.914          -4.767         -11.519           11.479
 2221 (vir)     1           7.661          -3.107          -5.616         -13.018           11.956
 2222 (vir)     1           7.668          -3.091          -5.549         -12.903           11.932
 2223 (vir)     1           7.669          -2.945          -4.924         -11.748           11.548
 2224 (vir)     1           7.689          -3.062          -5.529         -12.960           12.058
 2225 (vir)     1           7.693          -2.446          -1.997          -7.373           10.623
 2226 (vir)     1           7.715          -3.178          -5.400         -12.737           11.874
 2227 (vir)     1           7.740          -3.075          -5.405         -12.669           11.930
 2228 (vir)     1           7.741          -3.115          -5.466         -12.715           11.875
 2229 (vir)     1           7.742          -3.075          -5.548         -13.049           12.168
 2230 (vir)     1           7.748          -2.964          -4.813         -11.612           11.583
 2231 (vir)     1           7.788          -3.072          -5.533         -13.079           12.262
 2232 (vir)     1           7.788          -3.235          -5.603         -12.960           11.910
 2233 (vir)     1           7.824          -3.056          -4.930         -12.039           11.876
 2234 (vir)     1           7.834          -3.116          -5.396         -12.728           12.050
 2235 (vir)     1           7.839          -2.787          -4.287         -10.704           11.468
 2236 (vir)     1           7.847          -3.105          -5.358         -12.477           11.861
 2237 (vir)     1           7.860          -1.677          -0.946          -4.945           10.182
 2238 (vir)     1           7.870          -2.852          -2.875          -9.297           11.440
 2239 (vir)     1           7.873          -2.328          -3.170          -8.764           11.138
 2240 (vir)     1           7.901          -3.210          -5.306         -12.418           11.803
 2241 (vir)     1           7.933          -3.187          -5.508         -13.011           12.249
 2242 (vir)     1           7.934          -3.101          -5.312         -12.447           11.968
 2243 (vir)     1           7.958          -3.268          -5.366         -12.492           11.816
 2244 (vir)     1           7.960          -3.344          -5.773         -13.373           12.216
 2245 (vir)     1           7.960          -3.029          -3.058          -9.768           11.640
 2246 (vir)     1           7.971          -3.219          -5.594         -13.178           12.336
 2247 (vir)     1           7.973          -3.222          -5.543         -13.133           12.340
 2248 (vir)     1           7.997          -3.157          -5.432         -12.863           12.270
 2249 (vir)     1           8.002          -3.277          -5.693         -13.293           12.325
 2250 (vir)     1           8.011          -3.154          -5.378         -12.757           12.235
 2251 (vir)     1           8.038          -3.190          -5.463         -13.024           12.409
 2252 (vir)     1           8.041          -3.155          -5.365         -12.789           12.310
 2253 (vir)     1           8.046          -3.011          -5.168         -12.427           12.295
 2254 (vir)     1           8.056          -2.928          -4.822         -11.740           12.046
 2255 (vir)     1           8.093          -3.021          -5.104         -12.350           12.320
 2256 (vir)     1           8.096          -2.340          -3.120          -8.825           11.461
 2257 (vir)     1           8.104          -2.534          -2.002          -7.492           11.060
 2258 (vir)     1           8.134          -3.526          -6.248         -14.202           12.563
 2259 (vir)     1           8.153          -3.138          -5.277         -12.656           12.395
 2260 (vir)     1           8.172          -1.650          -0.895          -4.877           10.504
 2261 (vir)     1           8.196          -3.025          -4.955         -12.153           12.368
 2262 (vir)     1           8.245          -3.024          -5.054         -12.120           12.288
 2263 (vir)     1           8.266          -3.165          -5.565         -13.101           12.637
 2264 (vir)     1           8.283          -2.376          -3.194          -8.905           11.618
 2265 (vir)     1           8.284          -3.575          -6.212         -14.224           12.721
 2266 (vir)     1           8.309          -3.136          -5.389         -12.958           12.742
 2267 (vir)     1           8.345          -3.061          -4.901         -12.055           12.436
 2268 (vir)     1           8.348          -3.612          -6.172         -13.702           12.266
 2269 (vir)     1           8.371          -3.402          -5.655         -13.104           12.417
 2270 (vir)     1           8.372          -3.793          -6.604         -15.014           12.990
 2271 (vir)     1           8.377          -2.181          -1.361          -6.070           10.905
 2272 (vir)     1           8.394          -3.625          -6.193         -13.811           12.387
 2273 (vir)     1           8.397          -2.999          -4.823         -11.890           12.465
 2274 (vir)     1           8.411          -2.685          -4.086         -10.451           12.091
 2275 (vir)     1           8.420          -3.431          -5.806         -13.541           12.724
 2276 (vir)     1           8.426          -3.459          -5.829         -13.470           12.608
 2277 (vir)     1           8.460          -3.350          -5.611         -13.349           12.847
 2278 (vir)     1           8.468          -3.600          -6.099         -13.806           12.575
 2279 (vir)     1           8.500          -3.665          -6.186         -14.386           13.036
 2280 (vir)     1           8.503          -1.624          -0.846          -4.815           10.849
 2281 (vir)     1           8.506          -2.862          -4.395         -11.081           12.330
 2282 (vir)     1           8.511          -3.464          -5.878         -13.624           12.792
 2283 (vir)     1           8.535          -2.807          -4.153         -10.652           12.227
 2284 (vir)     1           8.543          -3.294          -5.543         -13.304           13.009
 2285 (vir)     1           8.546          -3.213          -5.135         -12.408           12.606
 2286 (vir)     1           8.572          -3.346          -5.635         -13.382           12.972
 2287 (vir)     1           8.595          -3.370          -5.610         -13.210           12.824
 2288 (vir)     1           8.614          -3.420          -5.758         -13.554           12.990
 2289 (vir)     1           8.622          -3.185          -5.164         -12.642           12.915
 2290 (vir)     1           8.641          -2.931          -4.350         -11.096           12.456
 2291 (vir)     1           8.643          -3.126          -5.012         -12.365           12.870
 2292 (vir)     1           8.645          -3.602          -5.924         -14.016           13.136
 2293 (vir)     1           8.677          -3.415          -5.690         -13.352           12.923
 2294 (vir)     1           8.684          -3.274          -5.183         -12.538           12.765
 2295 (vir)     1           8.691          -3.110          -5.023         -12.440           12.998
 2296 (vir)     1           8.700          -3.165          -5.128         -12.562           12.970
 2297 (vir)     1           8.713          -1.995          -1.142          -5.597           11.172
 2298 (vir)     1           8.714          -3.468          -5.826         -13.666           13.085
 2299 (vir)     1           8.720          -2.858          -4.275         -11.092           12.678
 2300 (vir)     1           8.764          -3.120          -5.004         -12.402           13.042
 2301 (vir)     1           8.771          -3.142          -5.088         -12.397           12.937
 2302 (vir)     1           8.773          -2.820          -3.955         -10.396           12.393
 2303 (vir)     1           8.774          -2.777          -3.709         -10.024           12.312
 2304 (vir)     1           8.792          -3.497          -5.872         -14.097           13.520
 2305 (vir)     1           8.795          -3.468          -5.508         -13.324           13.143
 2306 (vir)     1           8.807          -3.322          -5.214         -12.658           12.929
 2307 (vir)     1           8.821          -3.353          -5.534         -13.197           13.132
 2308 (vir)     1           8.822          -2.945          -4.149         -10.725           12.453
 2309 (vir)     1           8.845          -1.579          -0.796          -4.755           11.225
 2310 (vir)     1           8.850          -3.271          -5.368         -13.094           13.305
 2311 (vir)     1           8.853          -2.950          -4.195         -10.751           12.458
 2312 (vir)     1           8.867          -3.277          -5.287         -12.866           13.169
 2313 (vir)     1           8.891          -3.162          -4.774         -11.867           12.822
 2314 (vir)     1           8.901          -2.816          -4.099         -10.631           12.617
 2315 (vir)     1           8.907          -3.075          -4.519         -11.261           12.574
 2316 (vir)     1           8.920          -2.958          -4.595         -11.405           12.773
 2317 (vir)     1           8.922          -3.210          -4.852         -11.861           12.721
 2318 (vir)     1           8.951          -3.516          -5.510         -13.395           13.319
 2319 (vir)     1           8.959          -3.291          -4.986         -12.171           12.854
 2320 (vir)     1           8.972          -3.200          -4.814         -11.730           12.689
 2321 (vir)     1           8.981          -3.627          -6.055         -14.268           13.567
 2322 (vir)     1           8.987          -3.328          -5.117         -12.456           12.998
 2323 (vir)     1           9.005          -3.280          -4.988         -11.961           12.698
 2324 (vir)     1           9.006          -3.252          -4.925         -11.836           12.665
 2325 (vir)     1           9.013          -2.812          -4.249         -10.681           12.633
 2326 (vir)     1           9.048          -2.811          -3.996         -10.459           12.700
 2327 (vir)     1           9.049          -3.686          -5.775         -13.929           13.517
 2328 (vir)     1           9.076          -3.609          -6.095         -14.284           13.657
 2329 (vir)     1           9.084          -3.542          -5.834         -13.838           13.547
 2330 (vir)     1           9.090          -1.899          -1.018          -5.349           11.522
 2331 (vir)     1           9.103          -3.689          -5.764         -13.977           13.628
 2332 (vir)     1           9.112          -4.456          -7.598         -16.832           13.889
 2333 (vir)     1           9.114          -3.886          -6.182         -14.702           13.749
 2334 (vir)     1           9.119          -2.901          -4.424         -11.101           12.895
 2335 (vir)     1           9.129          -3.507          -5.751         -13.735           13.605
 2336 (vir)     1           9.162          -4.376          -7.360         -16.493           13.919
 2337 (vir)     1           9.173          -4.223          -6.874         -15.913           13.990
 2338 (vir)     1           9.179          -3.188          -5.012         -12.316           13.295
 2339 (vir)     1           9.183          -1.545          -0.746          -4.692           11.583
 2340 (vir)     1           9.192          -3.401          -5.485         -13.427           13.733
 2341 (vir)     1           9.220          -3.314          -5.284         -12.819           13.441
 2342 (vir)     1           9.220          -4.353          -7.241         -16.351           13.977
 2343 (vir)     1           9.229          -4.299          -7.037         -16.138           14.032
 2344 (vir)     1           9.246          -3.465          -5.597         -13.519           13.703
 2345 (vir)     1           9.258          -3.514          -5.312         -13.230           13.662
 2346 (vir)     1           9.264          -2.938          -4.464         -11.213           13.076
 2347 (vir)     1           9.266          -4.366          -7.208         -16.332           14.024
 2348 (vir)     1           9.269          -4.348          -7.145         -16.265           14.040
 2349 (vir)     1           9.329          -3.409          -5.528         -13.482           13.874
 2350 (vir)     1           9.356          -3.530          -5.770         -13.788           13.844
 2351 (vir)     1           9.373          -3.124          -4.881         -12.226           13.595
 2352 (vir)     1           9.403          -3.509          -5.242         -13.140           13.792
 2353 (vir)     1           9.443          -3.721          -6.047         -14.442           14.116
 2354 (vir)     1           9.446          -3.549          -5.608         -13.425           13.714
 2355 (vir)     1           9.447          -3.704          -5.983         -14.364           14.123
 2356 (vir)     1           9.453          -3.034          -4.581         -11.558           13.396
 2357 (vir)     1           9.484          -3.477          -5.435         -13.302           13.874
 2358 (vir)     1           9.500          -1.520          -0.708          -4.648           11.920
 2359 (vir)     1           9.505          -1.847          -0.935          -5.208           11.931
 2360 (vir)     1           9.505          -3.329          -5.153         -12.742           13.765
 2361 (vir)     1           9.518          -3.600          -5.813         -14.237           14.342
 2362 (vir)     1           9.551          -3.296          -5.042         -12.557           13.770
 2363 (vir)     1           9.551          -3.473          -5.051         -12.889           13.916
 2364 (vir)     1           9.563          -3.486          -5.437         -13.241           13.880
 2365 (vir)     1           9.592          -3.094          -4.765         -12.172           13.905
 2366 (vir)     1           9.611          -3.049          -4.647         -11.989           13.904
 2367 (vir)     1           9.676          -3.574          -5.606         -13.624           14.119
 2368 (vir)     1           9.682          -3.640          -5.752         -13.899           14.188
 2369 (vir)     1           9.683          -3.422          -4.911         -12.592           13.942
 2370 (vir)     1           9.717          -3.666          -5.834         -14.416           14.633
 2371 (vir)     1           9.733          -3.208          -4.838         -11.955           13.643
 2372 (vir)     1           9.740          -3.236          -4.858         -12.083           13.729
 2373 (vir)     1           9.811          -1.545          -0.704          -4.674           12.236
 2374 (vir)     1           9.815          -3.431          -4.827         -12.542           14.099
 2375 (vir)     1           9.830          -3.632          -5.653         -13.793           14.338
 2376 (vir)     1           9.837          -3.654          -5.674         -13.751           14.260
 2377 (vir)     1           9.884          -3.826          -6.095         -15.103           15.066
 2378 (vir)     1           9.915          -3.431          -4.818         -12.347           14.014
 2379 (vir)     1           9.954          -1.792          -0.879          -5.140           12.423
 2380 (vir)     1           9.970          -3.542          -5.188         -12.579           13.818
 2381 (vir)     1           9.987          -3.671          -5.608         -13.034           13.741
 2382 (vir)     1           9.990          -3.675          -5.650         -13.856           14.521
 2383 (vir)     1           9.997          -3.740          -5.861         -13.320           13.715
 2384 (vir)     1          10.000          -3.714          -5.704         -13.894           14.476
 2385 (vir)     1          10.010          -3.788          -6.050         -13.526           13.698
 2386 (vir)     1          10.028          -3.827          -6.213         -13.698           13.686
 2387 (vir)     1          10.033          -3.930          -6.244         -15.506           15.364
 2388 (vir)     1          10.056          -3.848          -6.299         -13.802           13.711
 2389 (vir)     1          10.073          -3.722          -5.550         -13.424           14.224
 2390 (vir)     1          10.075          -3.718          -5.500         -13.425           14.283
 2391 (vir)     1          10.097          -3.691          -5.466         -13.334           14.274
 2392 (vir)     1          10.098          -3.755          -5.860         -13.449           13.932
 2393 (vir)     1          10.106          -3.704          -5.650         -13.381           14.133
 2394 (vir)     1          10.129          -3.619          -5.264         -13.003           14.249
 2395 (vir)     1          10.135          -3.634          -5.236         -13.159           14.425
 2396 (vir)     1          10.152          -3.701          -5.598         -13.804           14.657
 2397 (vir)     1          10.160          -1.586          -0.724          -4.765           12.616
 2398 (vir)     1          10.162          -3.604          -5.215         -13.048           14.390
 2399 (vir)     1          10.166          -3.723          -5.834         -13.313           13.922
 2400 (vir)     1          10.168          -3.783          -5.768         -14.117           14.734
 2401 (vir)     1          10.175          -3.574          -5.212         -12.865           14.254
 2402 (vir)     1          10.200          -3.518          -4.946         -12.592           14.327
 2403 (vir)     1          10.211          -3.536          -4.936         -12.748           14.487
 2404 (vir)     1          10.231          -3.552          -5.021         -12.929           14.587
 2405 (vir)     1          10.237          -3.475          -4.796         -12.357           14.322
 2406 (vir)     1          10.250          -3.735          -5.932         -13.397           13.979
 2407 (vir)     1          10.252          -3.458          -4.754         -12.325           14.364
 2408 (vir)     1          10.257          -3.447          -4.685         -12.189           14.313
 2409 (vir)     1          10.274          -4.109          -6.494         -14.874           14.545
 2410 (vir)     1          10.276          -4.151          -6.584         -15.006           14.546
 2411 (vir)     1          10.297          -3.620          -5.122         -13.383           14.938
 2412 (vir)     1          10.319          -4.055          -6.429         -14.699           14.534
 2413 (vir)     1          10.320          -3.689          -5.550         -13.715           14.796
 2414 (vir)     1          10.320          -3.744          -5.583         -13.849           14.842
 2415 (vir)     1          10.332          -4.160          -6.606         -15.051           14.617
 2416 (vir)     1          10.339          -3.833          -6.016         -13.741           14.231
 2417 (vir)     1          10.358          -3.621          -5.093         -13.377           15.021
 2418 (vir)     1          10.378          -4.043          -6.405         -14.656           14.586
 2419 (vir)     1          10.408          -3.286          -4.789         -12.117           14.449
 2420 (vir)     1          10.410          -3.679          -5.289         -13.539           14.981
 2421 (vir)     1          10.412          -4.215          -6.695         -15.230           14.732
 2422 (vir)     1          10.421          -3.990          -6.229         -14.288           14.489
 2423 (vir)     1          10.434          -1.803          -0.844          -5.132           12.919
 2424 (vir)     1          10.452          -3.647          -5.216         -13.423           15.011
 2425 (vir)     1          10.474          -3.143          -4.430         -11.388           14.289
 2426 (vir)     1          10.482          -3.798          -5.752         -13.820           14.753
 2427 (vir)     1          10.483          -3.925          -6.219         -14.269           14.608
 2428 (vir)     1          10.496          -3.917          -5.852         -14.530           15.256
 2429 (vir)     1          10.523          -3.555          -5.079         -13.114           15.002
 2430 (vir)     1          10.562          -3.842          -5.679         -14.044           15.085
 2431 (vir)     1          10.569          -1.674          -0.743          -4.875           13.027
 2432 (vir)     1          10.583          -3.686          -5.375         -13.533           15.055
 2433 (vir)     1          10.598          -3.565          -5.049         -13.096           15.081
 2434 (vir)     1          10.613          -3.835          -5.662         -14.029           15.145
 2435 (vir)     1          10.660          -3.607          -5.164         -13.267           15.155
 2436 (vir)     1          10.664          -3.981          -5.875         -14.268           15.077
 2437 (vir)     1          10.674          -3.890          -5.733         -14.126           15.177
 2438 (vir)     1          10.679          -3.993          -5.885         -14.730           15.531
 2439 (vir)     1          10.683          -3.488          -4.890         -12.778           15.083
 2440 (vir)     1          10.702          -3.870          -5.690         -13.746           14.888
 2441 (vir)     1          10.740          -4.006          -5.901         -14.545           15.380
 2442 (vir)     1          10.746          -4.015          -5.897         -14.425           15.259
 2443 (vir)     1          10.772          -3.417          -4.699         -12.374           15.030
 2444 (vir)     1          10.782          -4.078          -6.054         -15.414           16.064
 2445 (vir)     1          10.800          -4.063          -5.867         -14.448           15.319
 2446 (vir)     1          10.807          -3.846          -5.322         -13.555           15.193
 2447 (vir)     1          10.809          -3.628          -4.912         -12.860           15.129
 2448 (vir)     1          10.813          -3.718          -5.391         -13.309           15.013
 2449 (vir)     1          10.835          -3.412          -4.490         -12.069           15.002
 2450 (vir)     1          10.848          -3.966          -5.778         -14.670           15.774
 2451 (vir)     1          10.895          -3.842          -5.516         -13.648           15.185
 2452 (vir)     1          10.919          -3.394          -2.286         -10.214           15.453
 2453 (vir)     1          10.927          -3.393          -2.287         -10.220           15.466
 2454 (vir)     1          10.928          -3.824          -5.577         -14.066           15.593
 2455 (vir)     1          10.928          -1.981          -1.000          -5.780           13.727
 2456 (vir)     1          10.938          -3.360          -2.258         -10.120           15.440
 2457 (vir)     1          10.953          -3.389          -2.287         -10.221           15.498
 2458 (vir)     1          10.976          -3.530          -4.836         -12.767           15.377
 2459 (vir)     1          10.977          -3.236          -2.155          -9.766           15.350
 2460 (vir)     1          10.984          -4.199          -6.124         -15.687           16.348
 2461 (vir)     1          10.995          -3.389          -2.288         -10.226           15.545
 2462 (vir)     1          11.016          -3.685          -5.121         -13.000           15.210
 2463 (vir)     1          11.023          -3.377          -2.276         -10.187           15.557
 2464 (vir)     1          11.025          -3.856          -5.270         -13.616           15.514
 2465 (vir)     1          11.026          -1.690          -0.755          -4.983           13.563
 2466 (vir)     1          11.040          -4.152          -6.140         -15.103           15.851
 2467 (vir)     1          11.052          -3.876          -5.417         -13.867           15.625
 2468 (vir)     1          11.053          -3.394          -2.290         -10.239           15.608
 2469 (vir)     1          11.080          -3.281          -4.265         -11.393           14.928
 2470 (vir)     1          11.086          -3.340          -4.642         -12.069           15.173
 2471 (vir)     1          11.088          -4.223          -6.101         -15.118           15.882
 2472 (vir)     1          11.088          -3.396          -2.290         -10.242           15.643
 2473 (vir)     1          11.103          -2.618          -3.183          -9.202           14.504
 2474 (vir)     1          11.108          -2.793          -3.460          -9.742           14.597
 2475 (vir)     1          11.120          -2.796          -3.079          -9.028           14.273
 2476 (vir)     1          11.125          -2.424          -3.267          -9.354           14.788
 2477 (vir)     1          11.127          -3.401          -2.291         -10.251           15.685
 2478 (vir)     1          11.130          -3.163          -3.967         -10.896           14.896
 2479 (vir)     1          11.142          -3.011          -3.970         -10.703           14.864
 2480 (vir)     1          11.142          -3.294          -4.509         -11.760           15.099
 2481 (vir)     1          11.148          -3.320          -4.326         -11.574           15.076
 2482 (vir)     1          11.171          -3.406          -2.292         -10.257           15.729
 2483 (vir)     1          11.176          -4.206          -6.009         -15.527           16.488
 2484 (vir)     1          11.184          -4.250          -6.045         -15.201           16.091
 2485 (vir)     1          11.218          -3.410          -2.292         -10.264           15.779
 2486 (vir)     1          11.239          -3.938          -5.405         -13.899           15.795
 2487 (vir)     1          11.248          -3.878          -5.393         -14.104           16.081
 2488 (vir)     1          11.270          -3.416          -2.293         -10.271           15.833
 2489 (vir)     1          11.281          -4.289          -6.097         -15.279           16.175
 2490 (vir)     1          11.290          -3.478          -4.554         -12.105           15.363
 2491 (vir)     1          11.326          -3.422          -2.292         -10.278           15.890
 2492 (vir)     1          11.345          -2.936          -3.503          -9.979           14.885
 2493 (vir)     1          11.345          -4.435          -6.380         -15.183           15.712
 2494 (vir)     1          11.352          -4.406          -6.304         -15.047           15.689
 2495 (vir)     1          11.361          -4.241          -5.948         -15.494           16.666
 2496 (vir)     1          11.373          -4.350          -6.086         -15.319           16.257
 2497 (vir)     1          11.387          -3.428          -2.292         -10.286           15.952
 2498 (vir)     1          11.391          -4.435          -6.403         -15.254           15.808
 2499 (vir)     1          11.392          -4.068          -5.481         -14.211           16.053
 2500 (vir)     1          11.418          -4.291          -6.035         -14.651           15.743
 2501 (vir)     1          11.436          -1.834          -0.821          -5.254           14.036
 2502 (vir)     1          11.445          -3.847          -5.472         -14.503           16.629
 2503 (vir)     1          11.451          -3.428          -2.286         -10.273           16.010
 2504 (vir)     1          11.463          -4.447          -6.426         -15.359           15.949
 2505 (vir)     1          11.473          -4.221          -5.861         -14.978           16.368
 2506 (vir)     1          11.489          -3.724          -4.920         -13.010           15.856
 2507 (vir)     1          11.501          -1.790          -0.766          -5.094           14.040
 2508 (vir)     1          11.508          -4.232          -5.857         -14.396           15.815
 2509 (vir)     1          11.520          -3.443          -2.291         -10.302           16.089
 2510 (vir)     1          11.523          -3.855          -5.162         -13.587           16.094
 2511 (vir)     1          11.540          -4.130          -5.625         -14.860           16.645
 2512 (vir)     1          11.556          -4.490          -6.456         -15.520           16.130
 2513 (vir)     1          11.564          -3.479          -4.360         -12.024           15.749
 2514 (vir)     1          11.572          -4.192          -5.718         -14.597           16.260
 2515 (vir)     1          11.584          -4.344          -5.976         -15.297           16.561
 2516 (vir)     1          11.594          -3.451          -2.290         -10.311           16.163
 2517 (vir)     1          11.613          -4.334          -5.959         -15.269           16.589
 2518 (vir)     1          11.618          -4.000          -5.560         -14.769           16.826
 2519 (vir)     1          11.619          -3.966          -5.295         -13.452           15.809
 2520 (vir)     1          11.645          -4.384          -6.054         -15.730           16.937
 2521 (vir)     1          11.650          -4.416          -6.167         -15.541           16.608
 2522 (vir)     1          11.671          -4.521          -6.445         -15.720           16.425
 2523 (vir)     1          11.671          -3.458          -2.289         -10.320           16.244
 2524 (vir)     1          11.672          -4.005          -5.215         -14.010           16.463
 2525 (vir)     1          11.704          -3.568          -4.488         -12.391           16.038
 2526 (vir)     1          11.709          -4.261          -5.832         -15.065           16.681
 2527 (vir)     1          11.745          -3.951          -5.268         -14.070           16.595
 2528 (vir)     1          11.753          -3.469          -2.288         -10.330           16.327
 2529 (vir)     1          11.771          -4.099          -5.542         -14.507           16.637
 2530 (vir)     1          11.771          -3.563          -4.604         -12.693           16.297
 2531 (vir)     1          11.785          -4.491          -6.378         -15.601           16.518
 2532 (vir)     1          11.786          -3.796          -5.487         -14.802           17.305
 2533 (vir)     1          11.834          -4.033          -5.418         -14.305           16.687
 2534 (vir)     1          11.840          -3.478          -2.287         -10.340           16.415
 2535 (vir)     1          11.844          -4.173          -5.760         -15.264           17.175
 2536 (vir)     1          11.873          -3.840          -4.973         -13.496           16.555
 2537 (vir)     1          11.875          -3.765          -4.920         -13.280           16.470
 2538 (vir)     1          11.881          -3.375          -4.173         -11.802           16.135
 2539 (vir)     1          11.897          -3.909          -5.069         -13.360           16.279
 2540 (vir)     1          11.898          -4.468          -6.106         -15.591           16.915
 2541 (vir)     1          11.915          -3.971          -5.690         -15.347           17.601
 2542 (vir)     1          11.918          -1.872          -0.812          -5.311           14.545
 2543 (vir)     1          11.931          -3.487          -2.285         -10.350           16.509
 2544 (vir)     1          11.941          -4.553          -6.256         -15.857           16.989
 2545 (vir)     1          11.953          -3.859          -5.041         -13.555           16.607
 2546 (vir)     1          11.964          -1.840          -0.776          -5.208           14.556
 2547 (vir)     1          11.975          -4.477          -5.916         -15.918           17.501
 2548 (vir)     1          12.009          -3.934          -5.503         -15.031           17.602
 2549 (vir)     1          12.026          -3.499          -2.283         -10.361           16.606
 2550 (vir)     1          12.027          -3.816          -4.845         -13.408           16.774
 2551 (vir)     1          12.034          -3.504          -4.277         -12.093           16.347
 2552 (vir)     1          12.036          -4.341          -5.786         -15.071           16.980
 2553 (vir)     1          12.054          -4.587          -6.229         -15.938           17.176
 2554 (vir)     1          12.086          -3.535          -4.341         -11.916           16.125
 2555 (vir)     1          12.101          -4.587          -6.094         -15.880           17.300
 2556 (vir)     1          12.126          -3.511          -2.281         -10.372           16.707
 2557 (vir)     1          12.182          -4.406          -5.759         -15.756           17.773
 2558 (vir)     1          12.187          -4.407          -5.748         -15.750           17.782
 2559 (vir)     1          12.231          -3.524          -2.278         -10.384           16.812
 2560 (vir)     1          12.251          -4.554          -6.339         -15.618           16.976
 2561 (vir)     1          12.273          -4.376          -5.874         -15.109           17.133
 2562 (vir)     1          12.313          -4.775          -6.505         -16.299           17.332
 2563 (vir)     1          12.315          -3.354          -3.931         -11.111           16.141
 2564 (vir)     1          12.340          -3.536          -2.276         -10.395           16.923
 2565 (vir)     1          12.348          -1.858          -0.814          -5.397           15.073
 2566 (vir)     1          12.374          -4.716          -6.377         -16.110           17.391
 2567 (vir)     1          12.376          -4.382          -5.838         -15.135           17.291
 2568 (vir)     1          12.380          -1.881          -0.788          -5.317           15.028
 2569 (vir)     1          12.453          -3.550          -2.273         -10.408           17.039
 2570 (vir)     1          12.500          -4.439          -5.834         -15.275           17.502
 2571 (vir)     1          12.503          -4.875          -6.663         -16.567           17.532
 2572 (vir)     1          12.524          -3.548          -4.294         -11.921           16.602
 2573 (vir)     1          12.536          -4.181          -5.236         -14.129           17.248
 2574 (vir)     1          12.565          -4.715          -6.058         -15.926           17.719
 2575 (vir)     1          12.571          -3.565          -2.270         -10.421           17.157
 2576 (vir)     1          12.590          -3.235          -4.074         -11.322           16.603
 2577 (vir)     1          12.593          -3.211          -3.597         -10.512           16.296
 2578 (vir)     1          12.606          -4.569          -5.821         -15.488           17.703
 2579 (vir)     1          12.641          -4.549          -5.903         -15.524           17.714
 2580 (vir)     1          12.682          -3.554          -4.589         -12.470           17.009
 2581 (vir)     1          12.684          -4.903          -6.625         -16.588           17.744
 2582 (vir)     1          12.692          -1.914          -0.819          -5.472           15.432
 2583 (vir)     1          12.694          -3.580          -2.266         -10.431           17.278
 2584 (vir)     1          12.711          -4.690          -5.953         -15.863           17.932
 2585 (vir)     1          12.712          -1.900          -0.800          -5.415           15.427
 2586 (vir)     1          12.743          -4.629          -5.833         -15.537           17.817
 2587 (vir)     1          12.758          -3.958          -5.073         -13.596           17.324
 2588 (vir)     1          12.800          -3.587          -2.220         -10.326           17.319
 2589 (vir)     1          12.807          -4.752          -6.022         -15.930           17.963
 2590 (vir)     1          12.807          -3.588          -2.222         -10.332           17.330
 2591 (vir)     1          12.814          -4.239          -5.480         -14.589           17.684
 2592 (vir)     1          12.818          -3.586          -2.222         -10.334           17.344
 2593 (vir)     1          12.820          -3.599          -2.265         -10.451           17.407
 2594 (vir)     1          12.829          -4.518          -5.683         -15.322           17.950
 2595 (vir)     1          12.831          -3.586          -2.224         -10.340           17.361
 2596 (vir)     1          12.848          -3.589          -2.225         -10.346           17.380
 2597 (vir)     1          12.851          -4.651          -5.950         -15.592           17.841
 2598 (vir)     1          12.853          -4.328          -5.609         -14.886           17.801
 2599 (vir)     1          12.868          -3.591          -2.226         -10.352           17.402
 2600 (vir)     1          12.874          -4.427          -5.715         -15.143           17.875
 2601 (vir)     1          12.874          -4.698          -6.016         -15.638           17.798
 2602 (vir)     1          12.892          -3.594          -2.228         -10.359           17.428
 2603 (vir)     1          12.894          -4.687          -5.975         -15.929           18.160
 2604 (vir)     1          12.895          -4.446          -5.766         -15.472           18.155
 2605 (vir)     1          12.914          -3.932          -4.704         -13.109           17.387
 2606 (vir)     1          12.915          -1.932          -0.819          -5.514           15.678
 2607 (vir)     1          12.917          -4.266          -5.278         -14.486           17.859
 2608 (vir)     1          12.919          -3.592          -2.224         -10.349           17.452
 2609 (vir)     1          12.922          -3.921          -4.641         -12.998           17.358
 2610 (vir)     1          12.927          -1.920          -0.811          -5.488           15.684
 2611 (vir)     1          12.935          -3.647          -2.270         -10.496           17.515
 2612 (vir)     1          12.951          -3.601          -2.231         -10.375           17.493
 2613 (vir)     1          12.967          -4.343          -5.419         -14.770           17.975
 2614 (vir)     1          12.976          -4.392          -5.444         -14.744           17.885
 2615 (vir)     1          12.986          -3.607          -2.232         -10.382           17.529
 2616 (vir)     1          12.998          -4.432          -5.591         -14.963           17.938
 2617 (vir)     1          13.015          -4.577          -5.776         -15.451           18.112
 2618 (vir)     1          13.023          -4.875          -6.261         -16.637           18.523
 2619 (vir)     1          13.025          -3.613          -2.234         -10.393           17.570
 2620 (vir)     1          13.031          -4.834          -6.199         -16.502           18.499
 2621 (vir)     1          13.050          -4.694          -5.865         -15.804           18.295
 2622 (vir)     1          13.069          -3.620          -2.235         -10.402           17.615
 2623 (vir)     1          13.095          -4.762          -6.156         -16.031           18.208
 2624 (vir)     1          13.095          -3.626          -2.254         -10.466           17.681
 2625 (vir)     1          13.101          -4.743          -6.088         -16.370           18.640
 2626 (vir)     1          13.116          -3.630          -2.237         -10.412           17.662
 2627 (vir)     1          13.117          -4.642          -6.065         -16.350           18.759
 2628 (vir)     1          13.129          -3.926          -4.686         -13.186           17.703
 2629 (vir)     1          13.168          -3.637          -2.238         -10.422           17.716
 2630 (vir)     1          13.170          -4.811          -5.947         -16.108           18.519
 2631 (vir)     1          13.189          -4.616          -5.932         -16.134           18.775
 2632 (vir)     1          13.219          -4.707          -5.928         -16.254           18.838
 2633 (vir)     1          13.224          -3.645          -2.238         -10.433           17.773
 2634 (vir)     1          13.232          -3.559          -4.076         -11.824           17.421
 2635 (vir)     1          13.235          -3.645          -2.251         -10.482           17.822
 2636 (vir)     1          13.260          -4.973          -6.424         -16.594           18.458
 2637 (vir)     1          13.283          -4.617          -5.875         -16.060           18.851
 2638 (vir)     1          13.285          -3.654          -2.239         -10.443           17.834
 2639 (vir)     1          13.301          -4.841          -5.902         -16.109           18.668
 2640 (vir)     1          13.307          -4.768          -5.696         -15.950           18.794
 2641 (vir)     1          13.350          -3.662          -2.239         -10.453           17.902
 2642 (vir)     1          13.369          -4.703          -5.547         -15.732           18.851
 2643 (vir)     1          13.380          -3.665          -2.247         -10.497           17.966
 2644 (vir)     1          13.393          -4.726          -5.700         -15.908           18.875
 2645 (vir)     1          13.395          -3.250          -3.504         -10.707           17.349
 2646 (vir)     1          13.412          -4.986          -6.350         -16.557           18.634
 2647 (vir)     1          13.418          -4.374          -5.598         -15.505           18.951
 2648 (vir)     1          13.418          -4.619          -5.637         -15.795           18.958
 2649 (vir)     1          13.420          -3.672          -2.239         -10.463           17.972
 2650 (vir)     1          13.429          -4.660          -5.372         -15.477           18.875
 2651 (vir)     1          13.430          -4.796          -5.800         -15.975           18.809
 2652 (vir)     1          13.467          -4.683          -5.764         -15.918           18.939
 2653 (vir)     1          13.495          -3.681          -2.238         -10.474           18.049
 2654 (vir)     1          13.530          -3.685          -2.243         -10.512           18.115
 2655 (vir)     1          13.531          -5.017          -6.323         -16.558           18.750
 2656 (vir)     1          13.533          -4.317          -5.458         -15.215           18.972
 2657 (vir)     1          13.544          -4.813          -5.805         -15.988           18.914
 2658 (vir)     1          13.553          -4.809          -5.684         -15.765           18.825
 2659 (vir)     1          13.572          -3.838          -4.376         -12.774           18.131
 2660 (vir)     1          13.574          -3.692          -2.237         -10.484           18.129
 2661 (vir)     1          13.631          -4.339          -5.077         -14.463           18.679
 2662 (vir)     1          13.651          -4.151          -4.949         -14.116           18.668
 2663 (vir)     1          13.659          -3.700          -2.236         -10.494           18.216
 2664 (vir)     1          13.671          -4.700          -5.489         -15.377           18.858
 2665 (vir)     1          13.685          -3.704          -2.238         -10.527           18.270
 2666 (vir)     1          13.689          -4.734          -5.569         -15.517           18.903
 2667 (vir)     1          13.733          -3.437          -3.923         -11.760           18.134
 2668 (vir)     1          13.748          -3.713          -2.234         -10.504           18.305
 2669 (vir)     1          13.753          -3.566          -3.705         -11.392           17.875
 2670 (vir)     1          13.772          -4.280          -5.086         -14.489           18.895
 2671 (vir)     1          13.773          -3.508          -3.625         -11.230           17.869
 2672 (vir)     1          13.806          -4.716          -5.616         -15.871           19.345
 2673 (vir)     1          13.843          -3.725          -2.232         -10.514           18.400
 2674 (vir)     1          13.845          -3.726          -2.234         -10.542           18.427
 2675 (vir)     1          13.848          -4.734          -5.555         -15.712           19.271
 2676 (vir)     1          13.855          -4.204          -4.832         -13.998           18.817
 2677 (vir)     1          13.857          -4.831          -5.796         -16.300           19.530
 2678 (vir)     1          13.901          -4.457          -5.148         -14.793           19.090
 2679 (vir)     1          13.927          -4.391          -5.249         -14.933           19.220
 2680 (vir)     1          13.937          -3.629          -3.751         -11.681           18.238
 2681 (vir)     1          13.941          -3.659          -3.778         -11.679           18.184
 2682 (vir)     1          13.943          -3.737          -2.230         -10.524           18.500
 2683 (vir)     1          13.994          -4.730          -5.570         -15.854           19.549
 2684 (vir)     1          14.008          -3.748          -2.229         -10.557           18.588
 2685 (vir)     1          14.019          -4.512          -5.049         -14.585           19.043
 2686 (vir)     1          14.025          -4.339          -4.939         -14.325           19.072
 2687 (vir)     1          14.026          -4.201          -4.759         -13.861           18.927
 2688 (vir)     1          14.049          -3.749          -2.227         -10.534           18.606
 2689 (vir)     1          14.063          -4.962          -5.679         -16.154           19.574
 2690 (vir)     1          14.084          -3.003          -3.412         -10.695           18.365
 2691 (vir)     1          14.086          -4.088          -4.548         -13.561           19.011
 2692 (vir)     1          14.124          -4.707          -5.356         -15.407           19.469
 2693 (vir)     1          14.149          -4.048          -4.260         -12.949           18.790
 2694 (vir)     1          14.159          -3.764          -2.224         -10.544           18.716
 2695 (vir)     1          14.177          -3.770          -2.224         -10.571           18.754
 2696 (vir)     1          14.187          -3.949          -4.163         -12.682           18.757
 2697 (vir)     1          14.211          -3.967          -4.100         -12.592           18.737
 2698 (vir)     1          14.232          -4.608          -5.067         -14.820           19.376
 2699 (vir)     1          14.244          -4.950          -5.975         -16.482           19.801
 2700 (vir)     1          14.275          -3.777          -2.220         -10.554           18.833
 2701 (vir)     1          14.279          -5.060          -5.819         -16.378           19.778
 2702 (vir)     1          14.280          -4.020          -4.299         -13.196           19.158
 2703 (vir)     1          14.296          -4.277          -4.648         -13.862           19.233
 2704 (vir)     1          14.312          -4.440          -4.790         -14.199           19.281
 2705 (vir)     1          14.317          -4.916          -5.934         -16.347           19.813
 2706 (vir)     1          14.349          -3.794          -2.219         -10.586           18.923
 2707 (vir)     1          14.374          -3.370          -3.414         -10.816           18.407
 2708 (vir)     1          14.386          -4.171          -4.468         -13.324           19.070
 2709 (vir)     1          14.396          -3.793          -2.217         -10.566           18.952
 2710 (vir)     1          14.406          -4.662          -5.347         -15.239           19.636
 2711 (vir)     1          14.441          -4.101          -4.402         -13.411           19.348
 2712 (vir)     1          14.450          -4.861          -5.398         -15.592           19.784
 2713 (vir)     1          14.452          -3.931          -4.011         -12.446           18.955
 2714 (vir)     1          14.458          -4.140          -4.447         -13.631           19.503
 2715 (vir)     1          14.494          -4.448          -5.079         -14.675           19.643
 2716 (vir)     1          14.499          -3.757          -3.795         -12.056           19.003
 2717 (vir)     1          14.500          -4.233          -4.554         -13.632           19.345
 2718 (vir)     1          14.502          -4.037          -4.160         -12.715           19.020
 2719 (vir)     1          14.520          -4.545          -4.795         -14.332           19.512
 2720 (vir)     1          14.521          -4.325          -4.516         -13.653           19.334
 2721 (vir)     1          14.522          -3.813          -2.213         -10.580           19.075
 2722 (vir)     1          14.526          -3.815          -2.213         -10.600           19.098
 2723 (vir)     1          14.528          -4.316          -4.507         -13.631           19.335
 2724 (vir)     1          14.530          -4.152          -4.332         -13.245           19.292
 2725 (vir)     1          14.599          -4.746          -5.367         -15.376           19.861
 2726 (vir)     1          14.627          -4.740          -5.036         -14.968           19.819
 2727 (vir)     1          14.649          -3.837          -2.211         -10.598           19.200
 2728 (vir)     1          14.654          -4.254          -4.564         -13.810           19.646
 2729 (vir)     1          14.658          -4.267          -4.583         -13.866           19.673
 2730 (vir)     1          14.695          -4.071          -4.235         -12.895           19.284
 2731 (vir)     1          14.707          -3.839          -2.208         -10.614           19.275
 2732 (vir)     1          14.719          -3.644          -3.480         -11.657           19.252
 2733 (vir)     1          14.722          -4.230          -4.458         -13.384           19.418
 2734 (vir)     1          14.768          -3.881          -2.213         -10.634           19.307
 2735 (vir)     1          14.769          -4.637          -4.773         -14.478           19.837
 2736 (vir)     1          14.823          -4.795          -5.021         -15.042           20.049
 2737 (vir)     1          14.824          -4.321          -4.319         -13.511           19.696
 2738 (vir)     1          14.829          -4.459          -4.538         -13.985           19.817
 2739 (vir)     1          14.847          -3.793          -3.359         -11.564           19.259
 2740 (vir)     1          14.850          -3.732          -3.496         -11.867           19.489
 2741 (vir)     1          14.856          -3.665          -3.466         -11.414           19.139
 2742 (vir)     1          14.875          -4.343          -4.263         -13.393           19.662
 2743 (vir)     1          14.875          -3.797          -3.528         -11.993           19.543
 2744 (vir)     1          14.890          -4.420          -4.433         -13.834           19.870
 2745 (vir)     1          14.891          -3.865          -2.202         -10.628           19.452
 2746 (vir)     1          14.892          -3.613          -3.368         -11.189           19.101
 2747 (vir)     1          14.897          -4.323          -4.252         -13.445           19.767
 2748 (vir)     1          14.902          -4.853          -4.952         -15.162           20.259
 2749 (vir)     1          14.902          -4.858          -4.954         -15.173           20.264
 2750 (vir)     1          14.906          -4.325          -4.178         -13.372           19.776
 2751 (vir)     1          14.919          -4.682          -4.715         -14.581           20.104
 2752 (vir)     1          14.935          -4.357          -4.276         -13.562           19.864
 2753 (vir)     1          14.939          -4.723          -4.782         -14.724           20.157
 2754 (vir)     1          14.940          -4.728          -4.776         -14.743           20.180
 2755 (vir)     1          14.941          -4.194          -3.973         -12.918           19.693
 2756 (vir)     1          14.951          -4.456          -4.378         -13.800           19.916
 2757 (vir)     1          14.954          -4.245          -4.031         -13.086           19.764
 2758 (vir)     1          14.976          -4.511          -4.447         -13.954           19.971
 2759 (vir)     1          14.982          -4.772          -4.807         -14.781           20.185
 2760 (vir)     1          14.986          -4.550          -4.549         -14.124           20.011
 2761 (vir)     1          14.990          -4.586          -4.577         -14.262           20.089
 2762 (vir)     1          14.999          -3.824          -2.182         -10.549           19.541
 2763 (vir)     1          15.005          -4.392          -4.261         -13.583           19.935
 2764 (vir)     1          15.019          -4.461          -4.337         -13.728           19.948
 2765 (vir)     1          15.022          -4.599          -4.525         -14.173           20.071
 2766 (vir)     1          15.033          -4.366          -4.308         -13.514           19.874
 2767 (vir)     1          15.039          -4.450          -4.294         -13.672           19.967
 2768 (vir)     1          15.041          -4.382          -4.302         -13.552           19.909
 2769 (vir)     1          15.043          -4.373          -4.176         -13.422           19.915
 2770 (vir)     1          15.051          -4.373          -4.191         -13.421           19.909
 2771 (vir)     1          15.066          -4.386          -4.196         -13.493           19.977
 2772 (vir)     1          15.072          -4.299          -4.213         -13.328           19.889
 2773 (vir)     1          15.075          -4.008          -3.832         -12.245           19.481
 2774 (vir)     1          15.080          -3.888          -2.196         -10.640           19.636
 2775 (vir)     1          15.084          -4.362          -4.170         -13.419           19.972
 2776 (vir)     1          15.099          -4.369          -4.160         -13.387           19.957
 2777 (vir)     1          15.110          -4.517          -4.433         -14.053           20.213
 2778 (vir)     1          15.123          -4.382          -4.179         -13.441           20.003
 2779 (vir)     1          15.126          -3.847          -2.179         -10.570           19.670
 2780 (vir)     1          15.127          -4.407          -4.186         -13.555           20.088
 2781 (vir)     1          15.143          -4.399          -4.202         -13.516           20.058
 2782 (vir)     1          15.151          -4.406          -4.356         -13.716           20.104
 2783 (vir)     1          15.156          -4.407          -4.144         -13.473           20.079
 2784 (vir)     1          15.159          -4.167          -4.318         -13.441           20.115
 2785 (vir)     1          15.160          -4.418          -4.242         -13.648           20.149
 2786 (vir)     1          15.167          -4.413          -4.190         -13.564           20.127
 2787 (vir)     1          15.167          -4.411          -4.311         -13.677           20.122
 2788 (vir)     1          15.194          -4.411          -4.335         -13.687           20.134
 2789 (vir)     1          15.207          -4.423          -4.383         -13.695           20.097
 2790 (vir)     1          15.208          -4.508          -4.233         -13.718           20.185
 2791 (vir)     1          15.211          -4.138          -3.944         -12.945           20.073
 2792 (vir)     1          15.211          -4.144          -3.947         -12.952           20.072
 2793 (vir)     1          15.215          -4.456          -4.283         -13.730           20.206
 2794 (vir)     1          15.218          -4.508          -4.241         -13.734           20.203
 2795 (vir)     1          15.236          -4.511          -4.273         -13.788           20.240
 2796 (vir)     1          15.239          -4.492          -4.421         -13.907           20.232
 2797 (vir)     1          15.250          -4.497          -4.279         -13.766           20.241
 2798 (vir)     1          15.252          -4.489          -4.289         -13.752           20.226
 2799 (vir)     1          15.262          -4.540          -4.347         -13.926           20.301
 2800 (vir)     1          15.271          -3.910          -2.189         -10.652           19.823
 2801 (vir)     1          15.276          -3.869          -2.175         -10.587           19.818
 2802 (vir)     1          15.288          -4.584          -4.624         -14.229           20.310
 2803 (vir)     1          15.292          -4.583          -4.431         -14.092           20.370
 2804 (vir)     1          15.316          -4.604          -4.459         -14.145           20.397
 2805 (vir)     1          15.321          -4.543          -4.356         -13.839           20.260
 2806 (vir)     1          15.321          -4.544          -4.357         -13.835           20.255
 2807 (vir)     1          15.324          -4.563          -4.379         -13.940           20.321
 2808 (vir)     1          15.325          -4.557          -4.365         -13.902           20.305
 2809 (vir)     1          15.327          -4.559          -4.386         -13.918           20.300
 2810 (vir)     1          15.335          -4.538          -4.376         -13.861           20.281
 2811 (vir)     1          15.335          -4.550          -4.428         -14.068           20.424
 2812 (vir)     1          15.335          -4.523          -4.397         -13.927           20.343
 2813 (vir)     1          15.345          -4.604          -4.568         -14.167           20.339
 2814 (vir)     1          15.352          -4.478          -4.326         -13.609           20.157
 2815 (vir)     1          15.376          -4.552          -4.379         -13.857           20.301
 2816 (vir)     1          15.379          -4.459          -4.303         -13.519           20.137
 2817 (vir)     1          15.386          -3.875          -2.113         -10.412           19.810
 2818 (vir)     1          15.387          -4.517          -4.301         -13.715           20.284
 2819 (vir)     1          15.392          -3.884          -2.114         -10.414           19.808
 2820 (vir)     1          15.399          -3.882          -2.115         -10.418           19.820
 2821 (vir)     1          15.408          -3.874          -2.117         -10.423           19.840
 2822 (vir)     1          15.410          -4.533          -4.361         -13.807           20.323
 2823 (vir)     1          15.413          -4.449          -4.281         -13.454           20.138
 2824 (vir)     1          15.420          -3.884          -2.118         -10.429           19.847
 2825 (vir)     1          15.433          -3.884          -2.121         -10.438           19.867
 2826 (vir)     1          15.435          -3.890          -2.170         -10.600           19.975
 2827 (vir)     1          15.450          -3.891          -2.123         -10.446           19.882
 2828 (vir)     1          15.452          -4.442          -4.263         -13.409           20.155
 2829 (vir)     1          15.463          -3.917          -2.166         -10.603           19.983
 2830 (vir)     1          15.468          -4.584          -4.463         -13.998           20.420
 2831 (vir)     1          15.472          -3.912          -2.141         -10.512           19.930
 2832 (vir)     1          15.491          -3.901          -2.129         -10.467           19.929
 2833 (vir)     1          15.493          -4.442          -4.248         -13.376           20.179
 2834 (vir)     1          15.517          -3.911          -2.133         -10.481           19.954
 2835 (vir)     1          15.533          -4.517          -4.429         -13.977           20.564
 2836 (vir)     1          15.534          -4.441          -4.234         -13.349           20.209
 2837 (vir)     1          15.544          -3.916          -2.135         -10.493           19.986
 2838 (vir)     1          15.559          -4.374          -4.282         -13.670           20.573
 2839 (vir)     1          15.575          -4.443          -4.220         -13.323           20.236
 2840 (vir)     1          15.576          -3.929          -2.139         -10.507           20.015
 2841 (vir)     1          15.600          -4.419          -4.326         -13.737           20.592
 2842 (vir)     1          15.602          -3.913          -2.164         -10.611           20.136
 2843 (vir)     1          15.609          -3.940          -2.142         -10.523           20.050
 2844 (vir)     1          15.614          -4.440          -4.203         -13.293           20.264
 2845 (vir)     1          15.648          -3.949          -2.146         -10.537           20.090
 2846 (vir)     1          15.651          -4.440          -4.185         -13.258           20.284
 2847 (vir)     1          15.656          -4.432          -4.315         -13.746           20.655
 2848 (vir)     1          15.662          -3.960          -2.178         -10.669           20.193
 2849 (vir)     1          15.684          -4.438          -4.172         -13.251           20.325
 2850 (vir)     1          15.689          -4.615          -4.561         -14.238           20.752
 2851 (vir)     1          15.690          -3.964          -2.148         -10.552           20.130
 2852 (vir)     1          15.697          -4.059          -3.725         -12.450           20.363
 2853 (vir)     1          15.703          -4.059          -3.706         -12.437           20.376
 2854 (vir)     1          15.703          -4.361          -4.115         -13.280           20.507
 2855 (vir)     1          15.708          -4.325          -4.089         -13.238           20.532
 2856 (vir)     1          15.722          -4.415          -4.134         -13.224           20.398
 2857 (vir)     1          15.724          -4.051          -3.684         -12.402           20.392
 2858 (vir)     1          15.734          -3.964          -2.153         -10.570           20.186
 2859 (vir)     1          15.734          -4.563          -4.306         -13.743           20.608
 2860 (vir)     1          15.737          -4.563          -4.303         -13.739           20.610
 2861 (vir)     1          15.739          -4.489          -4.137         -13.377           20.490
 2862 (vir)     1          15.740          -4.202          -3.863         -12.833           20.508
 2863 (vir)     1          15.747          -4.573          -4.375         -13.880           20.679
 2864 (vir)     1          15.764          -4.219          -3.884         -12.880           20.541
 2865 (vir)     1          15.766          -4.498          -4.287         -13.715           20.696
 2866 (vir)     1          15.770          -4.439          -4.253         -13.445           20.522
 2867 (vir)     1          15.771          -4.204          -3.824         -12.798           20.540
 2868 (vir)     1          15.774          -3.931          -2.157         -10.621           20.307
 2869 (vir)     1          15.787          -3.995          -2.155         -10.589           20.226
 2870 (vir)     1          15.798          -4.225          -3.834         -12.841           20.580
 2871 (vir)     1          15.800          -4.355          -3.997         -13.208           20.655
 2872 (vir)     1          15.810          -4.318          -4.069         -13.116           20.539
 2873 (vir)     1          15.815          -4.734          -4.472         -14.271           20.879
 2874 (vir)     1          15.818          -4.730          -4.431         -14.193           20.850
 2875 (vir)     1          15.826          -4.390          -4.032         -13.309           20.713
 2876 (vir)     1          15.834          -3.996          -2.161         -10.615           20.292
 2877 (vir)     1          15.836          -4.453          -4.078         -13.424           20.728
 2878 (vir)     1          15.838          -4.441          -4.105         -13.466           20.757
 2879 (vir)     1          15.840          -4.476          -4.161         -13.395           20.599
 2880 (vir)     1          15.846          -4.685          -4.444         -14.213           20.930
 2881 (vir)     1          15.851          -4.489          -4.166         -13.632           20.827
 2882 (vir)     1          15.867          -4.597          -4.231         -13.784           20.823
 2883 (vir)     1          15.870          -4.011          -2.164         -10.669           20.364
 2884 (vir)     1          15.871          -4.539          -4.162         -13.631           20.801
 2885 (vir)     1          15.876          -4.760          -4.585         -14.480           21.011
 2886 (vir)     1          15.877          -4.628          -4.362         -14.096           20.983
 2887 (vir)     1          15.891          -4.325          -3.998         -12.987           20.556
 2888 (vir)     1          15.898          -4.022          -2.161         -10.622           20.337
 2889 (vir)     1          15.903          -4.866          -4.670         -14.719           21.086
 2890 (vir)     1          15.913          -4.796          -4.585         -14.623           21.154
 2891 (vir)     1          15.924          -4.823          -4.688         -14.695           21.109
 2892 (vir)     1          15.946          -4.345          -3.927         -12.958           20.632
 2893 (vir)     1          15.952          -3.956          -2.150         -10.630           20.476
 2894 (vir)     1          15.958          -5.087          -4.946         -15.359           21.284
 2895 (vir)     1          15.959          -4.843          -4.692         -14.726           21.149
 2896 (vir)     1          15.963          -4.041          -2.164         -10.641           20.400
 2897 (vir)     1          15.965          -4.966          -4.798         -15.143           21.344
 2898 (vir)     1          15.974          -5.657          -5.950         -17.250           21.617
 2899 (vir)     1          15.980          -5.659          -5.906         -17.221           21.636
 2900 (vir)     1          15.994          -4.426          -4.184         -13.568           20.953
 2901 (vir)     1          15.998          -4.570          -4.344         -13.953           21.037
 2902 (vir)     1          16.011          -4.331          -3.951         -12.949           20.677
 2903 (vir)     1          16.024          -4.044          -2.167         -10.660           20.473
 2904 (vir)     1          16.035          -5.124          -4.982         -15.630           21.560
 2905 (vir)     1          16.041          -5.626          -5.904         -17.153           21.664
 2906 (vir)     1          16.057          -5.685          -5.870         -17.298           21.800
 2907 (vir)     1          16.071          -4.037          -2.159         -10.686           20.560
 2908 (vir)     1          16.075          -4.219          -3.678         -12.479           20.658
 2909 (vir)     1          16.100          -4.071          -2.169         -10.677           20.538
 2910 (vir)     1          16.120          -5.266          -5.117         -16.036           21.773
 2911 (vir)     1          16.136          -3.976          -2.143         -10.639           20.655
 2912 (vir)     1          16.141          -5.116          -5.070         -15.412           21.367
 2913 (vir)     1          16.150          -4.805          -4.595         -14.370           21.120
 2914 (vir)     1          16.155          -5.704          -5.799         -17.310           21.962
 2915 (vir)     1          16.179          -4.096          -2.171         -10.697           20.609
 2916 (vir)     1          16.204          -4.108          -3.477         -12.103           20.722
 2917 (vir)     1          16.208          -5.317          -5.132         -16.203           21.962
 2918 (vir)     1          16.237          -5.429          -5.184         -16.434           22.058
 2919 (vir)     1          16.247          -4.077          -2.167         -10.706           20.709
 2920 (vir)     1          16.251          -5.709          -5.704         -17.247           22.084
 2921 (vir)     1          16.274          -5.679          -5.871         -17.182           21.906
 2922 (vir)     1          16.281          -4.070          -2.157         -10.702           20.757
 2923 (vir)     1          16.312          -4.269          -3.679         -12.609           20.974
 2924 (vir)     1          16.321          -5.539          -5.396         -16.638           22.024
 2925 (vir)     1          16.323          -3.995          -2.135         -10.647           20.840
 2926 (vir)     1          16.341          -4.124          -2.176         -10.737           20.778
 2927 (vir)     1          16.394          -4.197          -3.587         -12.388           20.998
 2928 (vir)     1          16.418          -5.535          -5.575         -16.626           21.935
 2929 (vir)     1          16.431          -4.153          -2.180         -10.762           20.861
 2930 (vir)     1          16.445          -4.138          -3.513         -12.235           21.030
 2931 (vir)     1          16.447          -3.633          -3.144         -10.996           20.667
 2932 (vir)     1          16.452          -3.700          -3.117         -10.939           20.575
 2933 (vir)     1          16.467          -4.081          -2.146         -10.701           20.942
 2934 (vir)     1          16.471          -3.581          -3.185         -11.040           20.745
 2935 (vir)     1          16.479          -4.173          -3.549         -12.333           21.091
 2936 (vir)     1          16.493          -3.742          -3.200         -11.131           20.681
 2937 (vir)     1          16.499          -4.211          -3.589         -12.431           21.130
 2938 (vir)     1          16.513          -4.635          -4.363         -13.860           21.375
 2939 (vir)     1          16.515          -4.015          -2.128         -10.655           21.027
 2940 (vir)     1          16.515          -4.197          -3.553         -12.383           21.149
 2941 (vir)     1          16.526          -4.264          -3.643         -12.595           21.213
 2942 (vir)     1          16.526          -4.415          -4.060         -13.154           21.204
 2943 (vir)     1          16.526          -4.169          -2.179         -10.781           20.960
 2944 (vir)     1          16.537          -4.202          -3.550         -12.413           21.198
 2945 (vir)     1          16.538          -4.709          -4.264         -13.965           21.530
 2946 (vir)     1          16.541          -5.152          -4.912         -15.356           21.833
 2947 (vir)     1          16.547          -4.276          -3.677         -12.677           21.270
 2948 (vir)     1          16.553          -4.249          -3.620         -12.576           21.261
 2949 (vir)     1          16.557          -5.140          -4.876         -15.278           21.818
 2950 (vir)     1          16.561          -4.840          -4.524         -14.421           21.617
 2951 (vir)     1          16.574          -4.419          -4.018         -13.116           21.253
 2952 (vir)     1          16.582          -5.103          -4.861         -15.205           21.824
 2953 (vir)     1          16.589          -4.283          -3.647         -12.672           21.331
 2954 (vir)     1          16.590          -4.239          -3.859         -12.591           21.083
 2955 (vir)     1          16.592          -4.370          -3.755         -12.920           21.388
 2956 (vir)     1          16.604          -4.170          -2.185         -10.806           21.054
 2957 (vir)     1          16.610          -4.237          -3.584         -12.559           21.348
 2958 (vir)     1          16.613          -4.528          -3.988         -13.415           21.513
 2959 (vir)     1          16.620          -4.745          -4.481         -14.163           21.557
 2960 (vir)     1          16.620          -5.012          -4.782         -14.995           21.821
 2961 (vir)     1          16.630          -4.546          -4.051         -13.523           21.555
 2962 (vir)     1          16.633          -4.233          -3.560         -12.541           21.383
 2963 (vir)     1          16.647          -4.313          -3.688         -12.808           21.454
 2964 (vir)     1          16.655          -4.257          -3.575         -12.608           21.432
 2965 (vir)     1          16.666          -4.296          -3.629         -12.734           21.475
 2966 (vir)     1          16.672          -4.728          -4.432         -14.088           21.599
 2967 (vir)     1          16.673          -4.083          -2.140         -10.713           21.163
 2968 (vir)     1          16.673          -4.322          -3.644         -12.793           21.500
 2969 (vir)     1          16.673          -5.082          -4.902         -15.262           21.951
 2970 (vir)     1          16.679          -4.371          -3.702         -12.941           21.546
 2971 (vir)     1          16.690          -3.279          -2.688          -9.509           20.233
 2972 (vir)     1          16.694          -4.204          -2.196         -10.853           21.147
 2973 (vir)     1          16.710          -4.040          -2.121         -10.663           21.212
 2974 (vir)     1          16.731          -5.158          -4.997         -15.474           22.051
 2975 (vir)     1          16.752          -5.691          -5.659         -16.953           22.356
 2976 (vir)     1          16.757          -4.764          -4.493         -14.253           21.753
 2977 (vir)     1          16.771          -4.270          -2.207         -10.903           21.197
 2978 (vir)     1          16.802          -4.940          -4.682         -14.699           21.879
 2979 (vir)     1          16.816          -5.544          -5.407         -16.360           22.225
 2980 (vir)     1          16.820          -4.128          -2.176         -10.810           21.326
 2981 (vir)     1          16.848          -5.289          -5.156         -15.909           22.312
 2982 (vir)     1          16.854          -4.145          -2.198         -10.863           21.374
 2983 (vir)     1          16.863          -4.308          -3.908         -12.868           21.516
 2984 (vir)     1          16.868          -4.185          -3.750         -12.513           21.446
 2985 (vir)     1          16.903          -5.667          -5.558         -16.813           22.491
 2986 (vir)     1          16.905          -5.472          -5.325         -16.265           22.374
 2987 (vir)     1          16.907          -4.062          -2.114         -10.671           21.401
 2988 (vir)     1          16.907          -4.183          -2.141         -10.727           21.311
 2989 (vir)     1          16.943          -5.239          -5.047         -15.670           22.327
 2990 (vir)     1          16.955          -4.817          -4.441         -14.225           21.923
 2991 (vir)     1          16.988          -4.581          -4.177         -13.380           21.610
 2992 (vir)     1          17.007          -5.583          -5.453         -16.661           22.632
 2993 (vir)     1          17.035          -4.481          -4.057         -13.204           21.702
 2994 (vir)     1          17.047          -5.750          -5.568         -16.932           22.660
 2995 (vir)     1          17.063          -4.386          -3.899         -12.892           21.670
 2996 (vir)     1          17.063          -4.925          -4.594         -14.623           22.167
 2997 (vir)     1          17.072          -4.294          -3.838         -12.789           21.730
 2998 (vir)     1          17.073          -3.399          -2.105         -10.659           22.229
 2999 (vir)     1          17.077          -4.218          -3.805         -12.732           21.785
 3000 (vir)     1          17.090          -4.309          -3.808         -12.751           21.724
 3001 (vir)     1          17.097          -5.441          -5.257         -16.299           22.697
 3002 (vir)     1          17.104          -4.076          -2.107         -10.678           21.599
 3003 (vir)     1          17.122          -4.351          -3.796         -12.749           21.725
 3004 (vir)     1          17.148          -5.621          -5.388         -16.552           22.692
 3005 (vir)     1          17.183          -5.794          -5.546         -16.988           22.832
 3006 (vir)     1          17.187          -4.421          -3.824         -12.867           21.809
 3007 (vir)     1          17.199          -5.528          -5.325         -16.525           22.870
 3008 (vir)     1          17.211          -4.807          -4.360         -14.192           22.237
 3009 (vir)     1          17.246          -3.145          -2.092         -10.647           22.655
 3010 (vir)     1          17.282          -4.600          -4.000         -13.372           22.054
 3011 (vir)     1          17.299          -4.093          -2.101         -10.686           21.791
 3012 (vir)     1          17.300          -5.458          -5.156         -16.192           22.878
 3013 (vir)     1          17.304          -5.752          -5.419         -16.791           22.923
 3014 (vir)     1          17.312          -5.738          -5.465         -16.845           22.954
 3015 (vir)     1          17.329          -5.377          -5.011         -15.866           22.807
 3016 (vir)     1          17.354          -5.443          -5.122         -15.970           22.759
 3017 (vir)     1          17.391          -5.543          -5.201         -16.248           22.895
 3018 (vir)     1          17.400          -5.232          -4.757         -15.204           22.616
 3019 (vir)     1          17.404          -5.701          -5.334         -16.603           22.973
 3020 (vir)     1          17.406          -3.521          -2.090         -10.666           22.462
 3021 (vir)     1          17.453          -5.497          -5.008         -15.943           22.891
 3022 (vir)     1          17.466          -5.286          -4.761         -15.344           22.762
 3023 (vir)     1          17.479          -5.692          -5.356         -16.661           23.093
 3024 (vir)     1          17.489          -4.109          -2.096         -10.693           21.978
 3025 (vir)     1          17.494          -5.700          -5.390         -16.701           23.105
 3026 (vir)     1          17.536          -4.625          -4.172         -13.835           22.574
 3027 (vir)     1          17.547          -4.937          -4.527         -14.709           22.791
 3028 (vir)     1          17.552          -4.174          -2.101         -10.736           22.013
 3029 (vir)     1          17.596          -5.832          -5.504         -17.041           23.301
 3030 (vir)     1          17.665          -5.928          -5.536         -17.209           23.409
 3031 (vir)     1          17.670          -4.129          -2.091         -10.699           22.148
 3032 (vir)     1          17.683          -4.294          -2.124         -10.848           22.114
 3033 (vir)     1          17.726          -5.887          -5.498         -17.126           23.468
 3034 (vir)     1          17.756          -4.243          -2.017         -10.505           22.002
 3035 (vir)     1          17.804          -4.367          -2.144         -10.948           22.242
 3036 (vir)     1          17.831          -4.135          -2.087         -10.697           22.307
 3037 (vir)     1          17.836          -4.258          -2.025         -10.539           22.092
 3038 (vir)     1          17.840          -5.951          -5.482         -17.177           23.584
 3039 (vir)     1          17.869          -5.919          -5.465         -17.145           23.631
 3040 (vir)     1          17.908          -4.458          -2.165         -11.046           22.331
 3041 (vir)     1          17.949          -4.287          -2.045         -10.623           22.239
 3042 (vir)     1          17.960          -4.138          -2.078         -10.674           22.418
 3043 (vir)     1          17.971          -5.154          -4.603         -15.050           23.264
 3044 (vir)     1          17.976          -5.588          -5.150         -16.431           23.669
 3045 (vir)     1          17.988          -4.508          -2.169         -11.073           22.384
 3046 (vir)     1          18.017          -5.909          -5.388         -17.051           23.772
 3047 (vir)     1          18.018          -4.156          -2.011         -10.461           22.313
 3048 (vir)     1          18.019          -5.869          -5.316         -16.863           23.697
 3049 (vir)     1          18.025          -4.143          -2.016         -10.477           22.343
 3050 (vir)     1          18.026          -4.580          -2.200         -11.193           22.439
 3051 (vir)     1          18.037          -4.147          -2.013         -10.471           22.347
 3052 (vir)     1          18.039          -4.148          -2.035         -10.538           22.395
 3053 (vir)     1          18.045          -4.630          -2.214         -11.247           22.447
 3054 (vir)     1          18.047          -5.782          -5.369         -17.035           23.932
 3055 (vir)     1          18.056          -4.165          -2.033         -10.533           22.392
 3056 (vir)     1          18.060          -4.153          -2.018         -10.487           22.377
 3057 (vir)     1          18.077          -4.177          -2.026         -10.514           22.389
 3058 (vir)     1          18.083          -4.153          -2.026         -10.513           22.417
 3059 (vir)     1          18.092          -4.290          -2.031         -10.590           22.359
 3060 (vir)     1          18.098          -4.676          -3.970         -13.550           23.002
 3061 (vir)     1          18.099          -4.177          -2.028         -10.520           22.415
 3062 (vir)     1          18.102          -4.186          -2.040         -10.556           22.432
 3063 (vir)     1          18.115          -4.187          -2.039         -10.554           22.442
 3064 (vir)     1          18.118          -4.193          -2.037         -10.546           22.434
 3065 (vir)     1          18.126          -4.194          -2.045         -10.569           22.456
 3066 (vir)     1          18.126          -4.211          -2.041         -10.559           22.433
 3067 (vir)     1          18.134          -5.878          -5.447         -17.293           24.102
 3068 (vir)     1          18.142          -4.480          -3.777         -13.034           22.920
 3069 (vir)     1          18.156          -3.826          -3.105         -11.257           22.482
 3070 (vir)     1          18.188          -5.273          -4.658         -15.200           23.458
 3071 (vir)     1          18.197          -5.820          -5.184         -16.637           23.830
 3072 (vir)     1          18.206          -3.841          -2.983         -10.900           22.282
 3073 (vir)     1          18.223          -6.025          -5.568         -17.663           24.292
 3074 (vir)     1          18.243          -4.296          -2.027         -10.597           22.517
 3075 (vir)     1          18.303          -4.824          -4.025         -13.777           23.231
 3076 (vir)     1          18.308          -6.091          -5.611         -17.827           24.433
 3077 (vir)     1          18.328          -5.903          -5.271         -16.876           24.030
 3078 (vir)     1          18.379          -5.655          -4.971         -16.223           23.976
 3079 (vir)     1          18.388          -3.899          -3.119         -11.291           22.661
 3080 (vir)     1          18.388          -5.959          -5.369         -17.251           24.311
 3081 (vir)     1          18.408          -4.308          -2.025         -10.614           22.690
 3082 (vir)     1          18.454          -6.151          -5.608         -17.907           24.603
 3083 (vir)     1          18.459          -5.564          -4.871         -15.806           23.830
 3084 (vir)     1          18.471          -4.381          -3.546         -12.270           22.814
 3085 (vir)     1          18.473          -4.304          -1.998         -10.538           22.710
 3086 (vir)     1          18.474          -4.292          -1.997         -10.539           22.724
 3087 (vir)     1          18.479          -5.328          -4.539         -15.174           23.786
 3088 (vir)     1          18.495          -5.744          -5.064         -16.126           23.813
 3089 (vir)     1          18.496          -5.577          -4.887         -15.637           23.670
 3090 (vir)     1          18.500          -4.303          -2.001         -10.550           22.746
 3091 (vir)     1          18.503          -4.293          -2.001         -10.554           22.763
 3092 (vir)     1          18.505          -6.089          -5.511         -17.682           24.586
 3093 (vir)     1          18.529          -5.235          -4.490         -14.670           23.474
 3094 (vir)     1          18.540          -4.301          -2.003         -10.568           22.804
 3095 (vir)     1          18.545          -4.306          -2.009         -10.573           22.803
 3096 (vir)     1          18.549          -5.801          -5.105         -16.271           23.914
 3097 (vir)     1          18.553          -5.854          -5.168         -16.839           24.370
 3098 (vir)     1          18.561          -5.038          -4.258         -14.223           23.487
 3099 (vir)     1          18.583          -4.333          -2.021         -10.630           22.859
 3100 (vir)     1          18.585          -5.786          -5.117         -16.680           24.362
 3101 (vir)     1          18.589          -5.331          -4.519         -15.182           23.922
 3102 (vir)     1          18.592          -4.332          -2.013         -10.589           22.837
 3103 (vir)     1          18.598          -4.327          -2.011         -10.598           22.859
 3104 (vir)     1          18.599          -5.740          -4.996         -16.096           23.959
 3105 (vir)     1          18.617          -5.323          -4.576         -15.021           23.740
 3106 (vir)     1          18.620          -6.216          -5.573         -17.909           24.740
 3107 (vir)     1          18.621          -5.463          -4.624         -15.482           24.015
 3108 (vir)     1          18.621          -5.153          -4.321         -14.349           23.496
 3109 (vir)     1          18.650          -5.511          -4.728         -15.434           23.845
 3110 (vir)     1          18.652          -4.336          -2.015         -10.614           22.915
 3111 (vir)     1          18.660          -4.357          -2.021         -10.620           22.902
 3112 (vir)     1          18.664          -4.539          -3.628         -12.698           23.194
 3113 (vir)     1          18.668          -5.482          -4.644         -15.271           23.813
 3114 (vir)     1          18.677          -5.728          -4.966         -16.135           24.119
 3115 (vir)     1          18.700          -5.508          -4.730         -15.462           23.924
 3116 (vir)     1          18.720          -4.378          -2.025         -10.638           22.955
 3117 (vir)     1          18.724          -5.361          -4.605         -15.218           23.976
 3118 (vir)     1          18.727          -4.367          -2.024         -10.651           22.988
 3119 (vir)     1          18.739          -5.011          -4.068         -14.091           23.751
 3120 (vir)     1          18.743          -5.494          -4.598         -15.495           24.147
 3121 (vir)     1          18.767          -4.350          -2.016         -10.644           23.045
 3122 (vir)     1          18.772          -5.196          -4.396         -14.671           23.852
 3123 (vir)     1          18.791          -4.397          -2.029         -10.672           23.038
 3124 (vir)     1          18.795          -4.425          -2.034         -10.670           23.008
 3125 (vir)     1          18.825          -5.363          -4.387         -15.008           24.083
 3126 (vir)     1          18.829          -5.482          -4.526         -15.371           24.192
 3127 (vir)     1          18.842          -5.868          -5.086         -16.619           24.506
 3128 (vir)     1          18.859          -4.439          -2.037         -10.693           23.075
 3129 (vir)     1          18.862          -4.448          -2.043         -10.709           23.081
 3130 (vir)     1          18.912          -3.800          -2.807         -10.503           22.807
 3131 (vir)     1          18.915          -4.539          -2.057         -10.746           23.066
 3132 (vir)     1          18.916          -4.456          -2.046         -10.719           23.133
 3133 (vir)     1          18.933          -5.198          -4.361         -14.577           23.952
 3134 (vir)     1          18.939          -4.507          -2.056         -10.744           23.120
 3135 (vir)     1          18.956          -4.370          -2.010         -10.657           23.233
 3136 (vir)     1          18.962          -6.196          -5.356         -17.148           24.558
 3137 (vir)     1          18.977          -6.134          -5.300         -17.207           24.750
 3138 (vir)     1          19.010          -4.319          -2.000         -10.668           23.359
 3139 (vir)     1          19.025          -5.712          -4.856         -15.918           24.374
 3140 (vir)     1          19.060          -5.461          -4.582         -15.118           24.134
 3141 (vir)     1          19.139          -5.972          -5.080         -16.739           24.826
 3142 (vir)     1          19.149          -4.387          -2.003         -10.670           23.429
 3143 (vir)     1          19.163          -4.301          -1.989         -10.696           23.568
 3144 (vir)     1          19.169          -3.758          -2.724         -10.303           22.990
 3145 (vir)     1          19.187          -5.179          -4.258         -14.442           24.193
 3146 (vir)     1          19.233          -5.026          -4.079         -13.858           23.986
 3147 (vir)     1          19.303          -6.142          -5.206         -17.146           25.102
 3148 (vir)     1          19.343          -4.335          -1.985         -10.724           23.746
 3149 (vir)     1          19.344          -4.418          -1.995         -10.682           23.613
 3150 (vir)     1          19.374          -5.014          -4.066         -14.006           24.300
 3151 (vir)     1          19.435          -3.785          -2.715         -10.321           23.257
 3152 (vir)     1          19.445          -6.080          -5.115         -16.911           25.161
 3153 (vir)     1          19.453          -4.825          -3.805         -13.236           24.058
 3154 (vir)     1          19.524          -4.378          -1.983         -10.661           23.823
 3155 (vir)     1          19.531          -4.377          -1.981         -10.746           23.920
 3156 (vir)     1          19.584          -5.071          -4.002         -14.000           24.511
 3157 (vir)     1          19.608          -4.118          -1.970         -10.469           23.989
 3158 (vir)     1          19.616          -6.171          -5.116         -17.036           25.365
 3159 (vir)     1          19.645          -4.110          -1.970         -10.441           24.007
 3160 (vir)     1          19.670          -4.821          -3.735         -13.226           24.340
 3161 (vir)     1          19.696          -3.889          -2.788         -10.573           23.592
 3162 (vir)     1          19.705          -5.175          -4.206         -14.623           24.947
 3163 (vir)     1          19.707          -5.149          -4.192         -14.590           24.957
 3164 (vir)     1          19.719          -4.390          -1.977         -10.766           24.118
 3165 (vir)     1          19.768          -4.915          -3.826         -13.501           24.528
 3166 (vir)     1          19.770          -6.335          -5.237         -17.443           25.642
 3167 (vir)     1          19.771          -4.358          -1.972         -10.616           24.056
 3168 (vir)     1          19.781          -5.738          -4.625         -15.688           25.105
 3169 (vir)     1          19.798          -6.141          -5.021         -16.736           25.372
 3170 (vir)     1          19.833          -5.292          -4.202         -14.604           24.943
 3171 (vir)     1          19.849          -4.948          -3.813         -13.578           24.666
 3172 (vir)     1          19.880          -6.380          -5.232         -17.331           25.599
 3173 (vir)     1          19.897          -4.438          -1.973         -10.787           24.273
 3174 (vir)     1          19.913          -4.458          -1.963         -10.736           24.227
 3175 (vir)     1          19.917          -5.118          -3.999         -14.127           24.926
 3176 (vir)     1          19.921          -6.356          -5.208         -17.429           25.786
 3177 (vir)     1          19.928          -4.487          -1.963         -10.754           24.232
 3178 (vir)     1          19.933          -4.210          -3.088         -11.508           24.143
 3179 (vir)     1          19.947          -4.455          -1.963         -10.695           24.225
 3180 (vir)     1          19.953          -4.467          -1.963         -10.753           24.276
 3181 (vir)     1          19.973          -4.886          -3.763         -13.327           24.651
 3182 (vir)     1          19.973          -4.458          -1.961         -10.756           24.310
 3183 (vir)     1          19.982          -6.467          -5.283         -17.519           25.751
 3184 (vir)     1          19.999          -5.062          -3.904         -13.913           24.945
 3185 (vir)     1          20.011          -4.493          -1.962         -10.738           24.294
 3186 (vir)     1          20.029          -4.952          -3.782         -13.554           24.849
 3187 (vir)     1          20.047          -4.508          -1.960         -10.725           24.303
 3188 (vir)     1          20.056          -4.469          -1.972         -10.814           24.428
 3189 (vir)     1          20.069          -6.190          -5.000         -16.920           25.798
 3190 (vir)     1          20.085          -4.759          -3.612         -13.106           24.820
 3191 (vir)     1          20.093          -6.583          -5.337         -17.727           25.901
 3192 (vir)     1          20.123          -4.523          -1.957         -10.723           24.367
 3193 (vir)     1          20.135          -5.180          -4.000         -14.222           25.177
 3194 (vir)     1          20.137          -4.488          -1.951         -10.690           24.387
 3195 (vir)     1          20.166          -5.670          -4.489         -15.441           25.447
 3196 (vir)     1          20.180          -4.508          -1.976         -10.851           24.548
 3197 (vir)     1          20.197          -4.636          -3.442         -12.599           24.718
 3198 (vir)     1          20.199          -5.569          -4.357         -15.167           25.440
 3199 (vir)     1          20.201          -4.415          -1.913         -10.479           24.352
 3200 (vir)     1          20.202          -4.527          -1.951         -10.711           24.434
 3201 (vir)     1          20.213          -5.410          -4.204         -14.789           25.388
 3202 (vir)     1          20.214          -5.965          -4.700         -16.081           25.630
 3203 (vir)     1          20.237          -4.537          -1.947         -10.698           24.450
 3204 (vir)     1          20.242          -4.421          -1.916         -10.497           24.403
 3205 (vir)     1          20.252          -4.767          -2.014         -11.031           24.503
 3206 (vir)     1          20.255          -4.625          -1.991         -10.932           24.571
 3207 (vir)     1          20.274          -5.393          -4.177         -14.686           25.391
 3208 (vir)     1          20.285          -4.692          -1.997         -10.966           24.561
 3209 (vir)     1          20.293          -4.649          -1.996         -10.964           24.611
 3210 (vir)     1          20.301          -4.516          -1.940         -10.686           24.530
 3211 (vir)     1          20.302          -4.527          -1.944         -10.695           24.526
 3212 (vir)     1          20.305          -4.433          -1.919         -10.519           24.471
 3213 (vir)     1          20.307          -6.041          -4.753         -16.269           25.783
 3214 (vir)     1          20.312          -6.379          -5.123         -17.322           26.131
 3215 (vir)     1          20.329          -4.527          -1.958         -10.761           24.605
 3216 (vir)     1          20.340          -5.069          -3.837         -13.847           25.281
 3217 (vir)     1          20.343          -5.587          -4.286         -14.998           25.468
 3218 (vir)     1          20.349          -4.917          -3.668         -13.293           25.057
 3219 (vir)     1          20.358          -4.535          -1.941         -10.692           24.573
 3220 (vir)     1          20.376          -4.514          -1.934         -10.674           24.602
 3221 (vir)     1          20.383          -4.444          -1.916         -10.511           24.534
 3222 (vir)     1          20.394          -4.521          -1.956         -10.755           24.671
 3223 (vir)     1          20.398          -6.081          -4.740         -16.259           25.836
 3224 (vir)     1          20.411          -4.524          -1.931         -10.667           24.623
 3225 (vir)     1          20.414          -4.513          -1.930         -10.665           24.636
 3226 (vir)     1          20.422          -5.878          -4.601         -15.853           25.797
 3227 (vir)     1          20.424          -6.339          -5.046         -17.166           26.205
 3228 (vir)     1          20.447          -5.273          -4.010         -14.358           25.522
 3229 (vir)     1          20.458          -5.283          -4.015         -14.318           25.478
 3230 (vir)     1          20.475          -4.532          -1.962         -10.785           24.766
 3231 (vir)     1          20.476          -4.461          -1.915         -10.519           24.620
 3232 (vir)     1          20.509          -5.200          -3.931         -14.132           25.511
 3233 (vir)     1          20.533          -5.162          -3.881         -14.044           25.535
 3234 (vir)     1          20.575          -4.466          -1.913         -10.535           24.731
 3235 (vir)     1          20.577          -4.544          -1.962         -10.805           24.876
 3236 (vir)     1          20.585          -5.422          -4.110         -14.665           25.718
 3237 (vir)     1          20.617          -5.138          -3.831         -13.919           25.567
 3238 (vir)     1          20.663          -5.362          -4.024         -14.459           25.736
 3239 (vir)     1          20.667          -4.481          -1.916         -10.592           24.863
 3240 (vir)     1          20.674          -4.552          -1.958         -10.778           24.943
 3241 (vir)     1          20.690          -5.144          -3.824         -13.904           25.627
 3242 (vir)     1          20.717          -4.545          -1.965         -10.748           24.955
 3243 (vir)     1          20.725          -5.458          -4.091         -14.641           25.817
 3244 (vir)     1          20.737          -4.516          -1.933         -10.709           24.997
 3245 (vir)     1          20.752          -4.554          -1.979         -10.814           25.034
 3246 (vir)     1          20.754          -5.260          -3.922         -14.191           25.763
 3247 (vir)     1          20.768          -6.046          -4.625         -16.109           26.207
 3248 (vir)     1          20.784          -5.155          -3.826         -13.912           25.715
 3249 (vir)     1          20.792          -4.540          -1.941         -10.734           25.046
 3250 (vir)     1          20.796          -4.536          -1.957         -10.757           25.060
 3251 (vir)     1          20.804          -4.592          -1.966         -10.790           25.037
 3252 (vir)     1          20.814          -5.520          -4.161         -14.873           26.007
 3253 (vir)     1          20.815          -5.457          -4.089         -14.648           25.917
 3254 (vir)     1          20.824          -4.562          -1.953         -10.748           25.058
 3255 (vir)     1          20.840          -5.085          -3.736         -13.622           25.641
 3256 (vir)     1          20.844          -5.329          -3.925         -14.225           25.816
 3257 (vir)     1          20.855          -6.517          -4.969         -17.054           26.422
 3258 (vir)     1          20.858          -4.506          -1.922         -10.617           25.046
 3259 (vir)     1          20.858          -4.418          -1.945         -10.721           25.217
 3260 (vir)     1          20.863          -4.608          -1.981         -10.884           25.158
 3261 (vir)     1          20.869          -5.117          -3.760         -13.679           25.670
 3262 (vir)     1          20.901          -4.506          -1.942         -10.716           25.169
 3263 (vir)     1          20.903          -5.210          -3.816         -13.960           25.838
 3264 (vir)     1          20.904          -4.630          -1.974         -10.831           25.130
 3265 (vir)     1          20.908          -6.873          -5.294         -18.008           26.749
 3266 (vir)     1          20.912          -6.162          -4.678         -16.258           26.329
 3267 (vir)     1          20.932          -4.465          -1.901         -10.526           25.092
 3268 (vir)     1          20.946          -4.484          -1.938         -10.707           25.231
 3269 (vir)     1          20.957          -5.106          -3.681         -13.373           25.543
 3270 (vir)     1          20.977          -5.002          -3.549         -13.076           25.502
 3271 (vir)     1          20.983          -7.157          -5.521         -18.682           26.988
 3272 (vir)     1          20.991          -5.713          -4.245         -15.007           26.040
 3273 (vir)     1          20.996          -4.544          -1.935         -10.702           25.218
 3274 (vir)     1          21.008          -4.633          -1.981         -10.910           25.304
 3275 (vir)     1          21.015          -4.487          -1.899         -10.530           25.159
 3276 (vir)     1          21.047          -7.154          -5.496         -18.643           27.039
 3277 (vir)     1          21.052          -6.564          -5.039         -17.393           26.843
 3278 (vir)     1          21.053          -4.617          -1.935         -10.702           25.202
 3279 (vir)     1          21.064          -4.629          -1.964         -10.821           25.292
 3280 (vir)     1          21.097          -7.259          -5.567         -18.871           27.141
 3281 (vir)     1          21.110          -4.682          -1.931         -10.699           25.196
 3282 (vir)     1          21.117          -6.601          -5.063         -17.489           26.942
 3283 (vir)     1          21.122          -4.563          -1.905         -10.570           25.224
 3284 (vir)     1          21.138          -7.296          -5.584         -18.940           27.198
 3285 (vir)     1          21.166          -7.300          -5.569         -18.911           27.208
 3286 (vir)     1          21.168          -4.702          -1.926         -10.682           25.222
 3287 (vir)     1          21.169          -6.550          -5.005         -17.344           26.958
 3288 (vir)     1          21.171          -4.679          -1.983         -10.934           25.443
 3289 (vir)     1          21.182          -7.342          -5.597         -18.999           27.243
 3290 (vir)     1          21.195          -4.420          -2.975         -11.483           25.283
 3291 (vir)     1          21.212          -6.599          -5.048         -17.488           27.053
 3292 (vir)     1          21.214          -4.224          -2.807         -10.816           24.998
 3293 (vir)     1          21.236          -4.738          -1.926         -10.678           25.250
 3294 (vir)     1          21.243          -6.371          -4.843         -16.887           26.916
 3295 (vir)     1          21.254          -4.606          -1.907         -10.595           25.336
 3296 (vir)     1          21.258          -4.655          -1.952         -10.808           25.459
 3297 (vir)     1          21.260          -6.425          -4.906         -17.104           27.033
 3298 (vir)     1          21.265          -6.588          -5.033         -17.451           27.095
 3299 (vir)     1          21.302          -4.700          -1.926         -10.705           25.381
 3300 (vir)     1          21.347          -4.681          -1.982         -10.941           25.626
 3301 (vir)     1          21.368          -4.721          -1.916         -10.653           25.384
 3302 (vir)     1          21.400          -4.617          -1.906         -10.612           25.490
 3303 (vir)     1          21.402          -4.407          -2.970         -11.588           25.613
 3304 (vir)     1          21.440          -4.698          -1.914         -10.634           25.462
 3305 (vir)     1          21.460          -4.808          -3.426         -13.177           26.402
 3306 (vir)     1          21.463          -4.856          -3.476         -13.365           26.496
 3307 (vir)     1          21.466          -4.682          -1.942         -10.802           25.644
 3308 (vir)     1          21.496          -4.678          -1.917         -10.665           25.566
 3309 (vir)     1          21.510          -4.930          -3.422         -13.049           26.207
 3310 (vir)     1          21.516          -4.612          -3.152         -12.215           25.967
 3311 (vir)     1          21.526          -4.714          -1.981         -10.961           25.793
 3312 (vir)     1          21.528          -4.751          -1.931         -10.868           25.714
 3313 (vir)     1          21.531          -3.774          -2.371          -9.601           24.987
 3314 (vir)     1          21.534          -4.788          -1.937         -10.928           25.738
 3315 (vir)     1          21.555          -4.723          -1.913         -10.727           25.645
 3316 (vir)     1          21.571          -4.748          -1.931         -10.902           25.794
 3317 (vir)     1          21.575          -4.762          -1.934         -10.914           25.793
 3318 (vir)     1          21.595          -4.736          -1.926         -10.892           25.826
 3319 (vir)     1          21.598          -4.957          -3.444         -13.105           26.302
 3320 (vir)     1          21.607          -4.733          -3.239         -12.485           26.120
 3321 (vir)     1          21.633          -4.812          -3.275         -12.590           26.136
 3322 (vir)     1          21.648          -4.938          -3.436         -13.055           26.330
 3323 (vir)     1          21.657          -4.811          -1.934         -10.902           25.814
 3324 (vir)     1          21.658          -4.731          -1.949         -10.870           25.849
 3325 (vir)     1          21.695          -4.818          -1.922         -10.803           25.758
 3326 (vir)     1          21.703          -4.734          -1.955         -10.932           25.946
 3327 (vir)     1          21.714          -4.806          -1.911         -10.747           25.743
 3328 (vir)     1          21.718          -4.950          -3.426         -12.999           26.342
 3329 (vir)     1          21.747          -4.580          -3.027         -11.833           25.973
 3330 (vir)     1          21.756          -4.868          -3.329         -12.769           26.327
 3331 (vir)     1          21.773          -4.788          -1.918         -10.794           25.861
 3332 (vir)     1          21.776          -4.824          -1.893         -10.675           25.733
 3333 (vir)     1          21.796          -4.733          -1.958         -10.942           26.047
 3334 (vir)     1          21.802          -4.949          -3.418         -12.952           26.387
 3335 (vir)     1          21.820          -4.840          -1.931         -10.899           25.948
 3336 (vir)     1          21.861          -4.762          -1.889         -10.656           25.867
 3337 (vir)     1          21.863          -3.996          -2.505         -10.033           25.395
 3338 (vir)     1          21.873          -4.777          -3.214         -12.426           26.308
 3339 (vir)     1          21.900          -4.790          -3.250         -12.382           26.243
 3340 (vir)     1          21.913          -4.813          -3.210         -12.395           26.285
 3341 (vir)     1          21.922          -4.781          -1.904         -10.717           25.954
 3342 (vir)     1          21.941          -4.861          -1.931         -10.928           26.078
 3343 (vir)     1          21.952          -4.737          -1.883         -10.646           25.978
 3344 (vir)     1          21.993          -4.958          -3.392         -12.840           26.484
 3345 (vir)     1          22.025          -4.275          -2.926         -11.511           26.334
 3346 (vir)     1          22.034          -4.885          -3.279         -12.621           26.492
 3347 (vir)     1          22.055          -4.722          -1.878         -10.633           26.087
 3348 (vir)     1          22.062          -4.872          -1.928         -10.928           26.191
 3349 (vir)     1          22.075          -4.781          -1.901         -10.729           26.122
 3350 (vir)     1          22.084          -4.834          -1.922         -10.847           26.175
 3351 (vir)     1          22.100          -4.933          -3.379         -12.787           26.575
 3352 (vir)     1          22.145          -4.790          -3.165         -12.265           26.456
 3353 (vir)     1          22.175          -4.414          -2.884         -11.227           26.104
 3354 (vir)     1          22.176          -4.744          -1.878         -10.638           26.192
 3355 (vir)     1          22.177          -4.870          -1.919         -10.882           26.270
 3356 (vir)     1          22.180          -4.864          -1.921         -10.903           26.298
 3357 (vir)     1          22.185          -4.787          -3.140         -12.162           26.421
 3358 (vir)     1          22.210          -4.831          -1.907         -10.798           26.270
 3359 (vir)     1          22.220          -4.785          -1.916         -10.822           26.341
 3360 (vir)     1          22.234          -4.596          -2.982         -11.498           26.154
 3361 (vir)     1          22.275          -4.648          -2.938         -11.523           26.212
 3362 (vir)     1          22.288          -4.832          -1.915         -10.865           26.407
 3363 (vir)     1          22.291          -4.857          -3.192         -12.325           26.568
 3364 (vir)     1          22.306          -4.767          -1.883         -10.662           26.317
 3365 (vir)     1          22.307          -4.867          -1.914         -10.856           26.381
 3366 (vir)     1          22.310          -4.856          -3.320         -12.591           26.725
 3367 (vir)     1          22.378          -4.768          -1.877         -10.694           26.427
 3368 (vir)     1          22.378          -4.795          -3.125         -12.102           26.560
 3369 (vir)     1          22.385          -4.879          -1.917         -10.892           26.481
 3370 (vir)     1          22.392          -4.731          -3.017         -11.739           26.383
 3371 (vir)     1          22.426          -4.832          -3.299         -12.510           26.805
 3372 (vir)     1          22.448          -4.771          -3.056         -11.859           26.481
 3373 (vir)     1          22.456          -4.787          -3.059         -11.859           26.469
 3374 (vir)     1          22.459          -4.789          -1.907         -10.778           26.541
 3375 (vir)     1          22.460          -3.899          -2.884         -11.191           26.867
 3376 (vir)     1          22.525          -4.750          -1.857         -10.611           26.528
 3377 (vir)     1          22.545          -4.799          -1.879         -10.768           26.635
 3378 (vir)     1          22.547          -4.795          -1.882         -10.787           26.657
 3379 (vir)     1          22.553          -4.908          -3.136         -11.968           26.477
 3380 (vir)     1          22.595          -4.957          -1.896         -10.847           26.589
 3381 (vir)     1          22.601          -4.729          -3.152         -12.034           26.753
 3382 (vir)     1          22.645          -4.816          -1.923         -10.889           26.796
 3383 (vir)     1          22.665          -4.783          -1.847         -10.577           26.612
 3384 (vir)     1          22.684          -4.057          -2.622         -10.684           26.688
 3385 (vir)     1          22.684          -4.057          -2.621         -10.682           26.688
 3386 (vir)     1          22.690          -4.810          -3.033         -11.622           26.468
 3387 (vir)     1          22.700          -4.879          -3.164         -12.052           26.709
 3388 (vir)     1          22.772          -4.910          -3.124         -11.904           26.642
 3389 (vir)     1          22.774          -4.904          -3.088         -11.784           26.566
 3390 (vir)     1          22.799          -4.952          -1.879         -10.807           26.775
 3391 (vir)     1          22.807          -4.764          -1.842         -10.566           26.766
 3392 (vir)     1          22.846          -4.873          -1.916         -10.913           26.970
 3393 (vir)     1          22.858          -5.033          -1.863         -10.773           26.735
 3394 (vir)     1          22.889          -5.063          -1.876         -10.844           26.794
 3395 (vir)     1          22.914          -5.331          -1.840         -10.643           26.386
 3396 (vir)     1          22.956          -4.760          -1.846         -10.590           26.939
 3397 (vir)     1          22.965          -5.006          -1.884         -10.905           26.981
 3398 (vir)     1          22.990          -5.092          -1.868         -10.789           26.820
 3399 (vir)     1          23.039          -4.875          -1.877         -10.789           27.077
 3400 (vir)     1          23.044          -4.451          -1.817         -10.521           27.296
 3401 (vir)     1          23.049          -4.896          -1.884         -10.917           27.186
 3402 (vir)     1          23.122          -4.812          -1.872         -10.721           27.159
 3403 (vir)     1          23.136          -4.524          -1.882         -10.919           27.649
 3404 (vir)     1          23.148          -4.303          -2.676         -10.746           26.915
 3405 (vir)     1          23.166          -5.124          -1.858         -10.778           26.961
 3406 (vir)     1          23.181          -4.356          -2.674         -10.745           26.895
 3407 (vir)     1          23.200          -4.864          -1.846         -10.673           27.164
 3408 (vir)     1          23.213          -4.740          -1.807         -10.499           27.164
 3409 (vir)     1          23.225          -4.154          -1.875         -10.890           28.087
 3410 (vir)     1          23.232          -4.291          -2.669         -10.741           27.013
 3411 (vir)     1          23.302          -4.319          -2.663         -10.737           27.056
 3412 (vir)     1          23.312          -4.399          -1.876         -10.909           27.947
 3413 (vir)     1          23.320          -3.437          -1.854         -10.790           28.819
 3414 (vir)     1          23.346          -4.917          -1.895         -10.809           27.342
 3415 (vir)     1          23.366          -4.238          -2.624         -11.109           27.613
 3416 (vir)     1          23.368          -4.225          -2.621         -11.157           27.678
 3417 (vir)     1          23.388          -4.847          -1.831         -10.554           27.263
 3418 (vir)     1          23.393          -4.305          -2.653         -10.783           27.218
 3419 (vir)     1          23.400          -4.836          -1.790         -10.438           27.211
 3420 (vir)     1          23.400          -4.772          -1.872         -10.902           27.658
 3421 (vir)     1          23.456          -5.187          -1.854         -10.815           27.230
 3422 (vir)     1          23.487          -4.835          -1.868         -10.893           27.677
 3423 (vir)     1          23.498          -4.303          -2.649         -10.730           27.276
 3424 (vir)     1          23.550          -4.405          -1.851         -10.827           28.121
 3425 (vir)     1          23.553          -4.135          -2.684         -10.359           27.093
 3426 (vir)     1          23.554          -4.101          -2.679         -10.346           27.120
 3427 (vir)     1          23.562          -4.803          -1.785         -10.451           27.425
 3428 (vir)     1          23.562          -4.114          -2.667         -10.317           27.098
 3429 (vir)     1          23.572          -4.190          -2.696         -10.403           27.089
 3430 (vir)     1          23.572          -4.855          -1.862         -10.876           27.731
 3431 (vir)     1          23.579          -4.894          -1.883         -10.889           27.692
 3432 (vir)     1          23.595          -4.845          -1.777         -10.406           27.380
 3433 (vir)     1          23.606          -4.200          -2.715         -10.480           27.170
 3434 (vir)     1          23.608          -5.675          -1.850         -10.834           26.917
 3435 (vir)     1          23.621          -4.365          -2.641         -10.718           27.333
 3436 (vir)     1          23.658          -4.896          -1.859         -10.871           27.773
 3437 (vir)     1          23.670          -4.265          -2.730         -10.565           27.239
 3438 (vir)     1          23.700          -4.724          -1.773         -10.410           27.612
 3439 (vir)     1          23.744          -4.869          -1.855         -10.858           27.878
 3440 (vir)     1          23.758          -4.345          -2.644         -10.712           27.481
 3441 (vir)     1          23.770          -4.228          -2.731         -10.656           27.467
 3442 (vir)     1          23.784          -4.970          -1.881         -10.911           27.844
 3443 (vir)     1          23.795          -4.730          -1.759         -10.359           27.665
 3444 (vir)     1          23.830          -4.984          -1.850         -10.845           27.840
 3445 (vir)     1          23.854          -4.805          -1.775         -10.430           27.704
 3446 (vir)     1          23.904          -4.376          -2.719         -10.753           27.562
 3447 (vir)     1          23.905          -4.520          -2.896         -11.789           28.277
 3448 (vir)     1          23.905          -4.521          -2.896         -11.789           28.276
 3449 (vir)     1          23.916          -4.307          -2.657         -10.705           27.657
 3450 (vir)     1          23.916          -4.882          -1.846         -10.831           28.020
 3451 (vir)     1          23.986          -4.653          -1.794         -10.567           28.106
 3452 (vir)     1          24.001          -4.864          -1.742         -10.314           27.708
 3453 (vir)     1          24.003          -4.938          -1.841         -10.818           28.041
 3454 (vir)     1          24.031          -4.803          -1.843         -10.749           28.133
 3455 (vir)     1          24.073          -4.391          -2.674         -10.775           27.782
 3456 (vir)     1          24.089          -4.340          -2.698         -10.777           27.828
 3457 (vir)     1          24.089          -4.888          -1.838         -10.807           28.169
 3458 (vir)     1          24.153          -4.887          -1.743         -10.360           27.883
 3459 (vir)     1          24.170          -5.112          -1.840         -10.806           28.024
 3460 (vir)     1          24.210          -4.861          -1.724         -10.264           27.889
 3461 (vir)     1          24.249          -5.294          -1.872         -10.917           28.001
 3462 (vir)     1          24.252          -4.420          -2.636         -10.743           27.938
 3463 (vir)     1          24.295          -4.342          -2.732         -10.905           28.126
 3464 (vir)     1          24.315          -4.730          -1.726         -10.306           28.164
 3465 (vir)     1          24.344          -5.158          -1.792         -10.699           28.094
 3466 (vir)     1          24.408          -5.111          -1.793         -10.692           28.195
 3467 (vir)     1          24.408          -4.758          -2.952         -11.849           28.547
 3468 (vir)     1          24.409          -4.774          -2.941         -11.826           28.520
 3469 (vir)     1          24.412          -4.736          -2.931         -11.806           28.550
 3470 (vir)     1          24.415          -4.710          -2.918         -11.778           28.564
 3471 (vir)     1          24.421          -4.705          -2.902         -11.743           28.557
 3472 (vir)     1          24.423          -4.805          -1.705         -10.210           28.124
 3473 (vir)     1          24.429          -4.699          -2.884         -11.703           28.550
 3474 (vir)     1          24.435          -4.383          -2.636         -10.755           28.171
 3475 (vir)     1          24.441          -4.646          -2.864         -11.660           28.592
 3476 (vir)     1          24.458          -4.616          -2.843         -11.614           28.613
 3477 (vir)     1          24.477          -5.311          -1.865         -10.924           28.225
 3478 (vir)     1          24.477          -5.002          -1.712         -10.264           28.028
 3479 (vir)     1          24.479          -4.600          -2.821         -11.566           28.624
 3480 (vir)     1          24.499          -5.071          -1.792         -10.682           28.318
 3481 (vir)     1          24.506          -4.647          -2.799         -11.514           28.574
 3482 (vir)     1          24.523          -4.419          -2.739         -11.004           28.369
 3483 (vir)     1          24.537          -4.622          -2.775         -11.457           28.597
 3484 (vir)     1          24.575          -4.570          -2.749         -11.392           28.648
 3485 (vir)     1          24.599          -5.024          -1.787         -10.665           28.454
 3486 (vir)     1          24.617          -4.555          -2.719         -11.315           28.658
 3487 (vir)     1          24.619          -4.476          -2.646         -10.789           28.286
 3488 (vir)     1          24.634          -4.874          -1.685         -10.156           28.231
 3489 (vir)     1          24.642          -4.573          -1.697         -10.222           28.594
 3490 (vir)     1          24.663          -4.388          -2.684         -11.222           28.813
 3491 (vir)     1          24.706          -5.013          -1.781         -10.647           28.559
 3492 (vir)     1          24.706          -5.139          -1.851         -10.902           28.618
 3493 (vir)     1          24.712          -4.386          -2.643         -11.105           28.789
 3494 (vir)     1          24.745          -4.527          -2.754         -11.092           28.555
 3495 (vir)     1          24.761          -4.238          -2.591         -10.953           28.884
 3496 (vir)     1          24.796          -4.497          -2.665         -10.841           28.475
 3497 (vir)     1          24.803          -4.305          -2.528         -10.750           28.720
 3498 (vir)     1          24.811          -5.010          -1.683         -10.181           28.300
 3499 (vir)     1          24.817          -5.019          -1.773         -10.625           28.650
 3500 (vir)     1          24.831          -4.274          -2.464         -10.488           28.580
 3501 (vir)     1          24.835          -4.855          -1.667         -10.103           28.416
 3502 (vir)     1          24.846          -4.255          -2.494         -10.430           28.526
 3503 (vir)     1          24.878          -4.306          -2.597         -10.605           28.580
 3504 (vir)     1          24.932          -4.583          -2.765         -11.122           28.706
 3505 (vir)     1          24.933          -5.070          -1.765         -10.602           28.699
 3506 (vir)     1          24.935          -5.292          -1.823         -10.818           28.638
 3507 (vir)     1          24.944          -4.424          -2.682         -10.767           28.605
 3508 (vir)     1          24.953          -4.512          -2.699         -10.924           28.666
 3509 (vir)     1          24.987          -4.807          -1.680         -10.187           28.687
 3510 (vir)     1          25.016          -4.864          -1.651         -10.060           28.562
 3511 (vir)     1          25.038          -4.478          -2.753         -10.896           28.703
 3512 (vir)     1          25.054          -4.992          -1.757         -10.577           28.882
 3513 (vir)     1          25.060          -4.624          -2.773         -11.113           28.776
 3514 (vir)     1          25.066          -4.575          -2.751         -11.042           28.783
 3515 (vir)     1          25.150          -4.886          -1.688         -10.264           28.840
 3516 (vir)     1          25.151          -4.557          -2.819         -11.011           28.787
 3517 (vir)     1          25.161          -4.831          -1.640         -10.029           28.720
 3518 (vir)     1          25.179          -4.974          -1.747         -10.551           29.009
 3519 (vir)     1          25.183          -5.047          -1.781         -10.648           29.003
 3520 (vir)     1          25.254          -4.697          -1.632         -10.008           28.933
 3521 (vir)     1          25.275          -4.653          -2.887         -11.131           28.867
 3522 (vir)     1          25.310          -4.965          -1.738         -10.528           29.134
 3523 (vir)     1          25.341          -4.616          -1.616          -9.967           29.076
 3524 (vir)     1          25.403          -4.754          -2.962         -11.272           28.959
 3525 (vir)     1          25.410          -5.088          -1.815         -10.836           29.343
 3526 (vir)     1          25.445          -4.938          -1.729         -10.502           29.280
 3527 (vir)     1          25.525          -4.906          -3.040         -11.452           29.032
 3528 (vir)     1          25.530          -4.699          -2.950         -11.495           29.375
 3529 (vir)     1          25.531          -4.747          -1.584          -9.844           29.044
 3530 (vir)     1          25.534          -4.707          -2.963         -11.523           29.387
 3531 (vir)     1          25.586          -4.924          -1.718         -10.476           29.419
 3532 (vir)     1          25.600          -4.856          -2.940         -11.680           29.484
 3533 (vir)     1          25.610          -5.057          -2.937         -11.660           29.275
 3534 (vir)     1          25.639          -5.013          -3.101         -11.582           29.107
 3535 (vir)     1          25.644          -5.551          -1.808         -10.837           29.122
 3536 (vir)     1          25.704          -4.943          -2.944         -11.570           29.387
 3537 (vir)     1          25.715          -4.835          -2.894         -11.562           29.548
 3538 (vir)     1          25.719          -4.284          -1.554          -9.732           29.613
 3539 (vir)     1          25.731          -4.979          -1.708         -10.450           29.494
 3540 (vir)     1          25.754          -5.048          -3.122         -11.624           29.209
 3541 (vir)     1          25.810          -5.114          -3.175         -11.746           29.267
 3542 (vir)     1          25.815          -5.177          -3.202         -11.818           29.254
 3543 (vir)     1          25.841          -4.878          -2.947         -11.311           29.328
 3544 (vir)     1          25.848          -4.923          -2.835         -11.403           29.493
 3545 (vir)     1          25.860          -5.184          -3.224         -11.814           29.266
 3546 (vir)     1          25.878          -4.898          -2.910         -11.507           29.577
 3547 (vir)     1          25.880          -5.536          -1.796         -10.818           29.365
 3548 (vir)     1          25.880          -4.928          -1.697         -10.423           29.678
 3549 (vir)     1          25.895          -5.285          -1.526          -9.628           28.712
 3550 (vir)     1          25.943          -5.144          -3.205         -11.803           29.398
 3551 (vir)     1          26.014          -4.830          -2.795         -11.358           29.747
 3552 (vir)     1          26.034          -5.107          -1.686         -10.397           29.637
 3553 (vir)     1          26.041          -4.253          -2.524         -10.649           29.912
 3554 (vir)     1          26.041          -4.431          -1.503          -9.541           29.648
 3555 (vir)     1          26.043          -4.790          -2.708         -11.121           29.666
 3556 (vir)     1          26.098          -5.325          -3.331         -11.992           29.433
 3557 (vir)     1          26.117          -5.330          -1.779         -10.777           29.785
 3558 (vir)     1          26.135          -4.535          -2.599         -10.860           29.861
 3559 (vir)     1          26.138          -4.332          -1.491          -9.498           29.814
 3560 (vir)     1          26.191          -5.397          -1.675         -10.370           29.490
 3561 (vir)     1          26.212          -4.651          -2.633         -11.034           29.962
 3562 (vir)     1          26.217          -4.458          -2.624         -10.868           30.003
 3563 (vir)     1          26.314          -5.454          -3.416         -12.095           29.538
 3564 (vir)     1          26.328          -4.264          -2.640         -10.816           30.239
 3565 (vir)     1          26.352          -5.138          -1.664         -10.344           29.894
 3566 (vir)     1          26.357          -5.854          -1.770         -10.765           29.498
 3567 (vir)     1          26.372          -4.639          -2.546         -10.842           30.028
 3568 (vir)     1          26.473          -4.463          -2.502         -10.762           30.271
 3569 (vir)     1          26.507          -5.217          -3.126         -11.687           29.851
 3570 (vir)     1          26.516          -4.889          -1.652         -10.317           30.292
 3571 (vir)     1          26.533          -4.725          -2.483         -10.930           30.255
 3572 (vir)     1          26.541          -4.993          -2.872         -11.215           29.892
 3573 (vir)     1          26.600          -5.359          -1.756         -10.733           30.218
 3574 (vir)     1          26.608          -4.472          -2.461         -10.723           30.399
 3575 (vir)     1          26.658          -4.660          -2.531         -10.867           30.334
 3576 (vir)     1          26.675          -4.488          -2.450         -10.538           30.275
 3577 (vir)     1          26.681          -4.892          -1.641         -10.289           30.438
 3578 (vir)     1          26.688          -5.592          -3.490         -12.068           29.674
 3579 (vir)     1          26.720          -4.459          -2.433         -10.440           30.268
 3580 (vir)     1          26.729          -4.705          -2.496         -11.003           30.530
 3581 (vir)     1          26.836          -5.363          -1.730         -10.681           30.424
 3582 (vir)     1          26.845          -4.697          -2.603         -10.994           30.540
 3583 (vir)     1          26.848          -5.266          -1.629         -10.262           30.215
 3584 (vir)     1          26.854          -5.285          -2.516         -10.309           29.361
 3585 (vir)     1          26.864          -5.604          -3.499         -12.065           29.826
 3586 (vir)     1          26.973          -4.934          -2.717         -11.209           30.532
 3587 (vir)     1          27.001          -5.466          -3.307         -11.768           29.996
 3588 (vir)     1          27.006          -4.662          -1.910          -9.923           30.358
 3589 (vir)     1          27.015          -3.146          -1.617         -10.233           32.485
 3590 (vir)     1          27.029          -4.513          -1.989          -9.997           30.525
 3591 (vir)     1          27.062          -4.744          -2.528         -11.027           30.818
 3592 (vir)     1          27.079          -4.576          -1.970          -9.993           30.525
 3593 (vir)     1          27.081          -5.593          -3.506         -11.998           29.980
 3594 (vir)     1          27.091          -5.493          -1.725         -10.663           30.537
 3595 (vir)     1          27.094          -4.561          -2.129         -10.111           30.516
 3596 (vir)     1          27.129          -5.534          -3.451         -11.919           30.062
 3597 (vir)     1          27.181          -4.791          -2.588         -10.979           30.781
 3598 (vir)     1          27.182          -5.246          -1.604         -10.202           30.534
 3599 (vir)     1          27.197          -4.313          -2.049         -10.088           30.923
 3600 (vir)     1          27.212          -4.829          -2.083         -10.082           30.382
 3601 (vir)     1          27.306          -4.673          -2.468         -11.173           31.338
 3602 (vir)     1          27.343          -5.521          -1.709         -10.624           30.738
 3603 (vir)     1          27.347          -5.186          -1.591         -10.169           30.739
 3604 (vir)     1          27.367          -4.785          -2.641         -11.038           30.979
 3605 (vir)     1          27.371          -5.012          -2.101         -10.090           30.348
 3606 (vir)     1          27.373          -4.568          -2.079         -10.177           30.903
 3607 (vir)     1          27.477          -4.887          -2.545         -10.696           30.741
 3608 (vir)     1          27.508          -5.648          -1.578         -10.133           30.416
 3609 (vir)     1          27.549          -4.688          -2.127         -10.194           30.928
 3610 (vir)     1          27.556          -4.762          -2.467         -10.399           30.726
 3611 (vir)     1          27.565          -4.788          -2.536         -11.207           31.449
 3612 (vir)     1          27.599          -5.448          -1.693         -10.582           31.041
 3613 (vir)     1          27.608          -4.936          -2.110         -10.285           30.847
 3614 (vir)     1          27.622          -4.831          -2.597         -11.219           31.412
 3615 (vir)     1          27.666          -5.335          -1.564         -10.092           30.860
 3616 (vir)     1          27.670          -4.914          -2.736         -11.187           31.207
 3617 (vir)     1          27.716          -4.955          -2.777         -11.253           31.237
 3618 (vir)     1          27.744          -5.018          -2.822         -11.309           31.213
 3619 (vir)     1          27.760          -5.126          -2.896         -11.393           31.131
 3620 (vir)     1          27.773          -5.266          -3.002         -11.505           31.011
 3621 (vir)     1          27.786          -5.392          -3.093         -11.599           30.901
 3622 (vir)     1          27.788          -4.979          -2.144         -10.359           31.024
 3623 (vir)     1          27.820          -4.569          -1.549         -10.045           31.747
 3624 (vir)     1          27.859          -5.184          -1.676         -10.534           31.534
 3625 (vir)     1          27.870          -5.271          -2.179         -10.380           30.800
 3626 (vir)     1          27.870          -4.760          -2.390         -11.321           32.040
 3627 (vir)     1          27.966          -4.776          -1.532          -9.992           31.650
 3628 (vir)     1          28.054          -5.222          -2.305         -10.398           30.925
 3629 (vir)     1          28.076          -5.144          -2.194         -10.532           31.270
 3630 (vir)     1          28.105          -3.095          -1.515          -9.931           33.427
 3631 (vir)     1          28.123          -6.045          -1.658         -10.470           30.889
 3632 (vir)     1          28.143          -4.819          -2.358         -11.354           32.319
 3633 (vir)     1          28.149          -4.964          -2.545         -10.809           31.449
 3634 (vir)     1          28.191          -4.960          -2.516         -10.799           31.514
 3635 (vir)     1          28.205          -4.762          -2.378         -10.129           31.194
 3636 (vir)     1          28.233          -4.711          -1.496          -9.865           31.891
 3637 (vir)     1          28.259          -4.915          -2.534         -10.822           31.631
 3638 (vir)     1          28.262          -5.175          -2.303         -10.654           31.437
 3639 (vir)     1          28.346          -4.745          -1.478          -9.796           31.919
 3640 (vir)     1          28.346          -4.936          -2.498         -10.817           31.729
 3641 (vir)     1          28.364          -5.629          -2.289         -10.682           31.128
 3642 (vir)     1          28.381          -6.207          -1.665         -10.239           30.748
 3643 (vir)     1          28.403          -4.876          -2.386         -11.410           32.551
 3644 (vir)     1          28.408          -4.947          -2.531         -10.841           31.772
 3645 (vir)     1          28.435          -4.879          -1.462          -9.735           31.829
 3646 (vir)     1          28.439          -5.948          -3.424         -12.067           31.133
 3647 (vir)     1          28.441          -5.906          -3.378         -12.041           31.198
 3648 (vir)     1          28.476          -3.313          -1.889          -9.641           32.915
 3649 (vir)     1          28.492          -5.814          -1.451          -9.691           30.918
 3650 (vir)     1          28.496          -3.260          -1.882          -9.865           33.219
 3651 (vir)     1          28.500          -5.621          -2.401         -10.770           31.248
 3652 (vir)     1          28.502          -5.015          -2.487         -10.870           31.870
 3653 (vir)     1          28.535          -5.751          -2.371         -10.828           31.240
 3654 (vir)     1          28.600          -4.968          -2.515         -10.920           32.037
 3655 (vir)     1          28.654          -4.953          -2.321         -11.405           32.784
 3656 (vir)     1          28.683          -6.003          -1.644         -10.464           31.500
 3657 (vir)     1          28.692          -4.961          -2.537         -10.959           32.153
 3658 (vir)     1          28.790          -4.959          -2.528         -10.985           32.288
 3659 (vir)     1          28.805          -5.997          -2.457         -10.518           30.870
 3660 (vir)     1          28.890          -4.910          -2.311         -11.347           33.015
 3661 (vir)     1          28.897          -5.035          -2.528         -11.019           32.353
 3662 (vir)     1          28.961          -5.154          -1.611         -10.409           32.605
 3663 (vir)     1          29.003          -5.006          -2.509         -11.027           32.516
 3664 (vir)     1          29.092          -5.052          -2.297         -11.415           33.158
 3665 (vir)     1          29.117          -5.027          -2.489         -11.055           32.656
 3666 (vir)     1          29.226          -4.958          -2.467         -11.071           32.872
 3667 (vir)     1          29.249          -4.952          -1.589         -10.356           33.063
 3668 (vir)     1          29.285          -5.050          -2.287         -11.391           33.339
 3669 (vir)     1          29.293          -6.008          -2.492         -10.858           31.651
 3670 (vir)     1          29.330          -4.898          -2.224         -10.931           33.138
 3671 (vir)     1          29.331          -4.919          -2.430         -11.096           33.079
 3672 (vir)     1          29.332          -4.856          -2.192         -10.947           33.232
 3673 (vir)     1          29.380          -4.797          -2.218         -11.016           33.381
 3674 (vir)     1          29.393          -4.856          -2.224         -11.019           33.332
 3675 (vir)     1          29.426          -4.951          -2.412         -11.151           33.215
 3676 (vir)     1          29.447          -4.974          -2.214         -10.974           33.233
 3677 (vir)     1          29.463          -5.098          -2.319         -10.915           32.961
 3678 (vir)     1          29.479          -5.025          -2.396         -11.168           33.226
 3679 (vir)     1          29.488          -4.870          -2.246         -11.064           33.436
 3680 (vir)     1          29.490          -4.983          -2.309         -10.799           32.997
 3681 (vir)     1          29.491          -5.089          -2.295         -11.337           33.445
 3682 (vir)     1          29.544          -4.628          -1.568         -10.305           33.652
 3683 (vir)     1          29.547          -4.984          -2.214         -10.994           33.343
 3684 (vir)     1          29.608          -4.969          -2.282         -11.171           33.527
 3685 (vir)     1          29.608          -4.932          -2.312         -10.737           33.100
 3686 (vir)     1          29.625          -5.252          -2.357         -11.339           33.355
 3687 (vir)     1          29.691          -4.896          -2.172         -10.949           33.571
 3688 (vir)     1          29.697          -5.767          -2.459         -11.031           32.503
 3689 (vir)     1          29.751          -5.301          -2.356         -11.345           33.439
 3690 (vir)     1          29.783          -5.204          -2.345         -11.426           33.660
 3691 (vir)     1          29.812          -5.030          -2.304         -10.578           33.056
 3692 (vir)     1          29.845          -4.927          -2.171         -10.966           33.714
 3693 (vir)     1          29.846          -5.152          -1.547         -10.254           33.402
 3694 (vir)     1          29.882          -5.218          -2.353         -11.329           33.640
 3695 (vir)     1          29.931          -5.238          -2.358         -11.406           33.741
 3696 (vir)     1          29.943          -6.097          -2.497         -11.413           32.763
 3697 (vir)     1          29.999          -5.051          -2.197         -11.052           33.803
 3698 (vir)     1          30.059          -5.651          -2.436         -11.361           33.333
 3699 (vir)     1          30.062          -5.216          -2.387         -11.306           33.765
 3700 (vir)     1          30.089          -5.241          -2.340         -10.660           33.168
 3701 (vir)     1          30.132          -4.975          -2.172         -11.066           34.052
 3702 (vir)     1          30.155          -4.795          -1.526         -10.204           34.038
 3703 (vir)     1          30.199          -5.106          -2.268         -11.190           34.015
 3704 (vir)     1          30.220          -5.678          -2.543         -11.425           33.424
 3705 (vir)     1          30.234          -5.117          -2.283         -11.223           34.057
 3706 (vir)     1          30.290          -5.230          -2.391         -11.579           34.248
 3707 (vir)     1          30.364          -5.730          -2.537         -11.629           33.726
 3708 (vir)     1          30.364          -5.273          -2.357         -10.791           33.525
 3709 (vir)     1          30.373          -5.381          -2.486         -11.502           34.007
 3710 (vir)     1          30.415          -5.473          -2.312         -10.916           33.546
 3711 (vir)     1          30.441          -5.699          -2.527         -11.642           33.856
 3712 (vir)     1          30.446          -5.510          -2.311         -10.915           33.540
 3713 (vir)     1          30.470          -5.627          -1.504         -10.154           33.492
 3714 (vir)     1          30.483          -6.073          -2.564         -11.751           33.597
 3715 (vir)     1          30.511          -5.389          -2.508         -11.565           34.179
 3716 (vir)     1          30.521          -5.280          -2.313         -10.983           33.910
 3717 (vir)     1          30.579          -6.044          -2.646         -11.832           33.721
 3718 (vir)     1          30.582          -6.345          -2.618         -11.849           33.468
 3719 (vir)     1          30.593          -5.433          -2.299         -10.897           33.758
 3720 (vir)     1          30.628          -5.437          -2.313         -10.881           33.758
 3721 (vir)     1          30.649          -6.459          -2.669         -11.905           33.427
 3722 (vir)     1          30.652          -6.155          -2.687         -11.935           33.745
 3723 (vir)     1          30.665          -5.276          -2.506         -11.618           34.502
 3724 (vir)     1          30.691          -5.533          -2.410         -11.224           33.972
 3725 (vir)     1          30.783          -5.476          -2.215         -10.821           33.912
 3726 (vir)     1          30.791          -6.117          -1.482         -10.103           33.295
 3727 (vir)     1          30.846          -5.455          -2.530         -11.670           34.531
 3728 (vir)     1          30.865          -5.675          -2.459         -11.237           33.967
 3729 (vir)     1          30.911          -5.765          -2.447         -11.346           34.046
 3730 (vir)     1          30.984          -5.512          -2.255         -10.959           34.176
 3731 (vir)     1          31.011          -5.259          -2.463         -11.564           34.853
 3732 (vir)     1          31.101          -4.976          -2.075         -10.719           34.769
 3733 (vir)     1          31.105          -5.567          -2.423         -11.233           34.348
 3734 (vir)     1          31.116          -6.031          -1.460         -10.053           33.679
 3735 (vir)     1          31.127          -5.039          -2.122         -10.788           34.755
 3736 (vir)     1          31.140          -5.800          -2.565         -11.639           34.414
 3737 (vir)     1          31.189          -5.675          -2.321         -11.176           34.369
 3738 (vir)     1          31.198          -5.541          -2.536         -11.716           34.837
 3739 (vir)     1          31.259          -5.341          -2.326         -11.617           35.209
 3740 (vir)     1          31.273          -5.355          -2.330         -11.626           35.213
 3741 (vir)     1          31.294          -5.380          -2.339         -11.610           35.185
 3742 (vir)     1          31.314          -5.549          -2.578         -11.844           35.032
 3743 (vir)     1          31.320          -5.430          -2.348         -11.627           35.169
 3744 (vir)     1          31.322          -5.419          -2.323         -11.183           34.763
 3745 (vir)     1          31.353          -5.720          -2.480         -11.666           34.818
 3746 (vir)     1          31.374          -5.614          -2.377         -11.517           34.900
 3747 (vir)     1          31.375          -5.588          -2.345         -11.252           34.694
 3748 (vir)     1          31.376          -5.607          -2.345         -11.257           34.680
 3749 (vir)     1          31.381          -5.999          -2.560         -11.875           34.697
 3750 (vir)     1          31.394          -5.530          -2.345         -11.158           34.677
 3751 (vir)     1          31.400          -5.527          -2.344         -11.273           34.801
 3752 (vir)     1          31.402          -5.574          -2.339         -11.270           34.759
 3753 (vir)     1          31.410          -5.455          -2.435         -11.454           34.973
 3754 (vir)     1          31.434          -5.558          -2.365         -11.552           35.062
 3755 (vir)     1          31.435          -5.393          -2.319         -11.228           34.951
 3756 (vir)     1          31.436          -5.489          -2.337         -11.256           34.866
 3757 (vir)     1          31.443          -5.551          -2.414         -11.488           34.966
 3758 (vir)     1          31.446          -6.212          -1.438         -10.003           33.800
 3759 (vir)     1          31.461          -5.322          -2.321         -11.198           35.016
 3760 (vir)     1          31.464          -5.625          -2.414         -11.673           35.099
 3761 (vir)     1          31.472          -5.371          -2.299         -11.202           35.003
 3762 (vir)     1          31.478          -5.454          -2.311         -11.268           34.980
 3763 (vir)     1          31.492          -5.421          -2.269         -11.114           34.916
 3764 (vir)     1          31.496          -5.362          -2.280         -11.160           35.014
 3765 (vir)     1          31.512          -5.519          -2.325         -11.320           34.988
 3766 (vir)     1          31.523          -5.460          -2.375         -11.493           35.181
 3767 (vir)     1          31.528          -5.569          -2.452         -11.632           35.138
 3768 (vir)     1          31.533          -5.538          -2.342         -11.384           35.037
 3769 (vir)     1          31.535          -5.697          -2.438         -11.629           35.029
 3770 (vir)     1          31.579          -5.582          -2.439         -11.684           35.243
 3771 (vir)     1          31.584          -6.737          -2.870         -12.262           34.239
 3772 (vir)     1          31.598          -5.614          -2.391         -11.590           35.183
 3773 (vir)     1          31.652          -5.659          -2.379         -11.647           35.262
 3774 (vir)     1          31.662          -5.551          -2.454         -11.703           35.361
 3775 (vir)     1          31.692          -5.439          -2.225         -11.050           35.078
 3776 (vir)     1          31.699          -5.652          -2.356         -11.633           35.323
 3777 (vir)     1          31.727          -5.582          -2.331         -11.595           35.409
 3778 (vir)     1          31.743          -6.566          -2.785         -12.254           34.646
 3779 (vir)     1          31.745          -5.635          -2.206         -11.386           35.290
 3780 (vir)     1          31.763          -5.999          -2.414         -11.812           35.162
 3781 (vir)     1          31.765          -5.423          -2.325         -11.466           35.483
 3782 (vir)     1          31.779          -5.463          -2.235         -11.416           35.496
 3783 (vir)     1          31.779          -7.137          -1.415          -9.954           33.181
 3784 (vir)     1          31.823          -5.653          -2.299         -11.629           35.499
 3785 (vir)     1          31.841          -5.648          -2.223         -11.158           35.128
 3786 (vir)     1          31.856          -5.408          -2.248         -11.320           35.520
 3787 (vir)     1          31.859          -5.373          -2.252         -11.140           35.375
 3788 (vir)     1          31.862          -5.275          -2.176         -11.249           35.661
 3789 (vir)     1          31.887          -6.854          -3.058         -12.609           34.584
 3790 (vir)     1          31.904          -5.760          -2.315         -11.631           35.460
 3791 (vir)     1          31.976          -5.234          -2.228         -11.273           35.787
 3792 (vir)     1          31.978          -5.296          -2.149         -11.152           35.685
 3793 (vir)     1          31.983          -5.805          -2.304         -11.768           35.642
 3794 (vir)     1          31.990          -6.540          -2.950         -12.482           34.982
 3795 (vir)     1          31.993          -6.219          -2.598         -11.614           34.791
 3796 (vir)     1          32.014          -5.783          -2.304         -11.142           35.068
 3797 (vir)     1          32.071          -7.248          -3.151         -12.853           34.525
 3798 (vir)     1          32.073          -5.852          -2.332         -11.803           35.692
 3799 (vir)     1          32.081          -6.054          -2.719         -11.796           35.105
 3800 (vir)     1          32.095          -5.314          -2.149         -11.080           35.712
 3801 (vir)     1          32.109          -5.949          -2.976         -12.201           35.385
 3802 (vir)     1          32.114          -5.285          -2.206         -11.223           35.845
 3803 (vir)     1          32.114          -7.435          -1.393          -9.905           33.191
 3804 (vir)     1          32.134          -7.363          -3.139         -12.954           34.586
 3805 (vir)     1          32.159          -5.910          -2.365         -11.880           35.765
 3806 (vir)     1          32.171          -5.287          -2.252         -11.030           35.662
 3807 (vir)     1          32.188          -6.973          -3.048         -12.904           35.071
 3808 (vir)     1          32.208          -5.563          -2.231         -11.031           35.446
 3809 (vir)     1          32.212          -6.054          -2.447         -11.605           35.315
 3810 (vir)     1          32.242          -6.362          -2.560         -12.097           35.417
 3811 (vir)     1          32.247          -5.212          -2.212         -11.150           35.972
 3812 (vir)     1          32.250          -6.062          -2.491         -12.107           35.804
 3813 (vir)     1          32.274          -5.192          -2.157         -11.134           36.060
 3814 (vir)     1          32.302          -6.137          -2.501         -12.140           35.805
 3815 (vir)     1          32.328          -5.911          -2.342         -11.872           35.946
 3816 (vir)     1          32.339          -4.588          -2.104         -10.950           36.597
 3817 (vir)     1          32.367          -5.160          -2.094         -11.189           36.302
 3818 (vir)     1          32.383          -5.821          -2.294         -11.772           36.040
 3819 (vir)     1          32.409          -5.677          -2.260         -11.719           36.191
 3820 (vir)     1          32.415          -5.702          -2.161         -11.271           35.823
 3821 (vir)     1          32.447          -5.514          -2.168         -11.291           36.056
 3822 (vir)     1          32.447          -8.027          -1.371          -9.857           32.906
 3823 (vir)     1          32.455          -5.191          -2.100         -11.290           36.453
 3824 (vir)     1          32.466          -5.555          -2.247         -11.670           36.334
 3825 (vir)     1          32.512          -5.893          -2.303         -11.791           36.108
 3826 (vir)     1          32.538          -5.243          -2.138         -11.374           36.531
 3827 (vir)     1          32.556          -5.533          -2.115         -11.468           36.376
 3828 (vir)     1          32.558          -5.802          -2.278         -11.718           36.197
 3829 (vir)     1          32.597          -5.623          -2.224         -11.583           36.333
 3830 (vir)     1          32.607          -5.363          -2.096         -11.372           36.520
 3831 (vir)     1          32.613          -5.228          -2.194         -11.384           36.575
 3832 (vir)     1          32.625          -5.950          -2.228         -11.318           35.764
 3833 (vir)     1          32.630          -5.571          -2.167         -11.443           36.335
 3834 (vir)     1          32.643          -5.363          -2.126         -11.372           36.525
 3835 (vir)     1          32.656          -5.374          -2.106         -11.295           36.470
 3836 (vir)     1          32.663          -5.325          -2.105         -11.305           36.538
 3837 (vir)     1          32.667          -5.001          -2.231         -11.285           36.721
 3838 (vir)     1          32.671          -5.398          -2.085         -11.232           36.421
 3839 (vir)     1          32.674          -5.195          -2.091         -11.250           36.637
 3840 (vir)     1          32.778          -7.058          -1.349          -9.809           34.180
 3841 (vir)     1          32.783          -5.972          -2.208         -11.353           35.956
 3842 (vir)     1          32.883          -5.962          -2.205         -11.372           36.087
 3843 (vir)     1          32.970          -5.552          -2.217         -11.833           37.034
 3844 (vir)     1          32.989          -5.952          -2.194         -11.321           36.164
 3845 (vir)     1          33.003          -5.495          -2.211         -11.549           36.845
 3846 (vir)     1          33.034          -4.932          -2.208         -11.307           37.201
 3847 (vir)     1          33.062          -5.137          -2.212         -11.175           36.887
 3848 (vir)     1          33.090          -5.278          -2.221         -11.139           36.730
 3849 (vir)     1          33.103          -8.075          -1.327          -9.763           33.464
 3850 (vir)     1          33.118          -4.887          -2.225         -11.158           37.164
 3851 (vir)     1          33.142          -5.904          -2.143         -11.255           36.350
 3852 (vir)     1          33.144          -5.573          -2.222         -11.149           36.498
 3853 (vir)     1          33.152          -6.327          -2.153         -11.368           36.040
 3854 (vir)     1          33.156          -6.389          -2.152         -11.334           35.949
 3855 (vir)     1          33.169          -5.814          -2.221         -11.060           36.195
 3856 (vir)     1          33.184          -6.077          -2.151         -11.391           36.346
 3857 (vir)     1          33.190          -6.279          -2.149         -11.363           36.126
 3858 (vir)     1          33.204          -5.653          -2.228         -10.974           36.297
 3859 (vir)     1          33.232          -6.113          -2.147         -11.407           36.378
 3860 (vir)     1          33.249          -6.217          -2.149         -11.391           36.273
 3861 (vir)     1          33.251          -5.576          -2.239         -10.950           36.386
 3862 (vir)     1          33.286          -5.615          -2.450         -11.550           36.772
 3863 (vir)     1          33.294          -5.822          -2.142         -11.402           36.732
 3864 (vir)     1          33.305          -6.111          -2.438         -11.564           36.320
 3865 (vir)     1          33.307          -5.863          -2.094         -11.249           36.598
 3866 (vir)     1          33.308          -5.020          -2.249         -10.956           36.996
 3867 (vir)     1          33.319          -6.019          -2.299         -11.468           36.469
 3868 (vir)     1          33.339          -6.115          -2.272         -11.471           36.422
 3869 (vir)     1          33.354          -5.776          -2.411         -11.568           36.735
 3870 (vir)     1          33.373          -5.997          -2.134         -11.364           36.606
 3871 (vir)     1          33.373          -5.652          -2.260         -10.979           36.440
 3872 (vir)     1          33.386          -6.163          -2.398         -11.554           36.380
 3873 (vir)     1          33.397          -5.993          -2.225         -11.535           36.713
 3874 (vir)     1          33.420          -6.054          -2.325         -11.530           36.571
 3875 (vir)     1          33.420          -8.417          -1.306          -9.718           33.415
 3876 (vir)     1          33.442          -5.862          -2.290         -11.052           36.342
 3877 (vir)     1          33.443          -6.377          -2.392         -11.523           36.196
 3878 (vir)     1          33.460          -5.592          -2.066         -11.189           36.990
 3879 (vir)     1          33.468          -5.701          -2.103         -11.215           36.879
 3880 (vir)     1          33.482          -5.949          -2.365         -11.470           36.637
 3881 (vir)     1          33.484          -5.369          -2.579         -11.960           37.497
 3882 (vir)     1          33.489          -5.794          -2.188         -11.564           37.071
 3883 (vir)     1          33.490          -4.732          -2.618         -12.105           38.245
 3884 (vir)     1          33.495          -6.580          -2.530         -11.916           36.300
 3885 (vir)     1          33.497          -6.616          -2.528         -11.917           36.269
 3886 (vir)     1          33.518          -5.753          -2.362         -11.306           36.709
 3887 (vir)     1          33.520          -5.869          -2.518         -11.866           36.999
 3888 (vir)     1          33.525          -6.018          -2.337         -11.460           36.631
 3889 (vir)     1          33.530          -5.792          -2.571         -12.030           37.196
 3890 (vir)     1          33.532          -6.034          -2.522         -11.906           36.882
 3891 (vir)     1          33.535          -6.487          -2.509         -11.904           36.444
 3892 (vir)     1          33.555          -6.240          -2.315         -11.418           36.418
 3893 (vir)     1          33.557          -5.262          -1.937         -10.946           37.304
 3894 (vir)     1          33.566          -5.839          -2.128         -11.284           36.884
 3895 (vir)     1          33.570          -5.988          -2.418         -11.678           36.842
 3896 (vir)     1          33.581          -5.173          -2.515         -11.891           37.785
 3897 (vir)     1          33.589          -6.203          -2.485         -11.888           36.788
 3898 (vir)     1          33.589          -6.002          -2.434         -11.708           36.861
 3899 (vir)     1          33.593          -5.943          -2.123         -11.523           37.050
 3900 (vir)     1          33.607          -6.208          -2.476         -11.723           36.645
 3901 (vir)     1          33.613          -8.016          -2.326         -11.276           34.546
 3902 (vir)     1          33.628          -5.899          -2.368         -11.610           36.970
 3903 (vir)     1          33.639          -5.628          -2.455         -11.796           37.352
 3904 (vir)     1          33.651          -6.127          -2.437         -11.822           36.908
 3905 (vir)     1          33.657          -6.677          -2.321         -11.413           36.072
 3906 (vir)     1          33.664          -5.574          -2.429         -11.749           37.410
 3907 (vir)     1          33.667          -5.735          -2.143         -11.640           37.430
 3908 (vir)     1          33.674          -6.126          -2.202         -11.280           36.626
 3909 (vir)     1          33.683          -5.680          -2.340         -11.610           37.274
 3910 (vir)     1          33.701          -5.912          -2.365         -11.502           36.927
 3911 (vir)     1          33.703          -5.728          -2.386         -11.667           37.256
 3912 (vir)     1          33.711          -5.207          -2.254         -11.491           37.741
 3913 (vir)     1          33.726          -7.975          -1.286          -9.674           34.139
 3914 (vir)     1          33.728          -7.045          -2.334         -11.511           35.860
 3915 (vir)     1          33.737          -6.434          -2.430         -11.785           36.657
 3916 (vir)     1          33.738          -5.563          -2.400         -11.734           37.509
 3917 (vir)     1          33.745          -5.007          -2.102         -11.209           37.845
 3918 (vir)     1          33.762          -6.459          -2.222         -11.642           36.723
 3919 (vir)     1          33.770          -6.396          -2.233         -11.350           36.491
 3920 (vir)     1          33.772          -6.030          -2.376         -11.707           37.073
 3921 (vir)     1          33.798          -6.047          -2.295         -11.415           36.872
 3922 (vir)     1          33.801          -6.853          -2.467         -11.864           36.345
 3923 (vir)     1          33.803          -6.649          -2.273         -11.553           36.433
 3924 (vir)     1          33.806          -5.926          -2.396         -11.751           37.235
 3925 (vir)     1          33.833          -6.076          -2.397         -11.816           37.176
 3926 (vir)     1          33.849          -6.622          -2.236         -11.544           36.535
 3927 (vir)     1          33.857          -6.190          -2.269         -11.389           36.787
 3928 (vir)     1          33.868          -6.077          -2.415         -11.829           37.205
 3929 (vir)     1          33.876          -6.038          -2.305         -11.481           37.013
 3930 (vir)     1          33.887          -6.176          -2.217         -11.621           37.115
 3931 (vir)     1          33.903          -6.284          -2.493         -11.995           37.121
 3932 (vir)     1          33.931          -6.250          -2.423         -11.653           36.911
 3933 (vir)     1          33.940          -6.679          -2.245         -11.490           36.505
 3934 (vir)     1          33.948          -6.820          -2.294         -11.423           36.257
 3935 (vir)     1          33.972          -7.244          -2.607         -12.120           36.240
 3936 (vir)     1          33.974          -6.269          -2.182         -11.654           37.177
 3937 (vir)     1          33.977          -6.599          -2.501         -11.890           36.767
 3938 (vir)     1          33.996          -8.071          -2.733         -12.168           35.360
 3939 (vir)     1          34.012          -7.607          -2.634         -11.883           35.655
 3940 (vir)     1          34.018          -9.376          -1.266          -9.631           33.006
 3941 (vir)     1          34.033          -6.566          -2.238         -11.488           36.716
 3942 (vir)     1          34.044          -6.706          -2.296         -11.394           36.437
 3943 (vir)     1          34.046          -7.235          -2.500         -11.821           36.132
 3944 (vir)     1          34.056          -7.196          -2.620         -12.088           36.328
 3945 (vir)     1          34.058          -6.224          -2.160         -11.650           37.324
 3946 (vir)     1          34.058          -7.331          -2.621         -12.115           36.222
 3947 (vir)     1          34.082          -6.818          -2.434         -11.728           36.558
 3948 (vir)     1          34.122          -6.612          -2.234         -11.266           36.541
 3949 (vir)     1          34.124          -6.005          -2.089         -11.756           37.785
 3950 (vir)     1          34.127          -6.395          -2.452         -11.949           37.229
 3951 (vir)     1          34.148          -7.404          -2.350         -11.452           35.846
 3952 (vir)     1          34.153          -6.888          -2.394         -11.459           36.330
 3953 (vir)     1          34.187          -6.673          -2.444         -12.163           37.233
 3954 (vir)     1          34.191          -5.977          -2.048         -11.775           37.941
 3955 (vir)     1          34.223          -6.887          -2.370         -11.340           36.307
 3956 (vir)     1          34.226          -6.514          -2.378         -11.278           36.612
 3957 (vir)     1          34.227          -6.669          -2.431         -12.134           37.261
 3958 (vir)     1          34.241          -5.990          -2.044         -11.777           37.984
 3959 (vir)     1          34.254          -6.764          -2.424         -12.099           37.164
 3960 (vir)     1          34.269          -7.239          -2.380         -11.981           36.631
 3961 (vir)     1          34.270          -7.288          -2.433         -11.535           36.086
 3962 (vir)     1          34.273          -6.197          -2.070         -11.759           37.765
 3963 (vir)     1          34.281          -6.396          -2.326         -11.920           37.478
 3964 (vir)     1          34.287          -6.403          -2.224         -11.584           37.244
 3965 (vir)     1          34.288          -6.243          -2.106         -11.750           37.689
 3966 (vir)     1          34.290          -9.896          -1.247          -9.589           32.736
 3967 (vir)     1          34.294          -6.280          -2.128         -11.739           37.625
 3968 (vir)     1          34.300          -7.172          -2.395         -11.618           36.351
 3969 (vir)     1          34.315          -6.765          -2.020         -11.292           36.822
 3970 (vir)     1          34.325          -6.971          -2.384         -11.601           36.572
 3971 (vir)     1          34.350          -7.076          -2.407         -11.514           36.381
 3972 (vir)     1          34.351          -7.421          -2.424         -11.383           35.889
 3973 (vir)     1          34.367          -7.400          -1.949         -11.038           36.056
 3974 (vir)     1          34.414          -7.057          -2.338         -11.249           36.267
 3975 (vir)     1          34.420          -7.019          -2.384         -11.645           36.663
 3976 (vir)     1          34.429          -6.963          -2.418         -11.363           36.412
 3977 (vir)     1          34.451          -5.647          -1.977         -10.924           37.750
 3978 (vir)     1          34.497          -6.280          -2.305         -11.098           37.011
 3979 (vir)     1          34.501          -7.104          -2.413         -11.405           36.390
 3980 (vir)     1          34.504          -6.952          -2.388         -11.631           36.794
 3981 (vir)     1          34.541          -9.063          -1.230          -9.549           33.798
 3982 (vir)     1          34.557          -6.617          -2.052         -10.964           36.851
 3983 (vir)     1          34.562          -6.701          -2.407         -11.481           36.936
 3984 (vir)     1          34.568          -6.900          -2.394         -11.601           36.875
 3985 (vir)     1          34.593          -6.379          -2.290         -11.053           36.977
 3986 (vir)     1          34.605          -7.028          -2.401         -11.554           36.730
 3987 (vir)     1          34.608          -6.947          -2.398         -11.587           36.849
 3988 (vir)     1          34.676          -6.086          -2.161         -11.030           37.460
 3989 (vir)     1          34.698          -6.242          -2.258         -11.071           37.269
 3990 (vir)     1          34.766           2.000          -1.214          -9.511           45.063
 3991 (vir)     1          34.799          -5.923          -2.320         -11.024           37.580
 3992 (vir)     1          34.815          -6.629          -2.212         -11.226           37.200
 3993 (vir)     1          34.845          -6.631          -2.353         -11.838           37.699
 3994 (vir)     1          34.845          -6.631          -2.353         -11.838           37.699
 3995 (vir)     1          34.858          -7.866          -2.891         -11.890           35.991
 3996 (vir)     1          34.897          -7.983          -2.808         -11.793           35.899
 3997 (vir)     1          34.924          -6.444          -2.388         -11.101           37.193
 3998 (vir)     1          34.956          -7.204          -2.294         -11.377           36.835
 3999 (vir)     1          34.960         -11.276          -1.199          -9.475           31.960
 4000 (vir)     1          34.978          -7.864          -2.822         -11.857           36.148
 4001 (vir)     1          35.053          -6.234          -2.366         -11.076           37.528
 4002 (vir)     1          35.093          -7.682          -2.771         -11.851           36.491
 4003 (vir)     1          35.101          -7.608          -2.330         -11.456           36.619
 4004 (vir)     1          35.119         -12.865          -1.187          -9.444           30.511
 4005 (vir)     1          35.187          -4.862          -2.352         -11.090           39.062
 4006 (vir)     1          35.237          -9.550          -1.178          -9.419           33.929
 4007 (vir)     1          35.238          -7.462          -2.715         -11.850           36.911
 4008 (vir)     1          35.256          -7.367          -2.386         -11.550           37.053
 4009 (vir)     1          35.309         -11.039          -1.172          -9.403           32.501
 4010 (vir)     1          35.310          -6.550          -2.532         -11.973           38.201
 4011 (vir)     1          35.316          -6.814          -2.531         -11.973           37.944
 4012 (vir)     1          35.317          -6.299          -2.330         -11.104           37.792
 4013 (vir)     1          35.341          -6.389          -2.492         -11.972           38.432
 4014 (vir)     1          35.362          -6.471          -2.494         -11.928           38.326
 4015 (vir)     1          35.388          -6.607          -2.432         -12.021           38.370
 4016 (vir)     1          35.404          -6.753          -2.608         -11.729           37.772
 4017 (vir)     1          35.418          -7.281          -2.442         -11.644           37.339
 4018 (vir)     1          35.423          -6.204          -2.445         -11.824           38.598
 4019 (vir)     1          35.430          -6.049          -2.369         -11.251           38.263
 4020 (vir)     1          35.454          -6.623          -2.343         -12.135           38.623
 4021 (vir)     1          35.487          -6.273          -2.399         -11.765           38.581
 4022 (vir)     1          35.496          -5.490          -2.268         -11.085           38.823
 4023 (vir)     1          35.529          -6.228          -2.178         -12.198           39.322
 4024 (vir)     1          35.553          -6.652          -2.361         -11.739           38.279
 4025 (vir)     1          35.587          -7.517          -2.502         -11.738           37.305
 4026 (vir)     1          35.595          -7.127          -2.654         -11.927           37.740
 4027 (vir)     1          35.614          -6.521          -2.332         -11.714           38.475
 4028 (vir)     1          35.658          -6.281          -2.289         -11.602           38.690
 4029 (vir)     1          35.662          -6.472          -2.294         -11.472           38.368
 4030 (vir)     1          35.675          -6.997          -2.340         -11.474           37.812
 4031 (vir)     1          35.695          -6.219          -2.269         -11.571           38.778
 4032 (vir)     1          35.696          -6.412          -2.259         -11.648           38.674
 4033 (vir)     1          35.713          -7.538          -2.776         -12.326           37.725
 4034 (vir)     1          35.733          -6.576          -2.323         -11.538           38.372
 4035 (vir)     1          35.740          -6.351          -2.240         -11.732           38.881
 4036 (vir)     1          35.741          -6.620          -2.301         -11.479           38.298
 4037 (vir)     1          35.761          -7.475          -2.569         -11.832           37.550
 4038 (vir)     1          35.780          -6.767          -2.207         -11.773           38.579
 4039 (vir)     1          35.781          -6.238          -2.217         -11.751           39.077
 4040 (vir)     1          35.791          -7.380          -2.636         -11.966           37.742
 4041 (vir)     1          35.810          -6.906          -2.309         -11.509           38.105
 4042 (vir)     1          35.815          -6.946          -2.253         -11.868           38.483
 4043 (vir)     1          35.820          -7.253          -2.592         -12.282           38.258
 4044 (vir)     1          35.821          -6.533          -2.330         -11.441           38.398
 4045 (vir)     1          35.841          -6.742          -2.182         -11.797           38.714
 4046 (vir)     1          35.841          -6.833          -2.180         -11.795           38.623
 4047 (vir)     1          35.856          -6.594          -2.174         -11.800           38.889
 4048 (vir)     1          35.856          -6.857          -2.173         -11.802           38.628
 4049 (vir)     1          35.898          -7.040          -2.473         -11.117           37.501
 4050 (vir)     1          35.941          -7.586          -2.640         -11.929           37.645
 4051 (vir)     1          35.944          -7.317          -2.598         -12.384           38.413
 4052 (vir)     1          35.959          -7.289          -2.483         -11.096           37.283
 4053 (vir)     1          35.993          -7.552          -2.633         -12.012           37.820
 4054 (vir)     1          36.076          -7.302          -2.581         -12.387           38.580
 4055 (vir)     1          36.126          -7.443          -2.714         -12.032           38.002
 4056 (vir)     1          36.196          -7.797          -2.662         -12.080           37.816
 4057 (vir)     1          36.202          -7.920          -2.679         -12.322           37.925
 4058 (vir)     1          36.272          -9.263          -2.970         -12.271           36.310
 4059 (vir)     1          36.312          -8.969          -2.926         -12.379           36.796
 4060 (vir)     1          36.313          -8.101          -2.794         -12.149           37.567
 4061 (vir)     1          36.391          -8.219          -2.749         -12.198           37.621
 4062 (vir)     1          36.408          -7.663          -2.620         -12.478           38.604
 4063 (vir)     1          36.493          -8.210          -2.904         -12.312           37.692
 4064 (vir)     1          36.519          -9.072          -2.992         -12.117           36.572
 4065 (vir)     1          36.551          -7.528          -2.547         -12.457           38.933
 4066 (vir)     1          36.566          -8.861          -2.934         -12.419           37.191
 4067 (vir)     1          36.591          -8.884          -2.984         -12.147           36.871
 4068 (vir)     1          36.635          -9.562          -3.202         -12.634           36.505
 4069 (vir)     1          36.679          -9.679          -3.033         -12.399           36.366
 4070 (vir)     1          36.680          -9.218          -3.144         -12.479           36.797
 4071 (vir)     1          36.690          -9.305          -3.002         -12.449           36.832
 4072 (vir)     1          36.700          -8.132          -2.653         -12.277           38.190
 4073 (vir)     1          36.746          -9.791          -3.223         -12.704           36.436
 4074 (vir)     1          36.757          -9.355          -3.198         -12.761           36.965
 4075 (vir)     1          36.766          -9.680          -3.200         -12.551           36.437
 4076 (vir)     1          36.794          -9.251          -3.124         -12.686           37.105
 4077 (vir)     1          36.800          -8.879          -3.013         -12.635           37.542
 4078 (vir)     1          36.826          -9.111          -3.047         -12.366           37.035
 4079 (vir)     1          36.849          -7.854          -2.768         -12.122           38.348
 4080 (vir)     1          36.901          -7.875          -2.584         -12.392           38.834
 4081 (vir)     1          36.934          -8.109          -2.766         -12.319           38.378
 4082 (vir)     1          36.964          -9.338          -2.989         -12.351           36.987
 4083 (vir)     1          37.016          -8.033          -2.779         -12.078           38.282
 4084 (vir)     1          37.048          -7.696          -2.487         -12.353           39.218
 4085 (vir)     1          37.109          -7.902          -2.660         -12.280           38.827
 4086 (vir)     1          37.125          -7.419          -2.199         -11.335           38.842
 4087 (vir)     1          37.138          -9.020          -2.968         -12.365           37.516
 4088 (vir)     1          37.189          -7.449          -2.521         -11.845           39.064
 4089 (vir)     1          37.195          -7.676          -2.429         -12.373           39.464
 4090 (vir)     1          37.202          -8.835          -2.961         -12.271           37.678
 4091 (vir)     1          37.204         -10.198          -3.445         -13.195           36.755
 4092 (vir)     1          37.222          -9.952          -3.334         -13.019           36.955
 4093 (vir)     1          37.239         -10.237          -3.422         -13.150           36.730
 4094 (vir)     1          37.267          -8.160          -2.646         -12.131           38.593
 4095 (vir)     1          37.270         -10.165          -3.376         -13.071           36.801
 4096 (vir)     1          37.295          -8.100          -2.706         -12.348           38.838
 4097 (vir)     1          37.297         -10.137          -3.336         -13.037           36.861
 4098 (vir)     1          37.333          -8.649          -2.947         -12.385           38.121
 4099 (vir)     1          37.345         -10.135          -3.339         -13.005           36.876
 4100 (vir)     1          37.347          -8.199          -2.555         -12.468           39.062
 4101 (vir)     1          37.370          -8.060          -2.812         -12.326           38.825
 4102 (vir)     1          37.389          -9.552          -3.072         -12.630           37.395
 4103 (vir)     1          37.432          -9.011          -2.980         -12.342           37.783
 4104 (vir)     1          37.451          -9.647          -3.092         -12.773           37.485
 4105 (vir)     1          37.461          -8.256          -2.666         -12.393           38.933
 4106 (vir)     1          37.475          -8.809          -2.900         -12.456           38.222
 4107 (vir)     1          37.507          -8.138          -2.556         -12.425           39.237
 4108 (vir)     1          37.540          -8.168          -2.831         -12.371           38.913
 4109 (vir)     1          37.544          -9.947          -3.092         -12.703           37.207
 4110 (vir)     1          37.580          -9.127          -2.946         -12.532           38.039
 4111 (vir)     1          37.620          -9.593          -2.949         -12.417           37.495
 4112 (vir)     1          37.624          -8.819          -2.780         -12.467           38.492
 4113 (vir)     1          37.637          -8.166          -2.457         -12.316           39.330
 4114 (vir)     1          37.671          -9.033          -2.863         -12.253           38.028
 4115 (vir)     1          37.680          -9.075          -2.949         -12.564           38.220
 4116 (vir)     1          37.717          -8.139          -2.625         -12.408           39.360
 4117 (vir)     1          37.749          -9.838          -2.824         -12.436           37.523
 4118 (vir)     1          37.759          -8.011          -2.429         -12.244           39.563
 4119 (vir)     1          37.772          -8.991          -2.944         -12.579           38.416
 4120 (vir)     1          37.819          -8.758          -2.973         -12.485           38.574
 4121 (vir)     1          37.826          -8.659          -2.742         -12.522           38.947
 4122 (vir)     1          37.857          -9.208          -2.627         -12.268           38.289
 4123 (vir)     1          37.862          -8.187          -2.416         -12.172           39.431
 4124 (vir)     1          37.875          -8.247          -2.719         -12.494           39.404
 4125 (vir)     1          37.891          -5.916          -2.783         -12.093           41.285
 4126 (vir)     1          37.909          -8.795          -2.736         -12.531           38.909
 4127 (vir)     1          37.934          -8.371          -2.395         -12.107           39.275
 4128 (vir)     1          37.934          -8.910          -2.471         -12.133           38.685
 4129 (vir)     1          37.958          -8.489          -2.657         -12.488           39.300
 4130 (vir)     1          37.968          -8.756          -2.669         -12.502           39.045
 4131 (vir)     1          38.060          -9.040          -3.045         -12.511           38.486
 4132 (vir)     1          38.132          -5.121          -2.815         -12.158           42.354
 4133 (vir)     1          38.318          -8.439          -3.040         -12.539           39.377
 4134 (vir)     1          38.336          -8.930          -2.903         -12.463           38.966
 4135 (vir)     1          38.361          -9.487          -2.885         -12.527           38.516
 4136 (vir)     1          38.411          -8.024          -2.797         -12.289           39.877
 4137 (vir)     1          38.553          -8.246          -2.941         -12.598           39.964
 4138 (vir)     1          38.606          -8.548          -2.919         -12.627           39.766
 4139 (vir)     1          38.611          -8.185          -2.923         -12.658           40.161
 4140 (vir)     1          38.613          -8.721          -2.772         -12.643           39.763
 4141 (vir)     1          38.644          -6.442          -2.816         -12.318           41.705
 4142 (vir)     1          38.665          -9.127          -2.855         -12.641           39.323
 4143 (vir)     1          38.724          -8.494          -2.527         -12.537           40.241
 4144 (vir)     1          38.725          -8.599          -2.667         -12.562           40.021
 4145 (vir)     1          38.778          -8.577          -2.509         -12.555           40.247
 4146 (vir)     1          38.810          -8.544          -2.534         -12.583           40.315
 4147 (vir)     1          38.846          -8.675          -2.514         -12.631           40.289
 4148 (vir)     1          38.851          -9.121          -2.603         -12.758           39.884
 4149 (vir)     1          38.857          -8.887          -2.655         -12.650           39.965
 4150 (vir)     1          38.861          -9.044          -2.564         -12.713           39.966
 4151 (vir)     1          38.868          -8.914          -2.811         -12.683           39.827
 4152 (vir)     1          38.880          -5.584          -2.826         -12.374           42.844
 4153 (vir)     1          38.892          -9.401          -2.958         -12.633           39.166
 4154 (vir)     1          38.994          -9.298          -3.124         -12.803           39.376
 4155 (vir)     1          39.026          -8.946          -3.087         -12.762           39.756
 4156 (vir)     1          39.111         -10.486          -2.841         -12.472           38.255
 4157 (vir)     1          39.136          -9.023          -2.936         -12.562           39.739
 4158 (vir)     1          39.190         -10.187          -3.054         -12.702           38.651
 4159 (vir)     1          39.330         -10.073          -2.852         -12.569           38.974
 4160 (vir)     1          39.432         -10.883          -3.160         -12.866           38.256
 4161 (vir)     1          39.448         -10.709          -3.100         -12.831           38.469
 4162 (vir)     1          39.472         -11.804          -3.305         -13.078           37.440
 4163 (vir)     1          39.532          -8.089          -2.783         -12.593           41.254
 4164 (vir)     1          39.539          -7.153          -1.843         -11.726           42.268
 4165 (vir)     1          39.539          -7.218          -1.863         -11.736           42.195
 4166 (vir)     1          39.559          -7.092          -1.790         -11.648           42.325
 4167 (vir)     1          39.562          -7.374          -1.889         -11.759           42.058
 4168 (vir)     1          39.577         -10.605          -3.060         -12.631           38.543
 4169 (vir)     1          39.587          -7.149          -1.777         -11.612           42.273
 4170 (vir)     1          39.602          -7.096          -1.843         -11.675           42.338
 4171 (vir)     1          39.627          -7.463          -1.884         -11.710           41.991
 4172 (vir)     1          39.646          -6.628          -1.693         -11.455           42.780
 4173 (vir)     1          39.682          -6.829          -1.666         -11.387           42.573
 4174 (vir)     1          39.702          -7.029          -1.782         -11.513           42.403
 4175 (vir)     1          39.709         -10.843          -3.087         -12.850           38.629
 4176 (vir)     1          39.715          -7.786          -2.033         -11.827           41.723
 4177 (vir)     1          39.719         -10.490          -2.808         -12.689           39.110
 4178 (vir)     1          39.836         -12.300          -2.341         -12.188           37.383
 4179 (vir)     1          39.871          -9.977          -2.672         -12.612           39.834
 4180 (vir)     1          39.965         -11.321          -3.093         -12.910           38.461
 4181 (vir)     1          39.995          -9.461          -2.686         -12.525           40.374
 4182 (vir)     1          40.020         -10.142          -2.773         -12.675           39.780
 4183 (vir)     1          40.025          -9.909          -2.880         -12.482           39.718
 4184 (vir)     1          40.261         -12.271          -3.098         -12.855           37.747
 4185 (vir)     1          40.385         -11.971          -2.996         -12.882           38.300
 4186 (vir)     1          40.420         -11.980          -3.062         -13.130           38.507
 4187 (vir)     1          40.443         -12.195          -2.936         -12.767           38.080
 4188 (vir)     1          40.551         -11.347          -3.053         -13.217           39.368
 4189 (vir)     1          40.690         -11.341          -3.102         -13.357           39.603
 4190 (vir)     1          40.753         -11.555          -3.377         -13.190           39.011
 4191 (vir)     1          40.804         -12.873          -2.757         -12.291           37.465
 4192 (vir)     1          40.841         -10.735          -3.110         -13.421           40.417
 4193 (vir)     1          40.879         -11.004          -3.301         -13.057           39.631
 4194 (vir)     1          40.967         -11.968          -3.251         -12.759           38.507
 4195 (vir)     1          40.991         -10.648          -3.125         -13.472           40.690
 4196 (vir)     1          41.070         -10.411          -3.302         -13.334           40.691
 4197 (vir)     1          41.131          -9.380          -3.126         -13.505           42.131
 4198 (vir)     1          41.240           4.762          -3.288         -13.359           56.073
 4199 (vir)     1          41.266          -8.274          -3.145         -13.556           43.403
 4200 (vir)     1          41.363         -11.020          -3.267         -13.374           40.450
 4201 (vir)     1          41.370          -7.171          -3.076         -13.361           44.485
 4202 (vir)     1          41.455           4.161          -2.822         -12.342           55.136
 4203 (vir)     1          41.482         -11.639          -3.165         -13.634           40.312
 4204 (vir)     1          41.509         -10.931          -3.251         -13.438           40.765
 4205 (vir)     1          41.565         -11.926          -3.161         -13.603           40.080
 4206 (vir)     1          41.582         -11.416          -3.195         -13.152           40.123
 4207 (vir)     1          41.614           4.438          -3.183         -13.703           56.572
 4208 (vir)     1          41.631         -11.644          -3.842         -13.867           40.011
 4209 (vir)     1          41.645           4.413          -3.188         -13.723           56.593
 4210 (vir)     1          41.667           4.232          -3.832         -13.857           55.924
 4211 (vir)     1          41.702         -11.548          -3.182         -13.001           39.974
 4212 (vir)     1          41.724           3.998          -3.801         -13.819           55.740
 4213 (vir)     1          41.730          -5.983          -3.174         -13.456           46.029
 4214 (vir)     1          41.800           4.006          -3.789         -13.815           55.832
 4215 (vir)     1          41.848          -4.017          -3.111         -13.363           48.083
 4216 (vir)     1          41.898           3.795          -3.757         -13.780           55.716
 4217 (vir)     1          41.910          -2.837          -3.055         -13.431           49.450
 4218 (vir)     1          42.004          -3.198          -2.965         -13.397           49.238
 4219 (vir)     1          42.012           3.681          -3.714         -13.742           55.721
 4220 (vir)     1          42.066          -2.525          -2.911         -13.377           50.007
 4221 (vir)     1          42.143           3.535          -3.543         -13.642           55.777
 4222 (vir)     1          42.154          -2.168          -2.893         -13.411           50.504
 4223 (vir)     1          42.223         -12.105          -3.040         -13.251           40.328
 4224 (vir)     1          42.289           2.888          -2.740         -12.005           54.441
 4225 (vir)     1          42.291           3.399          -3.591         -13.602           55.701
 4226 (vir)     1          42.311          -0.722          -2.783         -13.306           52.111
 4227 (vir)     1          42.330           3.637          -3.160         -13.259           56.066
 4228 (vir)     1          42.431           0.280          -2.879         -13.318           53.150
 4229 (vir)     1          42.436          -2.384          -1.655          -9.557           47.954
 4230 (vir)     1          42.436          -1.365          -1.655          -9.557           48.973
 4231 (vir)     1          42.439           3.566          -3.535         -13.555           56.025
 4232 (vir)     1          42.501           0.741          -2.818         -13.306           53.729
 4233 (vir)     1          42.506           4.072          -3.802         -14.031           56.806
 4234 (vir)     1          42.506           4.029          -3.803         -14.032           56.765
 4235 (vir)     1          42.539           3.851          -3.793         -14.022           56.619
 4236 (vir)     1          42.541           3.823          -3.797         -14.028           56.596
 4237 (vir)     1          42.582           3.999          -3.415         -13.468           56.634
 4238 (vir)     1          42.592           4.194          -3.774         -14.002           57.013
 4239 (vir)     1          42.597           3.614          -3.786         -14.021           56.446
 4240 (vir)     1          42.611           3.041          -3.340         -13.448           55.760
 4241 (vir)     1          42.623           2.464          -2.864         -13.342           55.566
 4242 (vir)     1          42.661           3.611          -3.736         -13.961           56.496
 4243 (vir)     1          42.675           3.909          -3.770         -14.009           56.823
 4244 (vir)     1          42.701           3.624          -3.319         -13.418           56.424
 4245 (vir)     1          42.742           3.787          -3.057         -13.422           56.894
 4246 (vir)     1          42.744           3.852          -3.645         -13.843           56.794
 4247 (vir)     1          42.758           2.561          -3.403         -13.476           55.392
 4248 (vir)     1          42.779           3.207          -3.800         -14.057           56.243
 4249 (vir)     1          42.785           3.389          -3.340         -13.451           56.285
 4250 (vir)     1          42.823           2.842          -3.422         -13.542           55.784
 4251 (vir)     1          42.858           1.541          -3.068         -13.507           54.837
 4252 (vir)     1          42.867           3.210          -3.842         -14.151           56.386
 4253 (vir)     1          42.876           3.401          -3.707         -13.941           56.511
 4254 (vir)     1          42.939           2.454          -2.979         -13.477           55.891
 4255 (vir)     1          42.977           3.402          -3.749         -14.016           56.647
 4256 (vir)     1          43.004           2.838          -3.335         -13.331           55.839
 4257 (vir)     1          43.017           3.224          -3.707         -13.951           56.486
 4258 (vir)     1          43.017           3.247          -3.029         -13.495           56.730
 4259 (vir)     1          43.049           3.794          -3.411         -13.456           56.888
 4260 (vir)     1          43.050           3.791          -3.401         -13.445           56.885
 4261 (vir)     1          43.082           4.478          -3.090         -13.505           57.976
 4262 (vir)     1          43.129           4.187          -3.174         -13.538           57.680
 4263 (vir)     1          43.157           3.763          -3.260         -13.564           57.223
 4264 (vir)     1          43.164           3.565          -3.352         -13.573           56.949
 4265 (vir)     1          43.165           2.517          -3.536         -13.547           55.693
 4266 (vir)     1          43.166           3.000          -3.712         -14.004           56.458
 4267 (vir)     1          43.167           3.414          -3.365         -13.549           56.766
 4268 (vir)     1          43.182           2.930          -3.792         -14.135           56.454
 4269 (vir)     1          43.183           3.262          -3.841         -14.191           56.794
 4270 (vir)     1          43.189           3.489          -3.458         -13.713           56.932
 4271 (vir)     1          43.193           2.781          -3.571         -13.759           56.162
 4272 (vir)     1          43.225           2.895          -3.841         -14.204           56.482
 4273 (vir)     1          43.227           3.610          -3.463         -13.677           57.051
 4274 (vir)     1          43.238           3.238          -3.749         -14.049           56.776
 4275 (vir)     1          43.282           3.057          -3.767         -14.096           56.668
 4276 (vir)     1          43.319           3.165          -3.734         -14.068           56.818
 4277 (vir)     1          43.324           3.276          -3.683         -14.000           56.918
 4278 (vir)     1          43.332           3.745          -3.541         -13.698           57.234
 4279 (vir)     1          43.361           3.245          -3.689         -13.945           56.862
 4280 (vir)     1          43.398           3.007          -3.739         -14.102           56.767
 4281 (vir)     1          43.475           3.165          -3.737         -14.111           57.014
 4282 (vir)     1          43.476           2.930          -3.626         -13.974           56.754
 4283 (vir)     1          43.510           3.212          -3.477         -13.634           56.880
 4284 (vir)     1          43.553           3.086          -3.623         -13.933           56.950
 4285 (vir)     1          43.554           3.317          -3.727         -14.105           57.249
 4286 (vir)     1          43.609           3.005          -3.632         -13.850           56.831
 4287 (vir)     1          43.613           3.083          -3.606         -13.815           56.905
 4288 (vir)     1          43.631           3.397          -3.741         -14.111           57.399
 4289 (vir)     1          43.666           2.996          -3.524         -13.844           56.982
 4290 (vir)     1          43.710           2.740          -3.635         -13.982           56.796
 4291 (vir)     1          43.789           2.562          -3.525         -13.883           56.708
 4292 (vir)     1          43.824           2.251          -2.800         -13.444           56.720
 4293 (vir)     1          43.857         -11.965          -2.833         -13.474           42.534
 4294 (vir)     1          43.871           2.786          -3.491         -13.905           57.071
 4295 (vir)     1          43.876           2.577          -3.613         -14.062           56.901
 4296 (vir)     1          43.880           2.635          -3.619         -14.063           56.959
 4297 (vir)     1          43.912           3.756          -2.995         -13.556           58.229
 4298 (vir)     1          43.948           3.406          -3.198         -13.732           57.887
 4299 (vir)     1          43.963           2.372          -3.214         -13.359           56.480
 4300 (vir)     1          44.000           3.290          -3.264         -13.765           57.792
 4301 (vir)     1          44.033           3.420          -3.104         -13.666           58.015
 4302 (vir)     1          44.040           2.417          -3.580         -14.007           56.884
 4303 (vir)     1          44.068           2.246          -3.597         -14.111           56.828
 4304 (vir)     1          44.105           3.328          -3.149         -13.697           57.980
 4305 (vir)     1          44.107           3.010          -3.394         -13.879           57.603
 4306 (vir)     1          44.162           2.356          -3.609         -14.121           57.030
 4307 (vir)     1          44.166           3.029          -3.297         -13.816           57.715
 4308 (vir)     1          44.175           3.062          -3.394         -13.897           57.740
 4309 (vir)     1          44.205           2.654          -3.420         -13.903           57.343
 4310 (vir)     1          44.207           3.048          -3.358         -13.863           57.760
 4311 (vir)     1          44.219           2.704          -3.459         -13.927           57.391
 4312 (vir)     1          44.239           1.670          -3.282         -13.581           56.208
 4313 (vir)     1          44.264           2.196          -3.616         -14.132           56.976
 4314 (vir)     1          44.364           2.111          -3.421         -13.881           56.936
 4315 (vir)     1          44.367           2.377          -3.620         -14.140           57.264
 4316 (vir)     1          44.384           2.162          -3.338         -13.768           56.976
 4317 (vir)     1          44.466           2.164          -3.617         -14.139           57.152
 4318 (vir)     1          44.554           2.133          -3.574         -14.087           57.200
 4319 (vir)     1          44.592           2.541          -3.403         -13.778           57.508
 4320 (vir)     1          44.599           2.322          -3.433         -13.780           57.268
 4321 (vir)     1          44.606           1.106          -3.256         -13.654           56.110
 4322 (vir)     1          44.607           2.300          -3.249         -13.649           57.307
 4323 (vir)     1          44.620           2.502          -3.588         -14.029           57.563
 4324 (vir)     1          44.634           2.595          -3.579         -13.962           57.611
 4325 (vir)     1          44.664           2.478          -3.580         -14.039           57.601
 4326 (vir)     1          44.675           2.577          -3.562         -13.994           57.683
 4327 (vir)     1          44.692           2.479          -3.517         -13.928           57.582
 4328 (vir)     1          44.714           2.919          -3.472         -13.970           58.130
 4329 (vir)     1          44.743           2.923          -3.392         -13.879           58.154
 4330 (vir)     1          44.767           2.699          -3.419         -13.941           57.987
 4331 (vir)     1          44.782           2.031          -3.543         -13.942           57.212
 4332 (vir)     1          44.792           2.018          -3.503         -13.986           57.292
 4333 (vir)     1          44.799           2.735          -3.365         -13.900           58.069
 4334 (vir)     1          44.822           2.880          -3.299         -13.847           58.250
 4335 (vir)     1          44.839           2.521          -3.284         -13.847           57.923
 4336 (vir)     1          44.860           2.510          -3.275         -13.837           57.932
 4337 (vir)     1          44.862           2.529          -2.984         -13.272           57.678
 4338 (vir)     1          44.862           2.528          -2.985         -13.273           57.678
 4339 (vir)     1          44.875           2.326          -3.333         -13.878           57.745
 4340 (vir)     1          44.892           1.809          -3.553         -14.014           57.162
 4341 (vir)     1          44.895           2.312          -3.292         -13.848           57.763
 4342 (vir)     1          44.907           1.456          -3.648         -14.060           56.776
 4343 (vir)     1          44.910           1.993          -3.316         -13.860           57.447
 4344 (vir)     1          44.917           2.324          -3.304         -13.850           57.786
 4345 (vir)     1          44.982           1.311          -3.660         -14.058           56.690
 4346 (vir)     1          44.987           1.407          -3.673         -14.095           56.816
 4347 (vir)     1          45.130           2.267          -2.968         -13.277           57.707
 4348 (vir)     1          45.134           2.265          -2.985         -13.310           57.725
 4349 (vir)     1          45.223           1.676          -2.903         -13.137           57.133
 4350 (vir)     1          45.226           2.466          -2.849         -13.038           57.882
 4351 (vir)     1          45.312           2.118          -2.926         -13.190           57.694
 4352 (vir)     1          45.334           1.849          -3.056         -13.408           57.535
 4353 (vir)     1          45.361           2.353          -3.020         -13.385           58.080
 4354 (vir)     1          45.368           2.186          -2.961         -13.205           57.798
 4355 (vir)     1          45.423           1.624          -3.526         -13.918           57.438
 4356 (vir)     1          45.423           1.437          -3.090         -13.442           57.213
 4357 (vir)     1          45.424           1.616          -3.527         -13.918           57.430
 4358 (vir)     1          45.431           1.763          -2.887         -13.227           57.534
 4359 (vir)     1          45.503           2.037          -2.920         -13.180           57.800
 4360 (vir)     1          45.506           2.219          -3.046         -13.395           58.074
 4361 (vir)     1          45.568           1.885          -3.097         -13.450           57.806
 4362 (vir)     1          45.579           2.121          -2.967         -13.394           58.127
 4363 (vir)     1          45.639           1.813          -3.043         -13.451           57.859
 4364 (vir)     1          45.702           1.602          -3.041         -13.352           57.615
 4365 (vir)     1          45.722           1.741          -2.977         -13.402           57.888
 4366 (vir)     1          45.734           1.513          -3.049         -13.360           57.558
 4367 (vir)     1          45.797           2.914          -2.939         -13.433           59.206
 4368 (vir)     1          45.832           1.875          -3.127         -13.519           58.099
 4369 (vir)     1          45.872           1.427          -3.306         -13.574           57.567
 4370 (vir)     1          45.872           1.136          -3.306         -13.573           57.276
 4371 (vir)     1          45.881           1.739          -3.336         -13.608           57.892
 4372 (vir)     1          45.881           1.356          -3.350         -13.623           57.510
 4373 (vir)     1          45.892           1.208          -3.417         -13.697           57.380
 4374 (vir)     1          45.892           1.572          -3.382         -13.661           57.743
 4375 (vir)     1          45.902           1.291          -3.450         -13.739           57.482
 4376 (vir)     1          45.903           1.127          -3.499         -13.792           57.323
 4377 (vir)     1          45.908           1.995          -3.105         -13.513           58.310
 4378 (vir)     1          45.909           1.095          -3.570         -13.874           57.308
 4379 (vir)     1          45.911           1.224          -3.503         -13.799           57.432
 4380 (vir)     1          45.912           2.088          -3.008         -13.525           58.516
 4381 (vir)     1          45.924           1.702          -3.237         -13.518           57.907
 4382 (vir)     1          45.961           1.610          -3.098         -13.375           57.847
 4383 (vir)     1          45.983           1.507          -3.115         -13.580           57.955
 4384 (vir)     1          46.002           1.749          -3.010         -13.489           58.231
 4385 (vir)     1          46.017           1.816          -3.126         -13.420           58.127
 4386 (vir)     1          46.030           1.908          -3.360         -13.714           58.293
 4387 (vir)     1          46.031           1.368          -3.315         -13.699           57.783
 4388 (vir)     1          46.053           1.545          -3.092         -13.584           58.090
 4389 (vir)     1          46.066           1.973          -3.075         -13.555           58.519
 4390 (vir)     1          46.076           1.643          -3.329         -13.727           58.117
 4391 (vir)     1          46.105           1.508          -3.073         -13.556           58.096
 4392 (vir)     1          46.111           1.742          -3.278         -13.761           58.336
 4393 (vir)     1          46.112           1.980          -3.091         -13.544           58.546
 4394 (vir)     1          46.147           1.652          -3.025         -13.530           58.304
 4395 (vir)     1          46.157           1.846          -2.969         -13.309           58.344
 4396 (vir)     1          46.169           1.751          -3.235         -13.740           58.425
 4397 (vir)     1          46.178           2.404          -3.028         -13.628           59.182
 4398 (vir)     1          46.214         -11.516          -3.025         -13.674           45.347
 4399 (vir)     1          46.216           1.969          -3.199         -13.708           58.694
 4400 (vir)     1          46.242           1.676          -3.070         -13.270           58.118
 4401 (vir)     1          46.271           1.918          -3.182         -13.721           58.728
 4402 (vir)     1          46.304           1.799          -3.144         -13.663           58.622
 4403 (vir)     1          46.344           1.963          -3.211         -13.735           58.832
 4404 (vir)     1          46.352           1.722          -3.136         -13.564           58.503
 4405 (vir)     1          46.378           1.760          -3.247         -13.681           58.571
 4406 (vir)     1          46.382           1.891          -3.306         -13.776           58.743
 4407 (vir)     1          46.392           1.559          -3.369         -13.791           58.373
 4408 (vir)     1          46.394           1.596          -3.390         -13.809           58.409
 4409 (vir)     1          46.396           1.648          -3.403         -13.808           58.448
 4410 (vir)     1          46.436           2.244          -3.169         -13.625           59.136
 4411 (vir)     1          46.497           1.649          -3.164         -13.561           58.543
 4412 (vir)     1          46.517           1.523          -3.092         -13.668           58.615
 4413 (vir)     1          46.553           0.918          -3.073         -13.421           57.818
 4414 (vir)     1          46.602           0.860          -3.083         -13.698           58.077
 4415 (vir)     1          46.668          -0.894          -2.745         -12.906           55.936
 4416 (vir)     1          46.703           1.087          -3.087         -13.746           58.449
 4417 (vir)     1          46.770           1.095          -3.053         -13.434           58.246
 4418 (vir)     1          46.782           1.255          -3.085         -13.734           58.686
 4419 (vir)     1          46.838           0.671          -3.149         -13.792           58.151
 4420 (vir)     1          46.848           0.385          -3.413         -13.998           57.818
 4421 (vir)     1          46.854          -0.092          -3.387         -13.972           57.347
 4422 (vir)     1          46.866           1.040          -3.301         -13.897           58.502
 4423 (vir)     1          46.873           0.734          -3.246         -13.852           58.214
 4424 (vir)     1          46.891           1.282          -3.099         -13.741           58.815
 4425 (vir)     1          46.894           1.338          -3.167         -13.789           58.854
 4426 (vir)     1          46.900           0.859          -2.891         -12.785           57.654
 4427 (vir)     1          46.916           2.035          -3.066         -13.717           59.601
 4428 (vir)     1          46.918           1.434          -3.041         -13.704           59.014
 4429 (vir)     1          46.934           2.511          -2.995         -13.674           60.123
 4430 (vir)     1          46.935           1.957          -2.994         -13.674           59.572
 4431 (vir)     1          47.011           0.672          -3.042         -13.296           57.938
 4432 (vir)     1          47.180           0.278          -3.113         -13.528           57.873
 4433 (vir)     1          47.341           1.396          -3.167         -13.568           59.138
 4434 (vir)     1          47.450           0.619          -3.214         -13.536           58.391
 4435 (vir)     1          47.456           0.334          -3.328         -13.267           57.729
 4436 (vir)     1          47.489           0.743          -3.320         -13.300           58.212
 4437 (vir)     1          47.530           0.764          -3.300         -13.352           58.346
 4438 (vir)     1          47.558           1.548          -3.282         -13.518           59.342
 4439 (vir)     1          47.590          -1.371          -3.241         -13.267           56.244
 4440 (vir)     1          47.625          -3.083          -2.117         -11.591           54.015
 4441 (vir)     1          47.639           0.380          -3.222         -13.321           58.118
 4442 (vir)     1          47.677          -1.143          -3.003         -12.960           56.491
 4443 (vir)     1          47.684          -0.487          -3.293         -13.337           57.241
 4444 (vir)     1          47.742          -7.153          -3.284         -13.523           50.828
 4445 (vir)     1          47.799          -0.278          -3.234         -13.267           57.553
 4446 (vir)     1          47.801         -12.731          -2.991         -13.495           45.575
 4447 (vir)     1          47.802          -8.192          -2.995         -13.498           50.113
 4448 (vir)     1          47.844          -2.482          -3.264         -13.498           55.596
 4449 (vir)     1          47.889          -0.514          -3.241         -13.355           57.489
 4450 (vir)     1          47.947          -8.129          -3.241         -13.445           50.022
 4451 (vir)     1          48.007          -1.389          -3.199         -13.413           56.832
 4452 (vir)     1          48.052          -0.488          -3.209         -13.344           57.699
 4453 (vir)     1          48.075          -1.534          -3.145         -13.313           56.709
 4454 (vir)     1          48.103          -0.666          -3.117         -13.275           57.595
 4455 (vir)     1          48.181          -1.361          -3.179         -13.440           57.082
 4456 (vir)     1          48.195          -1.278          -3.066         -13.206           57.057
 4457 (vir)     1          48.227          -0.777          -3.183         -13.353           57.620
 4458 (vir)     1          48.268          -0.989          -3.125         -13.236           57.389
 4459 (vir)     1          48.414          -8.493          -2.647         -13.045           50.319
 4460 (vir)     1          48.514          -1.916          -2.671         -13.071           56.997
 4461 (vir)     1          48.671          -3.628          -2.712         -13.124           55.456
 4462 (vir)     1          48.822          -2.931          -2.575         -12.765           56.081
 4463 (vir)     1          48.864          -2.145          -3.012         -13.203           56.910
 4464 (vir)     1          48.865          -2.148          -3.012         -13.205           56.909
 4465 (vir)     1          48.958          -3.651          -2.277         -12.117           55.146
 4466 (vir)     1          49.068          -2.634          -2.795         -13.211           56.850
 4467 (vir)     1          49.308          -2.521          -2.802         -13.184           57.169
 4468 (vir)     1          49.502          -2.495          -2.846         -13.226           57.388
 4469 (vir)     1          49.528          -3.272          -2.972         -13.154           56.437
 4470 (vir)     1          49.535          -3.279          -3.009         -13.207           56.454
 4471 (vir)     1          49.603          -3.166          -2.916         -13.144           56.665
 4472 (vir)     1          49.617          -3.124          -3.031         -13.322           56.785
 4473 (vir)     1          49.739          -2.838          -2.870         -13.253           57.284
 4474 (vir)     1          49.752          -2.903          -3.060         -13.432           57.220
 4475 (vir)     1          49.753          -3.255          -2.868         -13.112           56.741
 4476 (vir)     1          49.794          -3.422          -2.561         -12.714           56.526
 4477 (vir)     1          49.885          -3.141          -3.043         -13.369           57.070
 4478 (vir)     1          49.886          -2.688          -3.083         -13.420           57.535
 4479 (vir)     1          49.917          -2.992          -3.087         -13.535           57.373
 4480 (vir)     1          49.935          -3.062          -3.052         -13.394           57.215
 4481 (vir)     1          49.960          -2.697          -3.135         -13.500           57.628
 4482 (vir)     1          49.972          -3.657          -2.849         -13.127           56.593
 4483 (vir)     1          49.982          -3.597          -2.767         -13.104           56.723
 4484 (vir)     1          50.048          -3.120          -2.905         -13.219           57.242
 4485 (vir)     1          50.057          -3.257          -2.907         -13.256           57.149
 4486 (vir)     1          50.080          -2.928          -3.108         -13.503           57.546
 4487 (vir)     1          50.088          -2.589          -3.095         -13.590           57.993
 4488 (vir)     1          50.159          -3.644          -2.793         -13.168           56.890
 4489 (vir)     1          50.191          -2.786          -3.165         -13.585           57.825
 4490 (vir)     1          50.197          -2.360          -3.107         -13.624           58.354
 4491 (vir)     1          50.209          -3.462          -2.836         -13.223           57.135
 4492 (vir)     1          50.254          -3.078          -2.716         -13.041           57.502
 4493 (vir)     1          50.287          -3.402          -2.926         -13.258           57.215
 4494 (vir)     1          50.302          -1.814          -3.273         -13.863           59.077
 4495 (vir)     1          50.302          -1.836          -3.452         -14.001           59.016
 4496 (vir)     1          50.327          -2.248          -3.332         -13.808           58.555
 4497 (vir)     1          50.330          -1.788          -3.414         -13.989           59.116
 4498 (vir)     1          50.340          -1.838          -3.353         -13.939           59.088
 4499 (vir)     1          50.367          -3.878          -2.848         -13.176           56.818
 4500 (vir)     1          50.460          -2.635          -3.369         -13.870           58.326
 4501 (vir)     1          50.510          -4.234          -2.809         -13.118           56.585
 4502 (vir)     1          50.543          -2.796          -3.036         -13.418           58.128
 4503 (vir)     1          50.563          -4.262          -2.784         -13.046           56.563
 4504 (vir)     1          50.579          -2.906          -3.272         -13.737           58.138
 4505 (vir)     1          50.598           1.452          -2.781         -12.975           62.244
 4506 (vir)     1          50.601          -4.188          -2.849         -13.139           56.703
 4507 (vir)     1          50.619          -1.552          -2.771         -12.973           59.269
 4508 (vir)     1          50.648          -1.699          -2.754         -12.966           59.161
 4509 (vir)     1          50.675          -3.118          -3.193         -13.670           58.033
 4510 (vir)     1          50.682          -3.425          -3.127         -13.561           57.691
 4511 (vir)     1          50.685          -1.376          -2.737         -12.965           59.537
 4512 (vir)     1          50.700          -2.976          -3.024         -13.418           58.118
 4513 (vir)     1          50.725          -2.649          -2.716         -12.968           58.328
 4514 (vir)     1          50.749          -2.641          -2.679         -12.953           58.383
 4515 (vir)     1          50.762          -4.109          -2.691         -12.975           56.937
 4516 (vir)     1          50.772          -3.069          -2.680         -12.964           57.987
 4517 (vir)     1          50.783          -2.233          -3.532         -14.115           59.132
 4518 (vir)     1          50.789          -3.693          -3.091         -13.379           57.384
 4519 (vir)     1          50.852          -1.958          -3.570         -14.170           59.494
 4520 (vir)     1          50.894          -2.014          -3.586         -14.192           59.486
 4521 (vir)     1          50.915          -4.213          -3.142         -13.191           56.751
 4522 (vir)     1          51.019          -4.490          -3.069         -13.124           56.584
 4523 (vir)     1          51.201          -4.609          -3.041         -13.139           56.691
 4524 (vir)     1          51.248          -2.870          -3.062         -13.196           58.512
 4525 (vir)     1          51.299          -2.620          -2.970         -13.178           58.887
 4526 (vir)     1          51.312          -3.383          -3.212         -13.927           58.644
 4527 (vir)     1          51.312          -3.164          -3.191         -13.965           58.923
 4528 (vir)     1          51.329          -2.739          -3.256         -13.946           59.281
 4529 (vir)     1          51.384          -3.592          -3.296         -13.885           58.381
 4530 (vir)     1          51.414          -3.565          -3.044         -13.170           57.975
 4531 (vir)     1          51.474          -3.170          -3.348         -13.909           58.865
 4532 (vir)     1          51.558          -3.947          -3.031         -13.189           57.769
 4533 (vir)     1          51.603          -3.402          -3.365         -13.880           58.716
 4534 (vir)     1          51.715          -3.747          -3.151         -13.358           58.175
 4535 (vir)     1          51.726          -3.875          -2.971         -13.103           57.983
 4536 (vir)     1          51.750          -3.260          -3.331         -13.791           58.951
 4537 (vir)     1          51.788          -6.840          -2.730         -12.924           55.143
 4538 (vir)     1          51.792          -6.841          -2.727         -12.920           55.144
 4539 (vir)     1          51.853          -3.004          -3.135         -13.267           58.981
 4540 (vir)     1          51.859          -3.674          -3.183         -13.380           58.382
 4541 (vir)     1          51.917          -3.627          -3.352         -13.805           58.743
 4542 (vir)     1          51.917          -3.928          -3.168         -13.353           58.174
 4543 (vir)     1          51.982          -3.831          -3.280         -13.484           58.354
 4544 (vir)     1          52.010          -3.259          -3.290         -13.486           58.947
 4545 (vir)     1          52.040          -3.098          -3.345         -13.544           59.140
 4546 (vir)     1          52.052          -3.489          -3.357         -13.554           58.761
 4547 (vir)     1          52.059          -3.080          -3.377         -13.575           59.177
 4548 (vir)     1          52.081          -3.979          -3.364         -13.808           58.546
 4549 (vir)     1          52.194          -3.943          -3.244         -13.469           58.476
 4550 (vir)     1          52.251          -4.458          -2.783         -12.895           57.905
 4551 (vir)     1          52.267          -4.195          -3.319         -13.665           58.418
 4552 (vir)     1          52.367          -4.365          -3.238         -13.554           58.318
 4553 (vir)     1          52.391          -4.456          -3.314         -13.684           58.305
 4554 (vir)     1          52.393          -4.424          -3.320         -13.693           58.342
 4555 (vir)     1          52.437          -4.762          -2.939         -13.254           57.990
 4556 (vir)     1          52.481          -4.834          -2.922         -13.231           57.957
 4557 (vir)     1          52.554          -4.391          -2.892         -13.193           58.464
 4558 (vir)     1          52.647          -4.876          -3.253         -13.606           58.123
 4559 (vir)     1          52.658          -4.520          -2.855         -13.145           58.428
 4560 (vir)     1          52.687          -4.412          -3.210         -13.512           58.577
 4561 (vir)     1          52.789          -4.121          -2.888         -13.168           58.948
 4562 (vir)     1          52.818          -4.056          -3.408         -13.844           59.198
 4563 (vir)     1          52.818          -5.094          -3.396         -13.830           58.158
 4564 (vir)     1          52.835          -4.304          -3.394         -13.806           58.943
 4565 (vir)     1          52.838          -3.897          -3.394         -13.792           59.339
 4566 (vir)     1          52.856          -4.800          -3.157         -13.301           58.200
 4567 (vir)     1          52.865          -4.083          -3.306         -13.681           59.157
 4568 (vir)     1          52.878          -5.148          -3.196         -13.603           58.137
 4569 (vir)     1          52.910          -4.855          -3.250         -13.677           58.482
 4570 (vir)     1          52.930          -5.369          -3.178         -13.631           58.014
 4571 (vir)     1          52.965          -5.490          -3.199         -13.645           57.921
 4572 (vir)     1          52.978          -5.049          -3.120         -13.562           58.370
 4573 (vir)     1          53.009          -5.287          -3.145         -13.598           58.175
 4574 (vir)     1          53.012          -5.401          -3.084         -13.521           58.048
 4575 (vir)     1          53.035          -5.235          -3.062         -13.531           58.269
 4576 (vir)     1          53.036          -6.230          -3.095         -13.570           57.280
 4577 (vir)     1          53.043           7.271          -2.633         -12.733           70.414
 4578 (vir)     1          53.044          -6.022          -3.073         -13.592           57.540
 4579 (vir)     1          53.054          -6.116          -2.923         -13.180           57.195
 4580 (vir)     1          53.065          -6.472          -2.869         -13.320           57.044
 4581 (vir)     1          53.098          -3.875          -3.418         -13.788           59.593
 4582 (vir)     1          53.107          -6.129          -2.972         -13.431           57.438
 4583 (vir)     1          53.130          -5.508          -2.757         -13.103           57.969
 4584 (vir)     1          53.187          -4.045          -3.360         -13.731           59.512
 4585 (vir)     1          53.236          -5.085          -3.153         -13.532           58.531
 4586 (vir)     1          53.301          -4.358          -3.343         -13.617           59.216
 4587 (vir)     1          53.341          -6.851          -2.690         -12.983           56.782
 4588 (vir)     1          53.358          -4.916          -2.737         -13.029           58.734
 4589 (vir)     1          53.398          -4.638          -3.378         -13.743           59.124
 4590 (vir)     1          53.443          -5.918          -2.873         -13.155           57.807
 4591 (vir)     1          53.500          -5.346          -3.004         -13.072           58.221
 4592 (vir)     1          53.597          -4.245          -3.289         -13.546           59.609
 4593 (vir)     1          53.610          -2.292          -2.838         -13.074           61.554
 4594 (vir)     1          53.621          -6.954          -2.837         -13.108           56.938
 4595 (vir)     1          53.653          -4.132          -3.341         -13.664           59.844
 4596 (vir)     1          53.748          -5.024          -2.877         -13.102           58.949
 4597 (vir)     1          53.750          -6.433          -2.849         -13.079           57.547
 4598 (vir)     1          53.977          -7.017          -2.683         -12.999           57.276
 4599 (vir)     1          53.988          -5.283          -3.360         -13.633           58.979
 4600 (vir)     1          54.010          -5.081          -3.234         -13.454           59.150
 4601 (vir)     1          54.219          -5.557          -2.916         -13.219           58.965
 4602 (vir)     1          54.252          -4.396          -2.352         -12.005           59.509
 4603 (vir)     1          54.327           5.850          -2.594         -12.953           70.538
 4604 (vir)     1          54.367          -4.898          -3.377         -13.673           59.764
 4605 (vir)     1          54.657          -6.395          -2.883         -13.214           58.593
 4606 (vir)     1          54.658          -5.419          -3.015         -13.072           59.295
 4607 (vir)     1          54.747          -5.808          -3.234         -13.445           59.150
 4608 (vir)     1          54.782           5.605          -2.557         -12.932           70.762
 4609 (vir)     1          54.812          -5.698          -2.107         -12.207           59.214
 4610 (vir)     1          54.985           3.049          -2.101         -12.403           68.337
 4611 (vir)     1          55.052          -5.141          -3.409         -13.764           60.266
 4612 (vir)     1          55.118          -7.141          -2.820         -13.153           58.309
 4613 (vir)     1          55.201           5.421          -2.201         -12.605           71.027
 4614 (vir)     1          55.305           5.225          -2.500         -12.875           70.905
 4615 (vir)     1          55.356          -6.205          -3.399         -13.777           59.528
 4616 (vir)     1          55.562          -7.354          -2.931         -13.301           58.579
 4617 (vir)     1          55.611          -5.994          -3.218         -13.595           59.995
 4618 (vir)     1          55.616           5.736          -2.239         -12.634           71.747
 4619 (vir)     1          55.787           5.538          -2.409         -12.781           71.697
 4620 (vir)     1          55.820          -6.112          -3.449         -13.881           60.141
 4621 (vir)     1          55.983          -5.743          -3.361         -13.744           60.623
 4622 (vir)     1          56.074           5.048          -2.192         -12.491           71.419
 4623 (vir)     1          56.101          -7.388          -2.899         -13.301           59.115
 4624 (vir)     1          56.112           5.503          -2.399         -12.153           71.370
 4625 (vir)     1          56.129          -6.467          -3.208         -13.646           60.099
 4626 (vir)     1          56.198          -5.700          -3.442         -13.897           60.953
 4627 (vir)     1          56.244          -6.973          -2.286         -12.643           59.628
 4628 (vir)     1          56.340           5.704          -2.170         -12.403           72.276
 4629 (vir)     1          56.672           5.131          -2.533         -12.855           72.124
 4630 (vir)     1          56.716           5.329          -2.339         -12.691           72.398
 4631 (vir)     1          56.784           5.055          -2.273         -12.656           72.222
 4632 (vir)     1          57.116           5.064          -2.526         -12.941           72.595
 4633 (vir)     1          57.193           4.393          -2.447         -12.907           72.046
 4634 (vir)     1          57.383           3.507          -2.262         -12.640           71.269
 4635 (vir)     1          57.626           5.095          -2.530         -13.011           73.202
 4636 (vir)     1          57.714           4.468          -2.452         -12.990           72.721
 4637 (vir)     1          57.811           5.025          -2.339         -12.579           73.076
 4638 (vir)     1          57.978           3.366          -2.259         -12.631           71.715
 4639 (vir)     1          58.217           4.425          -2.419         -12.998           73.221
 4640 (vir)     1          58.248           5.266          -2.168         -12.134           73.479
 4641 (vir)     1          58.251           5.736          -2.566         -13.154           74.575
 4642 (vir)     1          58.505           1.264          -2.270         -12.629           70.128
 4643 (vir)     1          58.542           3.479          -1.582         -11.644           72.084
 4644 (vir)     1          58.608           4.989          -2.471         -12.982           74.108
 4645 (vir)     1          58.664           3.999          -2.318         -12.911           73.257
 4646 (vir)     1          58.897           1.504          -2.299         -12.660           70.762
 4647 (vir)     1          58.944           3.405          -1.652         -11.744           72.441
 4648 (vir)     1          59.022           4.130          -2.337         -12.781           73.596
 4649 (vir)     1          59.103           4.838          -2.355         -13.044           74.630
 4650 (vir)     1          59.442           2.766          -1.467         -11.243           71.984
 4651 (vir)     1          59.471           4.402          -2.301         -13.006           74.578
 4652 (vir)     1          59.626           4.891          -2.081         -12.258           74.694
 4653 (vir)     1          59.665           5.501          -2.373         -12.821           75.614
 4654 (vir)     1          59.738           4.969          -2.260         -13.001           75.448
 4655 (vir)     1          59.875          -0.718          -2.105         -12.311           69.363
 4656 (vir)     1          59.959           4.438          -2.251         -13.029           75.176
 4657 (vir)     1          60.047           3.155          -1.772         -12.167           73.597
 4658 (vir)     1          60.096           4.676          -2.105         -12.787           75.455
 4659 (vir)     1          60.300           3.434          -2.288         -12.702           74.148
 4660 (vir)     1          60.610           3.229          -2.203         -12.618           74.254
 4661 (vir)     1          60.659           4.224          -2.018         -12.284           75.149
 4662 (vir)     1          60.885           3.734          -2.110         -12.506           75.014
 4663 (vir)     1          60.986           6.156          -2.074         -12.469           77.537
 4664 (vir)     1          61.111           3.749          -2.040         -12.436           75.256
 4665 (vir)     1          61.133           2.819          -2.051         -12.462           74.363
 4666 (vir)     1          61.212           2.110          -1.594         -11.895           73.622
 4667 (vir)     1          61.275           2.641          -1.273         -10.800           73.443
 4668 (vir)     1          62.245          -5.670          -2.061         -12.372           66.886
 4669 (vir)     1          62.245          -6.249          -2.061         -12.371           66.307
 4670 (vir)     1          62.513           2.824          -1.558         -11.875           75.654
 4671 (vir)     1          63.265           2.119          -1.262         -11.125           75.247
 4672 (vir)     1          63.956           2.339          -1.506         -11.824           76.613
 4673 (vir)     1          64.621           2.417          -1.358         -11.627           77.308
 4674 (vir)     1          65.423           2.989          -1.825         -12.193           78.780
 4675 (vir)     1          65.467           2.394          -1.826         -12.198           78.233
 4676 (vir)     1          65.498          -0.384          -1.346         -11.744           75.513
 4677 (vir)     1          65.587           1.463          -1.419         -11.726           77.358
 4678 (vir)     1          65.778           1.989          -1.782         -12.126           78.112
 4679 (vir)     1          65.885           2.403          -1.879         -12.326           78.735
 4680 (vir)     1          66.397           1.099          -1.265         -11.889           78.121
 4681 (vir)     1          66.411           1.689          -1.911         -12.419           78.607
 4682 (vir)     1          66.454           1.915          -1.596         -12.028           78.801
 4683 (vir)     1          66.603           3.983          -1.276         -12.468           81.777
 4684 (vir)     1          66.605           4.578          -1.219         -12.289           82.253
 4685 (vir)     1          66.634           3.836          -1.233         -12.300           81.537
 4686 (vir)     1          66.644           3.929          -1.273         -12.452           81.752
 4687 (vir)     1          66.737           6.486          -1.273         -12.259           84.209
 4688 (vir)     1          66.761           4.405          -1.240         -12.316           82.242
 4689 (vir)     1          66.770           3.689          -1.282         -12.426           81.603
 4690 (vir)     1          66.779           3.284          -1.287         -12.366           81.142
 4691 (vir)     1          66.874           4.532          -1.180         -12.134           82.359
 4692 (vir)     1          66.891           3.576          -1.312         -12.566           81.721
 4693 (vir)     1          67.011           3.977          -1.238         -12.264           82.014
 4694 (vir)     1          67.032           1.904          -1.696         -12.560           79.801
 4695 (vir)     1          67.050           3.228          -1.408         -12.239           81.110
 4696 (vir)     1          67.167           4.382          -1.216         -12.083           82.417
 4697 (vir)     1          67.186           1.086          -1.245         -11.940           78.968
 4698 (vir)     1          67.256           2.677          -1.340         -12.647           81.240
 4699 (vir)     1          67.286           2.791          -1.581         -12.623           81.119
 4700 (vir)     1          67.286           3.849          -1.243         -12.162           82.054
 4701 (vir)     1          67.345           1.958          -1.389         -11.906           79.820
 4702 (vir)     1          67.430           4.044          -1.153         -12.009           82.330
 4703 (vir)     1          67.589           2.304          -1.651         -12.428           80.670
 4704 (vir)     1          67.604           2.575          -1.320         -12.314           81.173
 4705 (vir)     1          67.649           3.879          -1.234         -12.156           82.449
 4706 (vir)     1          67.706           1.135          -1.261         -11.957           79.536
 4707 (vir)     1          67.779           1.879          -1.287         -12.234           80.605
 4708 (vir)     1          67.784           4.179          -1.148         -12.009           82.825
 4709 (vir)     1          67.859           2.769          -1.369         -12.534           81.794
 4710 (vir)     1          68.017           3.452          -1.239         -12.126           82.356
 4711 (vir)     1          68.110           3.480          -1.184         -11.896           82.302
 4712 (vir)     1          68.215           2.110          -1.379         -11.992           80.938
 4713 (vir)     1          68.229           2.263          -1.380         -12.723           81.835
 4714 (vir)     1          68.245           1.844          -1.888         -12.568           80.770
 4715 (vir)     1          68.312           1.214          -1.253         -11.937           80.210
 4716 (vir)     1          68.350           2.655          -1.246         -12.085           81.844
 4717 (vir)     1          68.383           1.389          -1.251         -12.011           80.533
 4718 (vir)     1          68.446           3.942          -1.121         -11.900           83.166
 4719 (vir)     1          68.498           4.589          -1.356         -12.419           84.150
 4720 (vir)     1          68.633           3.820          -1.251         -12.089           83.291
 4721 (vir)     1          68.700           4.182          -1.121         -11.885           83.646
 4722 (vir)     1          68.814           3.344          -1.255         -12.081           82.984
 4723 (vir)     1          68.858           3.861          -1.117         -11.872           83.474
 4724 (vir)     1          68.931           2.237          -1.418         -12.877           82.627
 4725 (vir)     1          69.001           1.733          -1.877         -12.562           81.419
 4726 (vir)     1          69.060           3.495          -1.444         -12.666           83.777
 4727 (vir)     1          69.221           1.323          -1.351         -11.781           80.974
 4728 (vir)     1          69.634           2.047          -1.440         -12.075           82.316
 4729 (vir)     1          69.711           1.576          -1.616         -12.302           81.973
 4730 (vir)     1          69.745           4.387          -1.435         -12.907           85.604
 4731 (vir)     1          69.809           3.333          -1.449         -12.661           84.353
 4732 (vir)     1          69.884           0.233          -1.321         -11.950           80.746
 4733 (vir)     1          70.128           1.496          -1.324         -11.895           82.195
 4734 (vir)     1          70.249          -0.328          -1.370         -12.008           80.560
 4735 (vir)     1          70.502           1.404          -1.691         -12.421           82.637
 4736 (vir)     1          70.620           3.365          -1.485         -12.678           85.178
 4737 (vir)     1          70.667           4.875          -1.447         -12.819           86.913
 4738 (vir)     1          70.777          -0.471          -1.546         -12.254           81.014
 4739 (vir)     1          71.052           1.761          -1.366         -12.043           83.490
 4740 (vir)     1          71.150           1.557          -1.489         -12.188           83.406
 4741 (vir)     1          71.378           1.578          -1.420         -12.217           83.753
 4742 (vir)     1          71.438           2.641          -1.494         -12.588           85.173
 4743 (vir)     1          71.527           1.514          -1.762         -12.578           83.857
 4744 (vir)     1          71.532           1.095          -1.428         -12.246           83.445
 4745 (vir)     1          71.671           1.374          -1.341         -12.030           83.734
 4746 (vir)     1          71.893           3.820          -1.451         -12.955           87.218
 4747 (vir)     1          72.009           3.454          -1.401         -12.218           86.281
 4748 (vir)     1          72.190           1.846          -1.501         -12.387           84.922
 4749 (vir)     1          72.329           1.661          -1.531         -12.446           84.905
 4750 (vir)     1          72.405           1.590          -1.703         -12.519           84.811
 4751 (vir)     1          72.796           1.598          -1.522         -12.345           85.217
 4752 (vir)     1          72.954           1.686          -1.565         -12.348           85.423
 4753 (vir)     1          73.139          -8.073          -1.464         -12.997           76.599
 4754 (vir)     1          73.185           1.391          -1.516         -12.266           85.326
 4755 (vir)     1          73.372           3.332          -1.232         -11.734           87.206
 4756 (vir)     1          73.465           1.549          -1.672         -12.612           85.954
 4757 (vir)     1          74.035           0.251          -1.270         -12.136           85.152
 4758 (vir)     1          74.341           1.317          -1.762         -12.714           86.609
 4759 (vir)     1          74.581           5.149          -1.468         -13.001           91.262
 4760 (vir)     1          75.169           1.198          -1.746         -12.726           87.347
 4761 (vir)     1          75.411           1.024          -1.182         -12.310           87.563
 4762 (vir)     1          75.470           1.749          -1.185         -11.732           87.767
 4763 (vir)     1          75.929           1.135          -1.713         -12.726           88.077
 4764 (vir)     1          76.126           3.295          -1.473         -13.040           90.988
 4765 (vir)     1          76.542           1.123          -1.679         -12.738           88.724
 4766 (vir)     1          76.791           1.429          -1.179         -12.447           89.488
 4767 (vir)     1          77.048           1.104          -1.696         -12.759           89.215
 4768 (vir)     1          77.358           1.082          -1.688         -12.764           89.516
 4769 (vir)     1          77.590           0.697          -1.217         -12.054           89.124
 4770 (vir)     1          77.600           1.832          -1.410         -12.835           90.858
 4771 (vir)     1          77.986           1.494          -1.131         -12.506           90.855
 4772 (vir)     1          78.665           2.729          -1.506         -13.272           93.160
 4773 (vir)     1          78.987           1.481          -1.110         -12.522           91.880
 4774 (vir)     1          79.079           2.276          -1.495         -13.241           93.102
 4775 (vir)     1          79.234           1.527          -1.442         -13.126           92.445
 4776 (vir)     1          79.626           1.904          -1.376         -13.036           93.190
 4777 (vir)     1          79.665           0.972          -1.098         -11.759           91.298
 4778 (vir)     1          79.683           1.458          -1.087         -12.498           92.553
 4779 (vir)     1          80.311           1.878          -1.321         -12.967           93.835
 4780 (vir)     1          81.116           1.211          -1.267         -12.886           93.945
 4781 (vir)     1          81.397           1.360          -1.379         -12.939           94.317
 4782 (vir)     1          81.557           1.186          -1.413         -12.986           94.315
 4783 (vir)     1          81.619           0.805          -1.060         -11.777           93.141
 4784 (vir)     1          81.821           1.762          -1.350         -12.902           95.135
 4785 (vir)     1          81.852           1.906          -1.208         -12.759           95.309
 4786 (vir)     1          82.222           0.868          -1.449         -13.038           94.678
 4787 (vir)     1          82.702           1.978          -1.326         -12.910           96.264
 4788 (vir)     1          83.111           1.395          -1.294         -12.622           95.835
 4789 (vir)     1          83.206           1.507          -1.317         -12.752           96.147
 4790 (vir)     1          83.227           0.391          -1.473         -13.112           95.257
 4791 (vir)     1          83.378           0.842          -1.031         -11.811           94.999
 4792 (vir)     1          83.789           2.089          -1.319         -12.980           97.539
 4793 (vir)     1          84.398           1.026          -1.317         -12.531           96.638
 4794 (vir)     1          84.483           0.676          -1.483         -13.203           96.879
 4795 (vir)     1          84.631           1.490          -1.299         -12.707           97.530
 4796 (vir)     1          84.831           2.350          -1.327         -13.100           98.953
 4797 (vir)     1          84.845           0.718          -1.000         -11.814           96.378
 4798 (vir)     1          85.366           2.081          -1.331         -13.028           99.144
 4799 (vir)     1          85.505           0.937          -1.379         -12.804           97.867
 4800 (vir)     1          85.636           1.926          -1.339         -13.250           99.473
 4801 (vir)     1          85.870           1.734          -1.413         -13.584           99.774
 4802 (vir)     1          85.873           1.923          -1.362         -13.242           99.675
 4803 (vir)     1          85.961           0.702          -0.980         -11.829           97.512
 4804 (vir)     1          85.977          -0.430          -1.492         -13.306           97.361
 4805 (vir)     1          86.205           1.849          -1.350         -13.323          100.027
 4806 (vir)     1          86.210           1.968          -1.350         -13.393          100.222
 4807 (vir)     1          86.211          -1.190          -1.342         -13.278           96.956
 4808 (vir)     1          86.461           1.959          -1.398         -13.666          100.687
 4809 (vir)     1          86.591           2.098          -1.370         -13.549          100.868
 4810 (vir)     1          86.617           1.920          -1.375         -13.581          100.743
 4811 (vir)     1          86.657           0.662          -0.968         -11.839           98.190
 4812 (vir)     1          87.209           0.699          -1.436         -13.043           99.516
 4813 (vir)     1          87.620           0.588          -1.502         -13.434          100.141
 4814 (vir)     1          89.209           0.294          -1.461         -13.255          101.297
 4815 (vir)     1          89.445           0.479          -1.501         -13.570          101.992
 4816 (vir)     1          91.431           0.638          -1.480         -13.468          104.057
 4817 (vir)     1          91.439           0.383          -1.497         -13.718          104.043
 4818 (vir)     1          93.597           0.274          -1.491         -13.879          106.259
 4819 (vir)     1          93.822           0.594          -1.496         -13.686          106.606
 4820 (vir)     1          95.910           0.318          -1.484         -14.051          108.795
 4821 (vir)     1          96.353           0.503          -1.511         -13.915          109.259
 4822 (vir)     1          98.365           0.361          -1.475         -14.232          111.483
 4823 (vir)     1          99.009           0.478          -1.527         -14.154          112.114
 4824 (vir)     1         100.937           0.378          -1.467         -14.423          114.271
 4825 (vir)     1         101.779           0.443          -1.542         -14.404          115.084
 4826 (vir)     1         103.595           0.361          -1.458         -14.619          117.117
 4827 (vir)     1         104.654           0.412          -1.557         -14.666          118.175
 4828 (vir)     1         106.293           0.322          -1.450         -14.818          119.983
 4829 (vir)     1         107.626           0.382          -1.572         -14.938          121.374
 4830 (vir)     1         108.972           0.332          -1.442         -15.015          122.877
 4831 (vir)     1         110.686           0.369          -1.587         -15.219          124.687
 4832 (vir)     1         111.562           0.333          -1.435         -15.204          125.664
 4833 (vir)     1         113.820           0.346          -1.602         -15.508          128.073
 4834 (vir)     1         113.980           0.269          -1.429         -15.380          128.200
 4835 (vir)     1         116.135           0.268          -1.424         -15.536          130.516
 4836 (vir)     1         117.009           0.327          -1.616         -15.804          131.524
 4837 (vir)     1         117.934           0.273          -1.420         -15.666          132.454
 4838 (vir)     1         119.292           0.264          -1.417         -15.764          133.903
 4839 (vir)     1         120.137           0.268          -1.415         -15.825          134.814
 4840 (vir)     1         120.229           0.323          -1.630         -16.102          135.024
 4841 (vir)     1         123.443           0.297          -1.644         -16.399          138.495
 4842 (vir)     1         126.601           0.288          -1.657         -16.691          141.924
 4843 (vir)     1         129.640           0.278          -1.670         -16.972          145.220
 4844 (vir)     1         132.479           0.287          -1.681         -17.234          148.319
 4845 (vir)     1         135.022           0.287          -1.691         -17.469          151.086
 4846 (vir)     1         137.163           0.264          -1.700         -17.666          153.393
 4847 (vir)     1         138.793           0.269          -1.706         -17.816          155.172
 4848 (vir)     1         139.815           0.257          -1.710         -17.910          156.272
 
