 
  kpoint:       1             coordinate:     0.0000    0.0000    0.0000
 
    n           k   ϵ_nk^DFT (eV)     Σ^c_nk (eV)     Σ^x_nk (eV)    v_nk^xc (eV)   ϵ_nk^G0W0 (eV)
 
    1 (occ)     1        -266.670          -6.919         -91.572         -61.083         -304.078
    2 (occ)     1        -266.670          -6.919         -91.572         -61.083         -304.078
    3 (occ)     1        -266.670          -6.932         -91.574         -61.086         -304.091
    4 (occ)     1        -266.670          -6.932         -91.574         -61.086         -304.091
    5 (occ)     1        -266.643          -7.540         -91.553         -61.073         -304.663
    6 (occ)     1        -266.643          -7.540         -91.553         -61.073         -304.663
    7 (occ)     1        -266.618          -7.734         -91.622         -61.071         -304.903
    8 (occ)     1        -266.616          -7.733         -91.621         -61.073         -304.897
    9 (occ)     1        -266.615          -7.734         -91.627         -61.079         -304.897
   10 (occ)     1        -266.613          -7.752         -91.604         -61.059         -304.910
   11 (occ)     1        -266.611          -7.724         -91.622         -61.074         -304.884
   12 (occ)     1        -266.611          -7.724         -91.623         -61.075         -304.884
   13 (occ)     1        -266.610          -7.753         -91.610         -61.068         -304.906
   14 (occ)     1        -266.610          -7.760         -91.615         -61.073         -304.911
   15 (occ)     1        -266.603          -7.749         -91.615         -61.071         -304.895
   16 (occ)     1        -266.603          -7.749         -91.615         -61.071         -304.895
   17 (occ)     1        -266.600          -7.482         -91.563         -61.078         -304.568
   18 (occ)     1        -266.600          -7.482         -91.563         -61.078         -304.568
   19 (occ)     1        -266.599          -7.468         -91.573         -61.081         -304.560
   20 (occ)     1        -266.599          -7.468         -91.573         -61.081         -304.560
   21 (occ)     1        -266.597          -7.779         -91.632         -61.068         -304.939
   22 (occ)     1        -266.596          -7.771         -91.641         -61.078         -304.931
   23 (occ)     1        -266.595          -7.592         -91.655         -61.082         -304.759
   24 (occ)     1        -266.594          -7.561         -91.652         -61.081         -304.726
   25 (occ)     1        -266.594          -7.636         -91.628         -61.065         -304.793
   26 (occ)     1        -266.594          -7.716         -91.627         -61.066         -304.870
   27 (occ)     1        -266.593          -7.408         -91.564         -61.068         -304.498
   28 (occ)     1        -266.593          -7.409         -91.565         -61.068         -304.499
   29 (occ)     1        -266.593          -7.731         -91.649         -61.085         -304.887
   30 (occ)     1        -266.593          -7.636         -91.651         -61.083         -304.797
   31 (occ)     1        -266.593          -7.735         -91.656         -61.092         -304.892
   32 (occ)     1        -266.592          -7.445         -91.559         -61.072         -304.524
   33 (occ)     1        -266.592          -7.444         -91.559         -61.072         -304.524
   34 (occ)     1        -266.592          -7.725         -91.665         -61.099         -304.882
   35 (occ)     1        -266.592          -7.641         -91.636         -61.075         -304.794
   36 (occ)     1        -266.591          -7.626         -91.639         -61.076         -304.780
   37 (occ)     1        -266.591          -7.622         -91.631         -61.069         -304.774
   38 (occ)     1        -266.590          -7.605         -91.636         -61.073         -304.759
   39 (occ)     1        -266.589          -7.640         -91.628         -61.072         -304.786
   40 (occ)     1        -266.588          -7.695         -91.627         -61.081         -304.829
   41 (occ)     1        -266.588          -7.676         -91.630         -61.081         -304.813
   42 (occ)     1        -266.588          -7.735         -91.647         -61.089         -304.881
   43 (occ)     1        -266.588          -7.735         -91.648         -61.089         -304.881
   44 (occ)     1        -266.587          -7.653         -91.634         -61.077         -304.797
   45 (occ)     1        -266.587          -7.593         -91.631         -61.072         -304.739
   46 (occ)     1        -266.586          -7.600         -91.636         -61.078         -304.744
   47 (occ)     1        -266.586          -7.600         -91.634         -61.076         -304.744
   48 (occ)     1        -266.586          -7.614         -91.628         -61.071         -304.757
   49 (occ)     1        -266.586          -7.560         -91.631         -61.077         -304.700
   50 (occ)     1        -266.586          -7.559         -91.632         -61.077         -304.699
   51 (occ)     1        -266.585          -7.718         -91.626         -61.099         -304.831
   52 (occ)     1        -266.585          -7.717         -91.627         -61.099         -304.830
   53 (occ)     1        -266.585          -7.744         -91.621         -61.072         -304.878
   54 (occ)     1        -266.585          -7.744         -91.617         -61.068         -304.877
   55 (occ)     1        -266.584          -7.722         -91.618         -61.068         -304.856
   56 (occ)     1        -266.584          -7.731         -91.617         -61.069         -304.863
   57 (occ)     1        -266.583          -7.638         -91.623         -61.071         -304.774
   58 (occ)     1        -266.583          -7.648         -91.623         -61.071         -304.782
   59 (occ)     1        -266.583          -7.671         -91.621         -61.071         -304.804
   60 (occ)     1        -266.583          -7.663         -91.623         -61.072         -304.796
   61 (occ)     1        -266.580          -7.683         -91.618         -61.070         -304.810
   62 (occ)     1        -266.580          -7.683         -91.617         -61.070         -304.811
   63 (occ)     1        -266.580          -7.708         -91.615         -61.071         -304.831
   64 (occ)     1        -266.580          -7.708         -91.615         -61.071         -304.832
   65 (occ)     1        -266.578          -7.671         -91.600         -61.067         -304.782
   66 (occ)     1        -266.578          -7.671         -91.600         -61.067         -304.782
   67 (occ)     1        -266.578          -7.687         -91.609         -61.070         -304.805
   68 (occ)     1        -266.578          -7.687         -91.609         -61.070         -304.805
   69 (occ)     1        -266.574          -7.696         -91.552         -61.069         -304.752
   70 (occ)     1        -266.574          -7.696         -91.552         -61.069         -304.752
   71 (occ)     1        -266.560          -7.450         -91.591         -61.075         -304.526
   72 (occ)     1        -266.560          -7.450         -91.591         -61.075         -304.526
   73 (occ)     1        -266.560          -7.460         -91.592         -61.077         -304.534
   74 (occ)     1        -266.560          -7.460         -91.592         -61.077         -304.534
   75 (occ)     1        -266.368          -8.402         -91.555         -61.085         -305.239
   76 (occ)     1        -266.368          -8.402         -91.555         -61.085         -305.239
   77 (occ)     1        -266.363          -6.148         -91.559         -61.088         -302.982
   78 (occ)     1        -266.363          -6.148         -91.559         -61.088         -302.982
   79 (occ)     1        -266.362          -6.381         -91.564         -61.094         -303.214
   80 (occ)     1        -266.362          -6.381         -91.564         -61.094         -303.214
   81 (occ)     1        -266.326          -6.329         -91.567         -61.092         -303.131
   82 (occ)     1        -266.326          -6.329         -91.567         -61.092         -303.131
   83 (occ)     1        -266.326          -6.329         -91.568         -61.092         -303.131
   84 (occ)     1        -266.326          -6.329         -91.568         -61.092         -303.131
   85 (occ)     1        -266.300          -6.847         -91.644         -61.097         -303.694
   86 (occ)     1        -266.300          -6.847         -91.645         -61.098         -303.695
   87 (occ)     1        -266.299          -6.849         -91.649         -61.102         -303.695
   88 (occ)     1        -266.299          -6.849         -91.649         -61.102         -303.694
   89 (occ)     1        -266.295          -6.842         -91.644         -61.100         -303.682
   90 (occ)     1        -266.295          -6.842         -91.644         -61.100         -303.682
   91 (occ)     1        -266.295          -6.843         -91.646         -61.101         -303.682
   92 (occ)     1        -266.295          -6.843         -91.646         -61.101         -303.682
   93 (occ)     1        -266.292          -6.843         -91.600         -61.065         -303.670
   94 (occ)     1        -266.291          -6.843         -91.603         -61.068         -303.670
   95 (occ)     1        -266.290          -6.844         -91.609         -61.075         -303.669
   96 (occ)     1        -266.290          -6.844         -91.611         -61.077         -303.668
   97 (occ)     1        -266.286          -6.839         -91.606         -61.074         -303.658
   98 (occ)     1        -266.286          -6.839         -91.606         -61.074         -303.657
   99 (occ)     1        -266.286          -6.839         -91.607         -61.075         -303.656
  100 (occ)     1        -266.286          -6.839         -91.607         -61.075         -303.657
  101 (occ)     1        -266.284          -6.808         -91.623         -61.097         -303.617
  102 (occ)     1        -266.284          -6.808         -91.623         -61.097         -303.617
  103 (occ)     1        -266.284          -6.809         -91.623         -61.098         -303.617
  104 (occ)     1        -266.284          -6.809         -91.623         -61.098         -303.617
  105 (occ)     1        -266.272          -6.821         -91.595         -61.076         -303.612
  106 (occ)     1        -266.272          -6.821         -91.595         -61.076         -303.612
  107 (occ)     1        -266.272          -6.820         -91.596         -61.077         -303.611
  108 (occ)     1        -266.272          -6.820         -91.596         -61.077         -303.611
  109 (occ)     1        -266.197          -6.723         -91.579         -61.087         -303.412
  110 (occ)     1        -266.197          -6.723         -91.579         -61.087         -303.412
  111 (occ)     1        -266.197          -6.723         -91.579         -61.087         -303.412
  112 (occ)     1        -266.197          -6.723         -91.579         -61.087         -303.412
  113 (occ)     1         -23.031           8.295         -26.782         -17.011          -24.506
  114 (occ)     1         -22.968           8.221         -26.755         -17.014          -24.488
  115 (occ)     1         -22.870           8.150         -26.713         -17.019          -24.414
  116 (occ)     1         -22.732           8.073         -26.658         -17.026          -24.292
  117 (occ)     1         -22.553           7.983         -26.589         -17.034          -24.124
  118 (occ)     1         -22.333           7.878         -26.505         -17.046          -23.914
  119 (occ)     1         -22.176           7.954         -26.496         -17.055          -23.663
  120 (occ)     1         -22.107           7.887         -26.470         -17.059          -23.631
  121 (occ)     1         -22.076           7.757         -26.407         -17.061          -23.666
  122 (occ)     1         -22.002           7.821         -26.429         -17.065          -23.544
  123 (occ)     1         -21.857           7.749         -26.375         -17.074          -23.408
  124 (occ)     1         -21.810           7.662         -26.312         -17.087          -23.374
  125 (occ)     1         -21.673           7.665         -26.307         -17.086          -23.229
  126 (occ)     1         -21.455           7.567         -26.226         -17.101          -23.013
  127 (occ)     1         -21.351           7.491         -26.138         -17.088          -22.909
  128 (occ)     1         -21.215           7.453         -26.137         -17.121          -22.778
  129 (occ)     1         -21.026           7.407         -26.067         -17.153          -22.533
  130 (occ)     1         -21.002           7.303         -26.003         -17.109          -22.593
  131 (occ)     1         -20.756           7.317         -25.971         -17.077          -22.333
  132 (occ)     1         -20.693           7.252         -25.947         -17.082          -22.307
  133 (occ)     1         -20.617           7.152         -25.881         -17.114          -22.232
  134 (occ)     1         -20.589           7.179         -25.893         -17.114          -22.189
  135 (occ)     1         -20.477           7.131         -25.865         -17.103          -22.109
  136 (occ)     1         -20.369           7.185         -25.825         -17.144          -21.866
  137 (occ)     1         -20.319           6.994         -25.796         -17.103          -22.017
  138 (occ)     1         -20.250           6.913         -25.742         -17.133          -21.946
  139 (occ)     1         -20.030           7.007         -25.698         -17.167          -21.554
  140 (occ)     1         -19.984           6.975         -25.686         -17.160          -21.534
  141 (occ)     1         -19.895           6.889         -25.655         -17.155          -21.506
  142 (occ)     1         -19.709           6.848         -25.595         -17.180          -21.276
  143 (occ)     1         -19.635           6.838         -25.555         -17.194          -21.158
  144 (occ)     1         -19.584           6.785         -25.538         -17.221          -21.116
  145 (occ)     1         -19.217           6.667         -25.406         -17.219          -20.737
  146 (occ)     1         -19.098           6.610         -25.412         -17.294          -20.606
  147 (occ)     1         -18.970           6.554         -25.340         -17.127          -20.628
  148 (occ)     1         -18.954           6.645         -25.475         -17.289          -20.495
  149 (occ)     1         -18.928           6.513         -25.335         -17.145          -20.605
  150 (occ)     1         -18.922           6.525         -25.320         -17.183          -20.533
  151 (occ)     1         -18.678           6.331         -25.380         -17.251          -20.476
  152 (occ)     1         -18.667           6.486         -25.389         -17.322          -20.248
  153 (occ)     1         -18.650           6.297         -25.359         -17.274          -20.438
  154 (occ)     1         -18.584           6.450         -25.339         -17.401          -20.071
  155 (occ)     1         -18.497           6.415         -25.367         -17.336          -20.113
  156 (occ)     1         -18.426           6.320         -25.467         -17.395          -20.178
  157 (occ)     1         -18.315           6.348         -25.318         -17.386          -19.900
  158 (occ)     1         -18.304           6.283         -25.548         -17.487          -20.082
  159 (occ)     1         -18.234           6.339         -25.609         -17.552          -19.952
  160 (occ)     1         -18.133           6.276         -25.187         -17.393          -19.650
  161 (occ)     1         -18.108           6.344         -25.378         -17.571          -19.571
  162 (occ)     1         -17.949           6.233         -25.303         -17.494          -19.525
  163 (occ)     1         -17.667           6.123         -25.090         -17.488          -19.146
  164 (occ)     1         -17.627           6.096         -25.165         -17.478          -19.218
  165 (occ)     1         -17.333           5.996         -25.049         -17.473          -18.912
  166 (occ)     1         -17.257           6.046         -25.136         -17.666          -18.681
  167 (occ)     1         -17.168           5.932         -24.767         -17.319          -18.684
  168 (occ)     1         -16.777           5.525         -24.357         -17.087          -18.522
  169 (occ)     1         -16.771           5.512         -24.408         -17.106          -18.561
  170 (occ)     1         -16.561           5.655         -23.214         -16.718          -17.403
  171 (occ)     1         -16.402           5.547         -22.926         -16.403          -17.378
  172 (occ)     1         -16.203           5.438         -22.975         -16.505          -17.235
  173 (occ)     1         -16.151           5.445         -23.136         -16.756          -17.087
  174 (occ)     1         -16.054           5.574         -23.756         -17.188          -17.049
  175 (occ)     1         -16.029           5.420         -23.279         -16.721          -17.168
  176 (occ)     1         -16.013           5.441         -23.322         -16.758          -17.136
  177 (occ)     1         -15.919           5.356         -23.435         -16.884          -17.114
  178 (occ)     1         -15.918           5.343         -23.034         -16.643          -16.966
  179 (occ)     1         -15.856           5.360         -23.323         -16.829          -16.990
  180 (occ)     1         -15.788           5.419         -23.888         -17.273          -16.984
  181 (occ)     1         -15.697           5.228         -23.046         -16.708          -16.807
  182 (occ)     1         -15.664           5.357         -23.599         -17.169          -16.736
  183 (occ)     1         -15.591           5.261         -22.971         -16.719          -16.582
  184 (occ)     1         -15.562           5.271         -23.191         -16.872          -16.610
  185 (occ)     1         -15.544           5.261         -23.062         -16.890          -16.454
  186 (occ)     1         -15.300           5.253         -23.353         -17.126          -16.274
  187 (occ)     1         -15.035           5.019         -23.255         -17.012          -16.258
  188 (occ)     1         -14.882           5.058         -22.878         -16.971          -15.731
  189 (occ)     1         -14.837           4.969         -23.087         -17.018          -15.937
  190 (occ)     1         -14.570           4.967         -23.242         -17.132          -15.712
  191 (occ)     1         -14.397           4.899         -23.039         -17.099          -15.438
  192 (occ)     1         -14.394           4.808         -22.515         -16.483          -15.618
  193 (occ)     1         -14.218           4.813         -23.011         -17.067          -15.349
  194 (occ)     1         -14.187           4.844         -22.645         -17.034          -14.953
  195 (occ)     1         -14.174           4.693         -22.456         -16.540          -15.397
  196 (occ)     1         -14.118           4.870         -23.184         -17.271          -15.160
  197 (occ)     1         -13.892           4.684         -22.637         -16.906          -14.939
  198 (occ)     1         -13.889           4.599         -22.365         -16.603          -15.051
  199 (occ)     1         -13.654           4.578         -22.344         -16.829          -14.591
  200 (occ)     1         -13.630           4.565         -21.598         -16.280          -14.384
  201 (occ)     1         -13.609           4.545         -21.206         -16.059          -14.211
  202 (occ)     1         -13.550           4.621         -20.568         -15.843          -13.654
  203 (occ)     1         -13.463           4.446         -20.803         -15.787          -14.034
  204 (occ)     1         -13.429           4.548         -21.789         -16.543          -14.127
  205 (occ)     1         -13.336           4.519         -22.027         -16.727          -14.118
  206 (occ)     1         -13.255           4.476         -20.877         -16.120          -13.536
  207 (occ)     1         -13.238           4.306         -20.364         -15.571          -13.725
  208 (occ)     1         -13.152           4.399         -22.077         -16.677          -14.153
  209 (occ)     1         -12.942           4.226         -20.291         -15.634          -13.373
  210 (occ)     1         -12.907           4.312         -20.931         -16.212          -13.313
  211 (occ)     1         -12.793           4.269         -21.953         -16.679          -13.798
  212 (occ)     1         -12.648           4.393         -21.914         -17.003          -13.165
  213 (occ)     1         -12.549           4.149         -20.339         -15.822          -12.917
  214 (occ)     1         -12.407           4.222         -21.853         -16.822          -13.215
  215 (occ)     1         -12.380           4.232         -20.875         -16.419          -12.605
  216 (occ)     1         -12.134           4.112         -21.556         -16.394          -13.184
  217 (occ)     1         -12.127           4.164         -21.893         -16.924          -12.932
  218 (occ)     1         -12.093           4.087         -20.622         -16.196          -12.432
  219 (occ)     1         -11.987           4.175         -20.419         -16.162          -12.070
  220 (occ)     1         -11.957           4.213         -21.762         -17.114          -12.393
  221 (occ)     1         -11.912           4.056         -20.466         -16.080          -12.243
  222 (occ)     1         -11.905           3.913         -21.269         -16.232          -13.029
  223 (occ)     1         -11.832           4.059         -20.655         -16.351          -12.077
  224 (occ)     1         -11.742           3.935         -20.428         -15.928          -12.307
  225 (occ)     1         -11.741           3.888         -21.092         -16.322          -12.622
  226 (occ)     1         -11.733           4.054         -20.478         -16.320          -11.838
  227 (occ)     1         -11.595           3.859         -20.264         -15.833          -12.167
  228 (occ)     1         -11.455           3.842         -20.213         -15.887          -11.939
  229 (occ)     1         -11.394           3.970         -20.526         -16.504          -11.446
  230 (occ)     1         -11.321           3.923         -20.579         -16.556          -11.421
  231 (occ)     1         -11.298           3.876         -20.477         -16.227          -11.671
  232 (occ)     1         -11.264           3.739         -20.082         -15.799          -11.809
  233 (occ)     1         -11.200           3.801         -20.932         -16.371          -11.961
  234 (occ)     1         -11.148           3.928         -21.123         -16.878          -11.465
  235 (occ)     1         -11.094           3.413         -17.161         -13.510          -11.332
  236 (occ)     1         -11.094           3.406         -17.166         -13.513          -11.341
  237 (occ)     1         -11.062           3.677         -20.004         -15.832          -11.558
  238 (occ)     1         -11.019           3.877         -20.541         -16.655          -11.029
  239 (occ)     1         -10.908           3.874         -20.485         -16.598          -10.921
  240 (occ)     1         -10.901           3.837         -20.579         -16.527          -11.116
  241 (occ)     1         -10.884           3.945         -16.572         -13.253          -10.258
  242 (occ)     1         -10.876           3.700         -20.848         -16.484          -11.540
  243 (occ)     1         -10.824           3.790         -20.287         -16.414          -10.908
  244 (occ)     1         -10.805           3.673         -20.226         -16.245          -11.112
  245 (occ)     1         -10.757           3.834         -16.565         -13.290          -10.198
  246 (occ)     1         -10.627           3.870         -20.564         -16.880          -10.440
  247 (occ)     1         -10.572           3.742         -16.521         -13.324          -10.026
  248 (occ)     1         -10.564           3.762         -20.715         -16.693          -10.825
  249 (occ)     1         -10.454           3.883         -20.347         -16.657          -10.261
  250 (occ)     1         -10.403           3.648         -20.290         -16.623          -10.422
  251 (occ)     1         -10.332           3.650         -16.452         -13.358           -9.775
  252 (occ)     1         -10.332           3.762         -20.440         -16.845          -10.164
  253 (occ)     1         -10.315           3.694         -20.210         -16.534          -10.298
  254 (occ)     1         -10.250           3.660         -20.360         -16.641          -10.309
  255 (occ)     1         -10.226           3.630         -20.276         -16.601          -10.273
  256 (occ)     1         -10.209           3.705         -20.381         -16.677          -10.208
  257 (occ)     1         -10.167           3.734         -20.324         -16.886           -9.872
  258 (occ)     1         -10.097           3.724         -19.959         -16.376           -9.957
  259 (occ)     1         -10.063           3.656         -20.344         -16.571          -10.180
  260 (occ)     1         -10.050           3.675         -20.474         -16.839          -10.010
  261 (occ)     1         -10.042           3.550         -16.355         -13.394           -9.452
  262 (occ)     1         -10.012           3.657         -20.165         -16.481          -10.039
  263 (occ)     1          -9.973           3.724         -20.308         -16.918           -9.639
  264 (occ)     1          -9.947           3.603         -19.978         -16.430           -9.892
  265 (occ)     1          -9.934           3.537         -20.610         -16.561          -10.446
  266 (occ)     1          -9.905           3.669         -16.105         -13.272           -9.069
  267 (occ)     1          -9.885           3.546         -20.227         -16.396          -10.170
  268 (occ)     1          -9.833           3.581         -19.986         -16.472           -9.766
  269 (occ)     1          -9.824           3.583         -16.081         -13.279           -9.044
  270 (occ)     1          -9.755           3.540         -20.033         -16.544           -9.703
  271 (occ)     1          -9.702           3.436         -16.231         -13.433           -9.064
  272 (occ)     1          -9.697           3.515         -16.037         -13.291           -8.928
  273 (occ)     1          -9.631           3.534         -19.946         -16.558           -9.484
  274 (occ)     1          -9.609           3.385         -19.985         -16.383           -9.825
  275 (occ)     1          -9.570           3.564         -20.182         -16.774           -9.415
  276 (occ)     1          -9.565           3.450         -20.078         -16.531           -9.662
  277 (occ)     1          -9.541           3.495         -20.109         -16.560           -9.595
  278 (occ)     1          -9.526           3.423         -19.700         -16.068           -9.736
  279 (occ)     1          -9.523           3.440         -15.970         -13.308           -8.746
  280 (occ)     1          -9.472           3.425         -20.018         -16.617           -9.449
  281 (occ)     1          -9.408           3.469         -19.921         -16.648           -9.212
  282 (occ)     1          -9.360           3.464         -20.118         -16.686           -9.328
  283 (occ)     1          -9.342           3.378         -19.781         -16.339           -9.406
  284 (occ)     1          -9.301           3.355         -15.882         -13.330           -8.498
  285 (occ)     1          -9.294           3.293         -16.096         -13.485           -8.612
  286 (occ)     1          -9.207           3.522         -19.998         -16.915           -8.768
  287 (occ)     1          -9.187           3.348         -19.930         -16.629           -9.141
  288 (occ)     1          -9.068           3.267         -19.878         -16.339           -9.340
  289 (occ)     1          -9.060           3.244         -19.540         -16.070           -9.286
  290 (occ)     1          -9.034           3.256         -15.781         -13.357           -8.201
  291 (occ)     1          -8.939           3.141         -15.980         -13.528           -8.250
  292 (occ)     1          -8.829           3.235         -19.824         -16.668           -8.750
  293 (occ)     1          -8.730           3.133         -15.676         -13.390           -7.882
  294 (occ)     1          -8.714           3.138         -19.741         -16.305           -9.012
  295 (occ)     1          -8.628           3.169         -19.603         -16.399           -8.664
  296 (occ)     1          -8.588           3.238         -19.517         -16.434           -8.432
  297 (occ)     1          -8.557           3.167         -19.755         -16.736           -8.410
  298 (occ)     1          -8.485           2.971         -15.758         -13.548           -7.724
  299 (occ)     1          -8.440           3.040         -15.591         -13.436           -7.555
  300 (occ)     1          -8.393           3.034         -19.638         -16.349           -8.649
  301 (occ)     1          -8.390           3.116         -19.711         -16.785           -8.199
  302 (occ)     1          -8.340           3.231         -19.648         -16.871           -7.886
  303 (occ)     1          -8.315           3.169         -19.602         -16.755           -7.993
  304 (occ)     1          -8.314           3.171         -19.722         -16.893           -7.972
  305 (occ)     1          -8.309           2.939         -15.411         -13.373           -7.408
  306 (occ)     1          -8.304           3.167         -19.614         -16.758           -7.993
  307 (occ)     1          -8.246           2.855         -15.404         -13.383           -7.413
  308 (occ)     1          -8.227           3.057         -19.691         -16.501           -8.361
  309 (occ)     1          -8.121           2.786         -15.356         -13.408           -7.283
  310 (occ)     1          -8.092           3.001         -19.566         -16.642           -8.015
  311 (occ)     1          -8.078           2.772         -15.475         -13.492           -7.290
  312 (occ)     1          -8.035           3.010         -19.673         -16.424           -8.275
  313 (occ)     1          -7.998           3.056         -19.498         -16.718           -7.721
  314 (occ)     1          -7.920           2.748         -15.359         -13.508           -7.023
  315 (occ)     1          -7.853           2.694         -15.234         -13.513           -6.880
  316 (occ)     1          -7.849           2.687         -15.290         -13.465           -6.988
  317 (occ)     1          -7.722           2.990         -19.600         -17.031           -7.301
  318 (occ)     1          -7.682           2.974         -19.474         -16.823           -7.360
  319 (occ)     1          -7.481           2.390         -15.047         -13.553           -6.585
  320 (occ)     1          -7.447           2.420         -15.131         -13.600           -6.558
  321 (occ)     1          -7.441           2.455         -15.058         -13.554           -6.490
  322 (occ)     1          -7.397           2.945         -19.612         -17.247           -6.816
  323 (occ)     1          -7.385           2.901         -19.458         -16.920           -7.022
  324 (occ)     1          -7.163           2.925         -19.616         -17.400           -6.453
  325 (occ)     1          -7.130           2.188         -14.948         -13.665           -6.225
  326 (occ)     1          -7.125           2.843         -19.456         -17.012           -6.726
  327 (occ)     1          -7.122           2.261         -14.952         -13.584           -6.229
  328 (occ)     1          -7.030           2.962         -19.621         -17.495           -6.194
  329 (occ)     1          -6.978           2.196         -14.830         -13.612           -6.000
  330 (occ)     1          -6.922           2.812         -19.468         -17.091           -6.488
  331 (occ)     1          -6.799           2.839         -19.485         -17.147           -6.298
  332 (occ)     1          -6.728           2.030         -14.879         -13.797           -5.780
  333 (occ)     1          -6.570           1.955         -14.700         -13.776           -5.538
  334 (occ)     1          -6.492           1.932         -14.577         -13.664           -5.474
  335 (occ)     1          -6.330           1.875         -14.428         -13.575           -5.308
  336 (occ)     1          -6.302           1.813         -14.450         -13.596           -5.343
  337 (occ)     1          -6.270           1.786         -14.472         -13.623           -5.333
  338 (occ)     1          -6.231           1.735         -14.525         -13.816           -5.206
  339 (occ)     1          -6.222           1.790         -14.643         -13.903           -5.173
  340 (occ)     1          -6.203           1.684         -14.518         -13.698           -5.339
  341 (occ)     1          -6.163           1.688         -14.557         -13.726           -5.307
  342 (occ)     1          -6.080           1.673         -14.546         -13.846           -5.107
  343 (occ)     1          -6.038           1.689         -14.593         -13.888           -5.054
  344 (occ)     1          -6.007           1.720         -14.619         -13.933           -4.974
  345 (occ)     1          -5.928           1.521         -14.253         -13.841           -4.818
  346 (occ)     1          -5.865           1.531         -14.357         -13.902           -4.789
  347 (occ)     1          -5.779           1.565         -14.433         -14.032           -4.614
  348 (occ)     1          -5.557           1.394         -14.262         -13.978           -4.447
  349 (occ)     1          -5.435           1.228         -13.941         -13.907           -4.241
  350 (occ)     1          -5.270           1.258         -14.146         -13.936           -4.223
  351 (occ)     1          -4.966           0.919         -13.631         -14.021           -3.656
  352 (occ)     1          -4.937           1.056         -13.921         -13.956           -3.847
  353 (occ)     1          -4.627           0.827         -13.630         -13.944           -3.487
  354 (occ)     1          -4.609           0.708         -13.378         -14.148           -3.131
  355 (occ)     1          -4.374           0.598         -13.290         -13.904           -3.162
  356 (occ)     1          -4.230           0.457         -12.908         -13.843           -2.839
  357 (vir)     1          -2.547          -1.155          -8.959         -14.136            1.475
  358 (vir)     1          -2.356          -1.281          -8.572         -13.912            1.702
  359 (vir)     1          -2.273          -1.309          -8.572         -13.898            1.744
  360 (vir)     1          -2.121          -1.465          -8.044         -13.570            1.939
  361 (vir)     1          -1.919          -1.487          -8.216         -13.842            2.220
  362 (vir)     1          -1.900          -1.621          -7.482         -13.160            2.158
  363 (vir)     1          -1.677          -1.721          -7.121         -12.921            2.402
  364 (vir)     1          -1.514          -1.807          -7.391         -13.357            2.645
  365 (vir)     1          -1.435          -1.790          -7.790         -13.790            2.776
  366 (vir)     1          -1.300          -1.994          -6.545         -12.692            2.853
  367 (vir)     1          -1.210          -2.021          -7.215         -13.363            2.917
  368 (vir)     1          -1.208          -1.973          -6.584         -12.784            3.019
  369 (vir)     1          -1.198          -1.931          -7.152         -13.271            2.990
  370 (vir)     1          -1.073          -2.010          -6.654         -12.944            3.207
  371 (vir)     1          -0.906          -2.096          -6.644         -13.052            3.408
  372 (vir)     1          -0.883          -2.101          -7.494         -13.864            3.387
  373 (vir)     1          -0.811          -2.105          -6.847         -13.150            3.387
  374 (vir)     1          -0.720          -2.184          -6.885         -13.447            3.658
  375 (vir)     1          -0.687          -2.235          -6.990         -13.400            3.487
  376 (vir)     1          -0.536          -2.312          -6.945         -13.661            3.867
  377 (vir)     1          -0.386          -2.439          -7.098         -13.975            4.053
  378 (vir)     1          -0.383          -2.314          -6.741         -13.259            3.821
  379 (vir)     1          -0.300          -2.420          -6.891         -13.565            3.954
  380 (vir)     1          -0.284          -2.581          -7.196         -14.207            4.146
  381 (vir)     1          -0.159          -1.229          -1.568          -4.835            1.878
  382 (vir)     1          -0.158          -1.224          -1.561          -4.821            1.878
  383 (vir)     1          -0.140          -2.400          -6.190         -12.745            4.015
  384 (vir)     1          -0.032          -1.413          -1.801          -5.244            1.998
  385 (vir)     1          -0.014          -1.397          -1.764          -5.215            2.040
  386 (vir)     1           0.044          -1.341          -1.730          -5.165            2.138
  387 (vir)     1           0.058          -1.376          -1.759          -5.175            2.099
  388 (vir)     1           0.134          -1.320          -1.692          -5.105            2.227
  389 (vir)     1           0.148          -2.494          -6.004         -12.551            4.201
  390 (vir)     1           0.181          -1.355          -1.729          -5.131            2.229
  391 (vir)     1           0.258          -1.321          -1.657          -5.047            2.327
  392 (vir)     1           0.282          -2.680          -6.496         -13.414            4.520
  393 (vir)     1           0.318          -2.575          -6.186         -12.995            4.552
  394 (vir)     1           0.333          -1.343          -1.704          -5.097            2.383
  395 (vir)     1           0.416          -1.328          -1.622          -4.990            2.455
  396 (vir)     1           0.515          -1.343          -1.679          -5.062            2.556
  397 (vir)     1           0.601          -1.332          -1.589          -4.939            2.619
  398 (vir)     1           0.725          -1.348          -1.650          -5.023            2.750
  399 (vir)     1           0.737          -2.593          -5.599         -12.079            4.623
  400 (vir)     1           0.744          -2.710          -5.877         -12.772            4.928
  401 (vir)     1           0.806          -1.334          -1.573          -4.919            2.818
  402 (vir)     1           0.860          -2.907          -6.094         -13.181            5.040
  403 (vir)     1           0.954          -1.353          -1.621          -4.990            2.970
  404 (vir)     1           1.031          -1.346          -1.584          -4.944            3.044
  405 (vir)     1           1.134          -2.662          -5.075         -11.636            5.033
  406 (vir)     1           1.184          -1.361          -1.595          -4.973            3.202
  407 (vir)     1           1.260          -2.158          -3.789          -9.117            4.429
  408 (vir)     1           1.283          -1.365          -1.602          -4.976            3.293
  409 (vir)     1           1.370          -1.304          -1.349          -4.624            3.340
  410 (vir)     1           1.413          -3.033          -5.594         -12.658            5.444
  411 (vir)     1           1.458          -1.176          -1.000          -4.087            3.369
  412 (vir)     1           1.464          -2.788          -5.057         -11.738            5.357
  413 (vir)     1           1.532          -1.330          -1.427          -4.758            3.534
  414 (vir)     1           1.569          -1.309          -1.538          -4.846            3.568
  415 (vir)     1           1.609          -2.057          -3.258          -8.271            4.565
  416 (vir)     1           1.724          -1.303          -1.107          -4.363            3.678
  417 (vir)     1           1.725          -1.182          -0.898          -3.982            3.627
  418 (vir)     1           1.727          -1.425          -1.850          -5.348            3.800
  419 (vir)     1           1.735          -2.232          -3.411          -8.730            4.822
  420 (vir)     1           1.809          -1.212          -1.081          -4.308            3.824
  421 (vir)     1           1.873          -1.547          -1.673          -5.539            4.193
  422 (vir)     1           1.958          -1.938          -2.787          -7.602            4.836
  423 (vir)     1           1.981          -1.815          -2.510          -7.085            4.741
  424 (vir)     1           1.982          -1.344          -1.282          -4.630            3.986
  425 (vir)     1           2.048          -2.606          -4.167         -10.152            5.427
  426 (vir)     1           2.086          -1.296          -1.177          -4.523            4.136
  427 (vir)     1           2.089          -2.623          -3.766          -9.716            5.417
  428 (vir)     1           2.164          -1.366          -1.469          -4.902            4.232
  429 (vir)     1           2.256          -1.429          -1.448          -4.903            4.283
  430 (vir)     1           2.335          -3.046          -4.617         -11.411            6.084
  431 (vir)     1           2.341          -1.437          -1.406          -5.009            4.507
  432 (vir)     1           2.365          -2.066          -2.647          -7.484            5.136
  433 (vir)     1           2.394          -3.729          -5.916         -14.026            6.775
  434 (vir)     1           2.406          -1.443          -1.076          -4.566            4.453
  435 (vir)     1           2.424          -1.418          -1.046          -4.527            4.487
  436 (vir)     1           2.469          -1.450          -1.479          -5.046            4.586
  437 (vir)     1           2.487          -1.368          -1.047          -4.536            4.608
  438 (vir)     1           2.537          -2.296          -2.915          -8.078            5.405
  439 (vir)     1           2.540          -1.435          -1.302          -4.827            4.630
  440 (vir)     1           2.569          -1.375          -1.235          -4.723            4.682
  441 (vir)     1           2.608          -1.393          -1.275          -4.802            4.742
  442 (vir)     1           2.632          -1.687          -1.839          -5.922            5.027
  443 (vir)     1           2.657          -2.856          -4.221         -10.559            6.140
  444 (vir)     1           2.664          -2.338          -3.024          -8.361            5.663
  445 (vir)     1           2.677          -1.400          -1.089          -4.586            4.774
  446 (vir)     1           2.741          -1.354          -1.049          -4.557            4.895
  447 (vir)     1           2.873          -1.719          -1.872          -5.981            5.263
  448 (vir)     1           2.901          -1.488          -1.746          -5.422            5.089
  449 (vir)     1           2.924          -1.376          -1.047          -4.540            5.041
  450 (vir)     1           2.941          -1.441          -1.477          -5.096            5.119
  451 (vir)     1           2.951          -1.718          -1.776          -5.844            5.301
  452 (vir)     1           2.955          -1.368          -1.066          -4.597            5.117
  453 (vir)     1           3.206          -3.109          -4.114         -10.889            6.873
  454 (vir)     1           3.207          -1.386          -1.093          -4.638            5.365
  455 (vir)     1           3.253          -1.353          -1.054          -4.575            5.421
  456 (vir)     1           3.261          -2.296          -2.875          -8.102            6.191
  457 (vir)     1           3.283          -1.508          -1.757          -5.517            5.536
  458 (vir)     1           3.291          -1.654          -1.687          -5.728            5.678
  459 (vir)     1           3.327          -1.461          -1.569          -5.296            5.592
  460 (vir)     1           3.372          -2.532          -3.145          -8.704            6.399
  461 (vir)     1           3.585          -1.356          -1.048          -4.601            5.782
  462 (vir)     1           3.589          -1.404          -1.210          -4.834            5.809
  463 (vir)     1           3.663          -1.549          -1.892          -5.868            6.089
  464 (vir)     1           3.700          -2.018          -2.075          -6.600            6.208
  465 (vir)     1           3.706          -1.548          -1.855          -5.759            6.063
  466 (vir)     1           3.724          -1.751          -1.641          -5.727            6.060
  467 (vir)     1           3.742          -3.622          -4.561         -12.101            7.660
  468 (vir)     1           3.864          -2.699          -3.404          -9.417            7.178
  469 (vir)     1           3.927          -1.737          -2.608          -7.106            6.688
  470 (vir)     1           3.953          -1.487          -1.608          -5.541            6.398
  471 (vir)     1           3.988          -1.464          -1.444          -5.285            6.365
  472 (vir)     1           3.989          -1.858          -2.938          -7.700            6.893
  473 (vir)     1           3.991          -2.052          -3.621          -8.950            7.268
  474 (vir)     1           3.997          -2.082          -3.681          -9.093            7.327
  475 (vir)     1           4.037          -1.856          -2.959          -7.814            7.036
  476 (vir)     1           4.063          -1.571          -1.332          -5.175            6.335
  477 (vir)     1           4.076          -1.509          -1.332          -5.132            6.367
  478 (vir)     1           4.104          -1.657          -2.633          -7.194            7.008
  479 (vir)     1           4.167          -1.685          -2.697          -7.282            7.066
  480 (vir)     1           4.220          -4.039          -5.007         -13.333            8.506
  481 (vir)     1           4.229          -1.438          -0.986          -4.464            6.269
  482 (vir)     1           4.364          -1.529          -1.988          -6.196            7.044
  483 (vir)     1           4.371          -1.616          -2.592          -7.076            7.239
  484 (vir)     1           4.375          -1.624          -2.710          -7.239            7.280
  485 (vir)     1           4.397          -2.583          -2.925          -8.657            7.546
  486 (vir)     1           4.470          -1.400          -1.138          -4.738            6.670
  487 (vir)     1           4.541          -2.197          -2.276          -7.224            7.291
  488 (vir)     1           4.587          -2.002          -1.894          -6.454            7.144
  489 (vir)     1           4.634          -4.371          -5.243         -14.099            9.118
  490 (vir)     1           4.642          -1.660          -2.574          -7.084            7.492
  491 (vir)     1           4.741          -2.022          -4.033          -9.367            8.053
  492 (vir)     1           4.832          -2.677          -2.867          -8.653            7.940
  493 (vir)     1           4.862          -2.448          -5.274         -11.292            8.432
  494 (vir)     1           4.908          -2.693          -6.094         -12.508            8.628
  495 (vir)     1           4.955          -4.649          -5.412         -14.680            9.573
  496 (vir)     1           4.978          -1.672          -2.250          -6.643            7.699
  497 (vir)     1           4.982          -2.770          -6.430         -13.188            8.970
  498 (vir)     1           5.000          -3.155          -7.555         -14.811            9.100
  499 (vir)     1           5.008          -2.152          -4.209          -9.720            8.367
  500 (vir)     1           5.012          -2.818          -6.475         -13.296            9.016
  501 (vir)     1           5.017          -2.073          -1.747          -6.221            7.418
  502 (vir)     1           5.070          -2.561          -5.574         -11.909            8.844
  503 (vir)     1           5.105          -2.442          -2.530          -7.877            8.010
  504 (vir)     1           5.136          -2.613          -5.868         -12.254            8.907
  505 (vir)     1           5.149          -4.901          -5.466         -14.928            9.710
  506 (vir)     1           5.161          -2.639          -6.030         -12.804            9.295
  507 (vir)     1           5.168          -2.334          -4.876         -10.802            8.761
  508 (vir)     1           5.280          -2.639          -5.833         -12.502            9.310
  509 (vir)     1           5.284          -2.735          -2.912          -8.877            8.513
  510 (vir)     1           5.307          -2.552          -5.559         -12.354            9.551
  511 (vir)     1           5.374          -2.009          -3.467          -8.643            8.541
  512 (vir)     1           5.467          -2.512          -5.164         -11.705            9.496
  513 (vir)     1           5.492          -2.811          -6.309         -13.017            9.389
  514 (vir)     1           5.496          -2.815          -6.288         -13.444            9.837
  515 (vir)     1           5.515          -2.934          -6.652         -13.593            9.522
  516 (vir)     1           5.531          -1.875          -1.514          -5.811            7.953
  517 (vir)     1           5.543          -2.932          -6.613         -13.745            9.743
  518 (vir)     1           5.582          -2.201          -4.130          -9.806            9.058
  519 (vir)     1           5.590          -2.814          -6.319         -13.101            9.558
  520 (vir)     1           5.598          -2.544          -5.542         -11.944            9.455
  521 (vir)     1           5.642          -2.666          -5.887         -12.382            9.471
  522 (vir)     1           5.668          -2.657          -5.596         -12.451            9.867
  523 (vir)     1           5.680          -2.656          -5.826         -12.725            9.922
  524 (vir)     1           5.711          -2.517          -2.559          -8.104            8.739
  525 (vir)     1           5.712          -3.121          -3.172          -9.629            9.048
  526 (vir)     1           5.733          -2.536          -5.400         -12.061            9.858
  527 (vir)     1           5.772          -2.525          -5.068         -11.134            9.313
  528 (vir)     1           5.810          -2.502          -5.319         -11.627            9.617
  529 (vir)     1           5.816          -2.754          -6.028         -12.686            9.720
  530 (vir)     1           5.856          -2.755          -5.913         -12.535            9.724
  531 (vir)     1           5.865          -2.586          -5.323         -11.947            9.904
  532 (vir)     1           5.945          -2.579          -5.433         -11.745            9.678
  533 (vir)     1           5.984          -2.753          -5.947         -12.620            9.904
  534 (vir)     1           6.028          -2.598          -5.016         -11.568            9.981
  535 (vir)     1           6.078          -2.273          -3.924          -9.568            9.448
  536 (vir)     1           6.083          -2.677          -5.841         -12.518           10.083
  537 (vir)     1           6.123          -2.280          -4.332         -10.343            9.855
  538 (vir)     1           6.127          -2.493          -5.190         -11.439            9.883
  539 (vir)     1           6.150          -2.182          -3.955          -9.422            9.434
  540 (vir)     1           6.162          -2.757          -1.303          -5.466            7.568
  541 (vir)     1           6.195          -4.220          -3.855         -11.488            9.609
  542 (vir)     1           6.269          -2.723          -5.836         -12.687           10.398
  543 (vir)     1           6.282          -2.586          -5.362         -12.055           10.389
  544 (vir)     1           6.304          -2.035          -3.255          -8.587            9.601
  545 (vir)     1           6.368          -2.538          -2.700          -8.652            9.781
  546 (vir)     1           6.376          -2.657          -5.152         -12.007           10.574
  547 (vir)     1           6.401          -2.496          -5.038         -11.344           10.210
  548 (vir)     1           6.529          -2.725          -5.612         -12.545           10.738
  549 (vir)     1           6.593          -2.466          -4.163         -10.344           10.308
  550 (vir)     1           6.662          -2.691          -5.165         -12.080           10.887
  551 (vir)     1           6.682          -2.307          -4.079          -9.920           10.216
  552 (vir)     1           6.698          -2.875          -5.867         -13.046           11.002
  553 (vir)     1           6.708          -4.621          -4.263         -12.774           10.597
  554 (vir)     1           6.801          -2.222          -3.877          -9.760           10.461
  555 (vir)     1           6.841          -2.819          -5.284         -12.346           11.085
  556 (vir)     1           6.871          -2.580          -4.676         -11.017           10.632
  557 (vir)     1           6.940          -2.643          -4.545         -10.908           10.659
  558 (vir)     1           6.954          -1.636          -1.072          -5.085            9.331
  559 (vir)     1           6.981          -2.849          -5.624         -12.811           11.320
  560 (vir)     1           6.983          -2.939          -6.043         -13.260           11.260
  561 (vir)     1           6.984          -3.030          -5.656         -12.928           11.225
  562 (vir)     1           7.004          -4.484          -4.418         -13.205           11.307
  563 (vir)     1           7.045          -2.930          -5.549         -12.800           11.367
  564 (vir)     1           7.089          -2.566          -4.226         -10.454           10.750
  565 (vir)     1           7.166          -2.543          -4.010          -9.889           10.502
  566 (vir)     1           7.220          -3.005          -5.909         -13.327           11.633
  567 (vir)     1           7.268          -3.010          -2.558          -8.727           10.427
  568 (vir)     1           7.272          -2.896          -5.302         -12.346           11.420
  569 (vir)     1           7.325          -6.990          -5.250         -15.622           10.707
  570 (vir)     1           7.347          -2.929          -5.357         -12.383           11.444
  571 (vir)     1           7.399          -2.723          -4.750         -11.443           11.370
  572 (vir)     1           7.434          -2.743          -4.704         -11.306           11.293
  573 (vir)     1           7.471          -2.992          -5.583         -12.958           11.854
  574 (vir)     1           7.489          -2.779          -4.762         -11.445           11.393
  575 (vir)     1           7.532          -2.074          -2.892          -8.197           10.763
  576 (vir)     1           7.554          -2.662          -4.489         -11.008           11.411
  577 (vir)     1           7.717          -2.555          -4.170         -10.428           11.421
  578 (vir)     1           7.724          -2.919          -5.246         -12.407           11.966
  579 (vir)     1           7.783          -2.987          -5.161         -12.191           11.828
  580 (vir)     1           7.834          -2.807          -4.840         -11.673           11.860
  581 (vir)     1           7.871          -2.894          -3.355         -10.290           11.912
  582 (vir)     1           7.880          -3.205          -5.745         -13.310           12.240
  583 (vir)     1           7.930          -3.003          -5.303         -12.623           12.246
  584 (vir)     1           7.956          -1.534          -0.850          -4.746           10.318
  585 (vir)     1           8.000          -3.693          -3.494         -10.729           11.542
  586 (vir)     1           8.037          -2.954          -5.259         -12.554           12.378
  587 (vir)     1           8.076          -3.217          -5.811         -13.337           12.386
  588 (vir)     1           8.106          -2.876          -5.094         -12.366           12.502
  589 (vir)     1           8.211          -2.868          -4.626         -11.647           12.364
  590 (vir)     1           8.236          -3.039          -5.224         -12.323           12.297
  591 (vir)     1           8.252          -2.317          -3.323          -9.009           11.622
  592 (vir)     1           8.273          -2.916          -5.110         -12.132           12.379
  593 (vir)     1           8.369          -3.141          -5.669         -13.524           13.083
  594 (vir)     1           8.445          -3.043          -5.122         -12.262           12.542
  595 (vir)     1           8.477          -2.917          -4.707         -11.813           12.665
  596 (vir)     1           8.497          -2.153          -1.485          -6.350           11.208
  597 (vir)     1           8.515          -3.028          -5.056         -12.253           12.683
  598 (vir)     1           8.568          -2.790          -4.578         -11.462           12.663
  599 (vir)     1           8.603          -2.488          -3.672          -9.682           12.126
  600 (vir)     1           8.631          -3.384          -5.926         -13.801           13.121
  601 (vir)     1           8.780          -3.454          -5.909         -13.748           13.165
  602 (vir)     1           8.876          -2.961          -4.678         -11.486           12.723
  603 (vir)     1           8.901          -2.798          -4.352         -10.977           12.728
  604 (vir)     1           8.918          -2.854          -4.137         -10.599           12.527
  605 (vir)     1           8.932          -3.166          -5.279         -13.000           13.488
  606 (vir)     1           8.954          -3.357          -5.381         -13.160           13.375
  607 (vir)     1           8.985          -2.583          -3.657          -9.857           12.603
  608 (vir)     1           9.016          -1.360          -0.656          -4.483           11.483
  609 (vir)     1           9.141          -3.801          -6.129         -14.573           13.784
  610 (vir)     1           9.148          -2.790          -4.176         -10.770           12.952
  611 (vir)     1           9.192          -3.546          -6.165         -14.515           13.996
  612 (vir)     1           9.274          -3.043          -4.726         -11.881           13.385
  613 (vir)     1           9.412          -3.134          -5.121         -12.593           13.750
  614 (vir)     1           9.448          -3.164          -5.084         -12.523           13.723
  615 (vir)     1           9.462          -3.709          -6.014         -14.414           14.152
  616 (vir)     1           9.479          -3.668          -5.995         -14.312           14.128
  617 (vir)     1           9.556          -3.329          -4.973         -12.714           13.968
  618 (vir)     1           9.660          -3.529          -5.764         -13.821           14.188
  619 (vir)     1           9.673          -3.073          -4.768         -12.206           14.039
  620 (vir)     1           9.724          -1.311          -0.596          -4.419           12.236
  621 (vir)     1           9.764          -3.281          -5.112         -12.319           13.689
  622 (vir)     1           9.771          -3.102          -4.568         -11.644           13.745
  623 (vir)     1           9.772          -3.536          -5.842         -14.505           14.898
  624 (vir)     1          10.012          -3.376          -4.931         -12.368           14.073
  625 (vir)     1          10.023          -1.699          -0.869          -5.105           12.560
  626 (vir)     1          10.119          -3.527          -5.543         -12.762           13.811
  627 (vir)     1          10.171          -3.761          -6.047         -14.724           15.087
  628 (vir)     1          10.173          -2.940          -4.101         -11.002           14.135
  629 (vir)     1          10.202          -3.492          -5.194         -12.851           14.367
  630 (vir)     1          10.205          -3.610          -5.348         -13.388           14.635
  631 (vir)     1          10.284          -3.457          -4.954         -12.644           14.518
  632 (vir)     1          10.366          -3.699          -5.915         -13.424           14.176
  633 (vir)     1          10.447          -3.529          -5.534         -13.057           14.441
  634 (vir)     1          10.451          -3.684          -5.559         -13.709           14.917
  635 (vir)     1          10.456          -2.339          -3.033          -8.563           13.647
  636 (vir)     1          10.499          -3.562          -5.371         -13.241           14.806
  637 (vir)     1          10.579          -1.477          -0.675          -4.692           13.119
  638 (vir)     1          10.590          -3.535          -5.146         -13.296           15.206
  639 (vir)     1          10.677          -3.726          -5.582         -13.737           15.106
  640 (vir)     1          10.734          -2.171          -2.512          -7.532           13.583
  641 (vir)     1          10.746          -3.475          -4.978         -12.754           15.046
  642 (vir)     1          10.840          -3.988          -5.980         -15.352           16.224
  643 (vir)     1          10.860          -3.716          -5.514         -14.018           15.649
  644 (vir)     1          11.003          -3.349          -2.287         -10.224           15.592
  645 (vir)     1          11.098          -2.892          -3.701         -10.479           14.985
  646 (vir)     1          11.122          -2.497          -2.864          -8.608           14.368
  647 (vir)     1          11.127          -3.343          -2.287         -10.239           15.736
  648 (vir)     1          11.146          -3.856          -5.596         -14.629           16.322
  649 (vir)     1          11.191          -3.689          -5.157         -13.322           15.667
  650 (vir)     1          11.200          -4.064          -5.951         -15.019           16.204
  651 (vir)     1          11.274          -4.155          -5.998         -15.072           16.194
  652 (vir)     1          11.328          -3.359          -2.286         -10.262           15.945
  653 (vir)     1          11.461          -3.239          -4.157         -11.517           15.583
  654 (vir)     1          11.471          -4.258          -6.197         -14.921           15.937
  655 (vir)     1          11.583          -3.165          -3.838         -11.084           15.664
  656 (vir)     1          11.611          -3.391          -2.280         -10.289           16.228
  657 (vir)     1          11.615          -4.118          -5.796         -15.241           16.942
  658 (vir)     1          11.693          -3.932          -5.363         -13.662           16.061
  659 (vir)     1          11.707          -3.898          -5.324         -14.013           16.498
  660 (vir)     1          11.773          -4.306          -6.156         -15.313           16.624
  661 (vir)     1          11.854          -3.741          -5.004         -13.666           16.775
  662 (vir)     1          11.899          -3.208          -3.989         -11.420           16.122
  663 (vir)     1          11.927          -3.602          -4.831         -12.949           16.443
  664 (vir)     1          11.966          -1.847          -0.810          -5.304           14.614
  665 (vir)     1          11.974          -3.428          -2.271         -10.321           16.596
  666 (vir)     1          11.976          -3.769          -4.877         -13.274           16.604
  667 (vir)     1          12.022          -4.292          -5.848         -15.369           17.251
  668 (vir)     1          12.048          -4.299          -5.857         -15.632           17.525
  669 (vir)     1          12.114          -1.796          -0.766          -5.193           14.745
  670 (vir)     1          12.300          -6.202          -5.648         -15.656           16.106
  671 (vir)     1          12.326          -4.109          -5.567         -14.475           17.126
  672 (vir)     1          12.418          -3.473          -2.258         -10.359           17.045
  673 (vir)     1          12.420          -4.595          -6.560         -16.050           17.315
  674 (vir)     1          12.552          -3.966          -5.126         -13.896           17.356
  675 (vir)     1          12.566          -3.407          -4.222         -11.798           16.737
  676 (vir)     1          12.668          -3.583          -4.352         -12.163           16.896
  677 (vir)     1          12.866          -4.049          -5.221         -14.018           17.613
  678 (vir)     1          12.878          -3.547          -2.223         -10.340           17.448
  679 (vir)     1          12.924          -3.574          -2.250         -10.431           17.531
  680 (vir)     1          12.930          -3.906          -4.590         -13.075           17.510
  681 (vir)     1          12.934          -4.298          -5.472         -14.842           18.005
  682 (vir)     1          12.953          -4.600          -5.918         -15.908           18.342
  683 (vir)     1          12.959          -4.521          -5.946         -15.674           18.165
  684 (vir)     1          12.980          -3.546          -2.226         -10.363           17.570
  685 (vir)     1          13.149          -3.564          -2.229         -10.394           17.750
  686 (vir)     1          13.195          -4.705          -6.079         -16.010           18.421
  687 (vir)     1          13.226          -4.171          -5.090         -14.162           18.127
  688 (vir)     1          13.244          -4.618          -5.883         -15.878           18.622
  689 (vir)     1          13.363          -4.636          -5.653         -15.885           18.959
  690 (vir)     1          13.392          -3.592          -2.227         -10.425           17.998
  691 (vir)     1          13.400          -3.897          -4.622         -13.149           18.031
  692 (vir)     1          13.546          -3.602          -2.217         -10.428           18.156
  693 (vir)     1          13.613          -4.727          -5.845         -16.124           19.165
  694 (vir)     1          13.650          -4.696          -5.607         -15.641           18.989
  695 (vir)     1          13.687          -4.373          -5.411         -15.157           19.061
  696 (vir)     1          13.712          -3.629          -2.221         -10.459           18.321
  697 (vir)     1          13.819          -3.839          -4.429         -13.020           18.571
  698 (vir)     1          14.035          -3.550          -4.096         -12.373           18.762
  699 (vir)     1          14.097          -4.431          -5.050         -14.611           19.228
  700 (vir)     1          14.112          -3.665          -2.209         -10.492           18.729
  701 (vir)     1          14.116          -4.569          -5.167         -15.015           19.394
  702 (vir)     1          14.214          -3.667          -2.191         -10.461           18.817
  703 (vir)     1          14.302          -3.835          -3.996         -12.458           18.928
  704 (vir)     1          14.304          -3.498          -3.603         -11.492           18.695
  705 (vir)     1          14.318          -4.762          -5.628         -15.732           19.660
  706 (vir)     1          14.468          -4.244          -4.932         -14.381           19.673
  707 (vir)     1          14.515          -4.019          -4.246         -12.895           19.145
  708 (vir)     1          14.559          -4.096          -4.541         -13.939           19.861
  709 (vir)     1          14.582          -3.732          -2.199         -10.547           19.198
  710 (vir)     1          14.592          -3.788          -4.282         -13.065           19.586
  711 (vir)     1          14.658          -4.535          -4.894         -14.641           19.869
  712 (vir)     1          14.697          -4.846          -5.488         -16.109           20.471
  713 (vir)     1          14.738          -4.154          -4.333         -13.244           19.496
  714 (vir)     1          14.803          -4.474          -5.133         -15.143           20.339
  715 (vir)     1          14.940          -3.732          -2.157         -10.475           19.526
  716 (vir)     1          14.953          -3.708          -3.496         -11.937           19.686
  717 (vir)     1          14.962          -4.098          -4.018         -13.018           19.864
  718 (vir)     1          15.026          -4.081          -3.955         -12.794           19.784
  719 (vir)     1          15.076          -4.283          -4.493         -13.957           20.258
  720 (vir)     1          15.089          -4.306          -4.149         -13.369           20.004
  721 (vir)     1          15.144          -4.580          -4.634         -14.510           20.440
  722 (vir)     1          15.168          -4.262          -4.207         -13.477           20.176
  723 (vir)     1          15.185          -4.449          -4.340         -13.885           20.281
  724 (vir)     1          15.201          -4.259          -4.118         -13.303           20.127
  725 (vir)     1          15.235          -3.742          -2.152         -10.487           19.827
  726 (vir)     1          15.274          -4.127          -3.896         -12.856           20.107
  727 (vir)     1          15.277          -4.385          -4.461         -13.967           20.398
  728 (vir)     1          15.343          -4.451          -4.383         -13.997           20.506
  729 (vir)     1          15.371          -4.521          -4.419         -14.043           20.474
  730 (vir)     1          15.401          -4.445          -4.335         -13.729           20.350
  731 (vir)     1          15.453          -3.846          -2.116         -10.423           19.913
  732 (vir)     1          15.505          -4.267          -4.294         -13.506           20.450
  733 (vir)     1          15.525          -3.851          -2.125         -10.456           20.005
  734 (vir)     1          15.525          -4.392          -4.793         -14.672           21.012
  735 (vir)     1          15.572          -4.160          -4.042         -13.143           20.513
  736 (vir)     1          15.636          -3.883          -2.129         -10.491           20.115
  737 (vir)     1          15.672          -4.357          -4.240         -13.404           20.479
  738 (vir)     1          15.677          -4.289          -4.183         -13.565           20.770
  739 (vir)     1          15.703          -3.782          -2.124         -10.465           20.261
  740 (vir)     1          15.717          -4.140          -3.833         -12.731           20.474
  741 (vir)     1          15.730          -4.518          -4.445         -14.086           20.854
  742 (vir)     1          15.796          -4.225          -4.167         -13.352           20.755
  743 (vir)     1          15.819          -3.908          -2.149         -10.558           20.320
  744 (vir)     1          15.827          -4.123          -3.792         -12.729           20.642
  745 (vir)     1          15.841          -4.059          -3.878         -12.618           20.521
  746 (vir)     1          15.853          -3.811          -2.129         -10.524           20.436
  747 (vir)     1          15.901          -4.542          -4.211         -13.779           20.926
  748 (vir)     1          15.910          -4.455          -4.401         -14.024           21.077
  749 (vir)     1          15.979          -3.911          -3.624         -12.263           20.707
  750 (vir)     1          16.034          -4.731          -4.596         -14.705           21.412
  751 (vir)     1          16.059          -4.471          -4.250         -13.744           21.081
  752 (vir)     1          16.072          -3.952          -2.154         -10.615           20.580
  753 (vir)     1          16.140          -5.605          -5.841         -17.261           21.955
  754 (vir)     1          16.207          -3.979          -3.490         -12.057           20.795
  755 (vir)     1          16.301          -5.240          -5.034         -16.088           22.115
  756 (vir)     1          16.304          -5.342          -5.781         -16.983           22.164
  757 (vir)     1          16.345          -3.916          -2.141         -10.596           20.884
  758 (vir)     1          16.363          -3.823          -3.699         -12.365           21.206
  759 (vir)     1          16.492          -3.899          -2.074         -10.434           20.952
  760 (vir)     1          16.531          -3.913          -3.954         -12.829           21.493
  761 (vir)     1          16.542          -3.876          -2.103         -10.546           21.109
  762 (vir)     1          16.589          -4.176          -3.599         -12.527           21.340
  763 (vir)     1          16.610          -4.092          -3.499         -12.264           21.283
  764 (vir)     1          16.687          -4.033          -3.496         -12.213           21.372
  765 (vir)     1          16.696          -4.225          -3.571         -12.599           21.498
  766 (vir)     1          16.705          -5.139          -5.063         -15.655           22.158
  767 (vir)     1          16.735          -3.961          -2.162         -10.698           21.309
  768 (vir)     1          16.754          -4.524          -4.237         -13.701           21.694
  769 (vir)     1          16.870          -4.659          -4.538         -14.373           22.047
  770 (vir)     1          16.923          -4.879          -4.723         -14.855           22.176
  771 (vir)     1          16.926          -4.885          -4.723         -14.813           22.132
  772 (vir)     1          16.939          -4.164          -2.194         -10.838           21.418
  773 (vir)     1          16.955          -4.117          -3.708         -12.447           21.577
  774 (vir)     1          16.975          -5.095          -4.994         -15.568           22.453
  775 (vir)     1          17.072          -4.454          -4.114         -13.478           21.982
  776 (vir)     1          17.138          -3.821          -1.980         -10.188           21.524
  777 (vir)     1          17.226          -3.941          -2.080         -10.568           21.773
  778 (vir)     1          17.376          -4.954          -4.742         -15.134           22.814
  779 (vir)     1          17.385          -5.442          -5.168         -16.202           22.976
  780 (vir)     1          17.398          -4.477          -4.030         -13.545           22.435
  781 (vir)     1          17.402          -5.627          -5.455         -16.748           23.068
  782 (vir)     1          17.480          -5.372          -5.080         -15.999           23.028
  783 (vir)     1          17.574          -3.948          -2.009         -10.372           21.989
  784 (vir)     1          17.743          -5.586          -5.269         -16.610           23.498
  785 (vir)     1          17.752          -4.885          -4.499         -14.725           23.092
  786 (vir)     1          17.801          -4.007          -2.066         -10.603           22.331
  787 (vir)     1          17.856          -4.342          -2.140         -10.945           22.319
  788 (vir)     1          18.058          -5.494          -4.963         -16.046           23.647
  789 (vir)     1          18.058          -3.531          -2.940         -10.830           22.418
  790 (vir)     1          18.059          -4.060          -2.026         -10.509           22.483
  791 (vir)     1          18.125          -4.401          -3.803         -13.117           23.038
  792 (vir)     1          18.126          -4.128          -2.040         -10.554           22.512
  793 (vir)     1          18.133          -4.109          -2.028         -10.520           22.516
  794 (vir)     1          18.139          -4.236          -2.030         -10.554           22.427
  795 (vir)     1          18.264          -5.529          -4.984         -16.149           23.900
  796 (vir)     1          18.293          -5.966          -5.569         -17.688           24.446
  797 (vir)     1          18.339          -4.163          -3.530         -12.458           23.104
  798 (vir)     1          18.564          -6.100          -5.534         -17.766           24.696
  799 (vir)     1          18.580          -4.318          -3.480         -12.435           23.217
  800 (vir)     1          18.587          -4.220          -1.996         -10.542           22.913
  801 (vir)     1          18.610          -5.412          -4.646         -15.537           24.089
  802 (vir)     1          18.614          -4.222          -2.004         -10.575           22.963
  803 (vir)     1          18.646          -4.843          -4.257         -14.069           23.615
  804 (vir)     1          18.651          -4.894          -4.185         -14.075           23.646
  805 (vir)     1          18.709          -5.401          -4.735         -15.499           24.072
  806 (vir)     1          18.713          -4.199          -2.009         -10.575           23.080
  807 (vir)     1          18.819          -3.885          -3.001         -11.153           23.086
  808 (vir)     1          18.829          -4.294          -2.014         -10.640           23.160
  809 (vir)     1          18.844          -4.263          -2.018         -10.621           23.184
  810 (vir)     1          18.877          -5.350          -4.558         -15.202           24.171
  811 (vir)     1          18.941          -5.828          -5.111         -16.709           24.711
  812 (vir)     1          19.027          -4.321          -2.023         -10.669           23.352
  813 (vir)     1          19.276          -5.012          -4.166         -14.176           24.274
  814 (vir)     1          19.363          -4.292          -1.989         -10.648           23.731
  815 (vir)     1          19.395          -4.284          -1.980         -10.704           23.836
  816 (vir)     1          19.512          -5.641          -4.777         -16.062           25.156
  817 (vir)     1          19.588          -4.810          -3.807         -13.470           24.441
  818 (vir)     1          19.618          -3.647          -2.715         -10.380           23.637
  819 (vir)     1          19.624          -4.081          -1.965         -10.462           24.040
  820 (vir)     1          19.665          -4.013          -1.967         -10.378           24.063
  821 (vir)     1          19.732          -4.845          -3.902         -13.839           24.824
  822 (vir)     1          19.747          -5.271          -4.352         -15.009           25.133
  823 (vir)     1          19.975          -4.259          -1.957         -10.593           24.352
  824 (vir)     1          19.981          -4.420          -1.975         -10.809           24.394
  825 (vir)     1          20.041          -4.818          -3.740         -13.463           24.947
  826 (vir)     1          20.060          -6.165          -5.083         -17.024           25.835
  827 (vir)     1          20.080          -4.717          -3.619         -12.990           24.734
  828 (vir)     1          20.091          -5.985          -4.874         -16.635           25.866
  829 (vir)     1          20.190          -4.433          -1.956         -10.710           24.512
  830 (vir)     1          20.202          -4.104          -3.103         -11.689           24.684
  831 (vir)     1          20.230          -5.041          -3.918         -14.016           25.286
  832 (vir)     1          20.299          -4.412          -1.942         -10.676           24.622
  833 (vir)     1          20.391          -4.356          -1.906         -10.474           24.603
  834 (vir)     1          20.435          -4.457          -1.967         -10.750           24.760
  835 (vir)     1          20.488          -6.219          -4.966         -16.903           26.206
  836 (vir)     1          20.595          -5.333          -4.088         -14.654           25.828
  837 (vir)     1          20.665          -4.460          -1.933         -10.715           24.987
  838 (vir)     1          20.671          -4.422          -1.958         -10.721           25.012
  839 (vir)     1          20.698          -4.781          -3.570         -13.185           25.532
  840 (vir)     1          20.755          -4.767          -3.533         -13.063           25.518
  841 (vir)     1          20.796          -4.419          -1.954         -10.704           25.127
  842 (vir)     1          20.796          -5.384          -4.072         -14.681           26.021
  843 (vir)     1          20.817          -4.430          -1.924         -10.719           25.181
  844 (vir)     1          20.845          -4.399          -1.924         -10.625           25.147
  845 (vir)     1          20.901          -6.922          -5.426         -18.366           26.920
  846 (vir)     1          20.926          -4.516          -1.979         -10.811           25.242
  847 (vir)     1          20.974          -5.324          -4.001         -14.598           26.247
  848 (vir)     1          20.979          -4.412          -1.972         -10.756           25.352
  849 (vir)     1          20.982          -4.396          -1.904         -10.563           25.244
  850 (vir)     1          21.039          -4.529          -1.964         -10.812           25.358
  851 (vir)     1          21.107          -4.293          -2.895         -11.111           25.030
  852 (vir)     1          21.150          -7.233          -5.562         -18.863           27.219
  853 (vir)     1          21.183          -4.500          -1.932         -10.666           25.416
  854 (vir)     1          21.231          -4.476          -1.899         -10.589           25.444
  855 (vir)     1          21.249          -5.521          -4.132         -14.976           26.572
  856 (vir)     1          21.283          -5.889          -4.444         -15.814           26.764
  857 (vir)     1          21.382          -4.565          -3.224         -12.341           25.934
  858 (vir)     1          21.408          -4.516          -1.918         -10.638           25.611
  859 (vir)     1          21.479          -5.022          -3.616         -13.793           26.634
  860 (vir)     1          21.528          -4.384          -3.073         -12.019           26.090
  861 (vir)     1          21.529          -4.710          -3.369         -13.022           26.473
  862 (vir)     1          21.564          -4.527          -1.996         -10.933           25.974
  863 (vir)     1          21.584          -4.622          -1.918         -10.769           25.812
  864 (vir)     1          21.757          -4.601          -1.935         -10.829           26.051
  865 (vir)     1          21.846          -4.646          -1.907         -10.772           26.065
  866 (vir)     1          21.872          -4.621          -1.902         -10.688           26.036
  867 (vir)     1          21.972          -4.828          -3.372         -12.860           26.633
  868 (vir)     1          22.019          -4.715          -1.915         -10.858           26.247
  869 (vir)     1          22.023          -4.627          -3.174         -12.323           26.545
  870 (vir)     1          22.068          -4.310          -2.822         -11.238           26.174
  871 (vir)     1          22.091          -3.882          -2.482         -10.041           25.767
  872 (vir)     1          22.189          -4.626          -1.880         -10.672           26.356
  873 (vir)     1          22.430          -4.722          -3.182         -12.184           26.710
  874 (vir)     1          22.491          -4.663          -1.958         -10.837           26.707
  875 (vir)     1          22.522          -4.607          -1.861         -10.638           26.691
  876 (vir)     1          22.579          -4.720          -1.887         -10.852           26.824
  877 (vir)     1          22.586          -4.671          -1.874         -10.718           26.758
  878 (vir)     1          22.610          -3.859          -2.509         -10.400           26.642
  879 (vir)     1          22.632          -4.637          -3.098         -11.917           26.815
  880 (vir)     1          22.746          -4.654          -1.864         -10.649           26.878
  881 (vir)     1          22.771          -4.170          -2.700         -10.914           26.814
  882 (vir)     1          23.003          -4.916          -1.863         -10.828           27.052
  883 (vir)     1          23.235          -4.627          -1.829         -10.548           27.327
  884 (vir)     1          23.247          -4.758          -1.801         -10.478           27.166
  885 (vir)     1          23.324          -4.731          -1.931         -10.844           27.506
  886 (vir)     1          23.333          -4.877          -1.858         -10.837           27.436
  887 (vir)     1          23.343          -4.267          -2.649         -10.739           27.166
  888 (vir)     1          23.386          -4.194          -2.600         -11.076           27.668
  889 (vir)     1          23.389          -4.799          -1.853         -10.735           27.472
  890 (vir)     1          23.413          -4.288          -2.658         -11.257           27.725
  891 (vir)     1          23.660          -4.870          -1.843         -10.808           27.753
  892 (vir)     1          23.699          -4.143          -2.685         -10.453           27.324
  893 (vir)     1          23.800          -4.618          -1.777         -10.404           27.810
  894 (vir)     1          23.815          -4.300          -2.629         -10.706           27.592
  895 (vir)     1          23.878          -4.508          -2.915         -11.849           28.305
  896 (vir)     1          23.989          -4.876          -1.831         -10.773           28.056
  897 (vir)     1          23.996          -4.553          -2.895         -11.778           28.327
  898 (vir)     1          24.032          -4.732          -1.741         -10.315           27.875
  899 (vir)     1          24.144          -4.813          -1.858         -10.783           28.256
  900 (vir)     1          24.208          -4.258          -2.707         -10.812           28.054
  901 (vir)     1          24.416          -4.627          -1.749         -10.347           28.387
  902 (vir)     1          24.418          -4.855          -1.774         -10.635           28.423
  903 (vir)     1          24.472          -4.656          -2.914         -11.770           28.672
  904 (vir)     1          24.495          -4.347          -2.624         -10.722           28.246
  905 (vir)     1          24.550          -4.556          -2.822         -11.559           28.731
  906 (vir)     1          24.701          -4.404          -2.678         -11.187           28.806
  907 (vir)     1          24.781          -4.777          -1.763         -10.583           28.824
  908 (vir)     1          24.873          -4.405          -2.728         -11.059           28.799
  909 (vir)     1          24.876          -4.982          -1.666         -10.101           28.329
  910 (vir)     1          24.916          -4.349          -2.660         -11.016           28.922
  911 (vir)     1          24.987          -4.728          -1.711         -10.342           28.890
  912 (vir)     1          25.120          -4.741          -1.776         -10.521           29.124
  913 (vir)     1          25.255          -4.674          -1.734         -10.506           29.353
  914 (vir)     1          25.309          -4.394          -2.718         -10.968           29.165
  915 (vir)     1          25.417          -4.483          -2.783         -11.193           29.343
  916 (vir)     1          25.685          -4.794          -3.048         -11.450           29.293
  917 (vir)     1          25.756          -5.012          -3.120         -11.802           29.426
  918 (vir)     1          25.756          -4.729          -1.558          -9.753           29.222
  919 (vir)     1          25.808          -4.682          -1.696         -10.414           29.844
  920 (vir)     1          25.908          -4.658          -2.863         -11.530           29.916
  921 (vir)     1          25.936          -4.663          -2.940         -11.658           29.991
  922 (vir)     1          25.956          -4.501          -2.533         -10.757           29.678
  923 (vir)     1          26.003          -5.048          -1.768         -10.642           29.830
  924 (vir)     1          26.354          -4.451          -2.613         -11.006           30.297
  925 (vir)     1          26.431          -4.684          -1.654         -10.318           30.411
  926 (vir)     1          26.460          -4.506          -2.607         -10.877           30.224
  927 (vir)     1          26.757          -5.495          -3.445         -12.084           29.900
  928 (vir)     1          26.871          -4.219          -2.427         -10.389           30.614
  929 (vir)     1          26.949          -4.758          -1.699         -10.515           31.007
  930 (vir)     1          27.007          -4.669          -2.512         -11.031           30.857
  931 (vir)     1          27.092          -4.657          -1.609         -10.215           31.040
  932 (vir)     1          27.115          -4.438          -2.013         -10.045           30.709
  933 (vir)     1          27.247          -4.436          -2.528         -10.517           30.800
  934 (vir)     1          27.400          -4.466          -2.082         -10.084           30.935
  935 (vir)     1          27.490          -4.449          -2.208         -10.303           31.137
  936 (vir)     1          27.554          -4.424          -2.433         -10.379           31.076
  937 (vir)     1          27.649          -4.812          -2.747         -11.232           31.322
  938 (vir)     1          27.735          -4.595          -1.559         -10.080           31.661
  939 (vir)     1          27.963          -4.662          -2.257         -10.427           31.472
  940 (vir)     1          27.970          -5.161          -1.640         -10.316           31.486
  941 (vir)     1          28.020          -4.717          -2.376         -11.262           32.189
  942 (vir)     1          28.252          -4.894          -2.270         -10.655           31.743
  943 (vir)     1          28.286          -5.156          -1.494          -9.858           31.494
  944 (vir)     1          28.438          -5.859          -3.397         -12.048           31.231
  945 (vir)     1          28.495          -5.926          -3.453         -12.086           31.202
  946 (vir)     1          28.501          -4.135          -1.894          -9.571           32.043
  947 (vir)     1          28.520          -4.292          -1.914          -9.722           32.036
  948 (vir)     1          28.525          -4.869          -2.458         -10.818           32.016
  949 (vir)     1          28.932          -5.120          -2.518         -10.937           32.231
  950 (vir)     1          28.969          -4.860          -2.307         -11.351           33.154
  951 (vir)     1          29.099          -5.161          -1.593         -10.352           32.696
  952 (vir)     1          29.122          -4.716          -2.330         -10.790           32.866
  953 (vir)     1          29.446          -4.680          -2.180         -10.929           33.515
  954 (vir)     1          29.476          -4.655          -2.314         -10.996           33.504
  955 (vir)     1          29.541          -5.123          -2.478         -10.964           32.903
  956 (vir)     1          29.628          -5.027          -2.386         -11.233           33.448
  957 (vir)     1          29.685          -4.949          -2.291         -11.330           33.774
  958 (vir)     1          29.739          -4.721          -2.308         -10.936           33.646
  959 (vir)     1          29.918          -4.758          -2.162         -10.927           33.925
  960 (vir)     1          30.159          -5.143          -2.412         -11.244           33.849
  961 (vir)     1          30.264          -5.597          -2.454         -11.523           33.736
  962 (vir)     1          30.294          -5.173          -1.500         -10.131           33.752
  963 (vir)     1          30.414          -4.633          -2.198         -10.477           34.059
  964 (vir)     1          30.469          -5.522          -2.534         -11.657           34.070
  965 (vir)     1          30.553          -4.881          -2.122         -10.619           34.169
  966 (vir)     1          30.605          -5.206          -2.403         -11.371           34.367
  967 (vir)     1          30.926          -4.959          -2.165         -10.793           34.595
  968 (vir)     1          30.971          -5.102          -2.369         -11.351           34.852
  969 (vir)     1          30.993          -5.431          -2.519         -11.589           34.632
  970 (vir)     1          31.123          -4.866          -1.981         -10.536           34.811
  971 (vir)     1          31.181          -5.100          -2.104         -10.710           34.687
  972 (vir)     1          31.341          -4.956          -2.134         -10.835           35.085
  973 (vir)     1          31.408          -5.291          -2.330         -11.529           35.316
  974 (vir)     1          31.417          -5.300          -2.379         -11.499           35.238
  975 (vir)     1          31.465          -5.213          -2.297         -11.161           35.116
  976 (vir)     1          31.496          -5.366          -2.318         -11.231           35.043
  977 (vir)     1          31.581          -4.793          -1.415          -9.944           35.317
  978 (vir)     1          31.615          -5.625          -2.495         -11.782           35.277
  979 (vir)     1          31.650          -5.324          -2.302         -11.301           35.325
  980 (vir)     1          31.748          -6.077          -2.846         -12.278           35.104
  981 (vir)     1          31.804          -5.376          -2.252         -11.296           35.471
  982 (vir)     1          31.840          -5.192          -2.179         -11.126           35.595
  983 (vir)     1          31.919          -5.189          -2.184         -11.020           35.566
  984 (vir)     1          31.939          -5.190          -2.153         -11.313           35.908
  985 (vir)     1          32.011          -5.273          -2.352         -11.447           35.834
  986 (vir)     1          32.013          -5.308          -2.312         -11.117           35.510
  987 (vir)     1          32.165          -6.402          -2.865         -12.575           35.473
  988 (vir)     1          32.167          -5.743          -2.275         -11.010           35.159
  989 (vir)     1          32.230          -5.742          -2.263         -10.958           35.183
  990 (vir)     1          32.313          -5.114          -2.137         -10.924           35.986
  991 (vir)     1          32.316          -5.741          -2.345         -11.795           36.027
  992 (vir)     1          32.437          -6.917          -2.289         -11.240           34.470
  993 (vir)     1          32.487          -5.473          -2.206         -11.556           36.363
  994 (vir)     1          32.543          -5.331          -2.329         -11.594           36.476
  995 (vir)     1          32.594          -5.463          -2.143         -11.397           36.385
  996 (vir)     1          32.675          -5.567          -2.180         -11.541           36.468
  997 (vir)     1          32.805          -6.187          -2.203         -11.370           35.786
  998 (vir)     1          32.893          -5.133          -1.332          -9.770           36.198
  999 (vir)     1          32.979          -6.914          -2.226         -11.456           35.296
 1000 (vir)     1          33.134          -5.653          -2.248         -11.788           37.022
 1001 (vir)     1          33.191          -5.653          -2.187         -11.186           36.537
 1002 (vir)     1          33.257          -4.865          -2.202         -10.970           37.159
 1003 (vir)     1          33.259          -5.737          -2.126         -11.189           36.585
 1004 (vir)     1          33.348          -6.012          -2.156         -11.350           36.531
 1005 (vir)     1          33.375          -6.422          -2.348         -11.531           36.137
 1006 (vir)     1          33.425          -5.494          -2.339         -11.116           36.708
 1007 (vir)     1          33.495          -6.196          -2.245         -11.705           36.758
 1008 (vir)     1          33.548          -6.969          -2.418         -11.545           35.706
 1009 (vir)     1          33.623          -7.110          -2.558         -11.940           35.895
 1010 (vir)     1          33.657          -5.779          -2.329         -11.493           37.041
 1011 (vir)     1          33.666          -5.982          -2.176         -11.390           36.898
 1012 (vir)     1          33.678          -6.546          -2.341         -11.616           36.406
 1013 (vir)     1          33.699          -5.664          -2.461         -11.690           37.263
 1014 (vir)     1          33.754          -5.541          -2.399         -11.535           37.349
 1015 (vir)     1          33.757          -6.277          -2.225         -11.113           36.369
 1016 (vir)     1          33.814          -5.713          -2.060         -11.359           37.400
 1017 (vir)     1          33.826          -7.156          -2.578         -11.955           36.047
 1018 (vir)     1          33.898          -5.834          -2.113         -11.678           37.630
 1019 (vir)     1          34.029          -6.175          -2.437         -11.873           37.290
 1020 (vir)     1          34.048          -6.691          -2.545         -11.977           36.790
 1021 (vir)     1          34.074          -6.073          -2.412         -11.540           37.130
 1022 (vir)     1          34.101          -6.018          -1.257          -9.612           36.437
 1023 (vir)     1          34.109          -5.664          -2.393         -11.438           37.490
 1024 (vir)     1          34.120          -6.229          -2.174         -11.288           37.004
 1025 (vir)     1          34.198          -6.241          -2.360         -11.530           37.127
 1026 (vir)     1          34.207          -6.434          -2.417         -12.060           37.416
 1027 (vir)     1          34.226          -5.922          -2.062         -11.773           38.015
 1028 (vir)     1          34.368          -6.517          -2.474         -11.953           37.330
 1029 (vir)     1          34.428          -6.760          -2.363         -11.360           36.665
 1030 (vir)     1          34.475          -6.133          -2.388         -11.475           37.429
 1031 (vir)     1          34.505          -6.787          -2.400         -11.620           36.939
 1032 (vir)     1          34.603          -6.467          -2.300         -11.344           37.180
 1033 (vir)     1          34.800          -5.911          -2.335         -11.113           37.667
 1034 (vir)     1          34.871          -6.501          -2.337         -11.773           37.806
 1035 (vir)     1          34.875          -6.623          -2.371         -11.890           37.772
 1036 (vir)     1          35.013          -5.934          -1.197          -9.471           37.353
 1037 (vir)     1          35.056          -7.301          -2.610         -11.798           36.943
 1038 (vir)     1          35.259          -6.534          -2.388         -11.172           37.510
 1039 (vir)     1          35.350          -7.207          -2.565         -11.716           37.295
 1040 (vir)     1          35.443          -7.074          -2.412         -11.774           37.731
 1041 (vir)     1          35.448          -6.288          -2.294         -12.107           38.973
 1042 (vir)     1          35.590          -6.458          -2.305         -11.577           38.404
 1043 (vir)     1          35.668          -7.475          -2.559         -11.923           37.559
 1044 (vir)     1          35.787          -6.399          -2.380         -11.332           38.340
 1045 (vir)     1          35.811          -6.433          -2.231         -11.659           38.806
 1046 (vir)     1          35.811          -6.310          -2.226         -11.762           39.036
 1047 (vir)     1          35.935          -7.711          -2.836         -12.414           37.802
 1048 (vir)     1          36.078          -7.789          -2.674         -11.984           37.599
 1049 (vir)     1          36.245          -8.869          -3.072         -12.201           36.505
 1050 (vir)     1          36.375          -7.866          -2.652         -12.098           37.955
 1051 (vir)     1          36.379          -9.070          -3.119         -12.340           36.531
 1052 (vir)     1          36.569          -8.017          -2.833         -12.598           38.317
 1053 (vir)     1          36.705          -9.453          -3.104         -12.419           36.568
 1054 (vir)     1          36.764          -8.036          -2.672         -11.914           37.970
 1055 (vir)     1          36.803          -9.536          -3.278         -12.786           36.775
 1056 (vir)     1          36.805          -9.372          -3.215         -12.911           37.130
 1057 (vir)     1          36.913         -10.669          -3.616         -13.237           35.866
 1058 (vir)     1          37.110          -8.806          -2.915         -12.106           37.495
 1059 (vir)     1          37.116          -9.300          -3.023         -12.556           37.349
 1060 (vir)     1          37.231          -7.485          -2.532         -12.493           39.707
 1061 (vir)     1          37.336          -9.718          -3.329         -12.991           37.280
 1062 (vir)     1          37.438          -8.625          -2.792         -12.355           38.376
 1063 (vir)     1          37.517          -8.850          -2.954         -12.433           38.146
 1064 (vir)     1          37.576          -9.476          -3.161         -12.791           37.730
 1065 (vir)     1          37.731          -7.975          -2.548         -12.335           39.542
 1066 (vir)     1          37.732         -10.126          -3.164         -12.765           37.206
 1067 (vir)     1          37.803          -8.671          -2.852         -12.477           38.758
 1068 (vir)     1          37.898          -8.885          -2.869         -12.610           38.753
 1069 (vir)     1          37.975          -9.620          -2.905         -12.236           37.686
 1070 (vir)     1          38.347          -9.792          -3.071         -12.701           38.185
 1071 (vir)     1          38.427          -8.692          -2.762         -12.431           39.405
 1072 (vir)     1          38.445          -9.243          -2.963         -12.612           38.851
 1073 (vir)     1          38.636          -8.190          -2.917         -12.644           40.172
 1074 (vir)     1          38.648          -8.447          -2.919         -12.665           39.947
 1075 (vir)     1          38.702          -9.759          -2.938         -12.715           38.720
 1076 (vir)     1          38.751          -8.484          -2.672         -12.705           40.300
 1077 (vir)     1          38.878         -10.258          -2.998         -12.582           38.205
 1078 (vir)     1          39.011          -9.384          -3.173         -12.870           39.325
 1079 (vir)     1          39.059          -9.141          -3.092         -12.778           39.604
 1080 (vir)     1          39.171          -9.502          -2.923         -12.602           39.349
 1081 (vir)     1          39.493         -10.799          -3.306         -13.091           38.479
 1082 (vir)     1          39.520         -10.894          -3.272         -13.070           38.424
 1083 (vir)     1          39.656          -6.101          -1.731         -11.536           43.359
 1084 (vir)     1          39.669         -11.807          -3.199         -12.871           37.535
 1085 (vir)     1          39.686          -7.257          -1.983         -11.834           42.280
 1086 (vir)     1          39.690         -10.977          -3.076         -12.937           38.574
 1087 (vir)     1          39.967          -8.811          -2.396         -12.265           41.024
 1088 (vir)     1          40.212          -9.713          -2.748         -12.613           40.364
 1089 (vir)     1          40.552         -12.985          -3.209         -13.133           37.491
 1090 (vir)     1          40.602         -11.271          -2.939         -13.056           39.448
 1091 (vir)     1          41.102         -12.491          -3.100         -13.422           38.934
 1092 (vir)     1          41.197         -10.266          -3.058         -12.591           40.464
 1093 (vir)     1          41.267          -9.367          -3.216         -13.304           41.988
 1094 (vir)     1          41.516          -8.698          -3.170         -13.647           43.294
 1095 (vir)     1          41.838         -11.983          -3.790         -13.810           39.874
 1096 (vir)     1          41.892          -7.119          -3.094         -13.326           45.005
 1097 (vir)     1          42.135           3.997          -2.640         -12.154           55.645
 1098 (vir)     1          42.177          -6.179          -3.113         -13.361           46.246
 1099 (vir)     1          42.313          -4.987          -3.590         -13.600           47.337
 1100 (vir)     1          42.465          -5.549          -1.655          -9.557           44.819
 1101 (vir)     1          42.466          -5.233          -1.654          -9.557           45.135
 1102 (vir)     1          42.568         -12.884          -2.722         -13.284           40.246
 1103 (vir)     1          42.596           3.551          -3.510         -13.680           56.318
 1104 (vir)     1          42.699           3.513          -3.690         -13.886           56.408
 1105 (vir)     1          42.737           3.659          -3.871         -14.156           56.681
 1106 (vir)     1          42.884           3.847          -3.455         -13.540           56.815
 1107 (vir)     1          43.020           3.511          -3.581         -13.845           56.796
 1108 (vir)     1          43.040         -11.733          -3.086         -13.525           41.746
 1109 (vir)     1          43.042           3.947          -3.310         -13.324           57.002
 1110 (vir)     1          43.142           4.069          -3.419         -13.583           57.376
 1111 (vir)     1          43.215           3.035          -3.574         -13.789           56.465
 1112 (vir)     1          43.390           3.647          -3.684         -14.042           57.394
 1113 (vir)     1          43.443           3.365          -3.543         -13.767           57.032
 1114 (vir)     1          43.511           3.570          -3.375         -13.601           57.307
 1115 (vir)     1          43.673           3.002          -3.656         -13.963           56.983
 1116 (vir)     1          43.717           2.948          -3.456         -13.815           57.024
 1117 (vir)     1          43.825           2.903          -3.594         -13.980           57.113
 1118 (vir)     1          43.995           3.344          -3.457         -13.813           57.695
 1119 (vir)     1          44.027           4.182          -3.026         -13.612           58.794
 1120 (vir)     1          44.058           3.203          -3.639         -14.089           57.712
 1121 (vir)     1          44.520           2.808          -3.496         -13.994           57.825
 1122 (vir)     1          44.602           2.614          -3.342         -13.745           57.619
 1123 (vir)     1          44.618           2.772          -3.111         -13.446           57.725
 1124 (vir)     1          44.619           2.814          -3.335         -13.681           57.779
 1125 (vir)     1          44.679           2.901          -3.469         -13.866           57.978
 1126 (vir)     1          44.709           2.832          -3.591         -14.032           57.982
 1127 (vir)     1          44.782           3.172          -2.921         -13.232           58.266
 1128 (vir)     1          44.835           3.115          -3.403         -13.898           58.445
 1129 (vir)     1          44.918           3.035          -3.297         -13.851           58.508
 1130 (vir)     1          45.071           2.566          -3.106         -13.354           57.885
 1131 (vir)     1          45.166           3.247          -3.033         -13.398           58.779
 1132 (vir)     1          45.228           2.729          -3.045         -13.432           58.344
 1133 (vir)     1          45.340           2.308          -3.480         -13.859           58.027
 1134 (vir)     1          45.465           3.132          -2.912         -13.245           58.931
 1135 (vir)     1          45.530           2.069          -3.584         -14.016           58.031
 1136 (vir)     1          45.801           2.416          -3.198         -13.622           58.640
 1137 (vir)     1          45.948           1.832          -3.491         -13.782           58.071
 1138 (vir)     1          45.984           2.305          -3.070         -13.579           58.798
 1139 (vir)     1          46.013           2.769          -2.914         -13.261           59.128
 1140 (vir)     1          46.016           2.020          -3.266         -13.562           58.332
 1141 (vir)     1          46.189           2.519          -3.323         -13.686           59.071
 1142 (vir)     1          46.189           2.162          -3.059         -13.605           58.898
 1143 (vir)     1          46.289           2.241          -3.087         -13.599           59.042
 1144 (vir)     1          46.430           2.191          -3.297         -13.710           59.034
 1145 (vir)     1          46.525           2.110          -3.189         -13.683           59.130
 1146 (vir)     1          46.596           2.131          -3.345         -13.679           59.061
 1147 (vir)     1          46.610           2.080          -3.104         -13.716           59.302
 1148 (vir)     1          46.823           1.832          -3.124         -13.750           59.281
 1149 (vir)     1          46.908           1.829          -3.278         -13.872           59.331
 1150 (vir)     1          47.432           1.754          -3.250         -13.554           59.489
 1151 (vir)     1          47.699           0.977          -3.312         -13.387           58.750
 1152 (vir)     1          47.801          -2.960          -2.992         -13.477           55.326
 1153 (vir)     1          47.864          -2.212          -2.993         -13.518           56.177
 1154 (vir)     1          47.867           1.946          -3.116         -13.175           59.871
 1155 (vir)     1          48.193          -3.906          -3.197         -13.506           54.596
 1156 (vir)     1          48.221          -2.517          -3.180         -13.499           56.023
 1157 (vir)     1          48.804          -1.664          -2.904         -13.004           57.240
 1158 (vir)     1          48.912          -2.296          -2.757         -13.173           57.033
 1159 (vir)     1          48.936          -2.232          -3.044         -13.265           56.925
 1160 (vir)     1          49.431          -2.393          -2.649         -12.721           57.110
 1161 (vir)     1          49.531          -2.473          -3.067         -13.227           57.218
 1162 (vir)     1          49.846          -3.072          -2.974         -13.176           56.975
 1163 (vir)     1          49.991          -2.186          -2.747         -13.092           58.149
 1164 (vir)     1          50.148          -2.361          -3.013         -13.297           58.071
 1165 (vir)     1          50.223          -2.371          -2.771         -13.149           58.231
 1166 (vir)     1          50.264          -1.966          -3.250         -13.694           58.743
 1167 (vir)     1          50.398          -3.439          -2.616         -12.750           57.093
 1168 (vir)     1          50.608          -2.756          -3.152         -13.748           58.448
 1169 (vir)     1          50.725          -2.907          -2.723         -12.948           58.044
 1170 (vir)     1          50.756          -1.911          -3.458         -14.002           59.389
 1171 (vir)     1          50.825          -2.392          -3.295         -13.750           58.888
 1172 (vir)     1          51.330          -3.060          -2.777         -13.064           58.557
 1173 (vir)     1          51.605          -2.581          -3.222         -13.307           59.110
 1174 (vir)     1          51.707          -2.855          -3.287         -13.752           59.317
 1175 (vir)     1          51.740          -4.458          -2.783         -13.037           57.536
 1176 (vir)     1          51.920          -3.484          -2.627         -12.699           58.508
 1177 (vir)     1          51.947          -4.254          -3.158         -13.415           57.951
 1178 (vir)     1          52.073          -3.548          -3.325         -13.522           58.722
 1179 (vir)     1          52.437          -3.450          -3.331         -13.674           59.330
 1180 (vir)     1          52.445          -3.752          -3.274         -13.682           59.101
 1181 (vir)     1          52.452          -3.443          -3.334         -13.824           59.499
 1182 (vir)     1          52.802          -4.961          -2.866         -13.147           58.122
 1183 (vir)     1          52.985          -4.102          -3.251         -13.722           59.353
 1184 (vir)     1          53.025          -4.525          -3.192         -13.683           58.991
 1185 (vir)     1          53.047          -3.836          -3.180         -13.479           59.510
 1186 (vir)     1          53.170          -4.639          -3.094         -13.517           58.954
 1187 (vir)     1          53.413          -5.897          -2.895         -13.155           57.776
 1188 (vir)     1          53.442          -3.798          -3.412         -13.738           59.970
 1189 (vir)     1          53.649          -6.738          -2.416         -12.398           56.893
 1190 (vir)     1          54.009          -5.020          -2.778         -13.087           59.298
 1191 (vir)     1          54.373          -0.673          -2.761         -13.060           63.999
 1192 (vir)     1          54.713          -4.539          -3.238         -13.544           60.480
 1193 (vir)     1          55.340          -1.922          -2.509         -12.280           63.189
 1194 (vir)     1          55.489          -0.769          -2.384         -12.768           65.104
 1195 (vir)     1          55.724          -5.653          -2.129         -12.224           60.167
 1196 (vir)     1          55.809          -5.558          -3.295         -13.725           60.681
 1197 (vir)     1          56.032          -7.025          -2.774         -13.221           59.453
 1198 (vir)     1          56.833           5.059          -2.252         -12.594           72.234
 1199 (vir)     1          56.990           4.475          -2.044         -12.342           71.763
 1200 (vir)     1          57.781           5.989          -2.617         -13.194           74.347
 1201 (vir)     1          58.068           4.753          -2.392         -12.890           73.319
 1202 (vir)     1          58.189           6.522          -2.706         -13.466           75.470
 1203 (vir)     1          59.188           4.919          -2.557         -13.124           74.674
 1204 (vir)     1          59.623           4.622          -2.301         -13.019           74.964
 1205 (vir)     1          60.202           4.018          -2.150         -12.578           74.648
 1206 (vir)     1          61.262           2.995          -1.644         -11.924           74.538
 1207 (vir)     1          62.145           3.159          -2.099         -12.477           75.682
 1208 (vir)     1          62.500           5.698          -2.028         -12.254           78.423
 1209 (vir)     1          63.294          -0.075          -1.383         -11.392           73.228
 1210 (vir)     1          64.757           2.815          -1.406         -11.950           78.116
 1211 (vir)     1          66.661          -0.779          -1.293         -12.040           76.629
 1212 (vir)     1          66.764           3.822          -1.356         -12.381           81.611
 1213 (vir)     1          66.857           0.557          -1.237         -12.309           78.487
 1214 (vir)     1          66.955           2.223          -1.934         -12.511           79.754
 1215 (vir)     1          67.015           5.498          -1.163         -12.103           83.453
 1216 (vir)     1          67.316           3.436          -1.525         -12.387           81.615
 1217 (vir)     1          68.052           4.803          -1.238         -12.111           83.728
 1218 (vir)     1          68.147           3.572          -1.163         -11.877           82.433
 1219 (vir)     1          68.618           1.597          -1.387         -12.610           81.438
 1220 (vir)     1          68.685           1.597          -1.510         -12.055           80.826
 1221 (vir)     1          68.935           2.942          -1.416         -12.841           83.303
 1222 (vir)     1          69.959           1.193          -1.494         -12.097           81.754
 1223 (vir)     1          70.178           1.302          -1.426         -11.982           82.037
 1224 (vir)     1          70.837           4.607          -1.432         -12.153           86.166
 1225 (vir)     1          71.927           0.764          -1.518         -12.570           83.743
 1226 (vir)     1          72.203           1.669          -1.647         -12.463           84.688
 1227 (vir)     1          72.339           1.469          -1.430         -12.292           84.670
 1228 (vir)     1          73.185           2.089          -1.462         -12.996           86.809
 1229 (vir)     1          73.667          -0.395          -1.675         -12.654           84.251
 1230 (vir)     1          75.624           1.019          -1.170         -11.722           87.195
 1231 (vir)     1          76.165           1.226          -1.723         -12.753           88.421
 1232 (vir)     1          76.739           1.019          -1.154         -12.340           88.944
 1233 (vir)     1          78.401           3.234          -1.480         -13.310           93.465
 1234 (vir)     1          82.298           1.203          -1.441         -13.098           95.157
 1235 (vir)     1          82.393           1.433          -1.316         -12.967           95.477
 1236 (vir)     1          82.775           1.192          -1.238         -12.448           95.178
 1237 (vir)     1          83.420           0.780          -1.039         -11.843           95.004
 1238 (vir)     1          84.052           2.289          -1.447         -13.527           98.421
 1239 (vir)     1          85.293           2.022          -1.397         -13.552           99.469
 1240 (vir)     1          87.165           0.706          -1.444         -13.084           99.511
 1241 (vir)     1          88.130           0.601          -1.477         -13.482          100.736
 1242 (vir)     1          96.709           0.415          -1.464         -14.114          109.775
 1243 (vir)     1          96.945           0.488          -1.527         -13.996          109.902
 1244 (vir)     1         107.034           0.332          -1.439         -14.874          120.801
 1245 (vir)     1         109.137           0.389          -1.582         -15.087          123.032
 1246 (vir)     1         116.458           0.289          -1.421         -15.559          130.884
 1247 (vir)     1         122.572           0.347          -1.639         -16.317          137.598
 1248 (vir)     1         134.793           0.289          -1.689         -17.443          150.836
 
