 
  kpoint:       1             coordinate:     0.0000    0.0000    0.0000
 
    n           k   ϵ_nk^DFT (eV)     Σ^c_nk (eV)     Σ^x_nk (eV)    v_nk^xc (eV)   ϵ_nk^G0W0 (eV)
 
    1 (occ)     1        -266.689          -7.012         -91.572         -61.083         -304.191
    2 (occ)     1        -266.689          -7.012         -91.572         -61.083         -304.191
    3 (occ)     1        -266.689          -7.026         -91.574         -61.085         -304.204
    4 (occ)     1        -266.689          -7.026         -91.574         -61.085         -304.204
    5 (occ)     1        -266.663          -7.655         -91.553         -61.073         -304.798
    6 (occ)     1        -266.663          -7.655         -91.553         -61.073         -304.798
    7 (occ)     1        -266.649          -7.853         -91.621         -61.069         -305.054
    8 (occ)     1        -266.649          -7.855         -91.622         -61.071         -305.055
    9 (occ)     1        -266.648          -7.856         -91.623         -61.072         -305.055
   10 (occ)     1        -266.647          -7.858         -91.624         -61.073         -305.056
   11 (occ)     1        -266.647          -7.859         -91.626         -61.076         -305.056
   12 (occ)     1        -266.646          -7.863         -91.618         -61.068         -305.058
   13 (occ)     1        -266.645          -7.858         -91.631         -61.080         -305.054
   14 (occ)     1        -266.645          -7.869         -91.611         -61.063         -305.061
   15 (occ)     1        -266.644          -7.872         -91.610         -61.064         -305.063
   16 (occ)     1        -266.643          -7.867         -91.620         -61.072         -305.058
   17 (occ)     1        -266.643          -7.862         -91.626         -61.077         -305.054
   18 (occ)     1        -266.642          -7.869         -91.620         -61.073         -305.059
   19 (occ)     1        -266.642          -7.877         -91.614         -61.069         -305.065
   20 (occ)     1        -266.641          -7.883         -91.617         -61.073         -305.069
   21 (occ)     1        -266.640          -7.881         -91.614         -61.069         -305.066
   22 (occ)     1        -266.640          -7.882         -91.614         -61.070         -305.066
   23 (occ)     1        -266.638          -7.862         -91.623         -61.076         -305.047
   24 (occ)     1        -266.638          -7.862         -91.623         -61.076         -305.047
   25 (occ)     1        -266.637          -7.871         -91.616         -61.071         -305.054
   26 (occ)     1        -266.637          -7.871         -91.616         -61.071         -305.054
   27 (occ)     1        -266.633          -7.877         -91.610         -61.068         -305.052
   28 (occ)     1        -266.633          -7.877         -91.610         -61.068         -305.052
   29 (occ)     1        -266.632          -7.843         -91.623         -61.074         -305.024
   30 (occ)     1        -266.632          -7.843         -91.623         -61.074         -305.024
   31 (occ)     1        -266.628          -7.901         -91.631         -61.067         -305.093
   32 (occ)     1        -266.628          -7.900         -91.634         -61.070         -305.092
   33 (occ)     1        -266.627          -7.899         -91.636         -61.072         -305.090
   34 (occ)     1        -266.626          -7.897         -91.639         -61.075         -305.087
   35 (occ)     1        -266.626          -7.702         -91.655         -61.082         -304.901
   36 (occ)     1        -266.626          -7.888         -91.638         -61.074         -305.078
   37 (occ)     1        -266.625          -7.715         -91.650         -61.079         -304.912
   38 (occ)     1        -266.625          -7.891         -91.648         -61.083         -305.081
   39 (occ)     1        -266.625          -7.660         -91.657         -61.083         -304.858
   40 (occ)     1        -266.625          -7.722         -91.645         -61.075         -304.916
   41 (occ)     1        -266.625          -7.754         -91.627         -61.063         -304.942
   42 (occ)     1        -266.625          -7.763         -91.636         -61.070         -304.953
   43 (occ)     1        -266.624          -7.697         -91.650         -61.079         -304.893
   44 (occ)     1        -266.624          -7.730         -91.646         -61.077         -304.923
   45 (occ)     1        -266.624          -7.870         -91.614         -61.071         -305.037
   46 (occ)     1        -266.624          -7.870         -91.614         -61.071         -305.037
   47 (occ)     1        -266.624          -7.806         -91.642         -61.078         -304.994
   48 (occ)     1        -266.624          -7.755         -91.640         -61.074         -304.945
   49 (occ)     1        -266.624          -7.808         -91.647         -61.083         -304.996
   50 (occ)     1        -266.623          -7.834         -91.648         -61.081         -305.024
   51 (occ)     1        -266.623          -7.839         -91.647         -61.081         -305.029
   52 (occ)     1        -266.623          -7.855         -91.648         -61.086         -305.040
   53 (occ)     1        -266.623          -7.721         -91.648         -61.078         -304.914
   54 (occ)     1        -266.623          -7.728         -91.647         -61.078         -304.920
   55 (occ)     1        -266.623          -7.866         -91.652         -61.089         -305.051
   56 (occ)     1        -266.622          -7.839         -91.665         -61.098         -305.028
   57 (occ)     1        -266.622          -7.735         -91.652         -61.082         -304.928
   58 (occ)     1        -266.622          -7.740         -91.650         -61.081         -304.931
   59 (occ)     1        -266.621          -7.858         -91.650         -61.088         -305.042
   60 (occ)     1        -266.621          -7.856         -91.656         -61.092         -305.041
   61 (occ)     1        -266.621          -7.742         -91.641         -61.073         -304.931
   62 (occ)     1        -266.621          -7.743         -91.641         -61.073         -304.932
   63 (occ)     1        -266.620          -7.828         -91.651         -61.083         -305.016
   64 (occ)     1        -266.620          -7.829         -91.651         -61.083         -305.016
   65 (occ)     1        -266.620          -7.691         -91.641         -61.077         -304.875
   66 (occ)     1        -266.620          -7.595         -91.564         -61.078         -304.701
   67 (occ)     1        -266.620          -7.595         -91.564         -61.078         -304.701
   68 (occ)     1        -266.619          -7.711         -91.635         -61.072         -304.893
   69 (occ)     1        -266.619          -7.831         -91.666         -61.098         -305.018
   70 (occ)     1        -266.619          -7.831         -91.666         -61.098         -305.018
   71 (occ)     1        -266.619          -7.581         -91.573         -61.081         -304.692
   72 (occ)     1        -266.619          -7.581         -91.573         -61.081         -304.691
   73 (occ)     1        -266.619          -7.722         -91.632         -61.071         -304.902
   74 (occ)     1        -266.619          -7.762         -91.638         -61.073         -304.945
   75 (occ)     1        -266.619          -7.762         -91.638         -61.073         -304.945
   76 (occ)     1        -266.618          -7.759         -91.639         -61.081         -304.936
   77 (occ)     1        -266.618          -7.763         -91.634         -61.077         -304.938
   78 (occ)     1        -266.618          -7.723         -91.632         -61.071         -304.901
   79 (occ)     1        -266.618          -7.716         -91.641         -61.074         -304.902
   80 (occ)     1        -266.618          -7.722         -91.640         -61.073         -304.907
   81 (occ)     1        -266.617          -7.769         -91.632         -61.075         -304.943
   82 (occ)     1        -266.617          -7.746         -91.629         -61.070         -304.922
   83 (occ)     1        -266.617          -7.756         -91.631         -61.074         -304.930
   84 (occ)     1        -266.617          -7.703         -91.631         -61.071         -304.880
   85 (occ)     1        -266.616          -7.805         -91.626         -61.072         -304.976
   86 (occ)     1        -266.616          -7.736         -91.631         -61.073         -304.910
   87 (occ)     1        -266.616          -7.850         -91.624         -61.071         -305.018
   88 (occ)     1        -266.616          -7.842         -91.657         -61.093         -305.022
   89 (occ)     1        -266.615          -7.844         -91.658         -61.093         -305.024
   90 (occ)     1        -266.615          -7.817         -91.633         -61.074         -304.991
   91 (occ)     1        -266.615          -7.832         -91.623         -61.071         -304.999
   92 (occ)     1        -266.615          -7.831         -91.618         -61.066         -304.998
   93 (occ)     1        -266.615          -7.825         -91.643         -61.081         -305.002
   94 (occ)     1        -266.615          -7.790         -91.638         -61.078         -304.965
   95 (occ)     1        -266.615          -7.781         -91.630         -61.074         -304.953
   96 (occ)     1        -266.615          -7.845         -91.621         -61.070         -305.011
   97 (occ)     1        -266.614          -7.798         -91.622         -61.069         -304.966
   98 (occ)     1        -266.614          -7.794         -91.624         -61.071         -304.962
   99 (occ)     1        -266.614          -7.821         -91.623         -61.071         -304.987
  100 (occ)     1        -266.614          -7.843         -91.618         -61.069         -305.006
  101 (occ)     1        -266.614          -7.808         -91.623         -61.071         -304.974
  102 (occ)     1        -266.614          -7.810         -91.623         -61.071         -304.976
  103 (occ)     1        -266.614          -7.741         -91.641         -61.078         -304.918
  104 (occ)     1        -266.614          -7.743         -91.641         -61.078         -304.920
  105 (occ)     1        -266.613          -7.822         -91.623         -61.071         -304.988
  106 (occ)     1        -266.613          -7.822         -91.623         -61.070         -304.988
  107 (occ)     1        -266.613          -7.525         -91.565         -61.067         -304.636
  108 (occ)     1        -266.613          -7.525         -91.565         -61.067         -304.636
  109 (occ)     1        -266.613          -7.834         -91.620         -61.069         -304.998
  110 (occ)     1        -266.613          -7.834         -91.620         -61.069         -304.998
  111 (occ)     1        -266.613          -7.740         -91.632         -61.072         -304.913
  112 (occ)     1        -266.613          -7.740         -91.632         -61.072         -304.913
  113 (occ)     1        -266.612          -7.833         -91.621         -61.068         -304.998
  114 (occ)     1        -266.612          -7.833         -91.621         -61.068         -304.998
  115 (occ)     1        -266.612          -7.559         -91.559         -61.072         -304.658
  116 (occ)     1        -266.612          -7.559         -91.559         -61.072         -304.658
  117 (occ)     1        -266.612          -7.852         -91.619         -61.069         -305.014
  118 (occ)     1        -266.612          -7.852         -91.619         -61.069         -305.014
  119 (occ)     1        -266.611          -7.756         -91.625         -61.069         -304.923
  120 (occ)     1        -266.611          -7.756         -91.625         -61.069         -304.923
  121 (occ)     1        -266.610          -7.775         -91.626         -61.072         -304.938
  122 (occ)     1        -266.610          -7.775         -91.626         -61.072         -304.938
  123 (occ)     1        -266.609          -7.859         -91.644         -61.086         -305.026
  124 (occ)     1        -266.609          -7.859         -91.644         -61.086         -305.026
  125 (occ)     1        -266.609          -7.806         -91.630         -61.082         -304.963
  126 (occ)     1        -266.609          -7.806         -91.630         -61.082         -304.963
  127 (occ)     1        -266.608          -7.842         -91.621         -61.070         -305.001
  128 (occ)     1        -266.608          -7.842         -91.621         -61.070         -305.001
  129 (occ)     1        -266.608          -7.858         -91.619         -61.069         -305.015
  130 (occ)     1        -266.608          -7.858         -91.619         -61.069         -305.015
  131 (occ)     1        -266.607          -7.708         -91.638         -61.078         -304.876
  132 (occ)     1        -266.607          -7.708         -91.638         -61.078         -304.876
  133 (occ)     1        -266.606          -7.674         -91.631         -61.077         -304.835
  134 (occ)     1        -266.606          -7.674         -91.631         -61.077         -304.835
  135 (occ)     1        -266.605          -7.844         -91.621         -61.097         -304.974
  136 (occ)     1        -266.605          -7.844         -91.621         -61.097         -304.974
  137 (occ)     1        -266.605          -7.785         -91.620         -61.071         -304.939
  138 (occ)     1        -266.605          -7.785         -91.620         -61.071         -304.939
  139 (occ)     1        -266.605          -7.789         -91.622         -61.072         -304.944
  140 (occ)     1        -266.605          -7.789         -91.622         -61.072         -304.944
  141 (occ)     1        -266.601          -7.781         -91.619         -61.070         -304.931
  142 (occ)     1        -266.601          -7.781         -91.619         -61.070         -304.931
  143 (occ)     1        -266.601          -7.811         -91.619         -61.071         -304.959
  144 (occ)     1        -266.601          -7.811         -91.619         -61.071         -304.959
  145 (occ)     1        -266.599          -7.804         -91.601         -61.067         -304.937
  146 (occ)     1        -266.599          -7.804         -91.601         -61.067         -304.937
  147 (occ)     1        -266.598          -7.821         -91.608         -61.070         -304.957
  148 (occ)     1        -266.598          -7.821         -91.608         -61.070         -304.957
  149 (occ)     1        -266.594          -7.815         -91.548         -61.069         -304.888
  150 (occ)     1        -266.594          -7.815         -91.548         -61.069         -304.888
  151 (occ)     1        -266.580          -7.561         -91.591         -61.075         -304.658
  152 (occ)     1        -266.580          -7.561         -91.591         -61.075         -304.658
  153 (occ)     1        -266.580          -7.572         -91.592         -61.077         -304.666
  154 (occ)     1        -266.580          -7.572         -91.592         -61.077         -304.666
  155 (occ)     1        -266.387          -8.533         -91.555         -61.085         -305.390
  156 (occ)     1        -266.387          -8.533         -91.555         -61.085         -305.390
  157 (occ)     1        -266.382          -6.218         -91.559         -61.087         -303.072
  158 (occ)     1        -266.382          -6.218         -91.559         -61.087         -303.072
  159 (occ)     1        -266.381          -6.470         -91.564         -61.094         -303.322
  160 (occ)     1        -266.381          -6.470         -91.564         -61.094         -303.322
  161 (occ)     1        -266.346          -6.407         -91.567         -61.092         -303.228
  162 (occ)     1        -266.346          -6.407         -91.567         -61.092         -303.228
  163 (occ)     1        -266.346          -6.407         -91.568         -61.092         -303.228
  164 (occ)     1        -266.346          -6.407         -91.568         -61.092         -303.228
  165 (occ)     1        -266.330          -6.937         -91.644         -61.096         -303.815
  166 (occ)     1        -266.330          -6.937         -91.645         -61.097         -303.815
  167 (occ)     1        -266.330          -6.938         -91.645         -61.097         -303.815
  168 (occ)     1        -266.330          -6.938         -91.646         -61.098         -303.815
  169 (occ)     1        -266.329          -6.938         -91.646         -61.099         -303.815
  170 (occ)     1        -266.329          -6.939         -91.647         -61.099         -303.815
  171 (occ)     1        -266.329          -6.939         -91.649         -61.102         -303.816
  172 (occ)     1        -266.328          -6.939         -91.649         -61.101         -303.815
  173 (occ)     1        -266.328          -6.939         -91.648         -61.101         -303.815
  174 (occ)     1        -266.328          -6.939         -91.648         -61.101         -303.814
  175 (occ)     1        -266.328          -6.939         -91.650         -61.102         -303.815
  176 (occ)     1        -266.328          -6.939         -91.650         -61.102         -303.815
  177 (occ)     1        -266.326          -6.939         -91.648         -61.101         -303.812
  178 (occ)     1        -266.326          -6.939         -91.648         -61.101         -303.812
  179 (occ)     1        -266.326          -6.939         -91.648         -61.101         -303.812
  180 (occ)     1        -266.326          -6.939         -91.648         -61.101         -303.812
  181 (occ)     1        -266.323          -6.938         -91.647         -61.100         -303.808
  182 (occ)     1        -266.323          -6.938         -91.648         -61.100         -303.808
  183 (occ)     1        -266.323          -6.938         -91.648         -61.100         -303.808
  184 (occ)     1        -266.323          -6.938         -91.648         -61.100         -303.808
  185 (occ)     1        -266.322          -6.936         -91.599         -61.063         -303.794
  186 (occ)     1        -266.322          -6.937         -91.601         -61.065         -303.794
  187 (occ)     1        -266.321          -6.937         -91.602         -61.066         -303.794
  188 (occ)     1        -266.321          -6.937         -91.604         -61.069         -303.793
  189 (occ)     1        -266.320          -6.938         -91.606         -61.070         -303.793
  190 (occ)     1        -266.320          -6.937         -91.607         -61.072         -303.792
  191 (occ)     1        -266.319          -6.938         -91.610         -61.075         -303.793
  192 (occ)     1        -266.319          -6.937         -91.612         -61.077         -303.791
  193 (occ)     1        -266.319          -6.938         -91.610         -61.075         -303.792
  194 (occ)     1        -266.319          -6.938         -91.612         -61.077         -303.791
  195 (occ)     1        -266.318          -6.937         -91.611         -61.076         -303.791
  196 (occ)     1        -266.318          -6.937         -91.612         -61.077         -303.790
  197 (occ)     1        -266.317          -6.938         -91.613         -61.077         -303.791
  198 (occ)     1        -266.317          -6.938         -91.613         -61.077         -303.791
  199 (occ)     1        -266.317          -6.937         -91.624         -61.085         -303.793
  200 (occ)     1        -266.317          -6.937         -91.624         -61.085         -303.793
  201 (occ)     1        -266.317          -6.934         -91.640         -61.097         -303.794
  202 (occ)     1        -266.317          -6.934         -91.640         -61.097         -303.794
  203 (occ)     1        -266.317          -6.936         -91.631         -61.091         -303.793
  204 (occ)     1        -266.317          -6.936         -91.631         -61.091         -303.793
  205 (occ)     1        -266.314          -6.937         -91.609         -61.074         -303.786
  206 (occ)     1        -266.314          -6.937         -91.609         -61.074         -303.786
  207 (occ)     1        -266.313          -6.937         -91.610         -61.075         -303.785
  208 (occ)     1        -266.313          -6.937         -91.610         -61.075         -303.785
  209 (occ)     1        -266.308          -6.932         -91.605         -61.073         -303.772
  210 (occ)     1        -266.308          -6.932         -91.605         -61.073         -303.772
  211 (occ)     1        -266.308          -6.931         -91.606         -61.074         -303.771
  212 (occ)     1        -266.308          -6.931         -91.606         -61.074         -303.771
  213 (occ)     1        -266.304          -6.898         -91.623         -61.097         -303.727
  214 (occ)     1        -266.304          -6.898         -91.623         -61.097         -303.727
  215 (occ)     1        -266.304          -6.898         -91.623         -61.098         -303.727
  216 (occ)     1        -266.304          -6.898         -91.623         -61.098         -303.727
  217 (occ)     1        -266.293          -6.913         -91.595         -61.076         -303.725
  218 (occ)     1        -266.293          -6.913         -91.595         -61.076         -303.725
  219 (occ)     1        -266.292          -6.912         -91.596         -61.077         -303.724
  220 (occ)     1        -266.292          -6.912         -91.596         -61.077         -303.724
  221 (occ)     1        -266.217          -6.810         -91.579         -61.087         -303.519
  222 (occ)     1        -266.217          -6.810         -91.579         -61.087         -303.519
  223 (occ)     1        -266.217          -6.810         -91.579         -61.087         -303.519
  224 (occ)     1        -266.217          -6.810         -91.579         -61.087         -303.519
  225 (occ)     1         -23.076           8.366         -26.790         -17.010          -24.490
  226 (occ)     1         -23.056           8.341         -26.783         -17.012          -24.487
  227 (occ)     1         -23.028           8.313         -26.772         -17.013          -24.474
  228 (occ)     1         -22.991           8.284         -26.757         -17.015          -24.449
  229 (occ)     1         -22.944           8.254         -26.738         -17.018          -24.410
  230 (occ)     1         -22.886           8.223         -26.716         -17.022          -24.357
  231 (occ)     1         -22.818           8.189         -26.689         -17.026          -24.293
  232 (occ)     1         -22.739           8.150         -26.659         -17.030          -24.217
  233 (occ)     1         -22.649           8.108         -26.625         -17.035          -24.130
  234 (occ)     1         -22.548           8.062         -26.587         -17.041          -24.031
  235 (occ)     1         -22.437           8.011         -26.545         -17.048          -23.922
  236 (occ)     1         -22.315           7.956         -26.499         -17.055          -23.803
  237 (occ)     1         -22.224           8.024         -26.503         -17.054          -23.649
  238 (occ)     1         -22.203           8.001         -26.497         -17.055          -23.643
  239 (occ)     1         -22.184           7.897         -26.449         -17.063          -23.673
  240 (occ)     1         -22.174           7.976         -26.486         -17.057          -23.627
  241 (occ)     1         -22.135           7.949         -26.471         -17.060          -23.597
  242 (occ)     1         -22.086           7.921         -26.453         -17.063          -23.555
  243 (occ)     1         -22.044           7.833         -26.396         -17.073          -23.534
  244 (occ)     1         -22.027           7.891         -26.430         -17.067          -23.499
  245 (occ)     1         -21.957           7.858         -26.404         -17.071          -23.432
  246 (occ)     1         -21.900           7.770         -26.343         -17.084          -23.389
  247 (occ)     1         -21.878           7.822         -26.374         -17.077          -23.353
  248 (occ)     1         -21.788           7.782         -26.341         -17.083          -23.264
  249 (occ)     1         -21.773           7.740         -26.299         -17.103          -23.229
  250 (occ)     1         -21.688           7.738         -26.304         -17.090          -23.164
  251 (occ)     1         -21.579           7.691         -26.264         -17.098          -23.054
  252 (occ)     1         -21.476           7.648         -26.186         -17.095          -22.919
  253 (occ)     1         -21.462           7.640         -26.220         -17.107          -22.935
  254 (occ)     1         -21.338           7.585         -26.174         -17.118          -22.810
  255 (occ)     1         -21.317           7.546         -26.123         -17.105          -22.788
  256 (occ)     1         -21.213           7.526         -26.128         -17.130          -22.684
  257 (occ)     1         -21.133           7.460         -26.054         -17.119          -22.608
  258 (occ)     1         -21.098           7.472         -26.086         -17.145          -22.566
  259 (occ)     1         -21.028           7.476         -26.059         -17.163          -22.448
  260 (occ)     1         -20.936           7.377         -25.981         -17.133          -22.407
  261 (occ)     1         -20.801           7.387         -25.978         -17.076          -22.316
  262 (occ)     1         -20.782           7.366         -25.972         -17.078          -22.311
  263 (occ)     1         -20.755           7.337         -25.961         -17.082          -22.298
  264 (occ)     1         -20.731           7.298         -25.910         -17.146          -22.197
  265 (occ)     1         -20.719           7.315         -25.949         -17.083          -22.270
  266 (occ)     1         -20.674           7.291         -25.933         -17.089          -22.226
  267 (occ)     1         -20.622           7.262         -25.913         -17.093          -22.180
  268 (occ)     1         -20.560           7.235         -25.891         -17.100          -22.116
  269 (occ)     1         -20.530           7.227         -25.842         -17.166          -21.979
  270 (occ)     1         -20.513           7.319         -25.871         -17.139          -21.925
  271 (occ)     1         -20.494           7.209         -25.867         -17.110          -22.042
  272 (occ)     1         -20.437           7.210         -25.843         -17.136          -21.934
  273 (occ)     1         -20.375           7.236         -25.820         -17.154          -21.806
  274 (occ)     1         -20.321           7.022         -25.785         -17.112          -21.972
  275 (occ)     1         -20.317           6.988         -25.765         -17.127          -21.968
  276 (occ)     1         -20.204           7.153         -25.757         -17.169          -21.639
  277 (occ)     1         -20.115           7.107         -25.730         -17.155          -21.582
  278 (occ)     1         -20.082           7.062         -25.720         -17.149          -21.591
  279 (occ)     1         -20.015           7.072         -25.688         -17.184          -21.447
  280 (occ)     1         -19.963           6.998         -25.682         -17.157          -21.490
  281 (occ)     1         -19.958           7.027         -25.663         -17.189          -21.404
  282 (occ)     1         -19.846           6.945         -25.638         -17.172          -21.367
  283 (occ)     1         -19.813           6.989         -25.615         -17.201          -21.240
  284 (occ)     1         -19.784           6.935         -25.616         -17.189          -21.276
  285 (occ)     1         -19.706           6.921         -25.593         -17.193          -21.184
  286 (occ)     1         -19.694           6.903         -25.569         -17.220          -21.140
  287 (occ)     1         -19.603           6.904         -25.540         -17.217          -21.022
  288 (occ)     1         -19.461           6.830         -25.495         -17.262          -20.865
  289 (occ)     1         -19.387           6.818         -25.464         -17.232          -20.801
  290 (occ)     1         -19.205           6.740         -25.430         -17.299          -20.596
  291 (occ)     1         -19.176           6.729         -25.389         -17.241          -20.595
  292 (occ)     1         -19.062           6.769         -25.509         -17.289          -20.514
  293 (occ)     1         -19.011           6.623         -25.342         -17.124          -20.606
  294 (occ)     1         -19.002           6.634         -25.331         -17.221          -20.478
  295 (occ)     1         -18.996           6.605         -25.342         -17.128          -20.604
  296 (occ)     1         -18.976           6.592         -25.340         -17.138          -20.587
  297 (occ)     1         -18.975           6.680         -25.445         -17.309          -20.432
  298 (occ)     1         -18.954           6.566         -25.337         -17.146          -20.579
  299 (occ)     1         -18.931           6.572         -25.335         -17.162          -20.532
  300 (occ)     1         -18.928           6.589         -25.327         -17.185          -20.481
  301 (occ)     1         -18.919           6.665         -25.401         -17.337          -20.319
  302 (occ)     1         -18.821           6.622         -25.429         -17.319          -20.309
  303 (occ)     1         -18.692           6.352         -25.370         -17.261          -20.450
  304 (occ)     1         -18.690           6.355         -25.376         -17.258          -20.453
  305 (occ)     1         -18.662           6.565         -25.339         -17.403          -20.033
  306 (occ)     1         -18.655           6.555         -25.389         -17.345          -20.145
  307 (occ)     1         -18.586           6.509         -25.382         -17.314          -20.146
  308 (occ)     1         -18.559           6.469         -25.398         -17.328          -20.161
  309 (occ)     1         -18.491           6.492         -25.323         -17.353          -19.970
  310 (occ)     1         -18.486           6.420         -25.444         -17.369          -20.141
  311 (occ)     1         -18.476           6.488         -25.352         -17.378          -19.962
  312 (occ)     1         -18.416           6.394         -25.471         -17.413          -20.080
  313 (occ)     1         -18.403           6.484         -25.331         -17.473          -19.777
  314 (occ)     1         -18.363           6.387         -25.511         -17.456          -20.031
  315 (occ)     1         -18.305           6.369         -25.571         -17.509          -19.998
  316 (occ)     1         -18.288           6.424         -25.298         -17.421          -19.741
  317 (occ)     1         -18.287           6.423         -25.324         -17.424          -19.764
  318 (occ)     1         -18.259           6.365         -25.541         -17.523          -19.911
  319 (occ)     1         -18.243           6.405         -25.642         -17.576          -19.904
  320 (occ)     1         -18.164           6.414         -25.351         -17.542          -19.558
  321 (occ)     1         -18.093           6.368         -25.334         -17.506          -19.552
  322 (occ)     1         -18.048           6.338         -25.142         -17.430          -19.422
  323 (occ)     1         -17.964           6.386         -25.443         -17.668          -19.353
  324 (occ)     1         -17.916           6.316         -25.345         -17.564          -19.382
  325 (occ)     1         -17.801           6.255         -25.095         -17.481          -19.160
  326 (occ)     1         -17.750           6.223         -25.224         -17.505          -19.246
  327 (occ)     1         -17.583           6.162         -25.182         -17.520          -19.083
  328 (occ)     1         -17.558           6.177         -25.078         -17.549          -18.911
  329 (occ)     1         -17.436           6.102         -25.116         -17.511          -18.939
  330 (occ)     1         -17.337           6.119         -25.106         -17.641          -18.682
  331 (occ)     1         -17.315           6.048         -25.025         -17.473          -18.819
  332 (occ)     1         -17.227           6.002         -24.903         -17.404          -18.724
  333 (occ)     1         -17.174           6.110         -25.175         -17.747          -18.492
  334 (occ)     1         -17.174           5.973         -24.778         -17.327          -18.653
  335 (occ)     1         -17.155           5.964         -24.646         -17.246          -18.591
  336 (occ)     1         -16.795           5.541         -24.352         -17.086          -18.520
  337 (occ)     1         -16.793           5.531         -24.390         -17.100          -18.553
  338 (occ)     1         -16.679           5.804         -23.294         -16.772          -17.396
  339 (occ)     1         -16.519           5.708         -23.257         -16.788          -17.281
  340 (occ)     1         -16.485           5.634         -22.911         -16.374          -17.388
  341 (occ)     1         -16.423           5.595         -22.936         -16.410          -17.353
  342 (occ)     1         -16.330           5.553         -22.967         -16.463          -17.280
  343 (occ)     1         -16.285           5.617         -23.259         -16.851          -17.076
  344 (occ)     1         -16.210           5.510         -22.997         -16.525          -17.172
  345 (occ)     1         -16.190           5.720         -23.806         -17.213          -17.063
  346 (occ)     1         -16.089           5.505         -23.269         -16.699          -17.155
  347 (occ)     1         -16.088           5.504         -23.259         -16.692          -17.150
  348 (occ)     1         -16.068           5.466         -23.025         -16.593          -17.033
  349 (occ)     1         -16.051           5.491         -23.357         -16.785          -17.132
  350 (occ)     1         -16.044           5.477         -23.277         -16.721          -17.123
  351 (occ)     1         -16.021           5.621         -23.826         -17.259          -16.967
  352 (occ)     1         -16.021           5.511         -23.317         -16.892          -16.935
  353 (occ)     1         -15.994           5.468         -23.447         -16.872          -17.100
  354 (occ)     1         -15.970           5.413         -23.140         -16.684          -17.013
  355 (occ)     1         -15.909           5.389         -23.196         -16.719          -16.996
  356 (occ)     1         -15.907           5.421         -23.050         -16.667          -16.869
  357 (occ)     1         -15.899           5.522         -23.712         -17.148          -16.940
  358 (occ)     1         -15.842           5.529         -23.985         -17.333          -16.964
  359 (occ)     1         -15.833           5.360         -23.183         -16.746          -16.910
  360 (occ)     1         -15.805           5.523         -23.788         -17.286          -16.783
  361 (occ)     1         -15.789           5.565         -24.219         -17.521          -16.922
  362 (occ)     1         -15.757           5.317         -23.079         -16.710          -16.809
  363 (occ)     1         -15.731           5.382         -23.104         -16.768          -16.685
  364 (occ)     1         -15.687           5.301         -23.006         -16.697          -16.695
  365 (occ)     1         -15.664           5.435         -23.220         -17.009          -16.440
  366 (occ)     1         -15.628           5.304         -22.971         -16.716          -16.579
  367 (occ)     1         -15.595           5.333         -22.949         -16.719          -16.492
  368 (occ)     1         -15.583           5.399         -23.497         -17.134          -16.546
  369 (occ)     1         -15.533           5.380         -23.374         -17.041          -16.486
  370 (occ)     1         -15.391           5.317         -23.264         -17.027          -16.310
  371 (occ)     1         -15.328           5.335         -23.129         -17.063          -16.059
  372 (occ)     1         -15.314           5.365         -23.548         -17.259          -16.238
  373 (occ)     1         -15.235           5.325         -23.321         -17.142          -16.089
  374 (occ)     1         -14.978           5.229         -23.031         -17.109          -15.670
  375 (occ)     1         -14.971           5.061         -23.281         -17.084          -16.107
  376 (occ)     1         -14.941           5.044         -23.123         -17.004          -16.016
  377 (occ)     1         -14.687           5.107         -23.305         -17.168          -15.716
  378 (occ)     1         -14.661           5.070         -23.055         -17.026          -15.620
  379 (occ)     1         -14.619           5.120         -22.921         -17.150          -15.270
  380 (occ)     1         -14.509           5.024         -23.264         -17.192          -15.557
  381 (occ)     1         -14.489           5.001         -23.013         -17.061          -15.441
  382 (occ)     1         -14.483           4.902         -22.533         -16.468          -15.645
  383 (occ)     1         -14.407           4.858         -22.514         -16.494          -15.569
  384 (occ)     1         -14.321           4.953         -23.034         -17.128          -15.274
  385 (occ)     1         -14.320           4.944         -23.109         -17.132          -15.353
  386 (occ)     1         -14.302           4.819         -22.495         -16.550          -15.429
  387 (occ)     1         -14.255           5.002         -22.792         -17.167          -14.878
  388 (occ)     1         -14.175           4.926         -23.110         -17.217          -15.142
  389 (occ)     1         -14.167           4.768         -22.448         -16.565          -15.283
  390 (occ)     1         -14.142           4.869         -22.917         -17.044          -15.146
  391 (occ)     1         -14.074           4.935         -23.244         -17.329          -15.053
  392 (occ)     1         -14.017           4.727         -22.413         -16.613          -15.090
  393 (occ)     1         -13.977           4.799         -22.718         -16.952          -14.944
  394 (occ)     1         -13.912           4.905         -22.695         -17.210          -14.493
  395 (occ)     1         -13.854           4.657         -22.336         -16.641          -14.892
  396 (occ)     1         -13.826           4.739         -22.532         -16.873          -14.746
  397 (occ)     1         -13.734           4.676         -22.328         -16.782          -14.603
  398 (occ)     1         -13.692           4.659         -21.661         -16.326          -14.367
  399 (occ)     1         -13.686           4.646         -21.220         -16.043          -14.217
  400 (occ)     1         -13.643           4.745         -20.602         -15.852          -13.648
  401 (occ)     1         -13.624           4.567         -20.581         -15.604          -14.034
  402 (occ)     1         -13.570           4.656         -22.207         -16.756          -14.365
  403 (occ)     1         -13.551           4.679         -20.644         -15.907          -13.609
  404 (occ)     1         -13.543           4.518         -20.568         -15.608          -13.984
  405 (occ)     1         -13.476           4.643         -22.113         -16.745          -14.201
  406 (occ)     1         -13.448           4.479         -20.551         -15.626          -13.894
  407 (occ)     1         -13.447           4.683         -21.962         -16.744          -13.983
  408 (occ)     1         -13.441           4.594         -22.143         -16.665          -14.325
  409 (occ)     1         -13.418           4.656         -22.026         -16.725          -14.063
  410 (occ)     1         -13.394           4.644         -21.083         -16.255          -13.579
  411 (occ)     1         -13.334           4.430         -20.438         -15.591          -13.751
  412 (occ)     1         -13.252           4.519         -22.110         -16.701          -14.142
  413 (occ)     1         -13.233           4.544         -20.905         -16.165          -13.429
  414 (occ)     1         -13.201           4.392         -20.382         -15.608          -13.583
  415 (occ)     1         -13.108           4.584         -22.081         -16.919          -13.686
  416 (occ)     1         -13.043           4.357         -20.357         -15.663          -13.380
  417 (occ)     1         -13.042           4.516         -22.140         -16.902          -13.764
  418 (occ)     1         -13.015           4.471         -20.868         -16.212          -13.200
  419 (occ)     1         -12.901           4.408         -22.001         -16.738          -13.756
  420 (occ)     1         -12.858           4.324         -20.368         -15.756          -13.146
  421 (occ)     1         -12.811           4.367         -21.234         -16.390          -13.288
  422 (occ)     1         -12.707           4.537         -22.126         -17.194          -13.102
  423 (occ)     1         -12.650           4.427         -21.607         -16.741          -13.089
  424 (occ)     1         -12.646           4.288         -20.414         -15.886          -12.885
  425 (occ)     1         -12.539           4.358         -21.527         -16.674          -13.033
  426 (occ)     1         -12.457           4.358         -21.271         -16.644          -12.726
  427 (occ)     1         -12.412           4.250         -20.492         -16.044          -12.610
  428 (occ)     1         -12.374           4.374         -21.830         -16.991          -12.839
  429 (occ)     1         -12.328           4.349         -21.939         -17.055          -12.863
  430 (occ)     1         -12.220           4.204         -21.590         -16.379          -13.227
  431 (occ)     1         -12.216           4.311         -20.965         -16.591          -12.281
  432 (occ)     1         -12.205           4.239         -21.774         -16.837          -12.903
  433 (occ)     1         -12.171           4.213         -20.639         -16.245          -12.351
  434 (occ)     1         -12.148           4.161         -21.552         -16.407          -13.132
  435 (occ)     1         -12.089           4.215         -21.914         -16.937          -12.851
  436 (occ)     1         -12.083           4.278         -20.412         -16.123          -12.093
  437 (occ)     1         -12.049           4.136         -21.488         -16.450          -12.951
  438 (occ)     1         -12.009           4.314         -21.511         -17.022          -12.184
  439 (occ)     1         -11.996           4.219         -20.604         -16.268          -12.114
  440 (occ)     1         -11.987           4.199         -21.029         -16.468          -12.349
  441 (occ)     1         -11.958           4.174         -20.805         -16.322          -12.267
  442 (occ)     1         -11.930           4.212         -20.896         -16.536          -12.078
  443 (occ)     1         -11.881           4.070         -20.585         -16.044          -12.353
  444 (occ)     1         -11.865           4.175         -20.504         -16.287          -11.907
  445 (occ)     1         -11.858           3.929         -20.998         -16.200          -12.727
  446 (occ)     1         -11.819           3.961         -21.160         -16.344          -12.674
  447 (occ)     1         -11.811           4.028         -20.513         -15.981          -12.314
  448 (occ)     1         -11.751           4.010         -20.462         -15.975          -12.229
  449 (occ)     1         -11.705           4.134         -20.546         -16.394          -11.723
  450 (occ)     1         -11.700           4.195         -21.041         -16.798          -11.748
  451 (occ)     1         -11.679           3.956         -20.319         -15.840          -12.203
  452 (occ)     1         -11.649           4.208         -21.388         -16.987          -11.842
  453 (occ)     1         -11.600           3.951         -20.320         -15.911          -12.058
  454 (occ)     1         -11.530           3.907         -20.197         -15.806          -12.015
  455 (occ)     1         -11.523           4.092         -20.579         -16.497          -11.512
  456 (occ)     1         -11.441           3.980         -20.845         -16.286          -12.020
  457 (occ)     1         -11.440           3.870         -20.132         -15.782          -11.920
  458 (occ)     1         -11.425           4.111         -20.671         -16.652          -11.334
  459 (occ)     1         -11.415           4.023         -20.603         -16.271          -11.725
  460 (occ)     1         -11.340           3.849         -20.152         -15.878          -11.765
  461 (occ)     1         -11.330           4.048         -20.598         -16.588          -11.291
  462 (occ)     1         -11.289           3.908         -20.852         -16.360          -11.873
  463 (occ)     1         -11.256           3.862         -20.094         -15.874          -11.615
  464 (occ)     1         -11.194           3.941         -20.689         -16.393          -11.549
  465 (occ)     1         -11.167           4.030         -20.675         -16.771          -11.041
  466 (occ)     1         -11.153           3.842         -20.471         -16.195          -11.587
  467 (occ)     1         -11.135           3.992         -20.610         -16.648          -11.106
  468 (occ)     1         -11.133           3.998         -20.829         -16.672          -11.292
  469 (occ)     1         -11.113           3.408         -17.163         -13.511          -11.357
  470 (occ)     1         -11.113           3.408         -17.163         -13.511          -11.357
  471 (occ)     1         -11.108           3.886         -20.646         -16.419          -11.448
  472 (occ)     1         -11.030           3.747         -20.049         -15.872          -11.459
  473 (occ)     1         -11.011           3.962         -20.918         -16.810          -11.157
  474 (occ)     1         -10.991           3.834         -20.857         -16.487          -11.527
  475 (occ)     1         -10.975           3.949         -20.463         -16.571          -10.919
  476 (occ)     1         -10.952           4.048         -16.552         -13.229          -10.227
  477 (occ)     1         -10.944           3.911         -20.629         -16.694          -10.969
  478 (occ)     1         -10.922           4.010         -16.549         -13.237          -10.224
  479 (occ)     1         -10.903           3.970         -20.628         -16.632          -10.929
  480 (occ)     1         -10.895           3.927         -20.420         -16.486          -10.903
  481 (occ)     1         -10.878           3.974         -16.542         -13.248          -10.197
  482 (occ)     1         -10.865           3.924         -20.400         -16.551          -10.789
  483 (occ)     1         -10.855           3.819         -20.347         -16.394          -10.989
  484 (occ)     1         -10.818           3.933         -16.527         -13.260          -10.152
  485 (occ)     1         -10.792           3.903         -20.850         -16.693          -11.045
  486 (occ)     1         -10.743           3.894         -16.505         -13.273          -10.082
  487 (occ)     1         -10.727           3.972         -20.639         -16.872          -10.522
  488 (occ)     1         -10.655           3.852         -16.476         -13.286           -9.993
  489 (occ)     1         -10.648           3.860         -20.776         -16.719          -10.845
  490 (occ)     1         -10.641           3.866         -20.452         -16.716          -10.510
  491 (occ)     1         -10.597           3.891         -20.391         -16.658          -10.439
  492 (occ)     1         -10.554           3.917         -20.613         -16.877          -10.374
  493 (occ)     1         -10.552           3.810         -16.441         -13.300           -9.884
  494 (occ)     1         -10.528           3.904         -20.579         -16.821          -10.381
  495 (occ)     1         -10.488           3.926         -20.451         -16.709          -10.304
  496 (occ)     1         -10.478           3.964         -20.268         -16.616          -10.167
  497 (occ)     1         -10.474           3.946         -20.316         -16.651          -10.194
  498 (occ)     1         -10.440           3.868         -20.487         -16.902          -10.157
  499 (occ)     1         -10.436           3.767         -16.402         -13.315           -9.757
  500 (occ)     1         -10.384           3.889         -20.532         -16.962          -10.065
  501 (occ)     1         -10.362           3.928         -20.321         -16.729          -10.026
  502 (occ)     1         -10.328           3.844         -20.273         -16.694          -10.063
  503 (occ)     1         -10.307           3.720         -16.357         -13.331           -9.614
  504 (occ)     1         -10.296           3.670         -20.374         -16.620          -10.380
  505 (occ)     1         -10.263           3.683         -20.308         -16.607          -10.281
  506 (occ)     1         -10.255           3.761         -20.375         -16.587          -10.282
  507 (occ)     1         -10.254           3.749         -20.278         -16.745          -10.039
  508 (occ)     1         -10.218           3.848         -20.512         -16.992           -9.889
  509 (occ)     1         -10.180           3.897         -20.421         -17.018           -9.686
  510 (occ)     1         -10.167           3.834         -19.959         -16.354           -9.937
  511 (occ)     1         -10.165           3.671         -16.306         -13.348           -9.452
  512 (occ)     1         -10.129           3.729         -20.180         -16.329          -10.252
  513 (occ)     1         -10.125           3.716         -20.310         -16.391          -10.328
  514 (occ)     1         -10.114           3.772         -19.994         -16.380           -9.957
  515 (occ)     1         -10.103           3.845         -20.518         -17.045           -9.730
  516 (occ)     1         -10.102           3.844         -20.340         -16.933           -9.666
  517 (occ)     1         -10.084           3.722         -20.469         -16.629          -10.201
  518 (occ)     1         -10.074           3.700         -20.145         -16.377          -10.142
  519 (occ)     1         -10.052           3.667         -20.467         -16.513          -10.339
  520 (occ)     1         -10.035           3.730         -19.993         -16.425           -9.872
  521 (occ)     1         -10.017           3.802         -20.489         -17.034           -9.670
  522 (occ)     1         -10.010           3.618         -16.250         -13.366           -9.275
  523 (occ)     1         -10.004           3.689         -20.112         -16.443           -9.984
  524 (occ)     1         -10.001           3.834         -20.448         -17.048           -9.567
  525 (occ)     1          -9.975           3.607         -20.613         -16.595          -10.386
  526 (occ)     1          -9.955           3.731         -16.109         -13.270           -9.062
  527 (occ)     1          -9.940           3.693         -20.028         -16.495           -9.780
  528 (occ)     1          -9.931           3.696         -16.102         -13.272           -9.065
  529 (occ)     1          -9.931           3.593         -20.704         -16.577          -10.464
  530 (occ)     1          -9.926           3.673         -20.027         -16.434           -9.846
  531 (occ)     1          -9.896           3.664         -16.090         -13.276           -9.046
  532 (occ)     1          -9.896           3.636         -20.351         -16.522          -10.089
  533 (occ)     1          -9.849           3.629         -16.073         -13.281           -9.012
  534 (occ)     1          -9.842           3.565         -16.188         -13.386           -9.078
  535 (occ)     1          -9.835           3.663         -20.078         -16.569           -9.682
  536 (occ)     1          -9.834           3.662         -19.975         -16.468           -9.679
  537 (occ)     1          -9.790           3.596         -16.050         -13.287           -8.957
  538 (occ)     1          -9.744           3.606         -20.092         -16.553           -9.677
  539 (occ)     1          -9.731           3.639         -19.952         -16.509           -9.536
  540 (occ)     1          -9.718           3.564         -16.022         -13.295           -8.881
  541 (occ)     1          -9.713           3.592         -20.165         -16.490           -9.795
  542 (occ)     1          -9.687           3.633         -20.262         -16.723           -9.592
  543 (occ)     1          -9.677           3.617         -20.239         -16.678           -9.621
  544 (occ)     1          -9.662           3.505         -16.120         -13.408           -8.870
  545 (occ)     1          -9.644           3.550         -19.896         -16.334           -9.656
  546 (occ)     1          -9.643           3.548         -19.697         -16.077           -9.714
  547 (occ)     1          -9.634           3.529         -15.989         -13.304           -8.790
  548 (occ)     1          -9.620           3.612         -19.936         -16.556           -9.388
  549 (occ)     1          -9.590           3.587         -20.212         -16.718           -9.497
  550 (occ)     1          -9.577           3.538         -20.125         -16.616           -9.549
  551 (occ)     1          -9.564           3.587         -20.135         -16.748           -9.364
  552 (occ)     1          -9.546           3.544         -20.058         -16.497           -9.562
  553 (occ)     1          -9.536           3.493         -15.951         -13.315           -8.679
  554 (occ)     1          -9.532           3.526         -19.831         -16.281           -9.556
  555 (occ)     1          -9.512           3.585         -20.162         -16.785           -9.305
  556 (occ)     1          -9.503           3.581         -19.924         -16.608           -9.239
  557 (occ)     1          -9.503           3.553         -20.163         -16.743           -9.369
  558 (occ)     1          -9.469           3.446         -16.045         -13.430           -8.638
  559 (occ)     1          -9.454           3.552         -20.029         -16.628           -9.302
  560 (occ)     1          -9.427           3.544         -20.044         -16.675           -9.252
  561 (occ)     1          -9.427           3.452         -15.908         -13.327           -8.555
  562 (occ)     1          -9.406           3.447         -19.914         -16.476           -9.396
  563 (occ)     1          -9.365           3.501         -19.867         -16.440           -9.290
  564 (occ)     1          -9.363           3.620         -20.079         -16.919           -8.903
  565 (occ)     1          -9.344           3.549         -20.091         -16.700           -9.185
  566 (occ)     1          -9.305           3.407         -15.860         -13.341           -8.416
  567 (occ)     1          -9.271           3.564         -19.971         -16.839           -8.839
  568 (occ)     1          -9.237           3.350         -15.979         -13.465           -8.401
  569 (occ)     1          -9.230           3.399         -19.665         -16.164           -9.332
  570 (occ)     1          -9.212           3.456         -19.981         -16.471           -9.265
  571 (occ)     1          -9.193           3.602         -20.006         -16.942           -8.655
  572 (occ)     1          -9.177           3.462         -20.016         -16.781           -8.950
  573 (occ)     1          -9.171           3.359         -15.809         -13.357           -8.264
  574 (occ)     1          -9.084           3.269         -15.943         -13.491           -8.267
  575 (occ)     1          -9.031           3.347         -19.640         -16.241           -9.083
  576 (occ)     1          -9.029           3.370         -19.894         -16.389           -9.164
  577 (occ)     1          -9.025           3.307         -15.756         -13.374           -8.100
  578 (occ)     1          -8.983           3.402         -19.962         -16.809           -8.734
  579 (occ)     1          -8.870           3.247         -15.701         -13.393           -7.930
  580 (occ)     1          -8.847           3.206         -15.815         -13.507           -7.948
  581 (occ)     1          -8.840           3.294         -19.812         -16.360           -8.998
  582 (occ)     1          -8.809           3.351         -19.917         -16.841           -8.533
  583 (occ)     1          -8.807           3.310         -19.684         -16.423           -8.758
  584 (occ)     1          -8.706           3.183         -15.645         -13.413           -7.755
  585 (occ)     1          -8.701           3.353         -19.513         -16.381           -8.480
  586 (occ)     1          -8.660           3.309         -19.878         -16.869           -8.360
  587 (occ)     1          -8.657           3.225         -19.733         -16.366           -8.799
  588 (occ)     1          -8.616           3.109         -15.720         -13.532           -7.696
  589 (occ)     1          -8.584           3.300         -19.537         -16.489           -8.333
  590 (occ)     1          -8.581           3.260         -19.745         -16.541           -8.524
  591 (occ)     1          -8.543           3.117         -15.597         -13.435           -7.588
  592 (occ)     1          -8.540           3.276         -19.844         -16.895           -8.213
  593 (occ)     1          -8.476           3.177         -19.666         -16.462           -8.503
  594 (occ)     1          -8.448           3.250         -19.813         -16.914           -8.097
  595 (occ)     1          -8.440           3.258         -19.543         -16.579           -8.146
  596 (occ)     1          -8.415           3.102         -15.566         -13.462           -7.417
  597 (occ)     1          -8.391           3.171         -19.743         -16.461           -8.502
  598 (occ)     1          -8.388           2.994         -15.612         -13.536           -7.470
  599 (occ)     1          -8.385           3.238         -19.759         -16.907           -7.998
  600 (occ)     1          -8.379           3.346         -19.685         -16.908           -7.810
  601 (occ)     1          -8.362           3.301         -19.674         -16.900           -7.835
  602 (occ)     1          -8.359           3.026         -15.415         -13.370           -7.378
  603 (occ)     1          -8.345           3.246         -19.770         -16.949           -7.920
  604 (occ)     1          -8.343           3.284         -19.705         -16.933           -7.831
  605 (occ)     1          -8.338           2.989         -15.407         -13.370           -7.386
  606 (occ)     1          -8.331           3.262         -19.725         -16.943           -7.850
  607 (occ)     1          -8.329           3.245         -19.745         -16.946           -7.883
  608 (occ)     1          -8.304           2.962         -15.400         -13.383           -7.359
  609 (occ)     1          -8.282           3.216         -19.538         -16.652           -7.952
  610 (occ)     1          -8.276           3.174         -19.666         -16.731           -8.036
  611 (occ)     1          -8.268           2.922         -15.390         -13.387           -7.350
  612 (occ)     1          -8.249           3.103         -19.701         -16.414           -8.434
  613 (occ)     1          -8.210           2.894         -15.366         -13.399           -7.283
  614 (occ)     1          -8.181           2.878         -15.431         -13.466           -7.268
  615 (occ)     1          -8.140           3.066         -19.678         -16.425           -8.326
  616 (occ)     1          -8.118           3.175         -19.527         -16.715           -7.754
  617 (occ)     1          -8.116           2.877         -15.409         -13.494           -7.153
  618 (occ)     1          -8.082           2.819         -15.322         -13.424           -7.161
  619 (occ)     1          -8.081           3.107         -19.691         -16.574           -8.091
  620 (occ)     1          -8.038           3.103         -19.677         -16.817           -7.795
  621 (occ)     1          -8.026           3.082         -19.674         -16.432           -8.186
  622 (occ)     1          -8.015           2.866         -15.283         -13.518           -6.914
  623 (occ)     1          -7.986           2.785         -15.293         -13.452           -7.042
  624 (occ)     1          -7.952           3.133         -19.513         -16.772           -7.560
  625 (occ)     1          -7.951           2.775         -15.346         -13.500           -7.022
  626 (occ)     1          -7.876           2.800         -15.306         -13.520           -6.862
  627 (occ)     1          -7.847           2.762         -15.272         -13.488           -6.869
  628 (occ)     1          -7.836           3.117         -19.703         -17.113           -7.309
  629 (occ)     1          -7.831           2.755         -15.222         -13.536           -6.762
  630 (occ)     1          -7.786           3.091         -19.499         -16.824           -7.371
  631 (occ)     1          -7.642           3.085         -19.701         -17.225           -7.033
  632 (occ)     1          -7.625           3.049         -19.486         -16.874           -7.188
  633 (occ)     1          -7.618           2.637         -15.133         -13.562           -6.552
  634 (occ)     1          -7.611           2.544         -15.100         -13.557           -6.610
  635 (occ)     1          -7.593           2.554         -15.124         -13.574           -6.589
  636 (occ)     1          -7.471           3.055         -19.690         -17.312           -6.794
  637 (occ)     1          -7.470           3.010         -19.476         -16.921           -7.015
  638 (occ)     1          -7.456           2.473         -15.079         -13.612           -6.449
  639 (occ)     1          -7.434           2.458         -15.048         -13.570           -6.454
  640 (occ)     1          -7.390           2.512         -15.029         -13.592           -6.315
  641 (occ)     1          -7.327           3.032         -19.676         -17.382           -6.589
  642 (occ)     1          -7.324           2.974         -19.470         -16.967           -6.854
  643 (occ)     1          -7.273           2.362         -14.970         -13.590           -6.290
  644 (occ)     1          -7.261           2.400         -15.031         -13.652           -6.240
  645 (occ)     1          -7.210           3.015         -19.661         -17.436           -6.419
  646 (occ)     1          -7.191           2.942         -19.468         -17.011           -6.705
  647 (occ)     1          -7.152           2.379         -14.913         -13.625           -6.060
  648 (occ)     1          -7.121           3.008         -19.646         -17.476           -6.282
  649 (occ)     1          -7.102           2.257         -14.908         -13.648           -6.106
  650 (occ)     1          -7.092           2.343         -14.937         -13.609           -6.076
  651 (occ)     1          -7.072           2.916         -19.469         -17.052           -6.573
  652 (occ)     1          -7.060           3.012         -19.634         -17.504           -6.178
  653 (occ)     1          -7.028           3.039         -19.628         -17.521           -6.095
  654 (occ)     1          -6.970           2.897         -19.474         -17.089           -6.458
  655 (occ)     1          -6.924           2.183         -14.890         -13.760           -5.871
  656 (occ)     1          -6.905           2.240         -14.787         -13.658           -5.794
  657 (occ)     1          -6.888           2.885         -19.480         -17.121           -6.362
  658 (occ)     1          -6.830           2.887         -19.487         -17.146           -6.285
  659 (occ)     1          -6.798           2.912         -19.492         -17.161           -6.217
  660 (occ)     1          -6.732           2.107         -14.818         -13.819           -5.624
  661 (occ)     1          -6.654           2.100         -14.655         -13.687           -5.522
  662 (occ)     1          -6.620           2.072         -14.700         -13.800           -5.447
  663 (occ)     1          -6.561           2.007         -14.703         -13.804           -5.452
  664 (occ)     1          -6.412           1.978         -14.529         -13.693           -5.269
  665 (occ)     1          -6.406           1.939         -14.648         -13.872           -5.243
  666 (occ)     1          -6.377           1.902         -14.598         -13.819           -5.254
  667 (occ)     1          -6.367           1.965         -14.421         -13.571           -5.252
  668 (occ)     1          -6.356           1.938         -14.426         -13.577           -5.266
  669 (occ)     1          -6.342           1.910         -14.433         -13.587           -5.279
  670 (occ)     1          -6.326           1.886         -14.444         -13.600           -5.284
  671 (occ)     1          -6.308           1.863         -14.456         -13.615           -5.286
  672 (occ)     1          -6.288           1.871         -14.472         -13.635           -5.254
  673 (occ)     1          -6.282           1.917         -14.486         -13.647           -5.203
  674 (occ)     1          -6.212           1.717         -14.520         -13.715           -5.301
  675 (occ)     1          -6.203           1.716         -14.539         -13.714           -5.311
  676 (occ)     1          -6.186           1.792         -14.499         -13.855           -5.038
  677 (occ)     1          -6.177           1.816         -14.560         -13.931           -4.990
  678 (occ)     1          -6.140           1.777         -14.496         -13.825           -5.035
  679 (occ)     1          -6.123           1.784         -14.531         -13.833           -5.037
  680 (occ)     1          -6.092           1.758         -14.561         -13.864           -5.032
  681 (occ)     1          -6.075           1.765         -14.527         -13.880           -4.957
  682 (occ)     1          -6.053           1.684         -14.412         -13.885           -4.896
  683 (occ)     1          -6.049           1.761         -14.604         -13.914           -4.978
  684 (occ)     1          -6.032           1.729         -14.593         -13.927           -4.970
  685 (occ)     1          -6.029           1.784         -14.623         -13.942           -4.927
  686 (occ)     1          -5.994           1.682         -14.406         -13.902           -4.816
  687 (occ)     1          -5.958           1.699         -14.464         -13.988           -4.736
  688 (occ)     1          -5.823           1.525         -14.158         -13.887           -4.569
  689 (occ)     1          -5.809           1.577         -14.322         -13.949           -4.605
  690 (occ)     1          -5.765           1.596         -14.380         -14.067           -4.482
  691 (occ)     1          -5.640           1.487         -14.246         -13.963           -4.436
  692 (occ)     1          -5.633           1.537         -14.338         -14.165           -4.269
  693 (occ)     1          -5.565           1.363         -13.992         -13.926           -4.267
  694 (occ)     1          -5.480           1.406         -14.160         -13.942           -4.292
  695 (occ)     1          -5.308           1.191         -13.822         -13.976           -3.963
  696 (occ)     1          -5.305           1.306         -14.050         -13.948           -4.101
  697 (occ)     1          -5.127           1.193         -13.921         -13.958           -3.896
  698 (occ)     1          -5.063           1.025         -13.656         -14.031           -3.663
  699 (occ)     1          -4.950           1.072         -13.774         -13.962           -3.691
  700 (occ)     1          -4.842           0.876         -13.505         -14.090           -3.381
  701 (occ)     1          -4.781           0.946         -13.613         -13.957           -3.491
  702 (occ)     1          -4.660           0.763         -13.383         -14.148           -3.132
  703 (occ)     1          -4.622           0.820         -13.442         -13.942           -3.302
  704 (occ)     1          -4.542           0.709         -13.302         -14.196           -2.939
  705 (occ)     1          -4.480           0.698         -13.265         -13.918           -3.130
  706 (occ)     1          -4.363           0.588         -13.089         -13.886           -2.978
  707 (occ)     1          -4.278           0.505         -12.924         -13.852           -2.845
  708 (occ)     1          -4.234           0.479         -12.777         -13.824           -2.709
  709 (vir)     1          -2.632          -1.182          -9.061         -14.192            1.318
  710 (vir)     1          -2.566          -1.209          -8.940         -14.125            1.411
  711 (vir)     1          -2.472          -1.272          -8.758         -14.026            1.523
  712 (vir)     1          -2.392          -1.334          -8.683         -13.929            1.521
  713 (vir)     1          -2.359          -1.360          -8.534         -13.901            1.647
  714 (vir)     1          -2.266          -1.375          -8.574         -13.922            1.707
  715 (vir)     1          -2.233          -1.459          -8.282         -13.753            1.780
  716 (vir)     1          -2.101          -1.557          -8.009         -13.582            1.915
  717 (vir)     1          -2.083          -1.475          -8.412         -13.914            1.944
  718 (vir)     1          -1.969          -1.646          -7.730         -13.395            2.050
  719 (vir)     1          -1.856          -1.619          -8.216         -13.905            2.214
  720 (vir)     1          -1.841          -1.720          -7.480         -13.227            2.186
  721 (vir)     1          -1.716          -1.781          -7.321         -13.147            2.329
  722 (vir)     1          -1.600          -1.785          -8.001         -13.891            2.505
  723 (vir)     1          -1.598          -1.854          -7.369         -13.300            2.479
  724 (vir)     1          -1.502          -1.992          -7.592         -13.668            2.582
  725 (vir)     1          -1.468          -1.923          -7.380         -13.403            2.633
  726 (vir)     1          -1.352          -2.069          -6.535         -12.671            2.716
  727 (vir)     1          -1.324          -1.966          -7.674         -13.769            2.805
  728 (vir)     1          -1.322          -2.054          -7.400         -13.550            2.773
  729 (vir)     1          -1.321          -2.043          -6.651         -12.798            2.783
  730 (vir)     1          -1.300          -2.003          -7.229         -13.338            2.807
  731 (vir)     1          -1.278          -2.045          -6.569         -12.746            2.855
  732 (vir)     1          -1.220          -2.056          -6.600         -12.813            2.938
  733 (vir)     1          -1.150          -2.080          -6.632         -12.892            3.030
  734 (vir)     1          -1.113          -2.090          -7.049         -13.249            2.998
  735 (vir)     1          -1.095          -2.157          -7.289         -13.561            3.020
  736 (vir)     1          -1.069          -2.114          -6.678         -12.994            3.133
  737 (vir)     1          -1.037          -2.134          -7.552         -13.837            3.114
  738 (vir)     1          -0.979          -2.155          -6.743         -13.124            3.247
  739 (vir)     1          -0.913          -2.184          -6.893         -13.192            3.202
  740 (vir)     1          -0.884          -2.205          -6.788         -13.241            3.364
  741 (vir)     1          -0.842          -2.264          -7.139         -13.538            3.292
  742 (vir)     1          -0.786          -2.258          -6.860         -13.393            3.488
  743 (vir)     1          -0.745          -2.285          -7.446         -13.929            3.453
  744 (vir)     1          -0.693          -2.295          -6.807         -13.222            3.427
  745 (vir)     1          -0.684          -2.340          -6.769         -13.363            3.570
  746 (vir)     1          -0.597          -2.352          -6.906         -13.406            3.551
  747 (vir)     1          -0.592          -2.386          -6.948         -13.646            3.720
  748 (vir)     1          -0.504          -2.450          -7.008         -13.793            3.831
  749 (vir)     1          -0.445          -2.475          -7.069         -13.726            3.737
  750 (vir)     1          -0.432          -2.435          -6.810         -13.378            3.700
  751 (vir)     1          -0.423          -2.505          -7.058         -13.891            3.904
  752 (vir)     1          -0.376          -2.448          -6.836         -13.453            3.793
  753 (vir)     1          -0.362          -2.569          -7.140         -14.085            4.014
  754 (vir)     1          -0.314          -2.626          -7.190         -14.196            4.067
  755 (vir)     1          -0.289          -2.686          -7.223         -14.271            4.074
  756 (vir)     1          -0.178          -1.232          -1.565          -4.829            1.855
  757 (vir)     1          -0.178          -1.232          -1.565          -4.829            1.855
  758 (vir)     1          -0.142          -2.612          -6.844         -13.610            4.012
  759 (vir)     1          -0.134          -2.591          -6.901         -13.661            4.034
  760 (vir)     1          -0.133          -2.472          -5.804         -12.318            3.909
  761 (vir)     1          -0.086          -1.471          -1.836          -5.306            1.912
  762 (vir)     1          -0.060          -1.456          -1.824          -5.286            1.946
  763 (vir)     1          -0.053          -1.457          -1.777          -5.234            1.947
  764 (vir)     1          -0.033          -1.432          -1.770          -5.224            1.990
  765 (vir)     1          -0.021          -1.443          -1.811          -5.264            1.990
  766 (vir)     1          -0.003          -1.411          -1.759          -5.209            2.036
  767 (vir)     1           0.030          -1.435          -1.798          -5.246            2.043
  768 (vir)     1           0.038          -1.398          -1.746          -5.190            2.084
  769 (vir)     1           0.077          -2.571          -6.052         -12.720            4.174
  770 (vir)     1           0.089          -1.393          -1.733          -5.171            2.134
  771 (vir)     1           0.092          -1.429          -1.787          -5.231            2.108
  772 (vir)     1           0.151          -1.394          -1.722          -5.154            2.190
  773 (vir)     1           0.157          -2.750          -6.630         -13.522            4.298
  774 (vir)     1           0.164          -1.425          -1.778          -5.220            2.182
  775 (vir)     1           0.177          -2.703          -6.619         -13.498            4.352
  776 (vir)     1           0.224          -1.398          -1.711          -5.137            2.253
  777 (vir)     1           0.246          -1.423          -1.769          -5.211            2.265
  778 (vir)     1           0.308          -1.403          -1.700          -5.122            2.327
  779 (vir)     1           0.313          -2.676          -6.054         -12.802            4.385
  780 (vir)     1           0.338          -1.424          -1.762          -5.205            2.357
  781 (vir)     1           0.403          -1.409          -1.689          -5.107            2.412
  782 (vir)     1           0.441          -1.427          -1.756          -5.199            2.457
  783 (vir)     1           0.442          -2.765          -6.256         -13.202            4.623
  784 (vir)     1           0.454          -2.872          -6.419         -13.417            4.580
  785 (vir)     1           0.507          -1.414          -1.677          -5.093            2.508
  786 (vir)     1           0.553          -1.433          -1.750          -5.195            2.565
  787 (vir)     1           0.599          -2.789          -6.084         -12.899            4.625
  788 (vir)     1           0.620          -1.417          -1.668          -5.081            2.617
  789 (vir)     1           0.666          -2.823          -6.018         -12.994            4.820
  790 (vir)     1           0.675          -1.440          -1.744          -5.192            2.683
  791 (vir)     1           0.740          -1.421          -1.662          -5.079            2.735
  792 (vir)     1           0.750          -2.992          -6.213         -13.300            4.844
  793 (vir)     1           0.804          -1.446          -1.739          -5.190            2.809
  794 (vir)     1           0.868          -1.428          -1.665          -5.088            2.864
  795 (vir)     1           0.874          -2.869          -5.834         -12.811            4.983
  796 (vir)     1           0.911          -2.849          -5.955         -12.791            4.898
  797 (vir)     1           0.940          -1.453          -1.734          -5.191            2.944
  798 (vir)     1           1.004          -1.439          -1.675          -5.112            3.001
  799 (vir)     1           1.041          -3.091          -6.011         -13.164            5.102
  800 (vir)     1           1.079          -2.804          -5.180         -11.849            4.944
  801 (vir)     1           1.080          -1.459          -1.731          -5.197            3.087
  802 (vir)     1           1.149          -1.455          -1.691          -5.144            3.147
  803 (vir)     1           1.217          -1.462          -1.713          -5.185            3.226
  804 (vir)     1           1.222          -2.587          -4.751         -10.866            4.749
  805 (vir)     1           1.252          -2.933          -5.391         -12.284            5.212
  806 (vir)     1           1.302          -1.472          -1.713          -5.184            3.301
  807 (vir)     1           1.326          -3.173          -5.794         -12.970            5.329
  808 (vir)     1           1.338          -1.417          -1.563          -4.967            3.325
  809 (vir)     1           1.414          -2.739          -4.816         -11.244            5.102
  810 (vir)     1           1.419          -1.281          -1.208          -4.417            3.346
  811 (vir)     1           1.462          -1.488          -1.747          -5.238            3.465
  812 (vir)     1           1.474          -1.292          -1.269          -4.512            3.425
  813 (vir)     1           1.484          -2.692          -4.704         -10.951            5.040
  814 (vir)     1           1.544          -1.541          -1.856          -5.442            3.590
  815 (vir)     1           1.563          -2.738          -4.601         -10.935            5.159
  816 (vir)     1           1.595          -3.112          -5.319         -12.246            5.409
  817 (vir)     1           1.629          -1.405          -1.700          -5.124            3.648
  818 (vir)     1           1.677          -2.093          -2.947          -7.857            4.493
  819 (vir)     1           1.684          -1.501          -1.916          -5.479            3.745
  820 (vir)     1           1.687          -1.541          -1.565          -5.235            3.817
  821 (vir)     1           1.690          -1.201          -0.815          -3.812            3.487
  822 (vir)     1           1.695          -1.746          -2.135          -6.288            4.102
  823 (vir)     1           1.719          -1.847          -2.333          -6.656            4.195
  824 (vir)     1           1.721          -1.269          -1.030          -4.211            3.633
  825 (vir)     1           1.730          -1.538          -1.561          -5.229            3.860
  826 (vir)     1           1.751          -1.262          -1.051          -4.276            3.715
  827 (vir)     1           1.756          -2.301          -3.479          -8.809            4.785
  828 (vir)     1           1.816          -1.315          -1.191          -4.517            3.826
  829 (vir)     1           1.859          -1.609          -1.713          -5.598            4.135
  830 (vir)     1           1.951          -1.934          -2.761          -7.565            4.820
  831 (vir)     1           1.954          -1.445          -1.392          -4.820            3.937
  832 (vir)     1           1.954          -1.901          -2.689          -7.413            4.777
  833 (vir)     1           1.964          -1.369          -1.258          -4.669            4.006
  834 (vir)     1           1.966          -2.542          -3.553          -9.236            5.107
  835 (vir)     1           2.000          -2.853          -4.605         -10.982            5.525
  836 (vir)     1           2.037          -1.405          -1.428          -4.856            4.061
  837 (vir)     1           2.087          -1.575          -1.643          -5.444            4.314
  838 (vir)     1           2.101          -1.515          -1.455          -4.931            4.063
  839 (vir)     1           2.158          -1.949          -2.337          -6.829            4.702
  840 (vir)     1           2.194          -1.489          -1.625          -5.178            4.258
  841 (vir)     1           2.243          -2.821          -4.187         -10.455            5.690
  842 (vir)     1           2.258          -2.636          -3.656          -9.478            5.444
  843 (vir)     1           2.272          -3.105          -4.628         -11.439            5.978
  844 (vir)     1           2.276          -1.496          -1.518          -5.034            4.295
  845 (vir)     1           2.295          -3.228          -4.945         -11.985            6.107
  846 (vir)     1           2.316          -1.500          -1.425          -5.035            4.426
  847 (vir)     1           2.324          -2.365          -3.155          -8.514            5.318
  848 (vir)     1           2.341          -3.047          -4.551         -11.268            6.012
  849 (vir)     1           2.351          -1.491          -1.090          -4.583            4.353
  850 (vir)     1           2.374          -3.712          -5.868         -13.947            6.740
  851 (vir)     1           2.377          -1.475          -1.079          -4.570            4.393
  852 (vir)     1           2.381          -1.523          -1.660          -5.284            4.482
  853 (vir)     1           2.383          -1.479          -1.047          -4.526            4.383
  854 (vir)     1           2.400          -3.789          -5.894         -14.025            6.742
  855 (vir)     1           2.404          -1.452          -1.047          -4.527            4.432
  856 (vir)     1           2.422          -1.473          -1.140          -4.645            4.453
  857 (vir)     1           2.435          -1.431          -1.045          -4.528            4.487
  858 (vir)     1           2.446          -2.247          -2.931          -8.060            5.329
  859 (vir)     1           2.464          -1.466          -1.402          -4.932            4.528
  860 (vir)     1           2.470          -1.482          -1.372          -4.942            4.557
  861 (vir)     1           2.471          -1.456          -1.086          -4.583            4.512
  862 (vir)     1           2.481          -1.445          -1.186          -4.698            4.548
  863 (vir)     1           2.498          -3.236          -4.605         -11.469            6.126
  864 (vir)     1           2.526          -1.892          -2.193          -6.606            5.047
  865 (vir)     1           2.531          -1.412          -1.043          -4.532            4.608
  866 (vir)     1           2.546          -1.449          -1.078          -4.574            4.593
  867 (vir)     1           2.587          -1.530          -1.636          -5.292            4.712
  868 (vir)     1           2.601          -1.412          -1.047          -4.543            4.685
  869 (vir)     1           2.629          -1.578          -1.529          -5.274            4.796
  870 (vir)     1           2.646          -1.466          -1.219          -4.759            4.719
  871 (vir)     1           2.662          -1.466          -1.384          -4.948            4.760
  872 (vir)     1           2.671          -2.989          -4.338         -10.836            6.180
  873 (vir)     1           2.692          -1.711          -1.766          -5.795            5.011
  874 (vir)     1           2.693          -1.446          -1.228          -4.772            4.791
  875 (vir)     1           2.730          -1.447          -1.129          -4.651            4.806
  876 (vir)     1           2.734          -3.070          -4.157         -10.640            6.147
  877 (vir)     1           2.779          -1.412          -1.051          -4.560            4.875
  878 (vir)     1           2.786          -1.864          -2.081          -6.416            5.257
  879 (vir)     1           2.828          -1.557          -1.769          -5.501            5.003
  880 (vir)     1           2.858          -1.432          -1.078          -4.593            4.940
  881 (vir)     1           2.868          -1.729          -1.750          -5.791            5.179
  882 (vir)     1           2.870          -2.375          -2.922          -8.127            5.700
  883 (vir)     1           2.881          -1.511          -1.575          -5.235            5.031
  884 (vir)     1           2.895          -1.414          -1.051          -4.569            4.999
  885 (vir)     1           2.979          -2.967          -4.115         -10.535            6.433
  886 (vir)     1           2.999          -1.425          -1.080          -4.607            5.101
  887 (vir)     1           3.027          -1.425          -1.076          -4.612            5.139
  888 (vir)     1           3.051          -1.578          -1.875          -5.682            5.280
  889 (vir)     1           3.064          -1.999          -2.168          -6.668            5.566
  890 (vir)     1           3.079          -1.526          -1.535          -5.243            5.262
  891 (vir)     1           3.140          -1.427          -1.093          -4.641            5.261
  892 (vir)     1           3.194          -2.604          -3.181          -8.922            6.331
  893 (vir)     1           3.207          -1.409          -1.133          -4.668            5.333
  894 (vir)     1           3.229          -2.076          -2.338          -7.121            5.937
  895 (vir)     1           3.232          -1.533          -1.632          -5.391            5.458
  896 (vir)     1           3.247          -1.887          -1.921          -6.201            5.641
  897 (vir)     1           3.324          -1.538          -1.689          -5.473            5.570
  898 (vir)     1           3.352          -1.398          -1.028          -4.554            5.480
  899 (vir)     1           3.359          -1.499          -1.406          -5.093            5.547
  900 (vir)     1           3.387          -3.159          -4.230         -10.959            6.957
  901 (vir)     1           3.451          -3.281          -3.941         -10.650            6.879
  902 (vir)     1           3.458          -1.519          -1.501          -5.246            5.684
  903 (vir)     1           3.471          -1.972          -1.954          -6.319            5.863
  904 (vir)     1           3.482          -2.184          -1.995          -6.473            5.776
  905 (vir)     1           3.510          -1.515          -1.555          -5.334            5.773
  906 (vir)     1           3.544          -1.469          -1.314          -4.989            5.750
  907 (vir)     1           3.557          -1.542          -1.619          -5.433            5.828
  908 (vir)     1           3.624          -3.014          -3.907         -10.393            7.096
  909 (vir)     1           3.664          -1.524          -1.516          -5.309            5.933
  910 (vir)     1           3.679          -3.680          -4.528         -12.000            7.471
  911 (vir)     1           3.690          -1.981          -1.754          -5.984            5.939
  912 (vir)     1           3.694          -1.595          -1.859          -5.835            6.075
  913 (vir)     1           3.706          -2.047          -2.006          -6.485            6.138
  914 (vir)     1           3.744          -1.457          -1.253          -4.925            5.958
  915 (vir)     1           3.754          -1.589          -1.798          -5.751            6.119
  916 (vir)     1           3.849          -1.729          -2.381          -6.697            6.435
  917 (vir)     1           3.858          -1.627          -1.915          -5.970            6.286
  918 (vir)     1           3.904          -1.866          -1.630          -5.755            6.163
  919 (vir)     1           3.920          -3.841          -4.736         -12.573            7.917
  920 (vir)     1           3.928          -1.603          -1.862          -5.938            6.402
  921 (vir)     1           3.938          -1.947          -1.867          -6.269            6.395
  922 (vir)     1           3.946          -2.118          -3.727          -9.192            7.293
  923 (vir)     1           3.946          -2.980          -3.678         -10.076            7.364
  924 (vir)     1           3.950          -2.110          -3.725          -9.145            7.260
  925 (vir)     1           3.952          -1.867          -2.940          -7.690            6.836
  926 (vir)     1           3.955          -1.474          -1.290          -5.034            6.226
  927 (vir)     1           3.965          -2.085          -3.678          -9.046            7.248
  928 (vir)     1           3.974          -2.084          -3.621          -8.977            7.246
  929 (vir)     1           3.974          -1.947          -3.189          -8.155            6.993
  930 (vir)     1           3.990          -2.010          -3.338          -8.419            7.061
  931 (vir)     1           3.997          -2.005          -3.433          -8.646            7.206
  932 (vir)     1           4.001          -2.026          -3.437          -8.588            7.125
  933 (vir)     1           4.014          -1.985          -3.232          -8.228            7.024
  934 (vir)     1           4.019          -2.029          -3.427          -8.597            7.160
  935 (vir)     1           4.069          -1.622          -2.224          -6.560            6.783
  936 (vir)     1           4.084          -1.560          -1.359          -5.209            6.375
  937 (vir)     1           4.118          -1.631          -1.395          -5.327            6.419
  938 (vir)     1           4.119          -1.670          -2.617          -7.157            6.990
  939 (vir)     1           4.161          -4.071          -5.036         -13.369            8.423
  940 (vir)     1           4.184          -1.554          -1.926          -6.032            6.736
  941 (vir)     1           4.193          -1.411          -1.056          -4.670            6.397
  942 (vir)     1           4.209          -2.109          -2.050          -6.738            6.786
  943 (vir)     1           4.279          -2.554          -2.784          -8.291            7.232
  944 (vir)     1           4.354          -1.619          -2.637          -7.137            7.233
  945 (vir)     1           4.357          -1.626          -2.710          -7.245            7.265
  946 (vir)     1           4.359          -1.571          -1.949          -6.152            6.992
  947 (vir)     1           4.381          -4.222          -5.169         -13.790            8.780
  948 (vir)     1           4.409          -2.388          -2.471          -7.714            7.264
  949 (vir)     1           4.424          -2.125          -1.952          -6.561            6.908
  950 (vir)     1           4.446          -1.439          -1.041          -4.593            6.560
  951 (vir)     1           4.552          -1.605          -1.990          -6.153            7.110
  952 (vir)     1           4.581          -2.780          -3.121          -9.120            7.800
  953 (vir)     1           4.586          -4.355          -5.233         -14.058            9.056
  954 (vir)     1           4.638          -2.646          -2.726          -8.305            7.571
  955 (vir)     1           4.654          -2.083          -1.898          -6.494            7.167
  956 (vir)     1           4.672          -1.884          -3.312          -8.237            7.712
  957 (vir)     1           4.720          -1.451          -1.190          -4.935            7.015
  958 (vir)     1           4.734          -2.247          -4.573         -10.180            8.093
  959 (vir)     1           4.766          -4.437          -5.257         -14.223            9.295
  960 (vir)     1           4.781          -2.745          -6.131         -12.561            8.466
  961 (vir)     1           4.820          -2.805          -6.333         -12.892            8.574
  962 (vir)     1           4.871          -2.725          -6.060         -12.486            8.571
  963 (vir)     1           4.884          -2.749          -3.001          -8.955            8.088
  964 (vir)     1           4.896          -3.258          -3.396         -10.003            8.246
  965 (vir)     1           4.909          -2.603          -5.672         -11.903            8.536
  966 (vir)     1           4.915          -2.863          -6.439         -13.226            8.839
  967 (vir)     1           4.915          -2.871          -6.480         -13.299            8.863
  968 (vir)     1           4.918          -3.197          -7.552         -14.785            8.954
  969 (vir)     1           4.920          -2.891          -3.008          -9.017            8.038
  970 (vir)     1           4.928          -3.408          -3.731         -10.807            8.595
  971 (vir)     1           4.933          -2.870          -6.521         -13.178            8.720
  972 (vir)     1           4.966          -2.477          -5.143         -11.171            8.517
  973 (vir)     1           4.969          -2.608          -5.519         -11.914            8.755
  974 (vir)     1           4.970          -2.555          -5.322         -11.660            8.752
  975 (vir)     1           4.974          -3.211          -7.651         -14.944            9.056
  976 (vir)     1           4.993          -2.870          -6.477         -13.311            8.957
  977 (vir)     1           5.008          -2.428          -4.704         -10.485            8.362
  978 (vir)     1           5.010          -2.242          -4.193          -9.732            8.307
  979 (vir)     1           5.024          -2.560          -5.428         -11.729            8.765
  980 (vir)     1           5.032          -4.785          -5.458         -14.849            9.638
  981 (vir)     1           5.037          -2.715          -5.954         -12.359            8.728
  982 (vir)     1           5.040          -2.877          -6.620         -13.474            9.016
  983 (vir)     1           5.119          -4.860          -5.498         -14.998            9.759
  984 (vir)     1           5.124          -2.566          -5.563         -12.052            9.048
  985 (vir)     1           5.125          -2.329          -4.631         -10.416            8.582
  986 (vir)     1           5.131          -2.663          -5.777         -12.287            8.977
  987 (vir)     1           5.166          -4.794          -5.374         -14.743            9.741
  988 (vir)     1           5.177          -2.701          -2.864          -8.734            8.346
  989 (vir)     1           5.183          -2.595          -5.709         -12.419            9.298
  990 (vir)     1           5.186          -2.275          -1.762          -6.324            7.472
  991 (vir)     1           5.212          -3.056          -3.205          -9.567            8.517
  992 (vir)     1           5.236          -2.208          -4.097          -9.684            8.615
  993 (vir)     1           5.248          -2.503          -5.068         -11.320            8.997
  994 (vir)     1           5.289          -2.223          -4.067          -9.825            8.824
  995 (vir)     1           5.315          -2.006          -3.228          -8.221            8.302
  996 (vir)     1           5.347          -2.765          -5.957         -12.876            9.501
  997 (vir)     1           5.388          -2.806          -6.109         -13.127            9.600
  998 (vir)     1           5.401          -2.991          -6.747         -14.115            9.778
  999 (vir)     1           5.433          -2.846          -6.206         -13.269            9.651
 1000 (vir)     1           5.438          -2.926          -6.463         -13.498            9.547
 1001 (vir)     1           5.465          -2.691          -2.793          -8.658            8.639
 1002 (vir)     1           5.474          -2.948          -6.411         -13.102            9.218
 1003 (vir)     1           5.476          -2.700          -5.642         -12.048            9.182
 1004 (vir)     1           5.482          -1.641          -1.515          -5.820            8.145
 1005 (vir)     1           5.490          -2.400          -4.540         -10.394            8.944
 1006 (vir)     1           5.496          -2.977          -6.684         -14.119            9.954
 1007 (vir)     1           5.499          -3.027          -6.808         -14.421           10.085
 1008 (vir)     1           5.502          -2.977          -6.640         -13.624            9.510
 1009 (vir)     1           5.502          -2.945          -6.231         -13.702           10.028
 1010 (vir)     1           5.504          -3.275          -3.408         -10.149            8.969
 1011 (vir)     1           5.519          -2.974          -6.607         -13.663            9.601
 1012 (vir)     1           5.528          -2.533          -5.053         -11.299            9.240
 1013 (vir)     1           5.543          -2.954          -6.589         -13.540            9.540
 1014 (vir)     1           5.564          -2.990          -6.631         -13.606            9.549
 1015 (vir)     1           5.585          -3.018          -6.709         -14.330           10.189
 1016 (vir)     1           5.586          -2.732          -6.020         -12.628            9.462
 1017 (vir)     1           5.600          -2.811          -6.187         -12.882            9.484
 1018 (vir)     1           5.616          -2.874          -6.302         -13.558            9.998
 1019 (vir)     1           5.638          -2.489          -5.140         -11.232            9.241
 1020 (vir)     1           5.669          -2.913          -6.362         -13.735           10.128
 1021 (vir)     1           5.676          -2.750          -5.919         -12.949            9.956
 1022 (vir)     1           5.715          -3.034          -6.642         -14.395           10.434
 1023 (vir)     1           5.716          -2.587          -5.346         -11.721            9.504
 1024 (vir)     1           5.722          -2.257          -4.184          -9.805            9.087
 1025 (vir)     1           5.739          -3.033          -6.662         -13.783            9.827
 1026 (vir)     1           5.741          -2.871          -6.151         -12.892            9.612
 1027 (vir)     1           5.761          -2.804          -2.815          -8.816            8.957
 1028 (vir)     1           5.777          -2.743          -5.660         -12.085            9.459
 1029 (vir)     1           5.792          -2.817          -5.889         -12.516            9.602
 1030 (vir)     1           5.798          -3.594          -3.702         -10.967            9.469
 1031 (vir)     1           5.807          -2.746          -1.421          -5.676            7.315
 1032 (vir)     1           5.811          -2.742          -5.694         -12.182            9.557
 1033 (vir)     1           5.823          -2.831          -6.095         -12.854            9.751
 1034 (vir)     1           5.827          -2.138          -3.499          -8.732            8.922
 1035 (vir)     1           5.837          -2.760          -5.646         -12.393            9.824
 1036 (vir)     1           5.861          -2.700          -5.693         -12.163            9.631
 1037 (vir)     1           5.889          -2.525          -4.712         -10.925            9.577
 1038 (vir)     1           5.910          -2.621          -4.922         -11.369            9.736
 1039 (vir)     1           5.922          -2.862          -5.990         -12.665            9.735
 1040 (vir)     1           5.939          -2.758          -5.814         -12.429            9.795
 1041 (vir)     1           5.951          -2.766          -5.850         -12.438            9.773
 1042 (vir)     1           5.956          -2.676          -5.307         -11.995            9.968
 1043 (vir)     1           5.978          -2.798          -5.803         -12.274            9.651
 1044 (vir)     1           6.030          -2.823          -6.027         -12.772            9.952
 1045 (vir)     1           6.036          -2.695          -5.112         -11.734            9.963
 1046 (vir)     1           6.043          -2.672          -5.678         -12.244            9.937
 1047 (vir)     1           6.069          -1.998          -2.926          -7.988            9.134
 1048 (vir)     1           6.076          -2.741          -5.710         -12.178            9.803
 1049 (vir)     1           6.077          -2.934          -2.835          -8.986            9.294
 1050 (vir)     1           6.078          -2.457          -4.311         -10.255            9.565
 1051 (vir)     1           6.083          -2.652          -5.603         -12.194           10.022
 1052 (vir)     1           6.095          -4.005          -4.066         -11.981           10.005
 1053 (vir)     1           6.165          -2.447          -4.718         -10.728            9.728
 1054 (vir)     1           6.165          -1.806          -1.319          -5.515            8.555
 1055 (vir)     1           6.184          -2.845          -5.981         -13.024           10.382
 1056 (vir)     1           6.188          -2.162          -3.487          -8.944            9.484
 1057 (vir)     1           6.257          -2.515          -4.643         -11.047           10.145
 1058 (vir)     1           6.257          -2.668          -5.617         -12.395           10.367
 1059 (vir)     1           6.263          -2.843          -6.039         -13.014           10.395
 1060 (vir)     1           6.344          -2.849          -5.973         -12.972           10.494
 1061 (vir)     1           6.361          -2.367          -4.206         -10.048            9.837
 1062 (vir)     1           6.384          -4.412          -4.416         -12.984           10.540
 1063 (vir)     1           6.388          -2.758          -5.443         -12.264           10.450
 1064 (vir)     1           6.388          -2.638          -4.814         -11.406           10.342
 1065 (vir)     1           6.406          -2.121          -3.218          -8.605            9.671
 1066 (vir)     1           6.416          -3.036          -2.800          -9.032            9.612
 1067 (vir)     1           6.483          -2.725          -5.455         -12.125           10.428
 1068 (vir)     1           6.553          -2.922          -5.854         -13.068           10.845
 1069 (vir)     1           6.556          -2.374          -3.759          -9.662           10.084
 1070 (vir)     1           6.563          -1.816          -1.209          -5.337            8.876
 1071 (vir)     1           6.616          -3.004          -6.111         -13.425           10.925
 1072 (vir)     1           6.626          -2.479          -4.237         -10.374           10.284
 1073 (vir)     1           6.652          -4.741          -4.633         -13.677           10.956
 1074 (vir)     1           6.679          -2.935          -5.681         -12.931           10.993
 1075 (vir)     1           6.692          -3.062          -6.108         -13.630           11.151
 1076 (vir)     1           6.701          -2.900          -5.818         -13.079           11.062
 1077 (vir)     1           6.744          -1.938          -2.699          -7.593            9.701
 1078 (vir)     1           6.769          -3.568          -3.159         -10.043           10.085
 1079 (vir)     1           6.776          -2.991          -5.487         -12.935           11.233
 1080 (vir)     1           6.812          -2.725          -4.896         -11.549           10.740
 1081 (vir)     1           6.833          -2.875          -5.737         -12.926           11.147
 1082 (vir)     1           6.837          -3.197          -6.521         -14.216           11.335
 1083 (vir)     1           6.886          -2.723          -4.805         -11.336           10.693
 1084 (vir)     1           6.899          -2.661          -4.519         -10.790           10.509
 1085 (vir)     1           6.902          -4.593          -4.232         -12.847           10.923
 1086 (vir)     1           6.924          -3.121          -6.064         -13.596           11.335
 1087 (vir)     1           6.926          -2.820          -4.876         -11.570           10.800
 1088 (vir)     1           6.962          -3.012          -5.388         -12.463           11.025
 1089 (vir)     1           6.971          -2.935          -5.803         -13.032           11.265
 1090 (vir)     1           6.986          -2.950          -5.240         -12.211           11.006
 1091 (vir)     1           7.002          -2.983          -5.347         -12.330           11.002
 1092 (vir)     1           7.006          -3.092          -5.654         -12.873           11.133
 1093 (vir)     1           7.011          -1.731          -1.095          -5.154            9.338
 1094 (vir)     1           7.035          -3.120          -6.044         -13.642           11.513
 1095 (vir)     1           7.039          -5.802          -4.933         -14.630           10.933
 1096 (vir)     1           7.043          -2.704          -4.347         -10.399           10.391
 1097 (vir)     1           7.087          -2.201          -3.255          -8.727           10.358
 1098 (vir)     1           7.089          -2.967          -5.449         -12.613           11.286
 1099 (vir)     1           7.111          -3.146          -6.296         -13.864           11.533
 1100 (vir)     1           7.157          -2.335          -3.335          -8.990           10.477
 1101 (vir)     1           7.184          -2.732          -4.440         -10.608           10.619
 1102 (vir)     1           7.194          -2.919          -5.281         -12.333           11.326
 1103 (vir)     1           7.201          -5.889          -5.210         -15.467           11.569
 1104 (vir)     1           7.218          -2.918          -5.307         -12.404           11.397
 1105 (vir)     1           7.231          -3.284          -2.597          -8.853           10.204
 1106 (vir)     1           7.234          -2.952          -5.350         -12.400           11.331
 1107 (vir)     1           7.248          -2.841          -4.811         -11.449           11.045
 1108 (vir)     1           7.258          -2.775          -4.839         -11.457           11.101
 1109 (vir)     1           7.281          -2.947          -5.328         -12.331           11.336
 1110 (vir)     1           7.281          -2.942          -5.210         -12.181           11.310
 1111 (vir)     1           7.297          -2.793          -4.924         -11.729           11.309
 1112 (vir)     1           7.319          -5.553          -4.956         -14.928           11.737
 1113 (vir)     1           7.347          -2.635          -4.113         -10.436           11.035
 1114 (vir)     1           7.372          -5.845          -5.333         -15.921           12.114
 1115 (vir)     1           7.374          -2.927          -5.134         -12.082           11.395
 1116 (vir)     1           7.436          -3.131          -5.616         -12.885           11.573
 1117 (vir)     1           7.448          -2.886          -5.093         -11.970           11.438
 1118 (vir)     1           7.453          -2.820          -4.845         -11.628           11.416
 1119 (vir)     1           7.484          -2.945          -5.283         -12.377           11.634
 1120 (vir)     1           7.519          -1.680          -0.983          -4.979            9.834
 1121 (vir)     1           7.527          -2.982          -5.175         -12.192           11.562
 1122 (vir)     1           7.528          -2.908          -4.989         -11.979           11.610
 1123 (vir)     1           7.595          -1.967          -2.415          -7.344           10.556
 1124 (vir)     1           7.648          -2.829          -4.708         -11.423           11.534
 1125 (vir)     1           7.659          -2.990          -5.359         -12.618           11.927
 1126 (vir)     1           7.672          -2.563          -2.165          -7.693           10.636
 1127 (vir)     1           7.685          -3.123          -5.387         -12.666           11.841
 1128 (vir)     1           7.726          -3.072          -5.258         -12.356           11.752
 1129 (vir)     1           7.742          -3.003          -5.394         -12.731           12.076
 1130 (vir)     1           7.752          -3.071          -5.519         -12.911           12.072
 1131 (vir)     1           7.758          -3.040          -5.317         -12.473           11.873
 1132 (vir)     1           7.857          -3.001          -5.029         -12.011           11.838
 1133 (vir)     1           7.898          -3.006          -5.173         -12.318           12.037
 1134 (vir)     1           7.911          -3.466          -3.365         -10.377           11.456
 1135 (vir)     1           7.921          -3.178          -5.245         -12.314           11.813
 1136 (vir)     1           7.951          -3.109          -5.390         -12.630           12.082
 1137 (vir)     1           7.968          -2.830          -4.597         -11.285           11.826
 1138 (vir)     1           7.986          -3.087          -5.381         -12.813           12.331
 1139 (vir)     1           8.005          -3.144          -5.438         -12.959           12.381
 1140 (vir)     1           8.023          -3.188          -3.021          -9.723           11.537
 1141 (vir)     1           8.051          -2.961          -5.159         -12.406           12.336
 1142 (vir)     1           8.051          -2.590          -3.897         -10.176           11.740
 1143 (vir)     1           8.094          -1.609          -0.877          -4.826           10.435
 1144 (vir)     1           8.095          -3.045          -5.247         -12.586           12.388
 1145 (vir)     1           8.098          -2.972          -4.893         -12.021           12.253
 1146 (vir)     1           8.112          -3.231          -5.648         -13.090           12.323
 1147 (vir)     1           8.193          -3.088          -5.255         -12.508           12.358
 1148 (vir)     1           8.250          -3.112          -5.462         -12.929           12.604
 1149 (vir)     1           8.307          -3.087          -5.419         -12.886           12.687
 1150 (vir)     1           8.308          -2.872          -4.578         -11.434           12.292
 1151 (vir)     1           8.348          -3.021          -4.916         -11.927           12.339
 1152 (vir)     1           8.360          -3.022          -4.978         -12.005           12.365
 1153 (vir)     1           8.408          -3.068          -5.144         -12.469           12.665
 1154 (vir)     1           8.413          -3.583          -6.114         -13.718           12.434
 1155 (vir)     1           8.422          -2.167          -1.422          -6.208           11.041
 1156 (vir)     1           8.456          -3.448          -5.855         -13.483           12.637
 1157 (vir)     1           8.465          -2.801          -4.470         -11.103           12.297
 1158 (vir)     1           8.541          -3.241          -5.458         -13.166           13.008
 1159 (vir)     1           8.544          -3.577          -6.000         -14.090           13.056
 1160 (vir)     1           8.593          -3.411          -5.854         -13.698           13.025
 1161 (vir)     1           8.618          -3.361          -5.580         -13.182           12.858
 1162 (vir)     1           8.621          -2.559          -3.596          -9.718           12.183
 1163 (vir)     1           8.631          -2.648          -3.857         -10.235           12.362
 1164 (vir)     1           8.644          -3.303          -5.467         -13.038           12.911
 1165 (vir)     1           8.658          -3.442          -5.844         -13.694           13.066
 1166 (vir)     1           8.715          -1.542          -0.773          -4.689           11.089
 1167 (vir)     1           8.751          -3.119          -5.069         -12.549           13.112
 1168 (vir)     1           8.793          -2.832          -4.113         -10.652           12.500
 1169 (vir)     1           8.794          -3.025          -4.824         -11.942           12.888
 1170 (vir)     1           8.803          -3.390          -5.736         -13.585           13.262
 1171 (vir)     1           8.850          -3.433          -5.440         -13.232           13.209
 1172 (vir)     1           8.862          -3.187          -4.893         -11.977           12.759
 1173 (vir)     1           8.863          -2.780          -3.876         -10.202           12.410
 1174 (vir)     1           8.903          -3.085          -4.916         -12.365           13.267
 1175 (vir)     1           8.915          -2.922          -4.302         -10.998           12.689
 1176 (vir)     1           8.925          -3.557          -5.982         -14.044           13.431
 1177 (vir)     1           8.990          -3.184          -4.805         -11.672           12.673
 1178 (vir)     1           8.991          -3.190          -4.892         -11.817           12.726
 1179 (vir)     1           8.992          -2.748          -3.978         -10.431           12.696
 1180 (vir)     1           9.036          -2.821          -4.307         -10.767           12.675
 1181 (vir)     1           9.056          -3.430          -5.288         -13.019           13.357
 1182 (vir)     1           9.113          -3.552          -6.008         -14.095           13.648
 1183 (vir)     1           9.120          -1.868          -1.020          -5.349           11.581
 1184 (vir)     1           9.145          -4.205          -6.946         -15.945           13.938
 1185 (vir)     1           9.159          -3.545          -5.525         -13.523           13.611
 1186 (vir)     1           9.195          -3.464          -5.642         -13.575           13.664
 1187 (vir)     1           9.210          -4.178          -6.867         -15.763           13.928
 1188 (vir)     1           9.227          -3.476          -5.753         -13.894           13.893
 1189 (vir)     1           9.250          -4.328          -7.146         -16.278           14.054
 1190 (vir)     1           9.269          -2.954          -4.376         -11.225           13.163
 1191 (vir)     1           9.284          -2.938          -4.558         -11.327           13.116
 1192 (vir)     1           9.287          -1.429          -0.677          -4.557           11.738
 1193 (vir)     1           9.356          -3.605          -6.054         -14.407           14.105
 1194 (vir)     1           9.438          -3.603          -5.671         -13.785           13.950
 1195 (vir)     1           9.457          -3.740          -6.080         -14.500           14.136
 1196 (vir)     1           9.472          -3.542          -5.460         -13.557           14.028
 1197 (vir)     1           9.486          -3.476          -5.616         -13.578           13.971
 1198 (vir)     1           9.500          -2.955          -4.464         -11.356           13.437
 1199 (vir)     1           9.569          -3.322          -5.244         -13.015           14.018
 1200 (vir)     1           9.601          -3.367          -5.312         -13.239           14.161
 1201 (vir)     1           9.656          -3.218          -5.038         -12.826           14.226
 1202 (vir)     1           9.718          -3.291          -4.832         -12.191           13.787
 1203 (vir)     1           9.733          -3.461          -5.340         -13.133           14.065
 1204 (vir)     1           9.746          -3.200          -4.849         -11.969           13.666
 1205 (vir)     1           9.756          -3.641          -5.827         -14.058           14.346
 1206 (vir)     1           9.764          -1.405          -0.651          -4.547           12.255
 1207 (vir)     1           9.765          -3.310          -4.875         -12.386           13.967
 1208 (vir)     1           9.933          -3.761          -5.988         -14.886           15.070
 1209 (vir)     1           9.952          -3.415          -4.853         -12.337           14.021
 1210 (vir)     1           9.979          -1.769          -0.876          -5.128           12.463
 1211 (vir)     1          10.012          -3.659          -5.636         -13.067           13.783
 1212 (vir)     1          10.039          -3.759          -6.037         -13.506           13.749
 1213 (vir)     1          10.053          -3.765          -5.936         -14.431           14.783
 1214 (vir)     1          10.065          -3.500          -5.252         -13.125           14.438
 1215 (vir)     1          10.097          -3.720          -5.799         -13.385           13.964
 1216 (vir)     1          10.113          -3.687          -5.440         -13.406           14.392
 1217 (vir)     1          10.125          -3.632          -5.599         -13.143           14.037
 1218 (vir)     1          10.164          -3.616          -5.330         -13.152           14.370
 1219 (vir)     1          10.193          -3.513          -4.986         -12.678           14.371
 1220 (vir)     1          10.237          -3.523          -5.082         -12.608           14.239
 1221 (vir)     1          10.250          -3.541          -5.464         -12.807           14.051
 1222 (vir)     1          10.259          -3.484          -4.800         -12.473           14.448
 1223 (vir)     1          10.283          -3.561          -5.087         -13.139           14.774
 1224 (vir)     1          10.323          -4.085          -6.484         -14.849           14.604
 1225 (vir)     1          10.330          -1.526          -0.698          -4.721           12.828
 1226 (vir)     1          10.332          -4.053          -6.428         -14.734           14.585
 1227 (vir)     1          10.333          -3.485          -5.165         -12.899           14.581
 1228 (vir)     1          10.345          -3.515          -5.286         -13.197           14.742
 1229 (vir)     1          10.398          -3.892          -6.130         -14.005           14.381
 1230 (vir)     1          10.411          -3.587          -5.080         -13.342           15.085
 1231 (vir)     1          10.479          -3.811          -6.125         -13.932           14.475
 1232 (vir)     1          10.486          -3.796          -5.777         -13.906           14.819
 1233 (vir)     1          10.507          -3.179          -4.598         -11.829           14.559
 1234 (vir)     1          10.514          -2.688          -3.530          -9.643           13.939
 1235 (vir)     1          10.541          -3.537          -5.039         -13.127           15.092
 1236 (vir)     1          10.601          -3.756          -5.594         -13.784           15.036
 1237 (vir)     1          10.681          -3.801          -5.600         -13.936           15.216
 1238 (vir)     1          10.691          -3.488          -4.886         -12.862           15.178
 1239 (vir)     1          10.712          -3.930          -5.811         -14.852           15.824
 1240 (vir)     1          10.714          -3.551          -5.038         -12.660           14.785
 1241 (vir)     1          10.780          -3.908          -5.656         -14.016           15.232
 1242 (vir)     1          10.790          -3.895          -5.698         -14.246           15.443
 1243 (vir)     1          10.822          -3.427          -4.573         -12.190           15.011
 1244 (vir)     1          10.838          -3.998          -5.926         -14.533           15.446
 1245 (vir)     1          10.912          -3.843          -5.626         -14.189           15.633
 1246 (vir)     1          10.942          -3.383          -2.287         -10.220           15.492
 1247 (vir)     1          10.948          -2.108          -1.138          -6.255           13.958
 1248 (vir)     1          10.951          -3.564          -5.028         -13.048           15.407
 1249 (vir)     1          10.978          -3.026          -1.978          -9.153           15.126
 1250 (vir)     1          11.017          -3.373          -2.288         -10.230           15.585
 1251 (vir)     1          11.030          -3.362          -4.518         -12.151           15.300
 1252 (vir)     1          11.071          -4.061          -5.840         -15.022           16.193
 1253 (vir)     1          11.079          -3.367          -2.281         -10.211           15.641
 1254 (vir)     1          11.098          -4.123          -6.073         -15.062           15.965
 1255 (vir)     1          11.102          -3.002          -3.765         -10.335           14.671
 1256 (vir)     1          11.114          -2.573          -3.020          -8.863           14.384
 1257 (vir)     1          11.116          -2.704          -3.258          -9.367           14.520
 1258 (vir)     1          11.128          -1.670          -0.742          -4.960           13.675
 1259 (vir)     1          11.145          -3.002          -3.853         -10.489           14.779
 1260 (vir)     1          11.148          -3.800          -5.337         -13.859           15.870
 1261 (vir)     1          11.158          -3.383          -2.290         -10.251           15.735
 1262 (vir)     1          11.175          -4.050          -5.684         -14.405           15.847
 1263 (vir)     1          11.255          -3.392          -2.290         -10.263           15.835
 1264 (vir)     1          11.267          -4.220          -5.834         -14.929           16.143
 1265 (vir)     1          11.340          -3.279          -4.147         -11.362           15.276
 1266 (vir)     1          11.370          -3.403          -2.290         -10.278           15.954
 1267 (vir)     1          11.388          -4.399          -6.359         -15.162           15.793
 1268 (vir)     1          11.395          -3.617          -4.875         -12.906           15.810
 1269 (vir)     1          11.413          -4.351          -6.168         -15.235           16.128
 1270 (vir)     1          11.453          -4.163          -5.801         -14.522           16.010
 1271 (vir)     1          11.453          -4.194          -5.845         -15.353           16.767
 1272 (vir)     1          11.503          -3.416          -2.289         -10.293           16.091
 1273 (vir)     1          11.518          -4.349          -6.277         -15.127           16.020
 1274 (vir)     1          11.539          -4.138          -5.665         -14.674           16.410
 1275 (vir)     1          11.573          -3.921          -5.327         -14.217           16.543
 1276 (vir)     1          11.610          -3.692          -4.717         -12.825           16.027
 1277 (vir)     1          11.622          -4.305          -5.944         -15.233           16.605
 1278 (vir)     1          11.646          -3.945          -5.314         -13.503           15.890
 1279 (vir)     1          11.654          -3.433          -2.286         -10.310           16.245
 1280 (vir)     1          11.710          -4.499          -6.459         -15.720           16.473
 1281 (vir)     1          11.711          -4.164          -5.717         -14.828           16.658
 1282 (vir)     1          11.744          -3.522          -4.506         -12.426           16.141
 1283 (vir)     1          11.795          -3.942          -5.223         -13.928           16.558
 1284 (vir)     1          11.821          -3.772          -5.041         -13.453           16.461
 1285 (vir)     1          11.824          -3.453          -2.283         -10.328           16.416
 1286 (vir)     1          11.843          -2.284          -5.684         -15.325           19.200
 1287 (vir)     1          11.873          -3.518          -4.571         -12.502           16.286
 1288 (vir)     1          11.881          -4.204          -5.579         -14.938           17.036
 1289 (vir)     1          11.936          -1.916          -0.811          -5.309           14.518
 1290 (vir)     1          11.936          -4.248          -5.699         -14.973           16.963
 1291 (vir)     1          11.944          -3.927          -5.146         -13.972           16.842
 1292 (vir)     1          11.957          -3.307          -4.001         -11.429           16.078
 1293 (vir)     1          11.966          -4.557          -6.338         -15.966           17.038
 1294 (vir)     1          12.009          -3.979          -5.218         -14.012           16.824
 1295 (vir)     1          12.012          -3.475          -2.279         -10.347           16.606
 1296 (vir)     1          12.019          -1.780          -0.772          -5.201           14.668
 1297 (vir)     1          12.122          -3.540          -4.420         -12.025           16.186
 1298 (vir)     1          12.189          -4.092          -5.789         -15.767           18.075
 1299 (vir)     1          12.199          -4.349          -5.714         -15.714           17.850
 1300 (vir)     1          12.219          -3.500          -2.274         -10.369           16.814
 1301 (vir)     1          12.230          -4.278          -5.838         -14.888           17.002
 1302 (vir)     1          12.346          -4.548          -6.355         -15.717           17.161
 1303 (vir)     1          12.385          -4.623          -6.069         -15.870           17.563
 1304 (vir)     1          12.442          -4.524          -6.117         -15.677           17.477
 1305 (vir)     1          12.444          -3.525          -2.268         -10.392           17.043
 1306 (vir)     1          12.531          -3.872          -4.787         -13.094           16.967
 1307 (vir)     1          12.582          -4.454          -5.947         -15.437           17.617
 1308 (vir)     1          12.601          -3.239          -3.709         -10.758           16.411
 1309 (vir)     1          12.656          -3.430          -4.240         -11.753           16.739
 1310 (vir)     1          12.688          -3.556          -2.262         -10.417           17.287
 1311 (vir)     1          12.707          -1.982          -0.817          -5.468           15.376
 1312 (vir)     1          12.718          -4.481          -5.592         -15.078           17.724
 1313 (vir)     1          12.737          -1.937          -0.798          -5.409           15.410
 1314 (vir)     1          12.766          -4.833          -6.471         -16.433           17.894
 1315 (vir)     1          12.782          -4.659          -5.806         -15.531           17.848
 1316 (vir)     1          12.798          -4.015          -5.144         -13.788           17.426
 1317 (vir)     1          12.822          -3.580          -2.222         -10.333           17.353
 1318 (vir)     1          12.848          -3.572          -2.223         -10.339           17.392
 1319 (vir)     1          12.874          -4.353          -5.601         -14.872           17.792
 1320 (vir)     1          12.887          -3.573          -2.226         -10.352           17.439
 1321 (vir)     1          12.888          -4.228          -5.179         -14.247           17.727
 1322 (vir)     1          12.893          -4.576          -5.985         -15.795           18.127
 1323 (vir)     1          12.924          -4.572          -5.735         -15.410           18.028
 1324 (vir)     1          12.934          -3.618          -2.264         -10.475           17.527
 1325 (vir)     1          12.941          -3.578          -2.228         -10.365           17.500
 1326 (vir)     1          12.993          -4.064          -4.949         -13.764           17.744
 1327 (vir)     1          13.011          -3.589          -2.231         -10.382           17.573
 1328 (vir)     1          13.062          -4.464          -5.556         -15.068           18.109
 1329 (vir)     1          13.069          -4.819          -6.099         -16.350           18.502
 1330 (vir)     1          13.070          -4.231          -5.155         -14.113           17.797
 1331 (vir)     1          13.097          -3.602          -2.233         -10.399           17.661
 1332 (vir)     1          13.133          -4.573          -5.694         -15.429           18.296
 1333 (vir)     1          13.137          -4.793          -6.083         -16.424           18.685
 1334 (vir)     1          13.163          -4.686          -6.033         -15.842           18.287
 1335 (vir)     1          13.200          -3.618          -2.235         -10.419           17.766
 1336 (vir)     1          13.239          -3.616          -2.243         -10.458           17.837
 1337 (vir)     1          13.241          -3.437          -3.891         -11.394           17.306
 1338 (vir)     1          13.260          -4.717          -5.935         -16.153           18.762
 1339 (vir)     1          13.321          -3.634          -2.235         -10.438           17.890
 1340 (vir)     1          13.329          -4.680          -5.682         -15.927           18.894
 1341 (vir)     1          13.351          -4.742          -5.775         -15.821           18.655
 1342 (vir)     1          13.425          -4.641          -5.424         -15.552           18.913
 1343 (vir)     1          13.446          -4.880          -6.170         -16.182           18.578
 1344 (vir)     1          13.461          -3.651          -2.234         -10.457           18.033
 1345 (vir)     1          13.471          -4.747          -5.870         -16.088           18.942
 1346 (vir)     1          13.513          -3.103          -5.262         -14.814           19.962
 1347 (vir)     1          13.538          -3.656          -2.234         -10.485           18.133
 1348 (vir)     1          13.550          -3.530          -4.270         -12.540           18.291
 1349 (vir)     1          13.564          -4.291          -5.400         -15.087           18.960
 1350 (vir)     1          13.599          -4.751          -5.686         -15.796           18.957
 1351 (vir)     1          13.621          -3.670          -2.232         -10.476           18.195
 1352 (vir)     1          13.745          -4.616          -5.419         -15.174           18.884
 1353 (vir)     1          13.800          -3.691          -2.228         -10.495           18.376
 1354 (vir)     1          13.814          -4.301          -5.033         -14.590           19.071
 1355 (vir)     1          13.851          -4.565          -5.422         -15.401           19.266
 1356 (vir)     1          13.856          -3.698          -2.224         -10.511           18.444
 1357 (vir)     1          13.871          -4.265          -5.356         -15.125           19.375
 1358 (vir)     1          13.882          -3.973          -4.329         -12.902           18.482
 1359 (vir)     1          13.936          -4.271          -4.807         -13.963           18.822
 1360 (vir)     1          13.993          -4.131          -4.462         -13.344           18.744
 1361 (vir)     1          14.001          -3.714          -2.223         -10.513           18.577
 1362 (vir)     1          14.049          -4.590          -5.495         -15.674           19.638
 1363 (vir)     1          14.066          -2.882          -3.122         -10.032           18.094
 1364 (vir)     1          14.084          -4.021          -4.293         -12.932           18.702
 1365 (vir)     1          14.191          -3.738          -2.213         -10.535           18.775
 1366 (vir)     1          14.221          -3.740          -2.217         -10.533           18.798
 1367 (vir)     1          14.224          -4.352          -4.754         -14.059           19.177
 1368 (vir)     1          14.239          -3.535          -3.581         -11.433           18.556
 1369 (vir)     1          14.272          -4.908          -5.552         -15.978           19.790
 1370 (vir)     1          14.274          -4.373          -5.018         -14.688           19.572
 1371 (vir)     1          14.285          -5.020          -6.027         -16.489           19.727
 1372 (vir)     1          14.424          -4.211          -4.464         -13.347           19.096
 1373 (vir)     1          14.438          -4.312          -5.112         -14.794           19.808
 1374 (vir)     1          14.443          -4.044          -4.222         -13.119           19.296
 1375 (vir)     1          14.447          -3.975          -4.731         -13.940           19.681
 1376 (vir)     1          14.461          -3.772          -2.210         -10.557           19.036
 1377 (vir)     1          14.491          -4.238          -4.487         -13.740           19.507
 1378 (vir)     1          14.529          -4.059          -4.206         -12.846           19.109
 1379 (vir)     1          14.538          -4.359          -5.024         -14.575           19.729
 1380 (vir)     1          14.541          -4.330          -4.650         -13.987           19.547
 1381 (vir)     1          14.543          -3.780          -2.201         -10.558           19.120
 1382 (vir)     1          14.646          -4.764          -5.100         -15.181           19.963
 1383 (vir)     1          14.659          -4.265          -4.594         -13.862           19.662
 1384 (vir)     1          14.671          -4.231          -4.581         -13.866           19.725
 1385 (vir)     1          14.707          -3.475          -3.528         -11.131           18.835
 1386 (vir)     1          14.707          -3.827          -2.208         -10.602           19.275
 1387 (vir)     1          14.754          -3.559          -3.481         -11.663           19.378
 1388 (vir)     1          14.766          -4.941          -5.420         -15.770           20.175
 1389 (vir)     1          14.869          -4.397          -4.472         -13.848           19.848
 1390 (vir)     1          14.885          -3.828          -3.425         -11.723           19.356
 1391 (vir)     1          14.901          -3.766          -3.512         -11.960           19.582
 1392 (vir)     1          14.910          -3.822          -2.187         -10.577           19.478
 1393 (vir)     1          14.917          -4.401          -4.422         -13.824           19.918
 1394 (vir)     1          14.921          -4.380          -4.270         -13.509           19.780
 1395 (vir)     1          14.940          -4.699          -4.845         -14.789           20.186
 1396 (vir)     1          14.955          -4.166          -3.932         -12.879           19.735
 1397 (vir)     1          14.955          -4.757          -4.841         -14.897           20.254
 1398 (vir)     1          14.964          -4.641          -4.688         -14.487           20.122
 1399 (vir)     1          14.982          -4.358          -4.259         -13.521           19.886
 1400 (vir)     1          15.046          -4.486          -4.359         -13.814           20.015
 1401 (vir)     1          15.054          -4.531          -4.549         -14.189           20.163
 1402 (vir)     1          15.065          -4.185          -4.082         -12.909           19.707
 1403 (vir)     1          15.066          -4.347          -4.182         -13.397           19.934
 1404 (vir)     1          15.069          -4.356          -4.195         -13.492           20.011
 1405 (vir)     1          15.079          -3.800          -2.172         -10.530           19.637
 1406 (vir)     1          15.112          -4.340          -4.162         -13.390           20.001
 1407 (vir)     1          15.132          -4.465          -4.418         -13.964           20.212
 1408 (vir)     1          15.144          -4.388          -4.199         -13.508           20.066
 1409 (vir)     1          15.168          -4.422          -4.253         -13.702           20.195
 1410 (vir)     1          15.173          -4.405          -4.231         -13.613           20.149
 1411 (vir)     1          15.195          -4.383          -4.374         -13.724           20.163
 1412 (vir)     1          15.221          -4.123          -3.899         -12.866           20.066
 1413 (vir)     1          15.222          -4.152          -3.987         -13.016           20.098
 1414 (vir)     1          15.226          -4.399          -4.341         -13.663           20.149
 1415 (vir)     1          15.229          -4.446          -4.298         -13.751           20.235
 1416 (vir)     1          15.237          -4.495          -4.252         -13.749           20.238
 1417 (vir)     1          15.281          -4.530          -4.522         -14.095           20.324
 1418 (vir)     1          15.288          -4.531          -4.384         -13.994           20.367
 1419 (vir)     1          15.288          -3.862          -2.171         -10.590           19.844
 1420 (vir)     1          15.335          -4.580          -4.441         -14.079           20.394
 1421 (vir)     1          15.341          -4.514          -4.352         -13.792           20.267
 1422 (vir)     1          15.343          -4.534          -4.410         -14.012           20.411
 1423 (vir)     1          15.348          -4.551          -4.420         -14.052           20.429
 1424 (vir)     1          15.364          -3.836          -2.164         -10.560           19.924
 1425 (vir)     1          15.368          -4.481          -4.343         -13.686           20.230
 1426 (vir)     1          15.379          -4.572          -4.517         -14.089           20.379
 1427 (vir)     1          15.407          -3.882          -2.114         -10.414           19.825
 1428 (vir)     1          15.424          -4.437          -4.301         -13.521           20.207
 1429 (vir)     1          15.425          -3.877          -2.117         -10.423           19.855
 1430 (vir)     1          15.452          -3.877          -2.120         -10.437           19.892
 1431 (vir)     1          15.464          -4.560          -4.432         -13.952           20.424
 1432 (vir)     1          15.490          -3.888          -2.126         -10.456           19.933
 1433 (vir)     1          15.500          -4.420          -4.268         -13.431           20.243
 1434 (vir)     1          15.538          -3.899          -2.131         -10.479           19.986
 1435 (vir)     1          15.546          -4.490          -4.428         -13.993           20.620
 1436 (vir)     1          15.575          -4.266          -4.172         -13.436           20.573
 1437 (vir)     1          15.582          -4.402          -4.234         -13.359           20.306
 1438 (vir)     1          15.600          -3.917          -2.138         -10.506           20.051
 1439 (vir)     1          15.645          -4.287          -4.161         -13.434           20.631
 1440 (vir)     1          15.659          -4.399          -4.203         -13.307           20.363
 1441 (vir)     1          15.669          -3.926          -2.140         -10.554           20.157
 1442 (vir)     1          15.681          -3.904          -2.161         -10.576           20.193
 1443 (vir)     1          15.689          -3.876          -2.152         -10.581           20.243
 1444 (vir)     1          15.699          -4.592          -4.548         -14.252           20.809
 1445 (vir)     1          15.710          -4.354          -4.113         -13.278           20.520
 1446 (vir)     1          15.721          -4.323          -4.087         -13.255           20.567
 1447 (vir)     1          15.739          -4.340          -4.065         -13.084           20.418
 1448 (vir)     1          15.749          -4.101          -3.759         -12.596           20.486
 1449 (vir)     1          15.752          -4.131          -3.806         -12.692           20.506
 1450 (vir)     1          15.764          -3.957          -2.152         -10.566           20.221
 1451 (vir)     1          15.766          -4.506          -4.336         -13.775           20.698
 1452 (vir)     1          15.803          -4.262          -4.084         -13.165           20.622
 1453 (vir)     1          15.819          -4.249          -3.899         -12.978           20.650
 1454 (vir)     1          15.841          -4.496          -4.238         -13.741           20.847
 1455 (vir)     1          15.845          -4.344          -3.933         -13.138           20.706
 1456 (vir)     1          15.853          -4.390          -4.134         -13.307           20.636
 1457 (vir)     1          15.855          -4.612          -4.345         -13.965           20.864
 1458 (vir)     1          15.861          -4.532          -4.205         -13.726           20.851
 1459 (vir)     1          15.876          -3.995          -2.156         -10.601           20.326
 1460 (vir)     1          15.890          -4.610          -4.363         -14.098           21.015
 1461 (vir)     1          15.930          -4.676          -4.512         -14.307           21.049
 1462 (vir)     1          15.953          -4.893          -4.772         -14.918           21.206
 1463 (vir)     1          15.960          -4.135          -3.774         -12.511           20.562
 1464 (vir)     1          15.989          -4.899          -4.740         -15.024           21.374
 1465 (vir)     1          15.989          -3.998          -2.161         -10.627           20.458
 1466 (vir)     1          15.996          -4.242          -3.955         -13.059           20.858
 1467 (vir)     1          16.012          -4.511          -4.294         -13.825           21.031
 1468 (vir)     1          16.026          -5.622          -5.933         -17.224           21.694
 1469 (vir)     1          16.037          -3.914          -2.138         -10.598           20.583
 1470 (vir)     1          16.070          -5.037          -4.939         -15.219           21.312
 1471 (vir)     1          16.079          -4.876          -4.683         -14.682           21.202
 1472 (vir)     1          16.081          -3.958          -2.135         -10.599           20.587
 1473 (vir)     1          16.139          -4.045          -2.166         -10.666           20.595
 1474 (vir)     1          16.156          -5.137          -5.008         -15.785           21.795
 1475 (vir)     1          16.210          -5.614          -5.883         -17.174           21.887
 1476 (vir)     1          16.253          -4.798          -4.506         -14.435           21.384
 1477 (vir)     1          16.260          -5.368          -5.132         -16.317           22.078
 1478 (vir)     1          16.276          -4.904          -4.630         -14.773           21.515
 1479 (vir)     1          16.303          -4.080          -2.169         -10.702           20.756
 1480 (vir)     1          16.402          -3.953          -2.124         -10.612           20.937
 1481 (vir)     1          16.436          -4.004          -2.141         -10.645           20.936
 1482 (vir)     1          16.442          -4.052          -3.433         -12.050           21.006
 1483 (vir)     1          16.458          -5.093          -5.002         -15.398           21.761
 1484 (vir)     1          16.482          -3.630          -3.149         -10.930           20.633
 1485 (vir)     1          16.495          -4.544          -4.179         -13.636           21.407
 1486 (vir)     1          16.497          -3.893          -3.458         -11.754           20.901
 1487 (vir)     1          16.507          -4.074          -2.144         -10.671           20.960
 1488 (vir)     1          16.539          -4.147          -3.531         -12.314           21.175
 1489 (vir)     1          16.551          -4.198          -3.576         -12.445           21.222
 1490 (vir)     1          16.562          -4.987          -4.737         -14.896           21.733
 1491 (vir)     1          16.575          -4.216          -3.622         -12.549           21.285
 1492 (vir)     1          16.588          -5.042          -4.793         -15.078           21.831
 1493 (vir)     1          16.601          -4.253          -3.922         -12.738           21.164
 1494 (vir)     1          16.614          -4.341          -3.780         -12.922           21.415
 1495 (vir)     1          16.629          -4.211          -3.578         -12.532           21.372
 1496 (vir)     1          16.650          -4.121          -2.181         -10.783           21.130
 1497 (vir)     1          16.651          -4.946          -4.767         -14.937           21.875
 1498 (vir)     1          16.652          -4.227          -3.595         -12.598           21.428
 1499 (vir)     1          16.669          -4.453          -4.122         -13.287           21.381
 1500 (vir)     1          16.671          -4.242          -3.576         -12.605           21.459
 1501 (vir)     1          16.688          -4.318          -3.649         -12.804           21.525
 1502 (vir)     1          16.759          -4.610          -4.298         -13.753           21.605
 1503 (vir)     1          16.768          -5.085          -4.944         -15.373           22.113
 1504 (vir)     1          16.776          -3.989          -2.110         -10.625           21.302
 1505 (vir)     1          16.807          -5.620          -5.594         -16.827           22.420
 1506 (vir)     1          16.815          -4.073          -2.141         -10.703           21.303
 1507 (vir)     1          16.837          -4.078          -2.185         -10.802           21.376
 1508 (vir)     1          16.865          -5.467          -5.380         -16.385           22.404
 1509 (vir)     1          16.869          -4.006          -3.764         -12.533           21.631
 1510 (vir)     1          16.891          -4.109          -3.721         -12.469           21.529
 1511 (vir)     1          16.924          -4.078          -2.143         -10.702           21.406
 1512 (vir)     1          16.957          -4.898          -4.643         -14.686           22.102
 1513 (vir)     1          17.024          -5.249          -5.093         -15.854           22.536
 1514 (vir)     1          17.061          -4.447          -3.975         -13.050           21.688
 1515 (vir)     1          17.070          -5.507          -5.330         -16.360           22.593
 1516 (vir)     1          17.093          -5.692          -5.529         -16.868           22.741
 1517 (vir)     1          17.104          -4.255          -3.813         -12.751           21.786
 1518 (vir)     1          17.151          -4.026          -2.097         -10.637           21.664
 1519 (vir)     1          17.199          -4.378          -3.831         -12.876           21.866
 1520 (vir)     1          17.204          -3.984          -2.046         -10.454           21.629
 1521 (vir)     1          17.211          -4.530          -4.080         -13.457           22.058
 1522 (vir)     1          17.228          -5.507          -5.324         -16.540           22.936
 1523 (vir)     1          17.334          -5.483          -5.161         -16.193           22.884
 1524 (vir)     1          17.349          -5.439          -5.117         -15.974           22.767
 1525 (vir)     1          17.370          -5.598          -5.326         -16.526           22.973
 1526 (vir)     1          17.433          -5.182          -4.741         -15.166           22.675
 1527 (vir)     1          17.446          -5.358          -4.957         -15.777           22.909
 1528 (vir)     1          17.476          -4.032          -2.048         -10.514           21.910
 1529 (vir)     1          17.508          -4.057          -2.086         -10.651           22.016
 1530 (vir)     1          17.513          -5.616          -5.303         -16.538           23.131
 1531 (vir)     1          17.528          -4.790          -4.439         -14.450           22.748
 1532 (vir)     1          17.571          -4.555          -4.066         -13.617           22.568
 1533 (vir)     1          17.697          -4.194          -2.099         -10.757           22.162
 1534 (vir)     1          17.705          -5.813          -5.422         -16.960           23.429
 1535 (vir)     1          17.728          -5.776          -5.413         -16.935           23.473
 1536 (vir)     1          17.818          -4.088          -2.078         -10.659           22.311
 1537 (vir)     1          17.856          -4.209          -2.021         -10.518           22.144
 1538 (vir)     1          17.893          -4.384          -2.160         -11.023           22.372
 1539 (vir)     1          17.992          -5.151          -4.631         -15.134           23.344
 1540 (vir)     1          18.007          -5.789          -5.291         -16.822           23.749
 1541 (vir)     1          18.018          -4.101          -2.049         -10.580           22.448
 1542 (vir)     1          18.028          -4.525          -2.202         -11.199           22.499
 1543 (vir)     1          18.046          -4.128          -2.023         -10.499           22.395
 1544 (vir)     1          18.060          -5.574          -5.014         -16.130           23.603
 1545 (vir)     1          18.060          -4.118          -2.016         -10.480           22.407
 1546 (vir)     1          18.074          -5.794          -5.411         -17.153           24.021
 1547 (vir)     1          18.094          -4.146          -2.025         -10.510           22.433
 1548 (vir)     1          18.105          -4.133          -2.030         -10.527           22.468
 1549 (vir)     1          18.107          -4.228          -2.028         -10.568           22.419
 1550 (vir)     1          18.132          -4.185          -2.043         -10.565           22.469
 1551 (vir)     1          18.133          -4.175          -2.037         -10.546           22.468
 1552 (vir)     1          18.145          -3.812          -3.046         -11.107           22.395
 1553 (vir)     1          18.192          -3.901          -3.133         -11.348           22.506
 1554 (vir)     1          18.248          -6.005          -5.573         -17.682           24.352
 1555 (vir)     1          18.274          -4.779          -4.053         -13.863           23.306
 1556 (vir)     1          18.310          -5.750          -5.146         -16.541           23.956
 1557 (vir)     1          18.393          -3.895          -3.032         -11.058           22.525
 1558 (vir)     1          18.405          -6.000          -5.474         -17.529           24.461
 1559 (vir)     1          18.411          -4.252          -2.023         -10.593           22.729
 1560 (vir)     1          18.427          -5.420          -4.689         -15.526           23.843
 1561 (vir)     1          18.508          -4.264          -1.997         -10.543           22.790
 1562 (vir)     1          18.513          -5.179          -4.504         -14.725           23.555
 1563 (vir)     1          18.514          -4.268          -2.001         -10.550           22.796
 1564 (vir)     1          18.538          -6.064          -5.470         -17.585           24.588
 1565 (vir)     1          18.546          -5.729          -5.063         -16.160           23.914
 1566 (vir)     1          18.553          -5.154          -4.434         -14.679           23.643
 1567 (vir)     1          18.579          -5.145          -4.340         -14.738           23.833
 1568 (vir)     1          18.597          -4.272          -2.005         -10.584           22.904
 1569 (vir)     1          18.598          -4.279          -2.009         -10.575           22.885
 1570 (vir)     1          18.611          -6.202          -5.575         -17.906           24.740
 1571 (vir)     1          18.619          -5.410          -4.627         -15.158           23.740
 1572 (vir)     1          18.677          -5.128          -4.393         -14.505           23.661
 1573 (vir)     1          18.691          -5.735          -4.983         -16.190           24.163
 1574 (vir)     1          18.709          -4.309          -2.014         -10.610           22.996
 1575 (vir)     1          18.729          -4.318          -2.022         -10.635           23.025
 1576 (vir)     1          18.729          -5.456          -4.742         -15.578           24.110
 1577 (vir)     1          18.750          -4.283          -2.014         -10.619           23.073
 1578 (vir)     1          18.758          -5.214          -4.299         -14.731           23.976
 1579 (vir)     1          18.771          -5.052          -4.265         -14.376           23.830
 1580 (vir)     1          18.786          -5.336          -4.423         -15.076           24.103
 1581 (vir)     1          18.854          -4.359          -2.030         -10.661           23.127
 1582 (vir)     1          18.856          -4.393          -2.035         -10.695           23.123
 1583 (vir)     1          18.865          -3.715          -2.781         -10.450           22.818
 1584 (vir)     1          18.945          -4.469          -2.057         -10.743           23.161
 1585 (vir)     1          18.967          -5.873          -5.050         -16.345           24.390
 1586 (vir)     1          18.978          -5.987          -5.193         -16.982           24.779
 1587 (vir)     1          19.003          -4.296          -2.006         -10.653           23.354
 1588 (vir)     1          19.102          -4.943          -4.082         -13.957           24.035
 1589 (vir)     1          19.107          -4.324          -2.002         -10.648           23.430
 1590 (vir)     1          19.195          -5.041          -4.135         -13.977           23.995
 1591 (vir)     1          19.255          -4.294          -1.986         -10.700           23.675
 1592 (vir)     1          19.288          -6.108          -5.218         -17.180           25.142
 1593 (vir)     1          19.341          -3.741          -2.708         -10.297           23.189
 1594 (vir)     1          19.458          -4.358          -1.986         -10.671           23.786
 1595 (vir)     1          19.462          -5.103          -4.194         -14.404           24.570
 1596 (vir)     1          19.591          -4.351          -1.979         -10.748           24.010
 1597 (vir)     1          19.613          -4.089          -1.968         -10.459           24.015
 1598 (vir)     1          19.620          -5.969          -4.920         -16.565           25.297
 1599 (vir)     1          19.622          -4.564          -3.544         -12.575           24.089
 1600 (vir)     1          19.656          -4.036          -1.968         -10.399           24.051
 1601 (vir)     1          19.703          -5.162          -4.208         -14.620           24.953
 1602 (vir)     1          19.739          -5.046          -4.105         -14.396           24.984
 1603 (vir)     1          19.800          -4.780          -3.746         -13.237           24.511
 1604 (vir)     1          19.818          -5.283          -4.213         -14.670           24.992
 1605 (vir)     1          19.839          -4.775          -3.698         -13.153           24.519
 1606 (vir)     1          19.865          -4.313          -1.965         -10.606           24.193
 1607 (vir)     1          19.929          -5.931          -4.810         -16.356           25.544
 1608 (vir)     1          19.932          -4.417          -1.972         -10.788           24.331
 1609 (vir)     1          19.942          -4.917          -3.849         -13.713           24.889
 1610 (vir)     1          19.944          -6.261          -5.147         -17.148           25.685
 1611 (vir)     1          19.960          -4.431          -1.961         -10.756           24.324
 1612 (vir)     1          20.002          -4.471          -1.964         -10.744           24.311
 1613 (vir)     1          20.028          -4.781          -3.656         -13.152           24.742
 1614 (vir)     1          20.088          -4.447          -1.956         -10.697           24.381
 1615 (vir)     1          20.109          -5.692          -4.546         -15.645           25.516
 1616 (vir)     1          20.138          -5.583          -4.431         -15.321           25.445
 1617 (vir)     1          20.176          -5.788          -4.571         -15.733           25.550
 1618 (vir)     1          20.197          -4.495          -1.973         -10.833           24.562
 1619 (vir)     1          20.201          -4.411          -3.304         -12.228           24.714
 1620 (vir)     1          20.227          -4.443          -1.945         -10.688           24.527
 1621 (vir)     1          20.237          -4.478          -1.949         -10.699           24.509
 1622 (vir)     1          20.257          -5.601          -4.389         -15.260           25.527
 1623 (vir)     1          20.257          -4.420          -1.920         -10.520           24.437
 1624 (vir)     1          20.278          -4.652          -2.005         -10.998           24.619
 1625 (vir)     1          20.305          -5.051          -3.853         -13.892           25.293
 1626 (vir)     1          20.346          -6.104          -4.829         -16.469           25.881
 1627 (vir)     1          20.363          -4.504          -1.956         -10.748           24.651
 1628 (vir)     1          20.366          -4.497          -1.940         -10.685           24.613
 1629 (vir)     1          20.370          -6.211          -4.963         -16.879           26.076
 1630 (vir)     1          20.390          -4.412          -1.914         -10.505           24.568
 1631 (vir)     1          20.399          -4.495          -1.937         -10.679           24.646
 1632 (vir)     1          20.454          -4.912          -3.711         -13.466           25.297
 1633 (vir)     1          20.500          -5.149          -3.907         -14.049           25.493
 1634 (vir)     1          20.512          -5.184          -3.929         -14.165           25.564
 1635 (vir)     1          20.523          -4.493          -1.962         -10.769           24.838
 1636 (vir)     1          20.563          -4.422          -1.911         -10.535           24.766
 1637 (vir)     1          20.654          -6.030          -4.659         -16.179           26.145
 1638 (vir)     1          20.670          -5.012          -3.722         -13.607           25.543
 1639 (vir)     1          20.695          -4.516          -1.951         -10.734           24.961
 1640 (vir)     1          20.706          -4.442          -1.919         -10.650           24.996
 1641 (vir)     1          20.732          -4.480          -1.974         -10.754           25.032
 1642 (vir)     1          20.768          -5.678          -4.320         -15.348           26.120
 1643 (vir)     1          20.778          -4.504          -1.948         -10.795           25.121
 1644 (vir)     1          20.792          -5.231          -3.918         -14.146           25.788
 1645 (vir)     1          20.799          -5.544          -4.166         -14.866           25.955
 1646 (vir)     1          20.800          -4.529          -1.982         -10.837           25.127
 1647 (vir)     1          20.826          -4.528          -1.954         -10.750           25.094
 1648 (vir)     1          20.849          -4.690          -3.388         -12.686           25.457
 1649 (vir)     1          20.851          -5.216          -3.871         -14.020           25.784
 1650 (vir)     1          20.863          -4.445          -1.929         -10.663           25.152
 1651 (vir)     1          20.870          -6.260          -4.794         -16.623           26.439
 1652 (vir)     1          20.895          -4.515          -1.944         -10.718           25.153
 1653 (vir)     1          20.961          -4.386          -1.894         -10.504           25.185
 1654 (vir)     1          20.964          -4.584          -1.977         -10.823           25.225
 1655 (vir)     1          20.968          -5.777          -4.326         -15.262           26.127
 1656 (vir)     1          20.984          -4.562          -1.936         -10.700           25.186
 1657 (vir)     1          21.008          -7.150          -5.527         -18.703           27.035
 1658 (vir)     1          21.019          -4.872          -3.474         -12.913           25.587
 1659 (vir)     1          21.080          -4.573          -1.988         -10.915           25.434
 1660 (vir)     1          21.089          -6.308          -4.812         -16.798           26.767
 1661 (vir)     1          21.092          -4.458          -1.899         -10.555           25.289
 1662 (vir)     1          21.096          -4.570          -1.933         -10.684           25.277
 1663 (vir)     1          21.119          -7.199          -5.522         -18.748           27.145
 1664 (vir)     1          21.182          -7.329          -5.593         -18.980           27.240
 1665 (vir)     1          21.196          -6.219          -4.726         -16.592           26.843
 1666 (vir)     1          21.205          -4.586          -1.928         -10.690           25.381
 1667 (vir)     1          21.255          -5.992          -4.535         -16.061           26.789
 1668 (vir)     1          21.276          -6.489          -4.946         -17.219           27.061
 1669 (vir)     1          21.313          -4.559          -1.909         -10.624           25.469
 1670 (vir)     1          21.320          -4.591          -1.957         -10.805           25.578
 1671 (vir)     1          21.336          -4.586          -1.919         -10.669           25.499
 1672 (vir)     1          21.345          -3.694          -2.353          -9.523           24.822
 1673 (vir)     1          21.352          -4.644          -3.086         -11.941           25.564
 1674 (vir)     1          21.428          -4.601          -1.991         -10.949           25.785
 1675 (vir)     1          21.470          -4.870          -3.487         -13.396           26.508
 1676 (vir)     1          21.475          -4.566          -1.913         -10.616           25.613
 1677 (vir)     1          21.479          -4.825          -3.449         -13.291           26.496
 1678 (vir)     1          21.550          -4.660          -1.922         -10.791           25.759
 1679 (vir)     1          21.562          -4.403          -3.048         -11.915           26.027
 1680 (vir)     1          21.583          -4.708          -1.929         -10.904           25.850
 1681 (vir)     1          21.597          -4.853          -3.353         -12.831           26.222
 1682 (vir)     1          21.647          -4.690          -1.919         -10.779           25.818
 1683 (vir)     1          21.684          -4.923          -3.425         -13.025           26.362
 1684 (vir)     1          21.691          -4.642          -1.934         -10.831           25.946
 1685 (vir)     1          21.711          -4.740          -1.929         -10.892           25.935
 1686 (vir)     1          21.765          -4.675          -1.975         -10.981           26.098
 1687 (vir)     1          21.769          -4.696          -1.899         -10.699           25.872
 1688 (vir)     1          21.843          -4.779          -3.278         -12.622           26.408
 1689 (vir)     1          21.853          -4.442          -2.946         -11.598           26.063
 1690 (vir)     1          21.857          -4.903          -3.404         -12.922           26.472
 1691 (vir)     1          21.919          -4.656          -1.891         -10.664           26.036
 1692 (vir)     1          21.929          -4.774          -1.926         -10.907           26.135
 1693 (vir)     1          21.944          -4.683          -1.903         -10.713           26.072
 1694 (vir)     1          21.953          -3.892          -2.460          -9.926           25.527
 1695 (vir)     1          22.073          -4.799          -3.264         -12.432           26.442
 1696 (vir)     1          22.084          -4.575          -3.067         -11.985           26.427
 1697 (vir)     1          22.106          -4.683          -1.879         -10.651           26.194
 1698 (vir)     1          22.167          -4.803          -1.917         -10.890           26.337
 1699 (vir)     1          22.172          -4.784          -3.193         -12.338           26.534
 1700 (vir)     1          22.217          -4.728          -1.902         -10.771           26.359
 1701 (vir)     1          22.227          -4.756          -1.907         -10.797           26.361
 1702 (vir)     1          22.256          -4.842          -3.303         -12.579           26.689
 1703 (vir)     1          22.299          -4.765          -1.948         -10.919           26.504
 1704 (vir)     1          22.360          -4.677          -1.872         -10.629           26.441
 1705 (vir)     1          22.370          -4.532          -2.919         -11.459           26.377
 1706 (vir)     1          22.379          -4.757          -3.140         -12.157           26.639
 1707 (vir)     1          22.476          -4.859          -3.269         -12.439           26.787
 1708 (vir)     1          22.496          -4.423          -2.851         -11.093           26.315
 1709 (vir)     1          22.527          -4.711          -1.876         -10.755           26.695
 1710 (vir)     1          22.563          -4.720          -1.866         -10.668           26.645
 1711 (vir)     1          22.584          -4.721          -1.885         -10.805           26.782
 1712 (vir)     1          22.659          -4.732          -1.877         -10.697           26.747
 1713 (vir)     1          22.687          -3.990          -2.608         -10.654           26.743
 1714 (vir)     1          22.691          -4.819          -1.927         -10.909           26.855
 1715 (vir)     1          22.697          -4.777          -3.139         -11.975           26.755
 1716 (vir)     1          22.701          -4.041          -2.634         -10.712           26.739
 1717 (vir)     1          22.734          -4.757          -3.087         -11.809           26.700
 1718 (vir)     1          22.874          -4.695          -1.856         -10.612           26.936
 1719 (vir)     1          22.927          -4.825          -1.835         -10.617           26.885
 1720 (vir)     1          22.931          -4.977          -1.875         -10.861           26.941
 1721 (vir)     1          23.018          -4.784          -1.869         -10.768           27.133
 1722 (vir)     1          23.066          -4.822          -1.864         -10.733           27.112
 1723 (vir)     1          23.090          -4.913          -1.876         -10.892           27.193
 1724 (vir)     1          23.195          -4.311          -2.674         -10.744           26.955
 1725 (vir)     1          23.227          -4.724          -1.803         -10.482           27.181
 1726 (vir)     1          23.240          -4.725          -1.887         -10.741           27.369
 1727 (vir)     1          23.264          -4.894          -1.871         -10.882           27.381
 1728 (vir)     1          23.319          -4.289          -2.663         -10.738           27.104
 1729 (vir)     1          23.351          -4.832          -1.861         -10.781           27.439
 1730 (vir)     1          23.377          -4.279          -2.616         -11.138           27.621
 1731 (vir)     1          23.380          -4.298          -2.627         -11.175           27.630
 1732 (vir)     1          23.435          -4.872          -1.864         -10.874           27.572
 1733 (vir)     1          23.437          -4.680          -1.814         -10.484           27.427
 1734 (vir)     1          23.518          -4.301          -2.648         -10.736           27.304
 1735 (vir)     1          23.566          -4.959          -1.850         -10.820           27.577
 1736 (vir)     1          23.575          -4.169          -2.673         -10.333           27.066
 1737 (vir)     1          23.604          -4.908          -1.857         -10.856           27.696
 1738 (vir)     1          23.606          -4.161          -2.700         -10.430           27.175
 1739 (vir)     1          23.607          -4.728          -1.775         -10.402           27.506
 1740 (vir)     1          23.626          -4.903          -1.895         -10.900           27.728
 1741 (vir)     1          23.731          -4.703          -1.771         -10.406           27.663
 1742 (vir)     1          23.736          -4.218          -2.721         -10.590           27.386
 1743 (vir)     1          23.773          -4.938          -1.848         -10.834           27.821
 1744 (vir)     1          23.781          -4.331          -2.633         -10.703           27.519
 1745 (vir)     1          23.914          -4.536          -2.898         -11.793           28.273
 1746 (vir)     1          23.917          -4.535          -2.894         -11.785           28.273
 1747 (vir)     1          23.943          -4.924          -1.840         -10.810           27.989
 1748 (vir)     1          24.005          -4.258          -2.729         -10.769           27.787
 1749 (vir)     1          24.013          -4.835          -1.742         -10.314           27.750
 1750 (vir)     1          24.034          -4.741          -1.752         -10.362           27.903
 1751 (vir)     1          24.068          -4.935          -1.882         -10.903           28.154
 1752 (vir)     1          24.101          -4.366          -2.624         -10.700           27.810
 1753 (vir)     1          24.112          -4.901          -1.835         -10.794           28.170
 1754 (vir)     1          24.348          -4.782          -1.730         -10.309           28.145
 1755 (vir)     1          24.371          -4.952          -1.786         -10.677           28.310
 1756 (vir)     1          24.392          -4.381          -2.717         -10.934           28.229
 1757 (vir)     1          24.425          -4.736          -2.944         -11.832           28.577
 1758 (vir)     1          24.434          -4.703          -2.914         -11.768           28.584
 1759 (vir)     1          24.437          -4.773          -1.704         -10.210           28.169
 1760 (vir)     1          24.453          -4.665          -2.879         -11.693           28.602
 1761 (vir)     1          24.474          -4.404          -2.646         -10.753           28.177
 1762 (vir)     1          24.488          -4.618          -2.837         -11.601           28.634
 1763 (vir)     1          24.519          -4.959          -1.851         -10.850           28.559
 1764 (vir)     1          24.528          -4.839          -1.785         -10.656           28.560
 1765 (vir)     1          24.543          -4.562          -2.790         -11.490           28.681
 1766 (vir)     1          24.619          -4.505          -2.732         -11.344           28.725
 1767 (vir)     1          24.673          -4.755          -1.708         -10.256           28.465
 1768 (vir)     1          24.709          -4.422          -2.660         -11.144           28.770
 1769 (vir)     1          24.733          -4.849          -1.775         -10.625           28.734
 1770 (vir)     1          24.751          -4.445          -2.711         -10.997           28.592
 1771 (vir)     1          24.799          -4.271          -2.555         -10.818           28.791
 1772 (vir)     1          24.851          -4.817          -1.667         -10.102           28.470
 1773 (vir)     1          24.877          -4.155          -2.557         -10.659           28.824
 1774 (vir)     1          24.885          -4.524          -2.721         -10.973           28.613
 1775 (vir)     1          24.960          -4.845          -1.760         -10.583           28.938
 1776 (vir)     1          24.962          -4.889          -1.762         -10.553           28.863
 1777 (vir)     1          25.008          -4.317          -2.670         -10.791           28.811
 1778 (vir)     1          25.016          -4.524          -2.726         -11.023           28.788
 1779 (vir)     1          25.027          -4.818          -1.736         -10.404           28.878
 1780 (vir)     1          25.175          -4.931          -1.639         -10.026           28.632
 1781 (vir)     1          25.200          -4.458          -2.799         -11.015           28.958
 1782 (vir)     1          25.207          -4.847          -1.743         -10.537           29.153
 1783 (vir)     1          25.354          -4.756          -1.621          -9.992           28.969
 1784 (vir)     1          25.431          -4.646          -2.920         -11.245           29.111
 1785 (vir)     1          25.459          -5.042          -1.804         -10.760           29.374
 1786 (vir)     1          25.473          -4.841          -1.724         -10.488           29.395
 1787 (vir)     1          25.509          -4.647          -2.898         -11.388           29.352
 1788 (vir)     1          25.583          -4.401          -3.043         -11.692           29.830
 1789 (vir)     1          25.655          -4.864          -3.083         -11.528           29.237
 1790 (vir)     1          25.694          -4.755          -2.891         -11.579           29.627
 1791 (vir)     1          25.720          -4.809          -2.957         -11.642           29.596
 1792 (vir)     1          25.734          -4.652          -1.555          -9.739           29.266
 1793 (vir)     1          25.758          -4.809          -1.704         -10.438           29.683
 1794 (vir)     1          25.842          -5.041          -3.181         -11.738           29.358
 1795 (vir)     1          25.923          -5.251          -1.787         -10.759           29.644
 1796 (vir)     1          25.973          -4.645          -2.882         -11.554           30.000
 1797 (vir)     1          26.002          -4.642          -2.769         -11.225           29.816
 1798 (vir)     1          26.002          -4.318          -2.556         -10.631           29.759
 1799 (vir)     1          26.006          -5.004          -3.056         -11.575           29.520
 1800 (vir)     1          26.055          -4.675          -1.503          -9.541           29.418
 1801 (vir)     1          26.062          -4.762          -1.683         -10.387           30.004
 1802 (vir)     1          26.146          -4.752          -2.771         -11.196           29.819
 1803 (vir)     1          26.299          -4.497          -2.625         -10.913           30.089
 1804 (vir)     1          26.326          -4.584          -2.927         -11.243           30.058
 1805 (vir)     1          26.326          -4.494          -2.578         -10.917           30.171
 1806 (vir)     1          26.380          -4.756          -1.661         -10.335           30.298
 1807 (vir)     1          26.399          -5.473          -1.760         -10.709           29.875
 1808 (vir)     1          26.532          -5.190          -3.108         -11.489           29.723
 1809 (vir)     1          26.613          -4.390          -2.453         -10.696           30.467
 1810 (vir)     1          26.672          -4.586          -2.481         -10.968           30.574
 1811 (vir)     1          26.710          -4.730          -1.638         -10.282           30.625
 1812 (vir)     1          26.782          -4.652          -2.563         -10.867           30.434
 1813 (vir)     1          26.824          -5.654          -3.551         -12.149           29.768
 1814 (vir)     1          26.876          -5.071          -1.720         -10.626           30.711
 1815 (vir)     1          27.019          -4.262          -2.303         -10.251           30.705
 1816 (vir)     1          27.040          -4.488          -1.943          -9.959           30.568
 1817 (vir)     1          27.043          -4.679          -1.614         -10.227           30.976
 1818 (vir)     1          27.084          -5.593          -3.510         -12.011           29.992
 1819 (vir)     1          27.146          -4.666          -2.462         -11.099           31.117
 1820 (vir)     1          27.178          -4.730          -2.618         -10.977           30.807
 1821 (vir)     1          27.193          -4.527          -2.051         -10.048           30.663
 1822 (vir)     1          27.203          -4.274          -2.107         -10.137           30.959
 1823 (vir)     1          27.373          -4.706          -1.589         -10.164           31.242
 1824 (vir)     1          27.383          -5.917          -1.697         -10.566           30.335
 1825 (vir)     1          27.417          -4.582          -2.520         -10.648           30.963
 1826 (vir)     1          27.489          -4.543          -2.122         -10.134           30.959
 1827 (vir)     1          27.539          -4.530          -2.135         -10.275           31.149
 1828 (vir)     1          27.558          -4.560          -2.468         -10.418           30.947
 1829 (vir)     1          27.609          -4.853          -2.688         -11.196           31.263
 1830 (vir)     1          27.692          -4.750          -1.562         -10.088           31.467
 1831 (vir)     1          27.724          -4.953          -2.793         -11.271           31.249
 1832 (vir)     1          27.748          -4.738          -2.455         -11.279           31.834
 1833 (vir)     1          27.780          -5.200          -2.965         -11.469           31.084
 1834 (vir)     1          27.863          -4.689          -2.196         -10.381           31.359
 1835 (vir)     1          27.898          -5.111          -1.664         -10.463           31.587
 1836 (vir)     1          27.989          -4.842          -1.531          -9.988           31.605
 1837 (vir)     1          28.027          -4.761          -2.203         -10.510           31.573
 1838 (vir)     1          28.219          -4.898          -2.518         -10.802           31.604
 1839 (vir)     1          28.253          -4.905          -1.495          -9.862           31.715
 1840 (vir)     1          28.279          -4.807          -2.344         -11.340           32.468
 1841 (vir)     1          28.356          -4.600          -2.511         -10.784           32.028
 1842 (vir)     1          28.365          -4.661          -2.294         -10.702           32.112
 1843 (vir)     1          28.404          -4.812          -1.688          -9.976           31.880
 1844 (vir)     1          28.437          -5.064          -2.385         -10.751           31.738
 1845 (vir)     1          28.449          -5.962          -3.425         -12.065           31.127
 1846 (vir)     1          28.450          -5.973          -3.434         -12.075           31.118
 1847 (vir)     1          28.450          -5.335          -1.462          -9.734           31.388
 1848 (vir)     1          28.490          -4.835          -1.902          -9.636           31.388
 1849 (vir)     1          28.529          -7.206          -1.853         -10.086           29.556
 1850 (vir)     1          28.589          -4.938          -2.516         -10.901           32.036
 1851 (vir)     1          28.733          -4.988          -2.392         -10.849           32.203
 1852 (vir)     1          28.749          -4.891          -2.500         -10.911           32.269
 1853 (vir)     1          28.801          -4.909          -2.368         -10.953           32.477
 1854 (vir)     1          28.977          -4.990          -2.492         -10.988           32.483
 1855 (vir)     1          29.009          -3.601          -1.606         -10.391           34.194
 1856 (vir)     1          29.138          -4.954          -2.448         -10.938           32.674
 1857 (vir)     1          29.179          -5.005          -2.290         -11.382           33.267
 1858 (vir)     1          29.326          -4.918          -2.360         -10.977           33.026
 1859 (vir)     1          29.377          -4.732          -2.193         -10.945           33.397
 1860 (vir)     1          29.384          -4.777          -2.240         -11.032           33.400
 1861 (vir)     1          29.475          -5.034          -2.372         -11.123           33.193
 1862 (vir)     1          29.541          -4.899          -2.198         -11.092           33.535
 1863 (vir)     1          29.549          -4.857          -2.378         -11.030           33.344
 1864 (vir)     1          29.562          -4.885          -2.307         -11.171           33.541
 1865 (vir)     1          29.563          -4.909          -2.257         -11.180           33.577
 1866 (vir)     1          29.592          -3.543          -1.560         -10.280           34.770
 1867 (vir)     1          29.630          -5.426          -2.513         -11.036           32.727
 1868 (vir)     1          29.721          -4.617          -2.241         -10.564           33.426
 1869 (vir)     1          29.817          -5.070          -2.324         -11.272           33.695
 1870 (vir)     1          29.830          -4.890          -2.227         -11.087           33.799
 1871 (vir)     1          29.906          -5.088          -2.288         -11.187           33.716
 1872 (vir)     1          30.020          -5.764          -2.465         -11.508           33.298
 1873 (vir)     1          30.118          -5.006          -2.193         -11.084           34.003
 1874 (vir)     1          30.171          -5.019          -2.382         -11.337           34.106
 1875 (vir)     1          30.203          -4.706          -1.517         -10.179           34.160
 1876 (vir)     1          30.216          -4.743          -2.280         -10.615           33.809
 1877 (vir)     1          30.235          -5.395          -2.464         -11.323           33.699
 1878 (vir)     1          30.395          -5.604          -2.502         -11.661           33.950
 1879 (vir)     1          30.430          -5.301          -2.458         -11.476           34.148
 1880 (vir)     1          30.477          -4.722          -2.235         -10.808           34.327
 1881 (vir)     1          30.567          -5.622          -2.582         -11.690           34.053
 1882 (vir)     1          30.590          -5.179          -2.379         -11.045           34.077
 1883 (vir)     1          30.597          -5.994          -2.611         -11.826           33.818
 1884 (vir)     1          30.636          -5.452          -2.522         -11.626           34.289
 1885 (vir)     1          30.667          -4.965          -2.205         -10.783           34.279
 1886 (vir)     1          30.772          -5.033          -2.282         -10.939           34.397
 1887 (vir)     1          30.839          -5.487          -1.474         -10.080           33.959
 1888 (vir)     1          30.914          -5.290          -2.479         -11.578           34.723
 1889 (vir)     1          30.956          -5.273          -2.209         -10.860           34.333
 1890 (vir)     1          31.064          -5.700          -2.652         -11.740           34.452
 1891 (vir)     1          31.100          -4.887          -2.042         -10.657           34.829
 1892 (vir)     1          31.134          -4.995          -2.050         -10.640           34.730
 1893 (vir)     1          31.214          -5.041          -2.228         -10.990           34.934
 1894 (vir)     1          31.219          -5.465          -2.475         -11.568           34.847
 1895 (vir)     1          31.271          -5.243          -2.343         -11.507           35.191
 1896 (vir)     1          31.311          -5.332          -2.346         -11.495           35.129
 1897 (vir)     1          31.350          -5.355          -2.341         -11.618           35.272
 1898 (vir)     1          31.417          -5.507          -2.337         -11.268           34.840
 1899 (vir)     1          31.418          -5.509          -2.329         -11.220           34.800
 1900 (vir)     1          31.431          -5.236          -2.438         -11.475           35.233
 1901 (vir)     1          31.442          -5.457          -2.341         -11.218           34.862
 1902 (vir)     1          31.454          -5.448          -2.407         -11.550           35.149
 1903 (vir)     1          31.487          -5.465          -2.283         -11.143           34.882
 1904 (vir)     1          31.492          -5.410          -2.303         -11.245           35.024
 1905 (vir)     1          31.494          -6.138          -1.430          -9.983           33.909
 1906 (vir)     1          31.504          -5.385          -2.401         -11.589           35.307
 1907 (vir)     1          31.526          -6.046          -2.779         -12.121           34.822
 1908 (vir)     1          31.552          -5.583          -2.419         -11.611           35.159
 1909 (vir)     1          31.586          -5.367          -2.363         -11.463           35.319
 1910 (vir)     1          31.595          -5.128          -2.199         -11.062           35.330
 1911 (vir)     1          31.688          -5.453          -2.332         -11.550           35.453
 1912 (vir)     1          31.695          -5.603          -2.443         -11.682           35.331
 1913 (vir)     1          31.783          -5.403          -2.185         -11.159           35.354
 1914 (vir)     1          31.798          -5.632          -2.301         -11.676           35.541
 1915 (vir)     1          31.811          -5.302          -2.211         -11.326           35.624
 1916 (vir)     1          31.820          -5.325          -2.259         -11.372           35.609
 1917 (vir)     1          31.847          -6.484          -2.952         -12.445           34.855
 1918 (vir)     1          31.879          -5.427          -2.240         -11.048           35.260
 1919 (vir)     1          31.941          -5.649          -2.321         -11.660           35.631
 1920 (vir)     1          32.008          -5.339          -2.273         -10.974           35.371
 1921 (vir)     1          32.013          -5.252          -2.187         -11.218           35.792
 1922 (vir)     1          32.019          -5.295          -2.136         -11.082           35.671
 1923 (vir)     1          32.053          -6.738          -3.117         -12.814           35.011
 1924 (vir)     1          32.097          -5.987          -2.784         -11.871           35.197
 1925 (vir)     1          32.103          -5.777          -2.349         -11.796           35.773
 1926 (vir)     1          32.158          -5.443          -1.386          -9.888           35.217
 1927 (vir)     1          32.171          -5.843          -2.240         -10.967           35.055
 1928 (vir)     1          32.189          -6.768          -3.004         -12.832           35.250
 1929 (vir)     1          32.222          -5.805          -2.289         -11.018           35.146
 1930 (vir)     1          32.256          -5.882          -2.399         -11.805           35.780
 1931 (vir)     1          32.266          -5.215          -2.175         -11.115           35.992
 1932 (vir)     1          32.302          -5.516          -2.344         -11.629           36.071
 1933 (vir)     1          32.334          -5.315          -2.158         -11.150           36.010
 1934 (vir)     1          32.357          -5.701          -2.351         -11.692           35.997
 1935 (vir)     1          32.406          -5.761          -2.315         -11.805           36.136
 1936 (vir)     1          32.474          -5.231          -2.031         -11.193           36.404
 1937 (vir)     1          32.494          -5.221          -2.135         -11.317           36.455
 1938 (vir)     1          32.529          -5.805          -2.319         -11.819           36.224
 1939 (vir)     1          32.611          -5.631          -2.222         -11.572           36.331
 1940 (vir)     1          32.628          -5.493          -2.100         -11.389           36.424
 1941 (vir)     1          32.640          -5.327          -2.247         -11.394           36.460
 1942 (vir)     1          32.644          -5.877          -2.246         -11.350           35.871
 1943 (vir)     1          32.670          -5.432          -2.128         -11.340           36.449
 1944 (vir)     1          32.680          -5.411          -2.097         -11.293           36.465
 1945 (vir)     1          32.819          -6.678          -1.343          -9.796           34.594
 1946 (vir)     1          32.843          -5.915          -2.206         -11.391           36.114
 1947 (vir)     1          32.964          -5.663          -2.211         -11.371           36.462
 1948 (vir)     1          33.021          -5.638          -2.223         -11.685           36.845
 1949 (vir)     1          33.088          -5.219          -2.218         -11.326           36.977
 1950 (vir)     1          33.137          -5.612          -2.221         -11.279           36.583
 1951 (vir)     1          33.173          -5.325          -2.213         -11.159           36.794
 1952 (vir)     1          33.184          -5.952          -2.134         -11.257           36.355
 1953 (vir)     1          33.198          -5.949          -2.152         -11.369           36.466
 1954 (vir)     1          33.225          -5.092          -2.219         -10.984           36.898
 1955 (vir)     1          33.229          -5.811          -2.160         -11.378           36.636
 1956 (vir)     1          33.314          -5.994          -2.146         -11.358           36.533
 1957 (vir)     1          33.316          -6.099          -2.425         -11.550           36.342
 1958 (vir)     1          33.319          -5.094          -2.248         -10.969           36.946
 1959 (vir)     1          33.358          -5.841          -2.181         -11.520           36.856
 1960 (vir)     1          33.374          -6.257          -2.412         -11.568           36.273
 1961 (vir)     1          33.438          -5.842          -2.373         -11.504           36.727
 1962 (vir)     1          33.442          -5.510          -2.312         -11.104           36.724
 1963 (vir)     1          33.456          -6.669          -1.302          -9.708           35.194
 1964 (vir)     1          33.480          -5.918          -2.081         -11.247           36.728
 1965 (vir)     1          33.491          -7.384          -2.354         -11.518           35.271
 1966 (vir)     1          33.492          -5.970          -2.077         -11.191           36.636
 1967 (vir)     1          33.531          -6.223          -2.492         -11.741           36.557
 1968 (vir)     1          33.534          -6.320          -2.524         -11.903           36.592
 1969 (vir)     1          33.544          -6.566          -2.489         -11.848           36.337
 1970 (vir)     1          33.549          -6.245          -2.554         -11.966           36.716
 1971 (vir)     1          33.566          -5.923          -2.186         -11.664           37.120
 1972 (vir)     1          33.578          -5.814          -2.455         -11.588           36.898
 1973 (vir)     1          33.591          -6.211          -2.403         -11.438           36.414
 1974 (vir)     1          33.634          -6.223          -2.478         -11.819           36.752
 1975 (vir)     1          33.648          -6.375          -2.341         -11.601           36.533
 1976 (vir)     1          33.660          -6.183          -2.218         -11.375           36.634
 1977 (vir)     1          33.674          -6.197          -2.560         -12.114           37.032
 1978 (vir)     1          33.694          -5.747          -2.314         -11.429           37.062
 1979 (vir)     1          33.699          -5.869          -2.233         -11.189           36.786
 1980 (vir)     1          33.721          -5.569          -2.058         -11.464           37.558
 1981 (vir)     1          33.721          -5.746          -2.394         -11.569           37.150
 1982 (vir)     1          33.741          -5.914          -2.176         -11.321           36.972
 1983 (vir)     1          33.757          -6.416          -2.466         -11.812           36.686
 1984 (vir)     1          33.791          -6.073          -2.214         -11.517           37.022
 1985 (vir)     1          33.818          -6.157          -2.464         -11.867           37.064
 1986 (vir)     1          33.862          -6.096          -2.359         -11.700           37.107
 1987 (vir)     1          33.878          -6.162          -2.313         -11.372           36.775
 1988 (vir)     1          33.886          -5.988          -2.336         -11.512           37.074
 1989 (vir)     1          33.896          -5.991          -2.217         -11.454           37.142
 1990 (vir)     1          33.952          -6.186          -2.536         -11.812           37.043
 1991 (vir)     1          33.955          -5.932          -2.122         -11.710           37.610
 1992 (vir)     1          33.965          -6.746          -2.589         -12.137           36.767
 1993 (vir)     1          34.048          -6.880          -1.263          -9.624           35.529
 1994 (vir)     1          34.056          -6.513          -2.562         -12.019           37.000
 1995 (vir)     1          34.058          -6.266          -2.367         -11.470           36.895
 1996 (vir)     1          34.070          -6.485          -2.563         -11.735           36.758
 1997 (vir)     1          34.074          -6.119          -2.224         -11.309           37.040
 1998 (vir)     1          34.087          -6.389          -2.463         -11.773           37.008
 1999 (vir)     1          34.119          -5.841          -2.058         -11.735           37.955
 2000 (vir)     1          34.127          -6.580          -2.472         -12.146           37.220
 2001 (vir)     1          34.219          -6.210          -2.318         -11.342           37.032
 2002 (vir)     1          34.223          -6.291          -2.387         -11.425           36.970
 2003 (vir)     1          34.230          -6.655          -2.408         -12.075           37.241
 2004 (vir)     1          34.241          -5.908          -2.051         -11.774           38.056
 2005 (vir)     1          34.281          -6.554          -2.347         -11.940           37.319
 2006 (vir)     1          34.300          -6.199          -2.102         -11.746           37.745
 2007 (vir)     1          34.300          -6.366          -2.427         -11.445           36.952
 2008 (vir)     1          34.325          -6.408          -2.365         -11.483           37.034
 2009 (vir)     1          34.333          -6.196          -2.149         -11.538           37.526
 2010 (vir)     1          34.397          -6.253          -2.381         -11.562           37.325
 2011 (vir)     1          34.428          -6.971          -2.376         -11.657           36.738
 2012 (vir)     1          34.453          -6.295          -2.415         -11.374           37.116
 2013 (vir)     1          34.507          -3.639          -2.071         -11.060           39.856
 2014 (vir)     1          34.533          -6.062          -2.342         -11.153           37.283
 2015 (vir)     1          34.566          -6.055          -1.228          -9.545           36.828
 2016 (vir)     1          34.577          -6.477          -2.390         -11.627           37.337
 2017 (vir)     1          34.580          -6.710          -2.406         -11.479           36.943
 2018 (vir)     1          34.726          -6.199          -2.349         -11.053           37.231
 2019 (vir)     1          34.747          -6.623          -2.203         -11.259           37.179
 2020 (vir)     1          34.855          -6.607          -2.353         -11.849           37.745
 2021 (vir)     1          34.856          -6.583          -2.354         -11.827           37.746
 2022 (vir)     1          34.918          -7.541          -2.773         -11.712           36.316
 2023 (vir)     1          34.965          -6.468          -2.450         -11.226           37.273
 2024 (vir)     1          34.980          -5.836          -1.198          -9.474           37.419
 2025 (vir)     1          35.003          -7.051          -2.403         -11.538           37.088
 2026 (vir)     1          35.151          -7.416          -2.657         -11.715           36.792
 2027 (vir)     1          35.225          -6.382          -2.379         -11.170           37.634
 2028 (vir)     1          35.252          -5.925          -1.177          -9.419           37.569
 2029 (vir)     1          35.296          -7.283          -2.474         -11.688           37.228
 2030 (vir)     1          35.346          -6.730          -2.495         -11.903           38.023
 2031 (vir)     1          35.366          -6.878          -2.476         -12.060           38.071
 2032 (vir)     1          35.427          -6.421          -2.405         -11.764           38.365
 2033 (vir)     1          35.442          -6.127          -2.312         -11.125           38.128
 2034 (vir)     1          35.499          -6.353          -2.247         -12.187           39.087
 2035 (vir)     1          35.500          -7.466          -2.625         -11.836           37.246
 2036 (vir)     1          35.538          -6.273          -2.340         -11.692           38.617
 2037 (vir)     1          35.627          -7.556          -2.529         -11.813           37.356
 2038 (vir)     1          35.640          -6.530          -2.322         -11.589           38.377
 2039 (vir)     1          35.706          -6.327          -2.267         -11.594           38.706
 2040 (vir)     1          35.707          -6.291          -2.260         -11.650           38.806
 2041 (vir)     1          35.755          -6.412          -2.392         -11.313           38.263
 2042 (vir)     1          35.783          -7.238          -2.599         -12.157           38.102
 2043 (vir)     1          35.793          -6.403          -2.219         -11.712           38.882
 2044 (vir)     1          35.798          -6.943          -2.401         -11.979           38.434
 2045 (vir)     1          35.854          -6.405          -2.180         -11.793           39.062
 2046 (vir)     1          35.854          -6.312          -2.183         -11.794           39.154
 2047 (vir)     1          35.883          -7.625          -2.646         -11.973           37.585
 2048 (vir)     1          35.914          -6.227          -2.473         -11.122           38.335
 2049 (vir)     1          35.976          -7.960          -2.627         -11.959           37.347
 2050 (vir)     1          36.024          -7.489          -2.666         -12.387           38.256
 2051 (vir)     1          36.241          -8.523          -2.887         -12.234           37.065
 2052 (vir)     1          36.282          -7.880          -2.665         -12.077           37.814
 2053 (vir)     1          36.297          -9.236          -3.070         -12.293           36.284
 2054 (vir)     1          36.337          -8.471          -2.789         -12.159           37.236
 2055 (vir)     1          36.393          -8.189          -2.818         -12.507           37.893
 2056 (vir)     1          36.604          -8.979          -2.917         -12.307           37.015
 2057 (vir)     1          36.626          -8.473          -2.948         -12.159           37.365
 2058 (vir)     1          36.653          -8.154          -2.779         -12.578           38.297
 2059 (vir)     1          36.701          -9.064          -2.944         -12.403           37.095
 2060 (vir)     1          36.736          -9.608          -3.162         -12.577           36.543
 2061 (vir)     1          36.761          -9.438          -3.039         -12.292           36.575
 2062 (vir)     1          36.764          -9.996          -3.285         -12.854           36.338
 2063 (vir)     1          36.817          -9.195          -3.066         -12.706           37.261
 2064 (vir)     1          36.850         -10.054          -3.326         -12.855           36.325
 2065 (vir)     1          36.931          -8.719          -2.820         -12.064           37.457
 2066 (vir)     1          37.004          -9.265          -3.011         -12.440           37.168
 2067 (vir)     1          37.020          -7.612          -2.523         -12.424           39.308
 2068 (vir)     1          37.116          -8.327          -2.669         -12.212           38.332
 2069 (vir)     1          37.229         -10.001          -3.404         -13.133           36.956
 2070 (vir)     1          37.231          -8.105          -2.637         -11.979           38.468
 2071 (vir)     1          37.287         -10.060          -3.400         -13.109           36.936
 2072 (vir)     1          37.293          -8.971          -2.986         -12.410           37.746
 2073 (vir)     1          37.306          -7.551          -2.515         -12.311           39.553
 2074 (vir)     1          37.355          -9.525          -2.989         -12.479           37.321
 2075 (vir)     1          37.400          -9.588          -3.155         -12.771           37.428
 2076 (vir)     1          37.416          -8.601          -2.794         -12.318           38.340
 2077 (vir)     1          37.475          -8.664          -2.746         -12.441           38.506
 2078 (vir)     1          37.478          -9.662          -3.140         -12.793           37.470
 2079 (vir)     1          37.616          -9.161          -2.967         -12.533           38.021
 2080 (vir)     1          37.618          -7.853          -2.499         -12.361           39.627
 2081 (vir)     1          37.675          -9.434          -2.954         -12.572           37.859
 2082 (vir)     1          37.752          -8.637          -2.696         -12.496           38.914
 2083 (vir)     1          37.755          -9.962          -3.066         -12.586           37.313
 2084 (vir)     1          37.759          -9.460          -2.835         -12.116           37.579
 2085 (vir)     1          37.779          -9.205          -2.915         -12.512           38.170
 2086 (vir)     1          37.860          -7.877          -2.424         -12.197           39.756
 2087 (vir)     1          37.884          -8.699          -2.619         -12.255           38.821
 2088 (vir)     1          37.914          -8.834          -2.806         -12.549           38.823
 2089 (vir)     1          37.936          -8.678          -2.697         -12.519           39.080
 2090 (vir)     1          38.225          -9.487          -2.884         -12.279           38.133
 2091 (vir)     1          38.232         -10.435          -3.041         -12.552           37.307
 2092 (vir)     1          38.364          -9.289          -2.902         -12.555           38.728
 2093 (vir)     1          38.389          -9.235          -2.852         -12.476           38.778
 2094 (vir)     1          38.607          -9.131          -2.911         -12.669           39.234
 2095 (vir)     1          38.619          -8.527          -2.927         -12.662           39.827
 2096 (vir)     1          38.622          -8.530          -2.926         -12.661           39.826
 2097 (vir)     1          38.624          -8.692          -2.717         -12.635           39.850
 2098 (vir)     1          38.730         -10.202          -2.860         -12.380           38.048
 2099 (vir)     1          38.780          -8.614          -2.593         -12.557           40.130
 2100 (vir)     1          38.802         -10.752          -3.025         -12.708           37.733
 2101 (vir)     1          38.837          -8.586          -2.518         -12.616           40.350
 2102 (vir)     1          38.869          -8.799          -2.575         -12.722           40.217
 2103 (vir)     1          39.000          -9.569          -3.144         -12.828           39.116
 2104 (vir)     1          39.037          -9.373          -3.094         -12.776           39.346
 2105 (vir)     1          39.151          -9.831          -2.927         -12.572           38.965
 2106 (vir)     1          39.179         -10.709          -2.901         -12.573           38.141
 2107 (vir)     1          39.348         -11.657          -3.078         -12.774           37.387
 2108 (vir)     1          39.470         -11.508          -3.297         -13.076           37.741
 2109 (vir)     1          39.498         -11.487          -3.318         -13.073           37.766
 2110 (vir)     1          39.572          -8.479          -1.875         -11.734           40.951
 2111 (vir)     1          39.575          -7.281          -1.870         -11.745           42.169
 2112 (vir)     1          39.584         -10.414          -2.733         -12.567           39.003
 2113 (vir)     1          39.634          -6.845          -1.725         -11.524           42.589
 2114 (vir)     1          39.683          -6.836          -1.824         -11.592           42.615
 2115 (vir)     1          39.724          -7.638          -2.029         -11.821           41.877
 2116 (vir)     1          39.811         -11.969          -3.058         -12.844           37.628
 2117 (vir)     1          39.893          -8.853          -2.372         -12.241           40.910
 2118 (vir)     1          39.960         -11.406          -2.954         -12.869           38.469
 2119 (vir)     1          40.068          -9.715          -2.638         -12.494           40.209
 2120 (vir)     1          40.136         -11.324          -2.993         -12.439           38.258
 2121 (vir)     1          40.340         -12.995          -3.145         -13.035           37.235
 2122 (vir)     1          40.492         -12.270          -3.008         -13.096           38.311
 2123 (vir)     1          40.743          -8.776          -3.105         -13.357           42.219
 2124 (vir)     1          40.801         -11.473          -3.328         -13.238           39.237
 2125 (vir)     1          40.865         -11.202          -2.705         -12.306           39.264
 2126 (vir)     1          41.033          -8.760          -3.118         -13.459           42.613
 2127 (vir)     1          41.106         -10.952          -3.259         -13.252           40.147
 2128 (vir)     1          41.296          -7.969          -3.149         -13.547           43.724
 2129 (vir)     1          41.440           4.685          -3.244         -13.396           56.278
 2130 (vir)     1          41.474           4.132          -3.150         -12.789           55.245
 2131 (vir)     1          41.491          -6.275          -3.159         -13.627           45.684
 2132 (vir)     1          41.626          -5.911          -3.184         -13.707           46.237
 2133 (vir)     1          41.681           4.110          -3.831         -13.855           55.815
 2134 (vir)     1          41.749          -4.807          -3.168         -13.283           47.057
 2135 (vir)     1          41.814           3.889          -3.790         -13.816           55.729
 2136 (vir)     1          41.880          -2.826          -3.080         -13.412           49.386
 2137 (vir)     1          42.025           4.039          -3.718         -13.736           56.082
 2138 (vir)     1          42.077          -0.905          -2.917         -13.369           51.625
 2139 (vir)     1          42.223         -11.819          -3.073         -13.361           40.692
 2140 (vir)     1          42.230           3.478          -2.705         -12.074           55.077
 2141 (vir)     1          42.301           3.853          -3.574         -13.596           56.176
 2142 (vir)     1          42.393          -0.092          -2.718         -13.295           52.877
 2143 (vir)     1          42.446          -3.942          -1.655          -9.557           46.407
 2144 (vir)     1          42.446          -3.943          -1.655          -9.557           46.405
 2145 (vir)     1          42.459           3.620          -3.289         -13.427           56.217
 2146 (vir)     1          42.553           3.528          -3.791         -14.020           56.310
 2147 (vir)     1          42.558           3.655          -3.796         -14.028           56.444
 2148 (vir)     1          42.592           3.894          -3.499         -13.496           56.484
 2149 (vir)     1          42.636         -12.215          -2.945         -13.415           40.892
 2150 (vir)     1          42.675           3.385          -3.728         -13.945           56.277
 2151 (vir)     1          42.698           3.364          -3.777         -14.019           56.303
 2152 (vir)     1          42.738           3.707          -3.226         -13.442           56.661
 2153 (vir)     1          42.819           3.432          -3.437         -13.511           56.325
 2154 (vir)     1          42.875           3.259          -3.889         -14.231           56.477
 2155 (vir)     1          42.878           3.908          -3.147         -13.580           57.219
 2156 (vir)     1          42.895           3.078          -3.614         -13.808           56.167
 2157 (vir)     1          43.032           4.039          -3.063         -13.512           57.521
 2158 (vir)     1          43.051           3.679          -3.394         -13.415           56.751
 2159 (vir)     1          43.071           3.596          -3.391         -13.462           56.739
 2160 (vir)     1          43.083           2.868          -3.673         -13.917           56.195
 2161 (vir)     1          43.129           2.954          -3.472         -13.620           56.231
 2162 (vir)     1          43.146           3.882          -3.194         -13.540           57.374
 2163 (vir)     1          43.204           3.572          -3.361         -13.642           57.058
 2164 (vir)     1          43.232           3.280          -3.686         -13.973           56.799
 2165 (vir)     1          43.251           2.647          -3.601         -13.897           56.194
 2166 (vir)     1          43.252           3.109          -3.764         -14.078           56.675
 2167 (vir)     1          43.275           3.376          -3.600         -13.895           56.946
 2168 (vir)     1          43.394           3.274          -3.757         -14.125           57.035
 2169 (vir)     1          43.521           3.166          -3.536         -13.813           56.965
 2170 (vir)     1          43.539           3.126          -3.689         -14.042           57.019
 2171 (vir)     1          43.595           2.652          -3.710         -13.990           56.527
 2172 (vir)     1          43.602           2.476          -3.560         -13.898           56.416
 2173 (vir)     1          43.654           2.561          -3.557         -13.720           56.378
 2174 (vir)     1          43.733           3.165          -3.508         -13.846           57.236
 2175 (vir)     1          43.857           2.552          -3.604         -14.055           56.860
 2176 (vir)     1          43.873           4.044          -2.845         -13.483           58.555
 2177 (vir)     1          43.885           2.563          -3.387         -13.627           56.688
 2178 (vir)     1          43.925           2.730          -3.630         -14.067           57.092
 2179 (vir)     1          43.993           3.599          -3.049         -13.596           58.139
 2180 (vir)     1          44.033           3.277          -3.374         -13.846           57.782
 2181 (vir)     1          44.082           2.646          -3.303         -13.580           57.005
 2182 (vir)     1          44.163           3.554          -3.271         -13.789           58.235
 2183 (vir)     1          44.191           3.372          -3.358         -13.866           58.071
 2184 (vir)     1          44.212           2.386          -3.608         -14.112           57.102
 2185 (vir)     1          44.278           2.189          -3.449         -13.886           56.904
 2186 (vir)     1          44.419           2.342          -3.612         -14.128           57.276
 2187 (vir)     1          44.582           2.307          -3.434         -13.910           57.364
 2188 (vir)     1          44.595           2.684          -3.209         -13.568           57.638
 2189 (vir)     1          44.604           2.289          -3.364         -13.711           57.239
 2190 (vir)     1          44.633           2.413          -3.571         -13.984           57.459
 2191 (vir)     1          44.634           2.352          -3.281         -13.703           57.408
 2192 (vir)     1          44.679           2.518          -3.582         -13.988           57.603
 2193 (vir)     1          44.714           2.640          -3.501         -13.937           57.791
 2194 (vir)     1          44.746           2.662          -3.463         -13.966           57.911
 2195 (vir)     1          44.810           2.802          -3.330         -13.859           58.140
 2196 (vir)     1          44.848           2.532          -3.332         -13.880           57.929
 2197 (vir)     1          44.868           2.522          -2.986         -13.259           57.662
 2198 (vir)     1          44.878           2.555          -2.983         -13.287           57.736
 2199 (vir)     1          44.894           2.653          -3.283         -13.838           58.102
 2200 (vir)     1          44.897           2.221          -3.556         -14.021           57.582
 2201 (vir)     1          44.919           2.039          -3.648         -14.042           57.353
 2202 (vir)     1          44.925           2.436          -3.319         -13.861           57.902
 2203 (vir)     1          45.145           2.505          -2.984         -13.300           57.967
 2204 (vir)     1          45.153           2.360          -3.011         -13.360           57.862
 2205 (vir)     1          45.338           2.695          -3.032         -13.339           58.341
 2206 (vir)     1          45.422           1.674          -3.547         -13.955           57.504
 2207 (vir)     1          45.425           3.740          -2.812         -13.025           59.378
 2208 (vir)     1          45.441           2.063          -3.032         -13.380           57.852
 2209 (vir)     1          45.447           1.600          -3.507         -13.882           57.423
 2210 (vir)     1          45.485           2.045          -3.034         -13.408           57.904
 2211 (vir)     1          45.579           2.630          -3.073         -13.417           58.553
 2212 (vir)     1          45.737           1.971          -2.999         -13.495           58.204
 2213 (vir)     1          45.799           2.188          -3.095         -13.470           58.362
 2214 (vir)     1          45.813           2.062          -3.040         -13.452           58.288
 2215 (vir)     1          45.897           1.420          -3.361         -13.634           57.590
 2216 (vir)     1          45.897           1.640          -3.334         -13.607           57.810
 2217 (vir)     1          45.920           1.466          -3.439         -13.727           57.674
 2218 (vir)     1          45.921           1.323          -3.542         -13.840           57.542
 2219 (vir)     1          45.955           1.602          -3.252         -13.536           57.841
 2220 (vir)     1          45.976           1.718          -3.095         -13.592           58.192
 2221 (vir)     1          46.059           1.816          -3.099         -13.554           58.330
 2222 (vir)     1          46.063           1.829          -3.247         -13.549           58.193
 2223 (vir)     1          46.111           2.032          -3.166         -13.528           58.505
 2224 (vir)     1          46.111           1.987          -3.304         -13.772           58.566
 2225 (vir)     1          46.123           1.594          -3.066         -13.560           58.211
 2226 (vir)     1          46.133           1.885          -3.012         -13.499           58.505
 2227 (vir)     1          46.209           2.192          -3.050         -13.655           59.006
 2228 (vir)     1          46.232           1.968          -3.231         -13.723           58.692
 2229 (vir)     1          46.297           1.743          -3.061         -13.545           58.525
 2230 (vir)     1          46.352           1.754          -3.169         -13.554           58.491
 2231 (vir)     1          46.386           1.843          -3.273         -13.759           58.716
 2232 (vir)     1          46.408           1.748          -3.387         -13.805           58.574
 2233 (vir)     1          46.473           1.470          -3.225         -13.697           58.416
 2234 (vir)     1          46.482           1.551          -3.238         -13.635           58.430
 2235 (vir)     1          46.555           1.704          -3.090         -13.682           58.850
 2236 (vir)     1          46.712           1.700          -3.115         -13.764           59.061
 2237 (vir)     1          46.826           1.695          -3.178         -13.805           59.147
 2238 (vir)     1          46.849           1.818          -3.132         -13.506           59.041
 2239 (vir)     1          46.874           2.145          -3.341         -13.934           59.612
 2240 (vir)     1          46.884           1.991          -3.238         -13.846           59.482
 2241 (vir)     1          46.907           2.904          -2.895         -12.711           59.627
 2242 (vir)     1          46.924           1.891          -3.056         -13.710           59.468
 2243 (vir)     1          46.933           1.586          -3.062         -13.718           59.174
 2244 (vir)     1          47.273           4.166          -3.173         -13.549           61.815
 2245 (vir)     1          47.493           1.094          -3.304         -13.311           58.594
 2246 (vir)     1          47.543         -10.702          -2.165         -11.679           46.355
 2247 (vir)     1          47.552          -0.096          -3.259         -13.541           57.738
 2248 (vir)     1          47.620           0.649          -3.302         -13.301           58.268
 2249 (vir)     1          47.771          -1.253          -3.270         -13.559           56.806
 2250 (vir)     1          47.793           0.353          -3.261         -13.313           58.198
 2251 (vir)     1          47.812          -1.339          -2.990         -13.494           56.977
 2252 (vir)     1          47.813          -1.294          -2.999         -13.503           57.023
 2253 (vir)     1          47.983          -1.172          -3.222         -13.478           57.067
 2254 (vir)     1          48.036          -1.046          -3.208         -13.328           57.111
 2255 (vir)     1          48.099          -2.352          -3.060         -13.103           55.791
 2256 (vir)     1          48.212          -1.348          -3.207         -13.489           57.147
 2257 (vir)     1          48.227          -1.708          -3.133         -13.410           56.795
 2258 (vir)     1          48.531          -2.772          -2.676         -13.081           56.163
 2259 (vir)     1          48.860          -2.060          -2.995         -13.171           56.977
 2260 (vir)     1          48.886          -1.764          -2.751         -13.164           57.535
 2261 (vir)     1          48.888          -2.099          -3.026         -13.229           56.992
 2262 (vir)     1          49.275          -2.210          -2.808         -13.179           57.437
 2263 (vir)     1          49.524          -2.343          -3.000         -13.160           57.341
 2264 (vir)     1          49.608          -2.529          -3.018         -13.202           57.264
 2265 (vir)     1          49.735          -2.161          -2.916         -13.170           57.828
 2266 (vir)     1          49.753          -2.019          -2.883         -13.268           58.119
 2267 (vir)     1          49.761          -3.564          -2.558         -12.674           56.313
 2268 (vir)     1          49.894          -2.533          -3.076         -13.478           57.763
 2269 (vir)     1          49.976          -2.437          -3.125         -13.488           57.902
 2270 (vir)     1          49.982          -2.656          -2.932         -13.223           57.617
 2271 (vir)     1          50.094          -2.732          -2.877         -13.232           57.717
 2272 (vir)     1          50.155          -2.423          -2.727         -13.096           58.101
 2273 (vir)     1          50.176          -2.635          -2.884         -13.163           57.818
 2274 (vir)     1          50.214          -2.196          -3.290         -13.733           58.461
 2275 (vir)     1          50.226          -2.633          -3.182         -13.747           58.157
 2276 (vir)     1          50.334          -1.813          -3.414         -13.987           59.094
 2277 (vir)     1          50.345          -2.949          -2.753         -13.104           57.747
 2278 (vir)     1          50.483          -2.251          -3.400         -13.909           58.741
 2279 (vir)     1          50.515          -3.605          -2.725         -12.971           57.156
 2280 (vir)     1          50.600          -2.187          -3.226         -13.730           58.916
 2281 (vir)     1          50.633          -2.748          -2.771         -12.972           58.087
 2282 (vir)     1          50.698          -2.694          -2.727         -12.953           58.231
 2283 (vir)     1          50.714          -2.179          -3.482         -14.038           59.091
 2284 (vir)     1          50.731          -2.840          -3.212         -13.741           58.421
 2285 (vir)     1          50.747          -4.159          -2.659         -12.929           56.859
 2286 (vir)     1          50.767          -3.469          -2.691         -12.958           57.564
 2287 (vir)     1          50.868          -1.989          -3.569         -14.167           59.477
 2288 (vir)     1          51.090          -3.535          -2.970         -13.131           57.716
 2289 (vir)     1          51.188          -2.653          -2.951         -13.087           58.671
 2290 (vir)     1          51.326          -3.269          -3.142         -13.285           58.200
 2291 (vir)     1          51.343          -3.145          -3.225         -13.951           58.926
 2292 (vir)     1          51.468          -3.154          -3.238         -13.707           58.783
 2293 (vir)     1          51.514          -3.039          -3.153         -13.358           58.681
 2294 (vir)     1          51.721          -3.097          -3.261         -13.612           58.975
 2295 (vir)     1          51.750          -4.868          -2.727         -12.925           57.080
 2296 (vir)     1          51.785          -3.455          -3.239         -13.578           58.667
 2297 (vir)     1          51.857          -4.620          -2.736         -12.932           57.433
 2298 (vir)     1          51.917          -3.764          -3.168         -13.360           58.344
 2299 (vir)     1          52.025          -3.856          -3.315         -13.514           58.367
 2300 (vir)     1          52.064          -4.027          -3.351         -13.566           58.252
 2301 (vir)     1          52.072          -3.583          -3.357         -13.800           58.933
 2302 (vir)     1          52.238          -3.518          -3.246         -13.455           58.928
 2303 (vir)     1          52.393          -4.132          -3.308         -13.675           58.628
 2304 (vir)     1          52.398          -4.337          -2.726         -12.862           58.196
 2305 (vir)     1          52.414          -4.119          -3.327         -13.708           58.676
 2306 (vir)     1          52.501          -4.427          -2.925         -13.236           58.385
 2307 (vir)     1          52.558          -3.826          -3.298         -13.686           59.120
 2308 (vir)     1          52.697          -5.070          -2.855         -13.152           57.924
 2309 (vir)     1          52.815          -4.260          -3.201         -13.551           58.904
 2310 (vir)     1          52.847          -3.869          -3.319         -13.679           59.338
 2311 (vir)     1          52.860          -4.160          -3.356         -13.802           59.146
 2312 (vir)     1          52.898          -4.636          -3.108         -13.503           58.657
 2313 (vir)     1          52.963          -4.328          -3.255         -13.721           59.100
 2314 (vir)     1          52.981          -4.835          -3.056         -13.492           58.582
 2315 (vir)     1          53.044          -4.814          -3.161         -13.664           58.733
 2316 (vir)     1          53.044          -4.919          -3.106         -13.605           58.624
 2317 (vir)     1          53.077          -4.674          -3.196         -13.661           58.868
 2318 (vir)     1          53.269          -5.670          -2.840         -12.979           57.738
 2319 (vir)     1          53.318          -3.951          -3.361         -13.635           59.639
 2320 (vir)     1          53.332          -6.092          -2.770         -13.073           57.543
 2321 (vir)     1          53.364          -4.334          -3.384         -13.768           59.414
 2322 (vir)     1          53.382          -5.002          -3.024         -13.393           58.749
 2323 (vir)     1          53.492          -6.507          -2.690         -12.903           57.198
 2324 (vir)     1          53.782          -4.771          -2.901         -13.160           59.270
 2325 (vir)     1          53.927          -5.141          -3.265         -13.534           59.054
 2326 (vir)     1          53.954          -6.906          -2.731         -13.015           57.332
 2327 (vir)     1          54.066          -4.580          -3.234         -13.497           59.749
 2328 (vir)     1          54.078           5.050          -2.490         -12.244           68.882
 2329 (vir)     1          54.471          -7.170          -2.579         -12.942           57.664
 2330 (vir)     1          54.663          -4.752          -3.194         -13.539           60.256
 2331 (vir)     1          54.863          -5.657          -3.021         -13.345           59.530
 2332 (vir)     1          54.981          -1.612          -2.202         -12.560           63.727
 2333 (vir)     1          55.336          -5.162          -3.383         -13.749           60.539
 2334 (vir)     1          55.398           5.864          -2.482         -12.855           71.635
 2335 (vir)     1          55.544          -6.703          -2.624         -12.765           58.982
 2336 (vir)     1          55.758          -1.061          -2.079         -12.350           64.968
 2337 (vir)     1          55.838          -5.294          -3.446         -13.882           60.979
 2338 (vir)     1          55.994           6.221          -2.551         -12.529           72.193
 2339 (vir)     1          56.136           6.118          -2.292         -12.592           72.555
 2340 (vir)     1          56.157          -5.887          -3.310         -13.689           60.649
 2341 (vir)     1          56.505           4.460          -2.042         -12.276           71.199
 2342 (vir)     1          56.729           6.270          -2.570         -13.008           73.437
 2343 (vir)     1          56.866           4.577          -2.361         -12.696           71.779
 2344 (vir)     1          57.232           5.171          -2.253         -12.622           72.773
 2345 (vir)     1          57.680           5.752          -2.564         -13.088           73.956
 2346 (vir)     1          57.872           4.447          -2.418         -12.944           72.845
 2347 (vir)     1          58.046           6.146          -2.622         -13.281           74.850
 2348 (vir)     1          58.451           5.080          -2.265         -12.632           73.899
 2349 (vir)     1          58.564           5.418          -2.559         -13.158           74.581
 2350 (vir)     1          58.758           4.552          -2.330         -12.921           73.901
 2351 (vir)     1          59.275           2.838          -1.690         -11.920           72.344
 2352 (vir)     1          59.397           4.104          -2.311         -12.635           73.825
 2353 (vir)     1          59.504           4.603          -2.301         -13.015           74.820
 2354 (vir)     1          59.726           3.950          -2.089         -12.150           73.737
 2355 (vir)     1          59.931           3.826          -2.210         -12.650           74.197
 2356 (vir)     1          59.988           4.760          -2.248         -13.025           75.524
 2357 (vir)     1          60.621           1.115          -1.362         -10.979           71.353
 2358 (vir)     1          60.781           3.507          -2.150         -12.558           74.696
 2359 (vir)     1          60.989           3.310          -2.055         -12.433           74.677
 2360 (vir)     1          61.310           3.033          -1.585         -11.808           74.565
 2361 (vir)     1          62.238           2.743          -2.059         -12.368           75.290
 2362 (vir)     1          62.274           2.707          -2.062         -12.376           75.295
 2363 (vir)     1          63.843           2.608          -1.533         -11.844           76.762
 2364 (vir)     1          64.159           1.526          -1.337         -11.522           75.869
 2365 (vir)     1          65.247           2.056          -1.413         -11.891           77.781
 2366 (vir)     1          65.770           2.563          -1.871         -12.293           78.756
 2367 (vir)     1          65.977           2.259          -1.741         -12.092           78.588
 2368 (vir)     1          66.474           4.336          -1.278         -12.237           81.769
 2369 (vir)     1          66.647           4.134          -1.219         -12.269           81.831
 2370 (vir)     1          66.792           4.091          -1.243         -12.335           81.975
 2371 (vir)     1          66.798           3.011          -1.487         -12.471           80.793
 2372 (vir)     1          66.834           2.781          -1.439         -12.186           80.362
 2373 (vir)     1          66.926           4.001          -1.308         -12.554           82.174
 2374 (vir)     1          66.975          -9.555          -1.296         -12.096           68.220
 2375 (vir)     1          67.073           3.066          -1.318         -12.097           80.918
 2376 (vir)     1          67.289           2.321          -1.554         -12.630           80.686
 2377 (vir)     1          67.362           5.465          -1.245         -12.228           83.810
 2378 (vir)     1          67.397           1.272          -1.403         -11.832           79.097
 2379 (vir)     1          67.469           1.902          -1.152         -11.997           80.216
 2380 (vir)     1          67.761           0.887          -1.253         -11.920           79.314
 2381 (vir)     1          67.770           3.865          -1.348         -12.625           82.912
 2382 (vir)     1          67.794           2.470          -1.701         -12.456           81.019
 2383 (vir)     1          68.036           4.730          -1.238         -12.125           83.652
 2384 (vir)     1          68.167          -0.549          -1.128         -11.934           78.424
 2385 (vir)     1          68.458           2.622          -1.410         -12.620           82.290
 2386 (vir)     1          68.650           4.263          -1.251         -12.088           83.751
 2387 (vir)     1          68.714           4.779          -1.118         -11.879           84.254
 2388 (vir)     1          68.912           2.874          -1.419         -12.856           83.224
 2389 (vir)     1          69.189           1.887          -1.862         -12.590           81.804
 2390 (vir)     1          69.596           1.232          -1.422         -12.117           81.524
 2391 (vir)     1          69.875           1.372          -1.315         -11.966           81.898
 2392 (vir)     1          70.040           1.290          -1.335         -12.311           82.306
 2393 (vir)     1          70.603           2.199          -1.447         -12.655           84.010
 2394 (vir)     1          70.717           3.077          -1.400         -12.064           84.457
 2395 (vir)     1          70.834           1.460          -1.777         -12.551           83.067
 2396 (vir)     1          71.016           1.837          -1.388         -12.222           83.686
 2397 (vir)     1          71.410           2.181          -1.406         -12.159           84.344
 2398 (vir)     1          71.462           1.688          -1.522         -12.616           84.245
 2399 (vir)     1          71.831           1.513          -1.328         -12.026           84.043
 2400 (vir)     1          71.922           1.479          -1.485         -12.209           84.126
 2401 (vir)     1          72.345           1.660          -1.624         -12.466           84.847
 2402 (vir)     1          72.914           0.904          -1.577         -12.589           84.831
 2403 (vir)     1          72.919           0.833          -1.546         -12.424           84.630
 2404 (vir)     1          73.157           2.237          -1.463         -12.998           86.930
 2405 (vir)     1          74.043           0.789          -1.285         -12.054           85.601
 2406 (vir)     1          74.533           1.392          -1.760         -12.728           86.892
 2407 (vir)     1          75.517           0.894          -1.180         -11.727           86.958
 2408 (vir)     1          76.023           1.235          -1.724         -12.740           88.274
 2409 (vir)     1          76.109           3.084          -1.475         -13.060           90.777
 2410 (vir)     1          76.744           1.044          -1.174         -12.420           89.033
 2411 (vir)     1          77.102           1.425          -1.669         -12.738           89.596
 2412 (vir)     1          78.541           2.355          -1.507         -13.290           92.680
 2413 (vir)     1          78.983           0.609          -1.112         -12.523           91.003
 2414 (vir)     1          79.538           0.832          -1.394         -13.066           92.042
 2415 (vir)     1          79.703           0.983          -1.103         -11.791           91.374
 2416 (vir)     1          80.928           0.366          -1.300         -12.936           92.929
 2417 (vir)     1          81.350          -0.410          -1.379         -12.960           92.522
 2418 (vir)     1          82.210           1.290          -1.429         -13.059           95.130
 2419 (vir)     1          82.606           0.810          -1.342         -12.942           95.017
 2420 (vir)     1          82.972           1.187          -1.264         -12.519           95.415
 2421 (vir)     1          83.403           0.698          -1.028         -11.801           94.874
 2422 (vir)     1          83.507           1.181          -1.376         -13.061           96.373
 2423 (vir)     1          84.424           1.627          -1.395         -13.218           97.875
 2424 (vir)     1          84.709          -2.506          -1.424         -13.176           93.955
 2425 (vir)     1          85.167           1.283          -1.359         -12.739           97.829
 2426 (vir)     1          85.619           1.517          -1.332         -13.121           98.925
 2427 (vir)     1          85.957           1.240          -1.391         -13.463           99.269
 2428 (vir)     1          85.975           2.126          -1.353         -13.393          100.142
 2429 (vir)     1          85.979           0.784          -0.980         -11.829           97.612
 2430 (vir)     1          86.469           2.306          -1.392         -13.636          101.019
 2431 (vir)     1          87.791           0.700          -1.493         -13.449          100.447
 2432 (vir)     1          88.508           1.090          -1.458         -13.196          101.336
 2433 (vir)     1          91.665           0.619          -1.489         -13.737          104.532
 2434 (vir)     1          93.111           0.402          -1.496         -13.632          105.650
 2435 (vir)     1          96.177           0.465          -1.477         -14.072          109.236
 2436 (vir)     1          98.347           0.903          -1.526         -14.102          111.826
 2437 (vir)     1         101.216           0.374          -1.461         -14.444          114.572
 2438 (vir)     1         104.067           0.065          -1.555         -14.617          117.193
 2439 (vir)     1         106.546           0.300          -1.446         -14.837          120.237
 2440 (vir)     1         110.191           0.471          -1.585         -15.176          124.252
 2441 (vir)     1         111.755           0.284          -1.433         -15.218          125.824
 2442 (vir)     1         116.248           0.307          -1.423         -15.544          130.676
 2443 (vir)     1         116.619           0.270          -1.614         -15.768          131.043
 2444 (vir)     1         119.334           0.240          -1.417         -15.766          133.923
 2445 (vir)     1         123.165           0.360          -1.642         -16.373          138.255
 2446 (vir)     1         129.472           0.295          -1.668         -16.955          145.054
 2447 (vir)     1         134.950           0.297          -1.690         -17.460          151.017
 2448 (vir)     1         138.784           0.309          -1.706         -17.814          155.201
 
