 
  kpoint:       1             coordinate:     0.0000    0.0000    0.0000
 
    n           k   ϵ_nk^DFT (eV)     Σ^c_nk (eV)     Σ^x_nk (eV)    v_nk^xc (eV)   ϵ_nk^G0W0 (eV)
 
    1 (occ)     1        -266.705          -7.068         -91.572         -61.083         -304.262
    2 (occ)     1        -266.705          -7.068         -91.572         -61.083         -304.262
    3 (occ)     1        -266.705          -7.082         -91.574         -61.085         -304.276
    4 (occ)     1        -266.705          -7.082         -91.574         -61.085         -304.276
    5 (occ)     1        -266.679          -7.724         -91.553         -61.073         -304.883
    6 (occ)     1        -266.679          -7.724         -91.553         -61.073         -304.883
    7 (occ)     1        -266.672          -7.921         -91.620         -61.069         -305.144
    8 (occ)     1        -266.672          -7.921         -91.621         -61.069         -305.144
    9 (occ)     1        -266.672          -7.921         -91.621         -61.069         -305.145
   10 (occ)     1        -266.672          -7.921         -91.621         -61.069         -305.145
   11 (occ)     1        -266.672          -7.921         -91.621         -61.069         -305.145
   12 (occ)     1        -266.672          -7.922         -91.621         -61.069         -305.145
   13 (occ)     1        -266.672          -7.922         -91.621         -61.070         -305.145
   14 (occ)     1        -266.672          -7.922         -91.621         -61.070         -305.145
   15 (occ)     1        -266.671          -7.922         -91.621         -61.070         -305.145
   16 (occ)     1        -266.671          -7.923         -91.622         -61.070         -305.145
   17 (occ)     1        -266.671          -7.923         -91.622         -61.070         -305.146
   18 (occ)     1        -266.671          -7.923         -91.622         -61.070         -305.146
   19 (occ)     1        -266.671          -7.923         -91.622         -61.071         -305.146
   20 (occ)     1        -266.671          -7.923         -91.622         -61.071         -305.146
   21 (occ)     1        -266.671          -7.924         -91.622         -61.071         -305.146
   22 (occ)     1        -266.671          -7.924         -91.623         -61.071         -305.146
   23 (occ)     1        -266.671          -7.924         -91.623         -61.071         -305.146
   24 (occ)     1        -266.671          -7.925         -91.623         -61.072         -305.146
   25 (occ)     1        -266.671          -7.925         -91.623         -61.072         -305.147
   26 (occ)     1        -266.671          -7.925         -91.623         -61.072         -305.147
   27 (occ)     1        -266.670          -7.925         -91.623         -61.072         -305.147
   28 (occ)     1        -266.670          -7.926         -91.623         -61.072         -305.147
   29 (occ)     1        -266.670          -7.926         -91.624         -61.073         -305.147
   30 (occ)     1        -266.670          -7.926         -91.624         -61.073         -305.147
   31 (occ)     1        -266.670          -7.927         -91.624         -61.073         -305.147
   32 (occ)     1        -266.670          -7.927         -91.624         -61.073         -305.148
   33 (occ)     1        -266.670          -7.927         -91.624         -61.073         -305.148
   34 (occ)     1        -266.670          -7.927         -91.624         -61.074         -305.148
   35 (occ)     1        -266.670          -7.928         -91.624         -61.074         -305.148
   36 (occ)     1        -266.670          -7.928         -91.624         -61.074         -305.148
   37 (occ)     1        -266.669          -7.928         -91.625         -61.074         -305.148
   38 (occ)     1        -266.669          -7.929         -91.625         -61.074         -305.148
   39 (occ)     1        -266.669          -7.929         -91.625         -61.074         -305.149
   40 (occ)     1        -266.669          -7.929         -91.625         -61.074         -305.149
   41 (occ)     1        -266.669          -7.930         -91.625         -61.075         -305.149
   42 (occ)     1        -266.669          -7.930         -91.625         -61.075         -305.149
   43 (occ)     1        -266.669          -7.930         -91.625         -61.075         -305.149
   44 (occ)     1        -266.669          -7.931         -91.625         -61.075         -305.149
   45 (occ)     1        -266.668          -7.931         -91.625         -61.075         -305.149
   46 (occ)     1        -266.668          -7.931         -91.625         -61.075         -305.149
   47 (occ)     1        -266.668          -7.931         -91.625         -61.075         -305.149
   48 (occ)     1        -266.668          -7.932         -91.625         -61.075         -305.149
   49 (occ)     1        -266.668          -7.931         -91.627         -61.078         -305.149
   50 (occ)     1        -266.668          -7.933         -91.623         -61.073         -305.150
   51 (occ)     1        -266.668          -7.930         -91.632         -61.082         -305.147
   52 (occ)     1        -266.668          -7.939         -91.609         -61.061         -305.154
   53 (occ)     1        -266.668          -7.934         -91.620         -61.071         -305.150
   54 (occ)     1        -266.667          -7.932         -91.625         -61.076         -305.149
   55 (occ)     1        -266.667          -7.937         -91.618         -61.069         -305.152
   56 (occ)     1        -266.667          -7.939         -91.613         -61.065         -305.153
   57 (occ)     1        -266.667          -7.939         -91.612         -61.065         -305.153
   58 (occ)     1        -266.667          -7.936         -91.617         -61.069         -305.151
   59 (occ)     1        -266.667          -7.934         -91.621         -61.073         -305.150
   60 (occ)     1        -266.667          -7.935         -91.621         -61.072         -305.151
   61 (occ)     1        -266.667          -7.938         -91.617         -61.069         -305.152
   62 (occ)     1        -266.667          -7.940         -91.614         -61.067         -305.153
   63 (occ)     1        -266.666          -7.940         -91.612         -61.065         -305.154
   64 (occ)     1        -266.666          -7.941         -91.612         -61.065         -305.154
   65 (occ)     1        -266.666          -7.941         -91.613         -61.066         -305.154
   66 (occ)     1        -266.666          -7.940         -91.614         -61.067         -305.153
   67 (occ)     1        -266.666          -7.938         -91.617         -61.070         -305.152
   68 (occ)     1        -266.666          -7.937         -91.619         -61.071         -305.151
   69 (occ)     1        -266.666          -7.938         -91.618         -61.071         -305.152
   70 (occ)     1        -266.666          -7.940         -91.616         -61.069         -305.153
   71 (occ)     1        -266.666          -7.942         -91.614         -61.068         -305.154
   72 (occ)     1        -266.666          -7.943         -91.613         -61.067         -305.155
   73 (occ)     1        -266.665          -7.944         -91.613         -61.067         -305.155
   74 (occ)     1        -266.665          -7.944         -91.612         -61.067         -305.155
   75 (occ)     1        -266.665          -7.945         -91.613         -61.067         -305.156
   76 (occ)     1        -266.665          -7.945         -91.613         -61.067         -305.156
   77 (occ)     1        -266.665          -7.946         -91.613         -61.068         -305.156
   78 (occ)     1        -266.665          -7.946         -91.614         -61.068         -305.156
   79 (occ)     1        -266.665          -7.945         -91.615         -61.069         -305.156
   80 (occ)     1        -266.665          -7.945         -91.616         -61.070         -305.155
   81 (occ)     1        -266.665          -7.944         -91.618         -61.071         -305.155
   82 (occ)     1        -266.665          -7.943         -91.619         -61.073         -305.154
   83 (occ)     1        -266.664          -7.944         -91.619         -61.073         -305.154
   84 (occ)     1        -266.664          -7.945         -91.618         -61.072         -305.155
   85 (occ)     1        -266.664          -7.947         -91.617         -61.072         -305.157
   86 (occ)     1        -266.664          -7.948         -91.617         -61.072         -305.158
   87 (occ)     1        -266.664          -7.949         -91.616         -61.072         -305.158
   88 (occ)     1        -266.664          -7.950         -91.616         -61.072         -305.159
   89 (occ)     1        -266.664          -7.951         -91.617         -61.072         -305.160
   90 (occ)     1        -266.664          -7.952         -91.617         -61.073         -305.160
   91 (occ)     1        -266.664          -7.953         -91.617         -61.073         -305.160
   92 (occ)     1        -266.664          -7.953         -91.617         -61.073         -305.161
   93 (occ)     1        -266.664          -7.954         -91.618         -61.074         -305.161
   94 (occ)     1        -266.664          -7.954         -91.618         -61.075         -305.162
   95 (occ)     1        -266.664          -7.955         -91.619         -61.075         -305.162
   96 (occ)     1        -266.664          -7.956         -91.620         -61.076         -305.163
   97 (occ)     1        -266.664          -7.955         -91.619         -61.075         -305.162
   98 (occ)     1        -266.664          -7.955         -91.619         -61.075         -305.162
   99 (occ)     1        -266.663          -7.954         -91.618         -61.074         -305.161
  100 (occ)     1        -266.663          -7.954         -91.618         -61.074         -305.161
  101 (occ)     1        -266.663          -7.953         -91.618         -61.073         -305.160
  102 (occ)     1        -266.663          -7.953         -91.618         -61.073         -305.160
  103 (occ)     1        -266.663          -7.951         -91.618         -61.073         -305.158
  104 (occ)     1        -266.663          -7.951         -91.618         -61.073         -305.158
  105 (occ)     1        -266.663          -7.942         -91.623         -61.076         -305.152
  106 (occ)     1        -266.663          -7.942         -91.623         -61.076         -305.152
  107 (occ)     1        -266.662          -7.946         -91.620         -61.074         -305.154
  108 (occ)     1        -266.662          -7.946         -91.620         -61.074         -305.154
  109 (occ)     1        -266.662          -7.951         -91.616         -61.071         -305.157
  110 (occ)     1        -266.662          -7.951         -91.616         -61.071         -305.157
  111 (occ)     1        -266.661          -7.951         -91.615         -61.070         -305.157
  112 (occ)     1        -266.661          -7.951         -91.615         -61.070         -305.157
  113 (occ)     1        -266.660          -7.942         -91.621         -61.074         -305.149
  114 (occ)     1        -266.660          -7.942         -91.621         -61.074         -305.149
  115 (occ)     1        -266.659          -7.940         -91.621         -61.074         -305.147
  116 (occ)     1        -266.659          -7.940         -91.621         -61.074         -305.147
  117 (occ)     1        -266.658          -7.952         -91.613         -61.069         -305.154
  118 (occ)     1        -266.658          -7.952         -91.613         -61.069         -305.154
  119 (occ)     1        -266.655          -7.939         -91.620         -61.074         -305.140
  120 (occ)     1        -266.655          -7.939         -91.620         -61.074         -305.140
  121 (occ)     1        -266.654          -7.936         -91.618         -61.072         -305.136
  122 (occ)     1        -266.654          -7.936         -91.618         -61.072         -305.136
  123 (occ)     1        -266.651          -7.970         -91.630         -61.066         -305.184
  124 (occ)     1        -266.651          -7.970         -91.630         -61.067         -305.184
  125 (occ)     1        -266.651          -7.970         -91.630         -61.067         -305.184
  126 (occ)     1        -266.651          -7.970         -91.631         -61.067         -305.184
  127 (occ)     1        -266.651          -7.970         -91.631         -61.067         -305.184
  128 (occ)     1        -266.651          -7.970         -91.631         -61.068         -305.184
  129 (occ)     1        -266.651          -7.970         -91.631         -61.068         -305.184
  130 (occ)     1        -266.651          -7.970         -91.632         -61.068         -305.184
  131 (occ)     1        -266.650          -7.970         -91.632         -61.068         -305.184
  132 (occ)     1        -266.650          -7.970         -91.632         -61.069         -305.184
  133 (occ)     1        -266.650          -7.970         -91.633         -61.069         -305.184
  134 (occ)     1        -266.650          -7.970         -91.633         -61.069         -305.184
  135 (occ)     1        -266.650          -7.970         -91.633         -61.070         -305.184
  136 (occ)     1        -266.650          -7.970         -91.634         -61.070         -305.184
  137 (occ)     1        -266.650          -7.970         -91.634         -61.070         -305.184
  138 (occ)     1        -266.650          -7.970         -91.634         -61.071         -305.183
  139 (occ)     1        -266.650          -7.970         -91.635         -61.071         -305.183
  140 (occ)     1        -266.650          -7.969         -91.635         -61.071         -305.183
  141 (occ)     1        -266.650          -7.969         -91.636         -61.072         -305.183
  142 (occ)     1        -266.650          -7.969         -91.636         -61.072         -305.183
  143 (occ)     1        -266.650          -7.949         -91.610         -61.068         -305.140
  144 (occ)     1        -266.650          -7.949         -91.610         -61.068         -305.140
  145 (occ)     1        -266.650          -7.969         -91.636         -61.072         -305.182
  146 (occ)     1        -266.649          -7.969         -91.637         -61.073         -305.182
  147 (occ)     1        -266.649          -7.969         -91.637         -61.073         -305.182
  148 (occ)     1        -266.649          -7.968         -91.638         -61.074         -305.181
  149 (occ)     1        -266.649          -7.968         -91.638         -61.074         -305.181
  150 (occ)     1        -266.649          -7.967         -91.638         -61.074         -305.181
  151 (occ)     1        -266.649          -7.967         -91.639         -61.075         -305.180
  152 (occ)     1        -266.649          -7.966         -91.639         -61.075         -305.179
  153 (occ)     1        -266.649          -7.966         -91.640         -61.076         -305.179
  154 (occ)     1        -266.649          -7.965         -91.640         -61.076         -305.178
  155 (occ)     1        -266.649          -7.964         -91.640         -61.076         -305.177
  156 (occ)     1        -266.648          -7.963         -91.641         -61.077         -305.176
  157 (occ)     1        -266.648          -7.914         -91.623         -61.074         -305.111
  158 (occ)     1        -266.648          -7.914         -91.623         -61.074         -305.111
  159 (occ)     1        -266.648          -7.962         -91.641         -61.077         -305.174
  160 (occ)     1        -266.648          -7.961         -91.642         -61.078         -305.173
  161 (occ)     1        -266.648          -7.959         -91.642         -61.078         -305.171
  162 (occ)     1        -266.648          -7.762         -91.655         -61.082         -304.984
  163 (occ)     1        -266.648          -7.764         -91.655         -61.082         -304.985
  164 (occ)     1        -266.648          -7.957         -91.643         -61.078         -305.170
  165 (occ)     1        -266.648          -7.765         -91.655         -61.082         -304.986
  166 (occ)     1        -266.648          -7.766         -91.655         -61.082         -304.988
  167 (occ)     1        -266.648          -7.768         -91.655         -61.082         -304.989
  168 (occ)     1        -266.648          -7.955         -91.643         -61.079         -305.168
  169 (occ)     1        -266.648          -7.769         -91.655         -61.082         -304.990
  170 (occ)     1        -266.648          -7.770         -91.655         -61.082         -304.991
  171 (occ)     1        -266.648          -7.953         -91.643         -61.079         -305.165
  172 (occ)     1        -266.648          -7.771         -91.655         -61.082         -304.992
  173 (occ)     1        -266.648          -7.772         -91.655         -61.082         -304.993
  174 (occ)     1        -266.648          -7.951         -91.644         -61.080         -305.163
  175 (occ)     1        -266.648          -7.773         -91.655         -61.082         -304.993
  176 (occ)     1        -266.648          -7.774         -91.654         -61.081         -304.994
  177 (occ)     1        -266.648          -7.949         -91.645         -61.080         -305.161
  178 (occ)     1        -266.648          -7.775         -91.654         -61.081         -304.995
  179 (occ)     1        -266.648          -7.776         -91.653         -61.081         -304.996
  180 (occ)     1        -266.647          -7.946         -91.645         -61.081         -305.159
  181 (occ)     1        -266.647          -7.777         -91.653         -61.081         -304.997
  182 (occ)     1        -266.647          -7.778         -91.652         -61.080         -304.998
  183 (occ)     1        -266.647          -7.949         -91.650         -61.085         -305.161
  184 (occ)     1        -266.647          -7.780         -91.652         -61.080         -304.999
  185 (occ)     1        -266.647          -7.781         -91.651         -61.079         -305.000
  186 (occ)     1        -266.647          -7.719         -91.657         -61.083         -304.941
  187 (occ)     1        -266.647          -7.937         -91.643         -61.078         -305.149
  188 (occ)     1        -266.647          -7.952         -91.650         -61.085         -305.165
  189 (occ)     1        -266.647          -7.783         -91.650         -61.079         -305.001
  190 (occ)     1        -266.647          -7.720         -91.657         -61.083         -304.941
  191 (occ)     1        -266.647          -7.785         -91.648         -61.078         -305.003
  192 (occ)     1        -266.647          -7.721         -91.657         -61.083         -304.942
  193 (occ)     1        -266.647          -7.788         -91.646         -61.076         -305.005
  194 (occ)     1        -266.647          -7.721         -91.657         -61.083         -304.942
  195 (occ)     1        -266.647          -7.791         -91.644         -61.075         -305.007
  196 (occ)     1        -266.647          -7.869         -91.631         -61.067         -305.080
  197 (occ)     1        -266.647          -7.722         -91.657         -61.083         -304.943
  198 (occ)     1        -266.647          -7.795         -91.641         -61.073         -305.011
  199 (occ)     1        -266.647          -7.834         -91.617         -61.056         -305.042
  200 (occ)     1        -266.647          -7.723         -91.657         -61.083         -304.944
  201 (occ)     1        -266.647          -7.807         -91.634         -61.068         -305.020
  202 (occ)     1        -266.647          -7.898         -91.635         -61.071         -305.109
  203 (occ)     1        -266.647          -7.826         -91.623         -61.060         -305.035
  204 (occ)     1        -266.647          -7.817         -91.628         -61.064         -305.028
  205 (occ)     1        -266.647          -7.724         -91.657         -61.083         -304.944
  206 (occ)     1        -266.647          -7.816         -91.629         -61.064         -305.027
  207 (occ)     1        -266.647          -7.816         -91.628         -61.064         -305.027
  208 (occ)     1        -266.647          -7.927         -91.643         -61.078         -305.139
  209 (occ)     1        -266.647          -7.725         -91.657         -61.083         -304.945
  210 (occ)     1        -266.647          -7.814         -91.630         -61.065         -305.025
  211 (occ)     1        -266.647          -7.814         -91.630         -61.065         -305.025
  212 (occ)     1        -266.647          -7.903         -91.643         -61.078         -305.115
  213 (occ)     1        -266.647          -7.726         -91.657         -61.083         -304.946
  214 (occ)     1        -266.647          -7.811         -91.631         -61.066         -305.023
  215 (occ)     1        -266.647          -7.811         -91.631         -61.066         -305.023
  216 (occ)     1        -266.647          -7.727         -91.657         -61.083         -304.947
  217 (occ)     1        -266.647          -7.869         -91.639         -61.073         -305.081
  218 (occ)     1        -266.647          -7.728         -91.656         -61.083         -304.948
  219 (occ)     1        -266.647          -7.810         -91.633         -61.067         -305.022
  220 (occ)     1        -266.647          -7.810         -91.633         -61.067         -305.022
  221 (occ)     1        -266.647          -7.854         -91.637         -61.072         -305.066
  222 (occ)     1        -266.647          -7.730         -91.656         -61.083         -304.950
  223 (occ)     1        -266.647          -7.732         -91.656         -61.083         -304.951
  224 (occ)     1        -266.647          -7.808         -91.634         -61.068         -305.020
  225 (occ)     1        -266.647          -7.808         -91.634         -61.068         -305.020
  226 (occ)     1        -266.647          -7.847         -91.637         -61.071         -305.059
  227 (occ)     1        -266.647          -7.734         -91.656         -61.083         -304.953
  228 (occ)     1        -266.647          -7.848         -91.638         -61.072         -305.060
  229 (occ)     1        -266.647          -7.737         -91.655         -61.083         -304.956
  230 (occ)     1        -266.646          -7.855         -91.640         -61.074         -305.068
  231 (occ)     1        -266.646          -7.740         -91.655         -61.083         -304.958
  232 (occ)     1        -266.646          -7.806         -91.635         -61.069         -305.019
  233 (occ)     1        -266.646          -7.806         -91.635         -61.069         -305.019
  234 (occ)     1        -266.646          -7.857         -91.643         -61.077         -305.069
  235 (occ)     1        -266.646          -7.748         -91.654         -61.082         -304.966
  236 (occ)     1        -266.646          -7.822         -91.647         -61.079         -305.037
  237 (occ)     1        -266.646          -7.780         -91.651         -61.081         -304.997
  238 (occ)     1        -266.646          -7.800         -91.648         -61.080         -305.015
  239 (occ)     1        -266.646          -7.795         -91.650         -61.080         -305.011
  240 (occ)     1        -266.646          -7.796         -91.649         -61.080         -305.012
  241 (occ)     1        -266.646          -7.791         -91.649         -61.080         -305.007
  242 (occ)     1        -266.646          -7.791         -91.649         -61.080         -305.007
  243 (occ)     1        -266.646          -7.804         -91.636         -61.069         -305.017
  244 (occ)     1        -266.646          -7.804         -91.636         -61.069         -305.017
  245 (occ)     1        -266.646          -7.785         -91.649         -61.079         -305.001
  246 (occ)     1        -266.646          -7.785         -91.649         -61.079         -305.001
  247 (occ)     1        -266.646          -7.782         -91.648         -61.079         -304.997
  248 (occ)     1        -266.646          -7.782         -91.648         -61.079         -304.997
  249 (occ)     1        -266.646          -7.781         -91.648         -61.078         -304.996
  250 (occ)     1        -266.646          -7.781         -91.648         -61.078         -304.996
  251 (occ)     1        -266.646          -7.803         -91.637         -61.070         -305.016
  252 (occ)     1        -266.646          -7.803         -91.637         -61.070         -305.016
  253 (occ)     1        -266.646          -7.960         -91.646         -61.087         -305.166
  254 (occ)     1        -266.646          -7.959         -91.646         -61.087         -305.165
  255 (occ)     1        -266.646          -7.958         -91.646         -61.087         -305.163
  256 (occ)     1        -266.646          -7.788         -91.647         -61.078         -305.003
  257 (occ)     1        -266.646          -7.788         -91.647         -61.078         -305.003
  258 (occ)     1        -266.646          -7.956         -91.646         -61.086         -305.162
  259 (occ)     1        -266.646          -7.955         -91.646         -61.086         -305.161
  260 (occ)     1        -266.646          -7.954         -91.646         -61.086         -305.159
  261 (occ)     1        -266.646          -7.953         -91.646         -61.087         -305.158
  262 (occ)     1        -266.646          -7.951         -91.647         -61.087         -305.157
  263 (occ)     1        -266.646          -7.827         -91.647         -61.079         -305.041
  264 (occ)     1        -266.646          -7.827         -91.647         -61.079         -305.041
  265 (occ)     1        -266.646          -7.950         -91.647         -61.087         -305.156
  266 (occ)     1        -266.646          -7.802         -91.638         -61.071         -305.015
  267 (occ)     1        -266.646          -7.802         -91.638         -61.071         -305.015
  268 (occ)     1        -266.646          -7.949         -91.647         -61.087         -305.155
  269 (occ)     1        -266.646          -7.948         -91.648         -61.087         -305.154
  270 (occ)     1        -266.646          -7.947         -91.648         -61.088         -305.153
  271 (occ)     1        -266.646          -7.846         -91.649         -61.081         -305.060
  272 (occ)     1        -266.646          -7.846         -91.649         -61.081         -305.060
  273 (occ)     1        -266.646          -7.946         -91.649         -61.088         -305.152
  274 (occ)     1        -266.645          -7.945         -91.649         -61.088         -305.152
  275 (occ)     1        -266.645          -7.944         -91.650         -61.089         -305.151
  276 (occ)     1        -266.645          -7.943         -91.651         -61.089         -305.150
  277 (occ)     1        -266.645          -7.942         -91.651         -61.090         -305.149
  278 (occ)     1        -266.645          -7.796         -91.648         -61.079         -305.010
  279 (occ)     1        -266.645          -7.796         -91.648         -61.079         -305.010
  280 (occ)     1        -266.645          -7.940         -91.652         -61.090         -305.148
  281 (occ)     1        -266.645          -7.939         -91.653         -61.091         -305.147
  282 (occ)     1        -266.645          -7.938         -91.654         -61.092         -305.145
  283 (occ)     1        -266.645          -7.801         -91.639         -61.071         -305.014
  284 (occ)     1        -266.645          -7.801         -91.639         -61.071         -305.014
  285 (occ)     1        -266.645          -7.936         -91.655         -61.092         -305.144
  286 (occ)     1        -266.645          -7.934         -91.656         -61.093         -305.143
  287 (occ)     1        -266.645          -7.933         -91.657         -61.094         -305.141
  288 (occ)     1        -266.645          -7.784         -91.647         -61.077         -304.999
  289 (occ)     1        -266.645          -7.784         -91.647         -61.077         -304.999
  290 (occ)     1        -266.645          -7.931         -91.658         -61.094         -305.140
  291 (occ)     1        -266.645          -7.929         -91.659         -61.095         -305.138
  292 (occ)     1        -266.645          -7.927         -91.660         -61.096         -305.136
  293 (occ)     1        -266.645          -7.924         -91.662         -61.097         -305.134
  294 (occ)     1        -266.645          -7.922         -91.663         -61.097         -305.132
  295 (occ)     1        -266.645          -7.833         -91.646         -61.078         -305.046
  296 (occ)     1        -266.645          -7.833         -91.646         -61.078         -305.046
  297 (occ)     1        -266.645          -7.920         -91.664         -61.098         -305.130
  298 (occ)     1        -266.645          -7.818         -91.644         -61.076         -305.030
  299 (occ)     1        -266.645          -7.802         -91.640         -61.072         -305.014
  300 (occ)     1        -266.645          -7.902         -91.661         -61.095         -305.113
  301 (occ)     1        -266.644          -7.915         -91.667         -61.100         -305.126
  302 (occ)     1        -266.644          -7.912         -91.668         -61.101         -305.124
  303 (occ)     1        -266.644          -7.867         -91.649         -61.081         -305.079
  304 (occ)     1        -266.644          -7.867         -91.649         -61.081         -305.079
  305 (occ)     1        -266.644          -7.909         -91.670         -61.102         -305.121
  306 (occ)     1        -266.644          -7.906         -91.672         -61.103         -305.119
  307 (occ)     1        -266.644          -7.904         -91.673         -61.104         -305.117
  308 (occ)     1        -266.644          -7.897         -91.677         -61.107         -305.111
  309 (occ)     1        -266.644          -7.904         -91.673         -61.104         -305.117
  310 (occ)     1        -266.644          -7.902         -91.674         -61.105         -305.115
  311 (occ)     1        -266.644          -7.909         -91.670         -61.102         -305.120
  312 (occ)     1        -266.644          -7.909         -91.670         -61.102         -305.120
  313 (occ)     1        -266.644          -7.788         -91.646         -61.077         -305.001
  314 (occ)     1        -266.644          -7.788         -91.646         -61.077         -305.001
  315 (occ)     1        -266.644          -7.812         -91.644         -61.076         -305.023
  316 (occ)     1        -266.644          -7.812         -91.644         -61.076         -305.023
  317 (occ)     1        -266.644          -7.908         -91.664         -61.098         -305.118
  318 (occ)     1        -266.644          -7.908         -91.664         -61.098         -305.118
  319 (occ)     1        -266.643          -7.913         -91.666         -61.099         -305.123
  320 (occ)     1        -266.643          -7.913         -91.666         -61.099         -305.123
  321 (occ)     1        -266.643          -7.820         -91.645         -61.077         -305.032
  322 (occ)     1        -266.643          -7.820         -91.645         -61.077         -305.032
  323 (occ)     1        -266.643          -7.918         -91.662         -61.096         -305.126
  324 (occ)     1        -266.643          -7.918         -91.662         -61.096         -305.126
  325 (occ)     1        -266.643          -7.893         -91.648         -61.081         -305.103
  326 (occ)     1        -266.643          -7.893         -91.648         -61.081         -305.103
  327 (occ)     1        -266.643          -7.827         -91.647         -61.079         -305.037
  328 (occ)     1        -266.643          -7.827         -91.647         -61.079         -305.037
  329 (occ)     1        -266.642          -7.744         -91.644         -61.079         -304.952
  330 (occ)     1        -266.642          -7.748         -91.643         -61.078         -304.955
  331 (occ)     1        -266.642          -7.747         -91.643         -61.078         -304.955
  332 (occ)     1        -266.642          -7.751         -91.642         -61.077         -304.958
  333 (occ)     1        -266.642          -7.753         -91.641         -61.077         -304.960
  334 (occ)     1        -266.642          -7.755         -91.640         -61.076         -304.962
  335 (occ)     1        -266.642          -7.757         -91.640         -61.076         -304.964
  336 (occ)     1        -266.642          -7.759         -91.639         -61.075         -304.966
  337 (occ)     1        -266.642          -7.894         -91.658         -61.093         -305.102
  338 (occ)     1        -266.642          -7.894         -91.658         -61.093         -305.102
  339 (occ)     1        -266.642          -7.762         -91.638         -61.075         -304.968
  340 (occ)     1        -266.642          -7.764         -91.638         -61.074         -304.970
  341 (occ)     1        -266.642          -7.767         -91.637         -61.074         -304.972
  342 (occ)     1        -266.642          -7.769         -91.636         -61.073         -304.974
  343 (occ)     1        -266.642          -7.771         -91.636         -61.073         -304.976
  344 (occ)     1        -266.642          -7.783         -91.646         -61.076         -304.994
  345 (occ)     1        -266.642          -7.783         -91.646         -61.076         -304.994
  346 (occ)     1        -266.642          -7.774         -91.635         -61.072         -304.978
  347 (occ)     1        -266.642          -7.776         -91.634         -61.072         -304.980
  348 (occ)     1        -266.642          -7.778         -91.634         -61.072         -304.982
  349 (occ)     1        -266.642          -7.780         -91.633         -61.071         -304.984
  350 (occ)     1        -266.642          -7.920         -91.657         -61.093         -305.126
  351 (occ)     1        -266.642          -7.920         -91.657         -61.093         -305.126
  352 (occ)     1        -266.642          -7.783         -91.633         -61.071         -304.986
  353 (occ)     1        -266.641          -7.785         -91.632         -61.071         -304.988
  354 (occ)     1        -266.641          -7.787         -91.632         -61.071         -304.989
  355 (occ)     1        -266.641          -7.789         -91.632         -61.071         -304.991
  356 (occ)     1        -266.641          -7.790         -91.631         -61.070         -304.992
  357 (occ)     1        -266.641          -7.792         -91.631         -61.070         -304.994
  358 (occ)     1        -266.641          -7.805         -91.649         -61.079         -305.015
  359 (occ)     1        -266.641          -7.805         -91.649         -61.079         -305.015
  360 (occ)     1        -266.641          -7.793         -91.631         -61.070         -304.995
  361 (occ)     1        -266.641          -7.795         -91.631         -61.070         -304.996
  362 (occ)     1        -266.641          -7.891         -91.643         -61.077         -305.098
  363 (occ)     1        -266.641          -7.891         -91.643         -61.077         -305.098
  364 (occ)     1        -266.641          -7.823         -91.642         -61.083         -305.023
  365 (occ)     1        -266.641          -7.824         -91.641         -61.082         -305.023
  366 (occ)     1        -266.641          -7.825         -91.640         -61.082         -305.024
  367 (occ)     1        -266.641          -7.796         -91.630         -61.070         -304.997
  368 (occ)     1        -266.641          -7.825         -91.640         -61.081         -305.024
  369 (occ)     1        -266.641          -7.826         -91.639         -61.081         -305.025
  370 (occ)     1        -266.641          -7.826         -91.639         -61.081         -305.025
  371 (occ)     1        -266.641          -7.826         -91.638         -61.080         -305.025
  372 (occ)     1        -266.641          -7.797         -91.630         -61.070         -304.998
  373 (occ)     1        -266.641          -7.827         -91.638         -61.080         -305.025
  374 (occ)     1        -266.640          -7.827         -91.637         -61.079         -305.026
  375 (occ)     1        -266.640          -7.828         -91.637         -61.079         -305.026
  376 (occ)     1        -266.640          -7.798         -91.630         -61.070         -304.998
  377 (occ)     1        -266.640          -7.828         -91.636         -61.078         -305.026
  378 (occ)     1        -266.640          -7.829         -91.636         -61.078         -305.027
  379 (occ)     1        -266.640          -7.829         -91.635         -61.078         -305.027
  380 (occ)     1        -266.640          -7.799         -91.630         -61.070         -304.999
  381 (occ)     1        -266.640          -7.930         -91.655         -61.092         -305.134
  382 (occ)     1        -266.640          -7.930         -91.655         -61.092         -305.134
  383 (occ)     1        -266.640          -7.829         -91.635         -61.077         -305.027
  384 (occ)     1        -266.640          -7.830         -91.634         -61.077         -305.028
  385 (occ)     1        -266.640          -7.800         -91.630         -61.070         -305.000
  386 (occ)     1        -266.640          -7.830         -91.634         -61.076         -305.028
  387 (occ)     1        -266.640          -7.941         -91.614         -61.071         -305.125
  388 (occ)     1        -266.640          -7.941         -91.614         -61.071         -305.125
  389 (occ)     1        -266.640          -7.831         -91.634         -61.076         -305.029
  390 (occ)     1        -266.640          -7.822         -91.646         -61.079         -305.029
  391 (occ)     1        -266.640          -7.825         -91.649         -61.080         -305.033
  392 (occ)     1        -266.640          -7.831         -91.633         -61.076         -305.029
  393 (occ)     1        -266.640          -7.804         -91.633         -61.072         -305.005
  394 (occ)     1        -266.640          -7.832         -91.633         -61.075         -305.029
  395 (occ)     1        -266.640          -7.833         -91.632         -61.075         -305.030
  396 (occ)     1        -266.640          -7.800         -91.630         -61.071         -304.999
  397 (occ)     1        -266.640          -7.833         -91.632         -61.075         -305.030
  398 (occ)     1        -266.640          -7.834         -91.631         -61.074         -305.030
  399 (occ)     1        -266.640          -7.800         -91.630         -61.071         -304.999
  400 (occ)     1        -266.640          -7.834         -91.631         -61.074         -305.031
  401 (occ)     1        -266.640          -7.835         -91.631         -61.074         -305.031
  402 (occ)     1        -266.640          -7.799         -91.630         -61.071         -304.998
  403 (occ)     1        -266.640          -7.835         -91.630         -61.074         -305.032
  404 (occ)     1        -266.640          -7.799         -91.630         -61.071         -304.997
  405 (occ)     1        -266.640          -7.836         -91.630         -61.073         -305.032
  406 (occ)     1        -266.640          -7.836         -91.630         -61.073         -305.032
  407 (occ)     1        -266.640          -7.797         -91.630         -61.071         -304.996
  408 (occ)     1        -266.639          -7.837         -91.629         -61.073         -305.032
  409 (occ)     1        -266.639          -7.837         -91.629         -61.073         -305.033
  410 (occ)     1        -266.639          -7.796         -91.630         -61.071         -304.994
  411 (occ)     1        -266.639          -7.837         -91.629         -61.072         -305.033
  412 (occ)     1        -266.639          -7.793         -91.630         -61.071         -304.991
  413 (occ)     1        -266.639          -7.837         -91.628         -61.072         -305.033
  414 (occ)     1        -266.639          -7.837         -91.628         -61.072         -305.033
  415 (occ)     1        -266.639          -7.789         -91.630         -61.071         -304.987
  416 (occ)     1        -266.639          -7.837         -91.628         -61.072         -305.032
  417 (occ)     1        -266.639          -7.783         -91.631         -61.071         -304.981
  418 (occ)     1        -266.639          -7.837         -91.628         -61.072         -305.032
  419 (occ)     1        -266.639          -7.779         -91.631         -61.072         -304.977
  420 (occ)     1        -266.639          -7.836         -91.628         -61.072         -305.031
  421 (occ)     1        -266.639          -7.763         -91.632         -61.072         -304.961
  422 (occ)     1        -266.639          -7.834         -91.628         -61.072         -305.029
  423 (occ)     1        -266.639          -7.833         -91.630         -61.073         -305.029
  424 (occ)     1        -266.639          -7.830         -91.664         -61.093         -305.040
  425 (occ)     1        -266.639          -7.830         -91.661         -61.091         -305.040
  426 (occ)     1        -266.639          -7.777         -91.631         -61.072         -304.975
  427 (occ)     1        -266.639          -7.773         -91.631         -61.072         -304.972
  428 (occ)     1        -266.639          -7.823         -91.628         -61.071         -305.018
  429 (occ)     1        -266.639          -7.829         -91.628         -61.072         -305.023
  430 (occ)     1        -266.639          -7.806         -91.629         -61.072         -305.001
  431 (occ)     1        -266.639          -7.900         -91.638         -61.078         -305.099
  432 (occ)     1        -266.639          -7.900         -91.638         -61.078         -305.099
  433 (occ)     1        -266.638          -7.783         -91.631         -61.071         -304.982
  434 (occ)     1        -266.638          -7.783         -91.631         -61.071         -304.981
  435 (occ)     1        -266.638          -7.838         -91.628         -61.072         -305.032
  436 (occ)     1        -266.638          -7.824         -91.629         -61.072         -305.019
  437 (occ)     1        -266.638          -7.937         -91.617         -61.067         -305.125
  438 (occ)     1        -266.638          -7.866         -91.626         -61.071         -305.059
  439 (occ)     1        -266.638          -7.846         -91.627         -61.072         -305.039
  440 (occ)     1        -266.638          -7.811         -91.637         -61.072         -305.015
  441 (occ)     1        -266.638          -7.806         -91.638         -61.072         -305.010
  442 (occ)     1        -266.638          -7.964         -91.622         -61.072         -305.151
  443 (occ)     1        -266.638          -7.899         -91.620         -61.069         -305.089
  444 (occ)     1        -266.638          -7.889         -91.627         -61.073         -305.081
  445 (occ)     1        -266.638          -7.797         -91.633         -61.073         -304.996
  446 (occ)     1        -266.638          -7.859         -91.628         -61.073         -305.052
  447 (occ)     1        -266.638          -7.913         -91.619         -61.068         -305.102
  448 (occ)     1        -266.638          -7.937         -91.623         -61.073         -305.125
  449 (occ)     1        -266.638          -7.908         -91.620         -61.069         -305.097
  450 (occ)     1        -266.638          -7.876         -91.624         -61.071         -305.067
  451 (occ)     1        -266.638          -7.898         -91.612         -61.061         -305.086
  452 (occ)     1        -266.638          -7.932         -91.623         -61.073         -305.120
  453 (occ)     1        -266.638          -7.861         -91.625         -61.071         -305.053
  454 (occ)     1        -266.638          -7.898         -91.612         -61.062         -305.086
  455 (occ)     1        -266.638          -7.881         -91.622         -61.070         -305.071
  456 (occ)     1        -266.638          -7.927         -91.623         -61.073         -305.115
  457 (occ)     1        -266.638          -7.899         -91.613         -61.062         -305.087
  458 (occ)     1        -266.638          -7.897         -91.620         -61.069         -305.086
  459 (occ)     1        -266.638          -7.923         -91.623         -61.073         -305.111
  460 (occ)     1        -266.638          -7.899         -91.613         -61.063         -305.087
  461 (occ)     1        -266.637          -7.920         -91.623         -61.073         -305.108
  462 (occ)     1        -266.637          -7.899         -91.614         -61.063         -305.087
  463 (occ)     1        -266.637          -7.905         -91.620         -61.069         -305.093
  464 (occ)     1        -266.637          -7.900         -91.614         -61.064         -305.088
  465 (occ)     1        -266.637          -7.916         -91.623         -61.073         -305.104
  466 (occ)     1        -266.637          -7.909         -91.620         -61.069         -305.097
  467 (occ)     1        -266.637          -7.900         -91.615         -61.065         -305.088
  468 (occ)     1        -266.637          -7.908         -91.624         -61.073         -305.096
  469 (occ)     1        -266.637          -7.905         -91.620         -61.069         -305.094
  470 (occ)     1        -266.637          -7.878         -91.626         -61.072         -305.069
  471 (occ)     1        -266.637          -7.901         -91.616         -61.065         -305.088
  472 (occ)     1        -266.637          -7.846         -91.628         -61.072         -305.040
  473 (occ)     1        -266.637          -7.893         -91.622         -61.070         -305.082
  474 (occ)     1        -266.637          -7.858         -91.627         -61.072         -305.050
  475 (occ)     1        -266.637          -7.901         -91.616         -61.066         -305.089
  476 (occ)     1        -266.637          -7.887         -91.625         -61.072         -305.077
  477 (occ)     1        -266.637          -7.881         -91.623         -61.071         -305.070
  478 (occ)     1        -266.637          -7.902         -91.617         -61.067         -305.089
  479 (occ)     1        -266.637          -7.898         -91.623         -61.072         -305.087
  480 (occ)     1        -266.637          -7.902         -91.618         -61.068         -305.090
  481 (occ)     1        -266.637          -7.881         -91.622         -61.070         -305.071
  482 (occ)     1        -266.637          -7.902         -91.622         -61.071         -305.090
  483 (occ)     1        -266.637          -7.902         -91.620         -61.069         -305.090
  484 (occ)     1        -266.637          -7.902         -91.621         -61.070         -305.090
  485 (occ)     1        -266.637          -7.890         -91.621         -61.070         -305.078
  486 (occ)     1        -266.637          -7.903         -91.621         -61.070         -305.090
  487 (occ)     1        -266.637          -7.903         -91.621         -61.070         -305.091
  488 (occ)     1        -266.637          -7.907         -91.625         -61.072         -305.097
  489 (occ)     1        -266.637          -7.907         -91.625         -61.072         -305.097
  490 (occ)     1        -266.637          -7.898         -91.620         -61.070         -305.086
  491 (occ)     1        -266.637          -7.907         -91.644         -61.080         -305.107
  492 (occ)     1        -266.637          -7.907         -91.644         -61.080         -305.107
  493 (occ)     1        -266.637          -7.904         -91.620         -61.069         -305.091
  494 (occ)     1        -266.637          -7.903         -91.621         -61.070         -305.090
  495 (occ)     1        -266.637          -7.903         -91.621         -61.070         -305.090
  496 (occ)     1        -266.637          -7.908         -91.619         -61.069         -305.095
  497 (occ)     1        -266.637          -7.904         -91.620         -61.069         -305.091
  498 (occ)     1        -266.637          -7.904         -91.620         -61.069         -305.091
  499 (occ)     1        -266.637          -7.912         -91.619         -61.069         -305.098
  500 (occ)     1        -266.637          -7.914         -91.619         -61.069         -305.101
  501 (occ)     1        -266.637          -7.904         -91.620         -61.069         -305.092
  502 (occ)     1        -266.637          -7.904         -91.620         -61.069         -305.092
  503 (occ)     1        -266.637          -7.916         -91.619         -61.069         -305.102
  504 (occ)     1        -266.637          -7.918         -91.618         -61.069         -305.104
  505 (occ)     1        -266.637          -7.919         -91.618         -61.069         -305.104
  506 (occ)     1        -266.637          -7.919         -91.618         -61.069         -305.105
  507 (occ)     1        -266.636          -7.940         -91.613         -61.067         -305.123
  508 (occ)     1        -266.636          -7.906         -91.620         -61.069         -305.093
  509 (occ)     1        -266.636          -7.906         -91.620         -61.069         -305.093
  510 (occ)     1        -266.636          -7.921         -91.618         -61.069         -305.106
  511 (occ)     1        -266.636          -7.937         -91.614         -61.067         -305.121
  512 (occ)     1        -266.636          -7.926         -91.617         -61.069         -305.111
  513 (occ)     1        -266.636          -7.931         -91.616         -61.068         -305.115
  514 (occ)     1        -266.636          -7.927         -91.616         -61.068         -305.112
  515 (occ)     1        -266.636          -7.925         -91.616         -61.068         -305.110
  516 (occ)     1        -266.636          -7.925         -91.617         -61.068         -305.110
  517 (occ)     1        -266.636          -7.921         -91.617         -61.069         -305.106
  518 (occ)     1        -266.636          -7.921         -91.617         -61.069         -305.106
  519 (occ)     1        -266.636          -7.917         -91.618         -61.069         -305.102
  520 (occ)     1        -266.636          -7.917         -91.618         -61.069         -305.102
  521 (occ)     1        -266.636          -7.901         -91.621         -61.070         -305.088
  522 (occ)     1        -266.636          -7.901         -91.621         -61.070         -305.088
  523 (occ)     1        -266.636          -7.915         -91.618         -61.069         -305.101
  524 (occ)     1        -266.636          -7.915         -91.618         -61.069         -305.101
  525 (occ)     1        -266.636          -7.905         -91.664         -61.097         -305.108
  526 (occ)     1        -266.636          -7.905         -91.664         -61.097         -305.108
  527 (occ)     1        -266.636          -7.916         -91.618         -61.069         -305.101
  528 (occ)     1        -266.636          -7.916         -91.618         -61.069         -305.101
  529 (occ)     1        -266.636          -7.854         -91.626         -61.071         -305.045
  530 (occ)     1        -266.636          -7.854         -91.626         -61.071         -305.045
  531 (occ)     1        -266.636          -7.917         -91.617         -61.069         -305.102
  532 (occ)     1        -266.636          -7.917         -91.617         -61.069         -305.102
  533 (occ)     1        -266.636          -7.873         -91.622         -61.070         -305.062
  534 (occ)     1        -266.636          -7.873         -91.622         -61.070         -305.062
  535 (occ)     1        -266.636          -7.920         -91.617         -61.069         -305.105
  536 (occ)     1        -266.636          -7.920         -91.617         -61.069         -305.105
  537 (occ)     1        -266.636          -7.662         -91.564         -61.078         -304.784
  538 (occ)     1        -266.636          -7.662         -91.564         -61.078         -304.784
  539 (occ)     1        -266.636          -7.923         -91.617         -61.069         -305.108
  540 (occ)     1        -266.636          -7.923         -91.617         -61.069         -305.108
  541 (occ)     1        -266.636          -7.894         -91.621         -61.069         -305.081
  542 (occ)     1        -266.636          -7.894         -91.621         -61.069         -305.081
  543 (occ)     1        -266.635          -7.921         -91.618         -61.069         -305.106
  544 (occ)     1        -266.635          -7.921         -91.618         -61.069         -305.106
  545 (occ)     1        -266.635          -7.827         -91.639         -61.074         -305.027
  546 (occ)     1        -266.635          -7.827         -91.639         -61.074         -305.027
  547 (occ)     1        -266.635          -7.898         -91.621         -61.070         -305.084
  548 (occ)     1        -266.635          -7.898         -91.621         -61.070         -305.084
  549 (occ)     1        -266.635          -7.904         -91.621         -61.070         -305.090
  550 (occ)     1        -266.635          -7.904         -91.621         -61.070         -305.090
  551 (occ)     1        -266.635          -7.891         -91.621         -61.070         -305.077
  552 (occ)     1        -266.635          -7.891         -91.621         -61.070         -305.077
  553 (occ)     1        -266.635          -7.647         -91.573         -61.081         -304.774
  554 (occ)     1        -266.635          -7.647         -91.573         -61.081         -304.774
  555 (occ)     1        -266.635          -7.872         -91.625         -61.071         -305.061
  556 (occ)     1        -266.635          -7.872         -91.625         -61.071         -305.061
  557 (occ)     1        -266.635          -7.909         -91.619         -61.069         -305.093
  558 (occ)     1        -266.635          -7.909         -91.619         -61.069         -305.093
  559 (occ)     1        -266.634          -7.803         -91.637         -61.074         -305.001
  560 (occ)     1        -266.634          -7.803         -91.637         -61.074         -305.001
  561 (occ)     1        -266.634          -7.841         -91.626         -61.069         -305.032
  562 (occ)     1        -266.634          -7.841         -91.626         -61.069         -305.032
  563 (occ)     1        -266.634          -7.922         -91.619         -61.069         -305.106
  564 (occ)     1        -266.634          -7.922         -91.619         -61.069         -305.106
  565 (occ)     1        -266.634          -7.882         -91.623         -61.071         -305.067
  566 (occ)     1        -266.634          -7.882         -91.623         -61.071         -305.067
  567 (occ)     1        -266.634          -7.889         -91.621         -61.069         -305.075
  568 (occ)     1        -266.634          -7.889         -91.621         -61.069         -305.075
  569 (occ)     1        -266.633          -7.887         -91.622         -61.070         -305.071
  570 (occ)     1        -266.633          -7.887         -91.622         -61.070         -305.071
  571 (occ)     1        -266.633          -7.907         -91.622         -61.070         -305.092
  572 (occ)     1        -266.633          -7.907         -91.622         -61.070         -305.092
  573 (occ)     1        -266.632          -7.910         -91.652         -61.089         -305.104
  574 (occ)     1        -266.632          -7.910         -91.652         -61.089         -305.104
  575 (occ)     1        -266.632          -7.930         -91.625         -61.073         -305.114
  576 (occ)     1        -266.632          -7.930         -91.625         -61.073         -305.114
  577 (occ)     1        -266.632          -7.848         -91.627         -61.070         -305.036
  578 (occ)     1        -266.632          -7.848         -91.627         -61.070         -305.036
  579 (occ)     1        -266.632          -7.876         -91.647         -61.083         -305.071
  580 (occ)     1        -266.632          -7.876         -91.647         -61.083         -305.071
  581 (occ)     1        -266.631          -7.877         -91.624         -61.072         -305.061
  582 (occ)     1        -266.631          -7.877         -91.624         -61.072         -305.061
  583 (occ)     1        -266.631          -7.873         -91.625         -61.071         -305.057
  584 (occ)     1        -266.631          -7.873         -91.625         -61.071         -305.057
  585 (occ)     1        -266.630          -7.809         -91.643         -61.079         -305.002
  586 (occ)     1        -266.630          -7.809         -91.643         -61.079         -305.002
  587 (occ)     1        -266.630          -7.879         -91.622         -61.070         -305.061
  588 (occ)     1        -266.630          -7.879         -91.622         -61.070         -305.061
  589 (occ)     1        -266.629          -7.831         -91.630         -61.073         -305.018
  590 (occ)     1        -266.629          -7.831         -91.630         -61.073         -305.018
  591 (occ)     1        -266.629          -7.596         -91.566         -61.068         -304.724
  592 (occ)     1        -266.629          -7.596         -91.566         -61.068         -304.724
  593 (occ)     1        -266.629          -7.882         -91.623         -61.068         -305.064
  594 (occ)     1        -266.629          -7.882         -91.623         -61.068         -305.064
  595 (occ)     1        -266.629          -7.933         -91.618         -61.069         -305.111
  596 (occ)     1        -266.629          -7.933         -91.618         -61.069         -305.111
  597 (occ)     1        -266.628          -7.626         -91.559         -61.072         -304.741
  598 (occ)     1        -266.628          -7.626         -91.559         -61.072         -304.741
  599 (occ)     1        -266.627          -7.824         -91.625         -61.069         -305.008
  600 (occ)     1        -266.627          -7.824         -91.625         -61.069         -305.008
  601 (occ)     1        -266.627          -7.838         -91.627         -61.073         -305.019
  602 (occ)     1        -266.627          -7.838         -91.627         -61.073         -305.019
  603 (occ)     1        -266.626          -7.933         -91.644         -61.087         -305.116
  604 (occ)     1        -266.626          -7.933         -91.644         -61.087         -305.116
  605 (occ)     1        -266.625          -7.878         -91.630         -61.082         -305.051
  606 (occ)     1        -266.625          -7.878         -91.630         -61.082         -305.051
  607 (occ)     1        -266.625          -7.908         -91.621         -61.070         -305.083
  608 (occ)     1        -266.625          -7.908         -91.621         -61.070         -305.083
  609 (occ)     1        -266.624          -7.931         -91.618         -61.069         -305.104
  610 (occ)     1        -266.624          -7.931         -91.618         -61.069         -305.104
  611 (occ)     1        -266.623          -7.772         -91.640         -61.079         -304.956
  612 (occ)     1        -266.623          -7.772         -91.640         -61.079         -304.956
  613 (occ)     1        -266.623          -7.742         -91.632         -61.077         -304.919
  614 (occ)     1        -266.623          -7.742         -91.632         -61.077         -304.919
  615 (occ)     1        -266.622          -7.916         -91.621         -61.097         -305.061
  616 (occ)     1        -266.622          -7.916         -91.621         -61.097         -305.061
  617 (occ)     1        -266.622          -7.859         -91.619         -61.071         -305.029
  618 (occ)     1        -266.622          -7.859         -91.619         -61.071         -305.029
  619 (occ)     1        -266.621          -7.861         -91.622         -61.072         -305.032
  620 (occ)     1        -266.621          -7.861         -91.622         -61.072         -305.032
  621 (occ)     1        -266.617          -7.848         -91.619         -61.070         -305.015
  622 (occ)     1        -266.617          -7.848         -91.619         -61.070         -305.015
  623 (occ)     1        -266.617          -7.880         -91.619         -61.071         -305.044
  624 (occ)     1        -266.617          -7.880         -91.619         -61.071         -305.044
  625 (occ)     1        -266.615          -7.877         -91.601         -61.067         -305.026
  626 (occ)     1        -266.615          -7.877         -91.601         -61.067         -305.026
  627 (occ)     1        -266.614          -7.894         -91.608         -61.070         -305.046
  628 (occ)     1        -266.614          -7.894         -91.608         -61.070         -305.046
  629 (occ)     1        -266.610          -7.886         -91.547         -61.069         -304.974
  630 (occ)     1        -266.610          -7.886         -91.547         -61.069         -304.974
  631 (occ)     1        -266.596          -7.627         -91.591         -61.075         -304.740
  632 (occ)     1        -266.596          -7.627         -91.591         -61.075         -304.740
  633 (occ)     1        -266.596          -7.638         -91.592         -61.077         -304.749
  634 (occ)     1        -266.596          -7.638         -91.592         -61.077         -304.749
  635 (occ)     1        -266.403          -8.616         -91.555         -61.084         -305.489
  636 (occ)     1        -266.403          -8.616         -91.555         -61.084         -305.489
  637 (occ)     1        -266.398          -6.262         -91.559         -61.087         -303.131
  638 (occ)     1        -266.398          -6.262         -91.559         -61.087         -303.131
  639 (occ)     1        -266.398          -6.520         -91.564         -61.094         -303.388
  640 (occ)     1        -266.398          -6.520         -91.564         -61.094         -303.388
  641 (occ)     1        -266.362          -6.454         -91.567         -61.092         -303.291
  642 (occ)     1        -266.362          -6.454         -91.567         -61.092         -303.291
  643 (occ)     1        -266.362          -6.454         -91.568         -61.092         -303.291
  644 (occ)     1        -266.362          -6.454         -91.568         -61.092         -303.291
  645 (occ)     1        -266.353          -6.990         -91.643         -61.095         -303.890
  646 (occ)     1        -266.352          -6.990         -91.643         -61.095         -303.890
  647 (occ)     1        -266.352          -6.990         -91.643         -61.095         -303.890
  648 (occ)     1        -266.352          -6.990         -91.643         -61.095         -303.890
  649 (occ)     1        -266.352          -6.990         -91.644         -61.096         -303.890
  650 (occ)     1        -266.352          -6.990         -91.643         -61.096         -303.890
  651 (occ)     1        -266.352          -6.990         -91.644         -61.096         -303.890
  652 (occ)     1        -266.352          -6.990         -91.644         -61.096         -303.890
  653 (occ)     1        -266.352          -6.990         -91.644         -61.097         -303.891
  654 (occ)     1        -266.352          -6.990         -91.644         -61.096         -303.890
  655 (occ)     1        -266.352          -6.990         -91.645         -61.097         -303.891
  656 (occ)     1        -266.352          -6.991         -91.645         -61.097         -303.891
  657 (occ)     1        -266.352          -6.990         -91.644         -61.096         -303.891
  658 (occ)     1        -266.352          -6.991         -91.645         -61.097         -303.891
  659 (occ)     1        -266.352          -6.991         -91.644         -61.096         -303.891
  660 (occ)     1        -266.352          -6.991         -91.645         -61.097         -303.891
  661 (occ)     1        -266.352          -6.991         -91.644         -61.096         -303.891
  662 (occ)     1        -266.352          -6.991         -91.645         -61.097         -303.891
  663 (occ)     1        -266.352          -6.991         -91.644         -61.096         -303.891
  664 (occ)     1        -266.352          -6.991         -91.645         -61.097         -303.891
  665 (occ)     1        -266.352          -6.991         -91.645         -61.097         -303.891
  666 (occ)     1        -266.352          -6.991         -91.644         -61.097         -303.891
  667 (occ)     1        -266.352          -6.991         -91.645         -61.097         -303.891
  668 (occ)     1        -266.352          -6.991         -91.645         -61.097         -303.891
  669 (occ)     1        -266.352          -6.991         -91.645         -61.097         -303.891
  670 (occ)     1        -266.352          -6.991         -91.645         -61.097         -303.891
  671 (occ)     1        -266.352          -6.991         -91.645         -61.098         -303.891
  672 (occ)     1        -266.352          -6.991         -91.645         -61.097         -303.891
  673 (occ)     1        -266.352          -6.991         -91.646         -61.098         -303.891
  674 (occ)     1        -266.352          -6.991         -91.645         -61.097         -303.891
  675 (occ)     1        -266.352          -6.991         -91.646         -61.098         -303.891
  676 (occ)     1        -266.352          -6.991         -91.646         -61.098         -303.891
  677 (occ)     1        -266.352          -6.991         -91.646         -61.098         -303.891
  678 (occ)     1        -266.351          -6.992         -91.646         -61.098         -303.891
  679 (occ)     1        -266.351          -6.991         -91.646         -61.098         -303.891
  680 (occ)     1        -266.351          -6.992         -91.646         -61.098         -303.891
  681 (occ)     1        -266.351          -6.992         -91.646         -61.098         -303.891
  682 (occ)     1        -266.351          -6.992         -91.646         -61.099         -303.891
  683 (occ)     1        -266.351          -6.992         -91.646         -61.098         -303.891
  684 (occ)     1        -266.351          -6.992         -91.647         -61.099         -303.891
  685 (occ)     1        -266.351          -6.992         -91.647         -61.099         -303.891
  686 (occ)     1        -266.351          -6.992         -91.647         -61.099         -303.891
  687 (occ)     1        -266.351          -6.992         -91.647         -61.099         -303.891
  688 (occ)     1        -266.351          -6.992         -91.647         -61.099         -303.891
  689 (occ)     1        -266.351          -6.992         -91.647         -61.100         -303.891
  690 (occ)     1        -266.351          -6.992         -91.647         -61.099         -303.891
  691 (occ)     1        -266.351          -6.992         -91.648         -61.100         -303.891
  692 (occ)     1        -266.351          -6.992         -91.647         -61.100         -303.891
  693 (occ)     1        -266.351          -6.992         -91.648         -61.100         -303.891
  694 (occ)     1        -266.351          -6.992         -91.648         -61.100         -303.891
  695 (occ)     1        -266.351          -6.992         -91.648         -61.100         -303.891
  696 (occ)     1        -266.351          -6.992         -91.648         -61.100         -303.891
  697 (occ)     1        -266.351          -6.992         -91.648         -61.101         -303.891
  698 (occ)     1        -266.351          -6.992         -91.648         -61.101         -303.891
  699 (occ)     1        -266.351          -6.992         -91.649         -61.101         -303.891
  700 (occ)     1        -266.351          -6.992         -91.649         -61.101         -303.891
  701 (occ)     1        -266.351          -6.993         -91.649         -61.101         -303.891
  702 (occ)     1        -266.351          -6.993         -91.649         -61.102         -303.891
  703 (occ)     1        -266.351          -6.992         -91.649         -61.101         -303.891
  704 (occ)     1        -266.351          -6.993         -91.650         -61.102         -303.891
  705 (occ)     1        -266.351          -6.993         -91.649         -61.102         -303.891
  706 (occ)     1        -266.350          -6.993         -91.650         -61.102         -303.891
  707 (occ)     1        -266.350          -6.993         -91.650         -61.102         -303.891
  708 (occ)     1        -266.350          -6.993         -91.650         -61.103         -303.891
  709 (occ)     1        -266.350          -6.993         -91.650         -61.102         -303.891
  710 (occ)     1        -266.350          -6.993         -91.651         -61.103         -303.891
  711 (occ)     1        -266.350          -6.993         -91.651         -61.103         -303.891
  712 (occ)     1        -266.350          -6.993         -91.651         -61.104         -303.891
  713 (occ)     1        -266.350          -6.993         -91.652         -61.105         -303.891
  714 (occ)     1        -266.350          -6.993         -91.651         -61.103         -303.891
  715 (occ)     1        -266.350          -6.993         -91.651         -61.104         -303.891
  716 (occ)     1        -266.350          -6.993         -91.652         -61.104         -303.891
  717 (occ)     1        -266.350          -6.993         -91.652         -61.104         -303.891
  718 (occ)     1        -266.350          -6.993         -91.652         -61.105         -303.891
  719 (occ)     1        -266.350          -6.993         -91.652         -61.104         -303.891
  720 (occ)     1        -266.350          -6.993         -91.651         -61.103         -303.891
  721 (occ)     1        -266.350          -6.993         -91.651         -61.103         -303.891
  722 (occ)     1        -266.350          -6.993         -91.653         -61.105         -303.891
  723 (occ)     1        -266.350          -6.993         -91.652         -61.104         -303.891
  724 (occ)     1        -266.350          -6.993         -91.652         -61.104         -303.891
  725 (occ)     1        -266.350          -6.993         -91.650         -61.102         -303.890
  726 (occ)     1        -266.350          -6.993         -91.650         -61.102         -303.890
  727 (occ)     1        -266.350          -6.993         -91.651         -61.103         -303.890
  728 (occ)     1        -266.350          -6.993         -91.651         -61.103         -303.890
  729 (occ)     1        -266.350          -6.993         -91.650         -61.102         -303.890
  730 (occ)     1        -266.350          -6.993         -91.650         -61.102         -303.890
  731 (occ)     1        -266.349          -6.993         -91.650         -61.103         -303.890
  732 (occ)     1        -266.349          -6.993         -91.650         -61.103         -303.890
  733 (occ)     1        -266.349          -6.993         -91.649         -61.102         -303.889
  734 (occ)     1        -266.349          -6.993         -91.649         -61.102         -303.889
  735 (occ)     1        -266.349          -6.993         -91.650         -61.102         -303.889
  736 (occ)     1        -266.349          -6.993         -91.650         -61.102         -303.889
  737 (occ)     1        -266.349          -6.993         -91.649         -61.101         -303.889
  738 (occ)     1        -266.349          -6.993         -91.649         -61.101         -303.889
  739 (occ)     1        -266.348          -6.993         -91.649         -61.102         -303.889
  740 (occ)     1        -266.348          -6.993         -91.649         -61.102         -303.889
  741 (occ)     1        -266.348          -6.993         -91.649         -61.101         -303.888
  742 (occ)     1        -266.348          -6.993         -91.649         -61.101         -303.888
  743 (occ)     1        -266.348          -6.993         -91.649         -61.101         -303.888
  744 (occ)     1        -266.348          -6.993         -91.649         -61.101         -303.888
  745 (occ)     1        -266.347          -6.993         -91.648         -61.101         -303.887
  746 (occ)     1        -266.347          -6.993         -91.648         -61.101         -303.887
  747 (occ)     1        -266.347          -6.993         -91.649         -61.101         -303.887
  748 (occ)     1        -266.347          -6.993         -91.649         -61.101         -303.887
  749 (occ)     1        -266.345          -6.993         -91.648         -61.101         -303.886
  750 (occ)     1        -266.345          -6.993         -91.648         -61.101         -303.886
  751 (occ)     1        -266.345          -6.993         -91.648         -61.101         -303.886
  752 (occ)     1        -266.345          -6.993         -91.648         -61.101         -303.886
  753 (occ)     1        -266.345          -6.989         -91.596         -61.060         -303.870
  754 (occ)     1        -266.345          -6.989         -91.597         -61.061         -303.870
  755 (occ)     1        -266.344          -6.990         -91.597         -61.061         -303.870
  756 (occ)     1        -266.344          -6.990         -91.598         -61.062         -303.870
  757 (occ)     1        -266.344          -6.990         -91.598         -61.062         -303.870
  758 (occ)     1        -266.344          -6.990         -91.599         -61.063         -303.870
  759 (occ)     1        -266.344          -6.990         -91.599         -61.063         -303.870
  760 (occ)     1        -266.344          -6.990         -91.598         -61.063         -303.870
  761 (occ)     1        -266.344          -6.990         -91.600         -61.064         -303.870
  762 (occ)     1        -266.344          -6.990         -91.599         -61.063         -303.870
  763 (occ)     1        -266.344          -6.990         -91.600         -61.064         -303.870
  764 (occ)     1        -266.344          -6.990         -91.600         -61.064         -303.870
  765 (occ)     1        -266.344          -6.990         -91.600         -61.065         -303.870
  766 (occ)     1        -266.344          -6.990         -91.600         -61.064         -303.870
  767 (occ)     1        -266.344          -6.991         -91.601         -61.065         -303.870
  768 (occ)     1        -266.344          -6.990         -91.601         -61.065         -303.870
  769 (occ)     1        -266.344          -6.991         -91.601         -61.066         -303.870
  770 (occ)     1        -266.344          -6.991         -91.601         -61.065         -303.870
  771 (occ)     1        -266.343          -6.991         -91.602         -61.066         -303.870
  772 (occ)     1        -266.343          -6.991         -91.602         -61.066         -303.870
  773 (occ)     1        -266.343          -6.991         -91.602         -61.067         -303.870
  774 (occ)     1        -266.343          -6.991         -91.602         -61.067         -303.870
  775 (occ)     1        -266.343          -6.991         -91.603         -61.067         -303.870
  776 (occ)     1        -266.343          -6.991         -91.603         -61.068         -303.869
  777 (occ)     1        -266.343          -6.991         -91.603         -61.067         -303.870
  778 (occ)     1        -266.343          -6.991         -91.604         -61.068         -303.869
  779 (occ)     1        -266.343          -6.991         -91.604         -61.068         -303.870
  780 (occ)     1        -266.343          -6.991         -91.604         -61.069         -303.869
  781 (occ)     1        -266.343          -6.991         -91.604         -61.068         -303.870
  782 (occ)     1        -266.343          -6.993         -91.648         -61.101         -303.883
  783 (occ)     1        -266.343          -6.993         -91.648         -61.101         -303.883
  784 (occ)     1        -266.343          -6.993         -91.648         -61.100         -303.883
  785 (occ)     1        -266.343          -6.993         -91.648         -61.101         -303.883
  786 (occ)     1        -266.343          -6.991         -91.605         -61.070         -303.869
  787 (occ)     1        -266.343          -6.991         -91.605         -61.069         -303.870
  788 (occ)     1        -266.343          -6.991         -91.605         -61.070         -303.869
  789 (occ)     1        -266.343          -6.992         -91.605         -61.070         -303.870
  790 (occ)     1        -266.343          -6.991         -91.606         -61.071         -303.869
  791 (occ)     1        -266.343          -6.992         -91.606         -61.070         -303.870
  792 (occ)     1        -266.342          -6.991         -91.607         -61.071         -303.869
  793 (occ)     1        -266.342          -6.992         -91.606         -61.071         -303.870
  794 (occ)     1        -266.342          -6.991         -91.607         -61.072         -303.869
  795 (occ)     1        -266.342          -6.992         -91.607         -61.072         -303.870
  796 (occ)     1        -266.342          -6.991         -91.608         -61.073         -303.869
  797 (occ)     1        -266.342          -6.992         -91.608         -61.072         -303.869
  798 (occ)     1        -266.342          -6.992         -91.608         -61.073         -303.869
  799 (occ)     1        -266.342          -6.992         -91.608         -61.073         -303.869
  800 (occ)     1        -266.342          -6.992         -91.609         -61.074         -303.869
  801 (occ)     1        -266.342          -6.992         -91.609         -61.073         -303.869
  802 (occ)     1        -266.342          -6.992         -91.609         -61.074         -303.869
  803 (occ)     1        -266.342          -6.992         -91.609         -61.074         -303.869
  804 (occ)     1        -266.342          -6.992         -91.610         -61.075         -303.868
  805 (occ)     1        -266.342          -6.992         -91.610         -61.075         -303.869
  806 (occ)     1        -266.342          -6.992         -91.610         -61.075         -303.868
  807 (occ)     1        -266.342          -6.992         -91.610         -61.075         -303.869
  808 (occ)     1        -266.342          -6.992         -91.611         -61.076         -303.868
  809 (occ)     1        -266.342          -6.992         -91.611         -61.076         -303.869
  810 (occ)     1        -266.341          -6.992         -91.611         -61.076         -303.868
  811 (occ)     1        -266.341          -6.992         -91.611         -61.076         -303.869
  812 (occ)     1        -266.341          -6.992         -91.612         -61.077         -303.868
  813 (occ)     1        -266.341          -6.992         -91.612         -61.077         -303.869
  814 (occ)     1        -266.341          -6.992         -91.612         -61.077         -303.868
  815 (occ)     1        -266.341          -6.992         -91.612         -61.077         -303.868
  816 (occ)     1        -266.341          -6.992         -91.613         -61.078         -303.868
  817 (occ)     1        -266.341          -6.992         -91.613         -61.078         -303.868
  818 (occ)     1        -266.341          -6.991         -91.613         -61.078         -303.867
  819 (occ)     1        -266.341          -6.992         -91.613         -61.078         -303.868
  820 (occ)     1        -266.341          -6.991         -91.614         -61.079         -303.867
  821 (occ)     1        -266.341          -6.992         -91.614         -61.079         -303.868
  822 (occ)     1        -266.341          -6.992         -91.614         -61.079         -303.867
  823 (occ)     1        -266.341          -6.991         -91.614         -61.079         -303.867
  824 (occ)     1        -266.341          -6.991         -91.615         -61.080         -303.867
  825 (occ)     1        -266.341          -6.991         -91.614         -61.080         -303.867
  826 (occ)     1        -266.341          -6.992         -91.614         -61.079         -303.867
  827 (occ)     1        -266.341          -6.992         -91.614         -61.079         -303.867
  828 (occ)     1        -266.341          -6.991         -91.615         -61.081         -303.866
  829 (occ)     1        -266.341          -6.991         -91.615         -61.080         -303.866
  830 (occ)     1        -266.341          -6.991         -91.615         -61.081         -303.866
  831 (occ)     1        -266.341          -6.992         -91.613         -61.079         -303.867
  832 (occ)     1        -266.341          -6.992         -91.613         -61.079         -303.867
  833 (occ)     1        -266.341          -6.991         -91.614         -61.080         -303.866
  834 (occ)     1        -266.341          -6.991         -91.614         -61.080         -303.866
  835 (occ)     1        -266.341          -6.991         -91.614         -61.079         -303.866
  836 (occ)     1        -266.341          -6.991         -91.614         -61.079         -303.866
  837 (occ)     1        -266.341          -6.992         -91.613         -61.078         -303.867
  838 (occ)     1        -266.341          -6.992         -91.613         -61.078         -303.867
  839 (occ)     1        -266.341          -6.991         -91.613         -61.079         -303.866
  840 (occ)     1        -266.341          -6.991         -91.613         -61.079         -303.866
  841 (occ)     1        -266.340          -6.992         -91.612         -61.077         -303.867
  842 (occ)     1        -266.340          -6.992         -91.612         -61.077         -303.867
  843 (occ)     1        -266.340          -6.991         -91.613         -61.078         -303.866
  844 (occ)     1        -266.340          -6.991         -91.613         -61.078         -303.866
  845 (occ)     1        -266.340          -6.992         -91.611         -61.076         -303.867
  846 (occ)     1        -266.340          -6.992         -91.611         -61.076         -303.867
  847 (occ)     1        -266.340          -6.991         -91.612         -61.077         -303.866
  848 (occ)     1        -266.340          -6.991         -91.612         -61.077         -303.866
  849 (occ)     1        -266.339          -6.992         -91.611         -61.076         -303.867
  850 (occ)     1        -266.339          -6.992         -91.611         -61.076         -303.867
  851 (occ)     1        -266.339          -6.993         -91.647         -61.100         -303.879
  852 (occ)     1        -266.339          -6.993         -91.647         -61.100         -303.879
  853 (occ)     1        -266.339          -6.994         -91.632         -61.090         -303.876
  854 (occ)     1        -266.339          -6.994         -91.632         -61.090         -303.876
  855 (occ)     1        -266.339          -6.994         -91.627         -61.087         -303.873
  856 (occ)     1        -266.339          -6.994         -91.627         -61.087         -303.873
  857 (occ)     1        -266.339          -6.992         -91.610         -61.075         -303.866
  858 (occ)     1        -266.339          -6.992         -91.610         -61.075         -303.866
  859 (occ)     1        -266.339          -6.992         -91.611         -61.076         -303.865
  860 (occ)     1        -266.339          -6.992         -91.611         -61.076         -303.865
  861 (occ)     1        -266.338          -6.993         -91.610         -61.075         -303.865
  862 (occ)     1        -266.338          -6.993         -91.610         -61.075         -303.865
  863 (occ)     1        -266.337          -6.992         -91.611         -61.076         -303.864
  864 (occ)     1        -266.337          -6.992         -91.611         -61.076         -303.864
  865 (occ)     1        -266.336          -6.993         -91.609         -61.074         -303.864
  866 (occ)     1        -266.336          -6.993         -91.609         -61.074         -303.864
  867 (occ)     1        -266.336          -6.993         -91.610         -61.076         -303.863
  868 (occ)     1        -266.336          -6.993         -91.610         -61.076         -303.863
  869 (occ)     1        -266.334          -6.993         -91.609         -61.074         -303.862
  870 (occ)     1        -266.334          -6.993         -91.609         -61.074         -303.862
  871 (occ)     1        -266.334          -6.993         -91.611         -61.076         -303.861
  872 (occ)     1        -266.334          -6.993         -91.611         -61.076         -303.861
  873 (occ)     1        -266.333          -6.987         -91.644         -61.100         -303.864
  874 (occ)     1        -266.333          -6.987         -91.644         -61.100         -303.864
  875 (occ)     1        -266.333          -6.987         -91.644         -61.100         -303.864
  876 (occ)     1        -266.333          -6.987         -91.644         -61.100         -303.864
  877 (occ)     1        -266.330          -6.993         -91.609         -61.074         -303.858
  878 (occ)     1        -266.330          -6.993         -91.609         -61.074         -303.858
  879 (occ)     1        -266.330          -6.993         -91.610         -61.075         -303.857
  880 (occ)     1        -266.330          -6.993         -91.610         -61.075         -303.857
  881 (occ)     1        -266.324          -6.987         -91.605         -61.073         -303.843
  882 (occ)     1        -266.324          -6.987         -91.605         -61.073         -303.843
  883 (occ)     1        -266.324          -6.987         -91.606         -61.075         -303.842
  884 (occ)     1        -266.324          -6.987         -91.606         -61.075         -303.842
  885 (occ)     1        -266.320          -6.952         -91.623         -61.097         -303.797
  886 (occ)     1        -266.320          -6.952         -91.623         -61.097         -303.797
  887 (occ)     1        -266.320          -6.952         -91.623         -61.098         -303.797
  888 (occ)     1        -266.320          -6.952         -91.623         -61.098         -303.797
  889 (occ)     1        -266.309          -6.968         -91.595         -61.076         -303.796
  890 (occ)     1        -266.309          -6.968         -91.595         -61.076         -303.796
  891 (occ)     1        -266.309          -6.968         -91.596         -61.077         -303.795
  892 (occ)     1        -266.309          -6.968         -91.596         -61.077         -303.795
  893 (occ)     1        -266.233          -6.863         -91.579         -61.087         -303.588
  894 (occ)     1        -266.233          -6.863         -91.579         -61.087         -303.588
  895 (occ)     1        -266.233          -6.863         -91.579         -61.087         -303.588
  896 (occ)     1        -266.233          -6.863         -91.579         -61.087         -303.588
  897 (occ)     1         -23.106           8.387         -26.792         -17.010          -24.501
  898 (occ)     1         -23.104           8.386         -26.792         -17.010          -24.500
  899 (occ)     1         -23.102           8.385         -26.791         -17.010          -24.498
  900 (occ)     1         -23.099           8.383         -26.790         -17.011          -24.496
  901 (occ)     1         -23.095           8.380         -26.789         -17.011          -24.493
  902 (occ)     1         -23.091           8.378         -26.788         -17.011          -24.490
  903 (occ)     1         -23.086           8.374         -26.786         -17.012          -24.486
  904 (occ)     1         -23.081           8.371         -26.784         -17.012          -24.482
  905 (occ)     1         -23.075           8.367         -26.782         -17.012          -24.477
  906 (occ)     1         -23.068           8.362         -26.779         -17.013          -24.472
  907 (occ)     1         -23.061           8.358         -26.777         -17.013          -24.466
  908 (occ)     1         -23.052           8.353         -26.774         -17.014          -24.459
  909 (occ)     1         -23.044           8.348         -26.770         -17.014          -24.451
  910 (occ)     1         -23.034           8.343         -26.767         -17.015          -24.443
  911 (occ)     1         -23.024           8.338         -26.763         -17.016          -24.434
  912 (occ)     1         -23.014           8.332         -26.759         -17.017          -24.424
  913 (occ)     1         -23.002           8.327         -26.755         -17.017          -24.413
  914 (occ)     1         -22.990           8.321         -26.750         -17.018          -24.402
  915 (occ)     1         -22.977           8.314         -26.745         -17.019          -24.389
  916 (occ)     1         -22.964           8.308         -26.740         -17.020          -24.376
  917 (occ)     1         -22.950           8.301         -26.735         -17.021          -24.362
  918 (occ)     1         -22.935           8.294         -26.730         -17.022          -24.348
  919 (occ)     1         -22.919           8.287         -26.724         -17.023          -24.333
  920 (occ)     1         -22.903           8.280         -26.718         -17.024          -24.317
  921 (occ)     1         -22.886           8.272         -26.711         -17.025          -24.300
  922 (occ)     1         -22.868           8.264         -26.705         -17.026          -24.282
  923 (occ)     1         -22.850           8.256         -26.698         -17.028          -24.264
  924 (occ)     1         -22.831           8.247         -26.691         -17.029          -24.245
  925 (occ)     1         -22.811           8.239         -26.683         -17.030          -24.226
  926 (occ)     1         -22.791           8.229         -26.676         -17.032          -24.206
  927 (occ)     1         -22.770           8.220         -26.668         -17.033          -24.185
  928 (occ)     1         -22.748           8.210         -26.660         -17.034          -24.163
  929 (occ)     1         -22.725           8.200         -26.651         -17.036          -24.140
  930 (occ)     1         -22.702           8.190         -26.643         -17.037          -24.117
  931 (occ)     1         -22.678           8.179         -26.634         -17.039          -24.094
  932 (occ)     1         -22.654           8.169         -26.624         -17.040          -24.069
  933 (occ)     1         -22.628           8.157         -26.615         -17.042          -24.044
  934 (occ)     1         -22.602           8.146         -26.605         -17.044          -24.018
  935 (occ)     1         -22.576           8.134         -26.595         -17.045          -23.991
  936 (occ)     1         -22.548           8.122         -26.585         -17.047          -23.964
  937 (occ)     1         -22.520           8.110         -26.574         -17.049          -23.936
  938 (occ)     1         -22.492           8.097         -26.564         -17.051          -23.907
  939 (occ)     1         -22.462           8.085         -26.553         -17.053          -23.878
  940 (occ)     1         -22.432           8.072         -26.541         -17.055          -23.847
  941 (occ)     1         -22.402           8.058         -26.530         -17.057          -23.816
  942 (occ)     1         -22.370           8.044         -26.518         -17.059          -23.785
  943 (occ)     1         -22.338           8.030         -26.506         -17.061          -23.753
  944 (occ)     1         -22.305           8.016         -26.494         -17.063          -23.720
  945 (occ)     1         -22.272           8.002         -26.481         -17.065          -23.686
  946 (occ)     1         -22.253           8.044         -26.505         -17.054          -23.661
  947 (occ)     1         -22.252           8.044         -26.505         -17.054          -23.659
  948 (occ)     1         -22.249           8.042         -26.504         -17.054          -23.657
  949 (occ)     1         -22.246           8.040         -26.503         -17.054          -23.655
  950 (occ)     1         -22.243           8.038         -26.502         -17.054          -23.652
  951 (occ)     1         -22.239           8.036         -26.501         -17.055          -23.649
  952 (occ)     1         -22.238           7.987         -26.468         -17.068          -23.652
  953 (occ)     1         -22.234           8.033         -26.499         -17.055          -23.646
  954 (occ)     1         -22.228           8.029         -26.497         -17.055          -23.641
  955 (occ)     1         -22.222           8.025         -26.495         -17.056          -23.636
  956 (occ)     1         -22.216           8.022         -26.493         -17.056          -23.630
  957 (occ)     1         -22.208           8.017         -26.490         -17.057          -23.624
  958 (occ)     1         -22.203           7.972         -26.455         -17.070          -23.617
  959 (occ)     1         -22.200           8.013         -26.487         -17.057          -23.617
  960 (occ)     1         -22.192           8.008         -26.484         -17.058          -23.609
  961 (occ)     1         -22.182           8.003         -26.480         -17.059          -23.600
  962 (occ)     1         -22.172           7.998         -26.476         -17.059          -23.591
  963 (occ)     1         -22.168           7.957         -26.442         -17.072          -23.581
  964 (occ)     1         -22.161           7.993         -26.472         -17.060          -23.581
  965 (occ)     1         -22.150           7.988         -26.468         -17.061          -23.570
  966 (occ)     1         -22.138           7.982         -26.463         -17.062          -23.558
  967 (occ)     1         -22.132           7.941         -26.429         -17.075          -23.545
  968 (occ)     1         -22.125           7.976         -26.459         -17.063          -23.546
  969 (occ)     1         -22.112           7.970         -26.454         -17.063          -23.532
  970 (occ)     1         -22.098           7.963         -26.448         -17.064          -23.519
  971 (occ)     1         -22.096           7.925         -26.415         -17.077          -23.509
  972 (occ)     1         -22.083           7.956         -26.443         -17.066          -23.504
  973 (occ)     1         -22.068           7.950         -26.437         -17.067          -23.489
  974 (occ)     1         -22.059           7.909         -26.401         -17.080          -23.471
  975 (occ)     1         -22.052           7.942         -26.431         -17.068          -23.473
  976 (occ)     1         -22.035           7.935         -26.425         -17.069          -23.456
  977 (occ)     1         -22.022           7.893         -26.387         -17.083          -23.434
  978 (occ)     1         -22.017           7.927         -26.418         -17.070          -23.438
  979 (occ)     1         -21.999           7.919         -26.411         -17.071          -23.420
  980 (occ)     1         -21.984           7.876         -26.373         -17.086          -23.395
  981 (occ)     1         -21.981           7.911         -26.404         -17.073          -23.401
  982 (occ)     1         -21.961           7.902         -26.397         -17.074          -23.382
  983 (occ)     1         -21.947           7.860         -26.359         -17.089          -23.357
  984 (occ)     1         -21.941           7.894         -26.390         -17.076          -23.361
  985 (occ)     1         -21.920           7.885         -26.382         -17.077          -23.340
  986 (occ)     1         -21.909           7.843         -26.345         -17.092          -23.318
  987 (occ)     1         -21.899           7.875         -26.374         -17.079          -23.319
  988 (occ)     1         -21.877           7.866         -26.366         -17.080          -23.296
  989 (occ)     1         -21.871           7.826         -26.331         -17.096          -23.280
  990 (occ)     1         -21.854           7.856         -26.357         -17.082          -23.273
  991 (occ)     1         -21.835           7.810         -26.317         -17.100          -23.242
  992 (occ)     1         -21.831           7.846         -26.349         -17.084          -23.250
  993 (occ)     1         -21.807           7.836         -26.340         -17.086          -23.225
  994 (occ)     1         -21.801           7.797         -26.305         -17.105          -23.205
  995 (occ)     1         -21.782           7.825         -26.331         -17.087          -23.200
  996 (occ)     1         -21.773           7.788         -26.295         -17.110          -23.170
  997 (occ)     1         -21.757           7.814         -26.321         -17.089          -23.174
  998 (occ)     1         -21.754           7.788         -26.288         -17.115          -23.140
  999 (occ)     1         -21.731           7.803         -26.312         -17.091          -23.148
 1000 (occ)     1         -21.705           7.792         -26.302         -17.093          -23.121
 1001 (occ)     1         -21.677           7.781         -26.292         -17.095          -23.093
 1002 (occ)     1         -21.650           7.769         -26.281         -17.098          -23.064
 1003 (occ)     1         -21.621           7.757         -26.271         -17.100          -23.035
 1004 (occ)     1         -21.593           7.745         -26.260         -17.102          -23.006
 1005 (occ)     1         -21.567           7.746         -26.216         -17.095          -22.942
 1006 (occ)     1         -21.563           7.732         -26.249         -17.105          -22.976
 1007 (occ)     1         -21.541           7.726         -26.207         -17.099          -22.923
 1008 (occ)     1         -21.533           7.719         -26.238         -17.107          -22.945
 1009 (occ)     1         -21.507           7.704         -26.194         -17.103          -22.894
 1010 (occ)     1         -21.503           7.707         -26.227         -17.110          -22.913
 1011 (occ)     1         -21.472           7.693         -26.215         -17.112          -22.881
 1012 (occ)     1         -21.468           7.682         -26.179         -17.107          -22.858
 1013 (occ)     1         -21.441           7.680         -26.204         -17.115          -22.849
 1014 (occ)     1         -21.426           7.661         -26.163         -17.111          -22.817
 1015 (occ)     1         -21.409           7.666         -26.192         -17.118          -22.816
 1016 (occ)     1         -21.382           7.641         -26.146         -17.114          -22.773
 1017 (occ)     1         -21.377           7.653         -26.180         -17.121          -22.783
 1018 (occ)     1         -21.344           7.639         -26.168         -17.124          -22.749
 1019 (occ)     1         -21.336           7.620         -26.129         -17.118          -22.727
 1020 (occ)     1         -21.312           7.625         -26.156         -17.127          -22.716
 1021 (occ)     1         -21.289           7.600         -26.112         -17.122          -22.679
 1022 (occ)     1         -21.279           7.611         -26.144         -17.131          -22.682
 1023 (occ)     1         -21.247           7.596         -26.132         -17.134          -22.648
 1024 (occ)     1         -21.241           7.580         -26.094         -17.126          -22.629
 1025 (occ)     1         -21.215           7.582         -26.120         -17.138          -22.615
 1026 (occ)     1         -21.193           7.559         -26.076         -17.130          -22.579
 1027 (occ)     1         -21.183           7.568         -26.108         -17.142          -22.582
 1028 (occ)     1         -21.153           7.554         -26.097         -17.146          -22.550
 1029 (occ)     1         -21.143           7.539         -26.057         -17.134          -22.528
 1030 (occ)     1         -21.124           7.541         -26.087         -17.151          -22.519
 1031 (occ)     1         -21.098           7.530         -26.077         -17.155          -22.490
 1032 (occ)     1         -21.093           7.518         -26.039         -17.138          -22.476
 1033 (occ)     1         -21.074           7.520         -26.068         -17.160          -22.463
 1034 (occ)     1         -21.056           7.513         -26.061         -17.164          -22.440
 1035 (occ)     1         -21.043           7.511         -26.056         -17.167          -22.421
 1036 (occ)     1         -21.042           7.498         -26.020         -17.142          -22.423
 1037 (occ)     1         -21.037           7.517         -26.054         -17.170          -22.403
 1038 (occ)     1         -20.991           7.477         -26.001         -17.146          -22.369
 1039 (occ)     1         -20.939           7.456         -25.982         -17.150          -22.315
 1040 (occ)     1         -20.887           7.435         -25.963         -17.154          -22.261
 1041 (occ)     1         -20.834           7.414         -25.944         -17.158          -22.206
 1042 (occ)     1         -20.830           7.408         -25.980         -17.076          -22.327
 1043 (occ)     1         -20.829           7.407         -25.980         -17.076          -22.326
 1044 (occ)     1         -20.827           7.406         -25.979         -17.076          -22.324
 1045 (occ)     1         -20.824           7.404         -25.978         -17.076          -22.322
 1046 (occ)     1         -20.820           7.402         -25.977         -17.077          -22.319
 1047 (occ)     1         -20.816           7.400         -25.976         -17.077          -22.316
 1048 (occ)     1         -20.812           7.397         -25.974         -17.077          -22.312
 1049 (occ)     1         -20.807           7.394         -25.973         -17.078          -22.308
 1050 (occ)     1         -20.801           7.390         -25.971         -17.078          -22.303
 1051 (occ)     1         -20.795           7.387         -25.968         -17.079          -22.297
 1052 (occ)     1         -20.788           7.383         -25.966         -17.080          -22.291
 1053 (occ)     1         -20.782           7.387         -25.936         -17.140          -22.190
 1054 (occ)     1         -20.780           7.384         -25.954         -17.102          -22.247
 1055 (occ)     1         -20.772           7.375         -25.961         -17.081          -22.277
 1056 (occ)     1         -20.763           7.371         -25.957         -17.083          -22.267
 1057 (occ)     1         -20.754           7.366         -25.954         -17.084          -22.259
 1058 (occ)     1         -20.744           7.362         -25.951         -17.085          -22.249
 1059 (occ)     1         -20.734           7.357         -25.944         -17.092          -22.230
 1060 (occ)     1         -20.728           7.372         -25.910         -17.160          -22.107
 1061 (occ)     1         -20.722           7.352         -25.943         -17.087          -22.227
 1062 (occ)     1         -20.711           7.347         -25.939         -17.089          -22.213
 1063 (occ)     1         -20.698           7.341         -25.934         -17.090          -22.202
 1064 (occ)     1         -20.685           7.336         -25.930         -17.091          -22.188
 1065 (occ)     1         -20.677           7.349         -25.893         -17.161          -22.060
 1066 (occ)     1         -20.671           7.333         -25.921         -17.102          -22.157
 1067 (occ)     1         -20.658           7.324         -25.920         -17.094          -22.160
 1068 (occ)     1         -20.643           7.318         -25.915         -17.096          -22.144
 1069 (occ)     1         -20.629           7.315         -25.903         -17.110          -22.107
 1070 (occ)     1         -20.624           7.330         -25.878         -17.162          -22.010
 1071 (occ)     1         -20.613           7.306         -25.904         -17.100          -22.111
 1072 (occ)     1         -20.596           7.300         -25.899         -17.102          -22.094
 1073 (occ)     1         -20.592           7.377         -25.891         -17.132          -21.974
 1074 (occ)     1         -20.580           7.295         -25.890         -17.110          -22.066
 1075 (occ)     1         -20.578           7.369         -25.887         -17.135          -21.961
 1076 (occ)     1         -20.575           7.312         -25.859         -17.172          -21.949
 1077 (occ)     1         -20.563           7.286         -25.887         -17.107          -22.057
 1078 (occ)     1         -20.557           7.357         -25.879         -17.139          -21.939
 1079 (occ)     1         -20.546           7.280         -25.881         -17.109          -22.038
 1080 (occ)     1         -20.530           7.294         -25.847         -17.168          -21.916
 1081 (occ)     1         -20.529           7.343         -25.869         -17.143          -21.912
 1082 (occ)     1         -20.529           7.276         -25.869         -17.125          -21.998
 1083 (occ)     1         -20.512           7.267         -25.869         -17.115          -21.998
 1084 (occ)     1         -20.498           7.327         -25.858         -17.148          -21.880
 1085 (occ)     1         -20.495           7.261         -25.862         -17.119          -21.976
 1086 (occ)     1         -20.491           7.281         -25.832         -17.178          -21.863
 1087 (occ)     1         -20.478           7.257         -25.856         -17.124          -21.953
 1088 (occ)     1         -20.464           7.252         -25.846         -17.138          -21.920
 1089 (occ)     1         -20.462           7.311         -25.845         -17.153          -21.844
 1090 (occ)     1         -20.461           7.272         -25.833         -17.164          -21.858
 1091 (occ)     1         -20.452           7.252         -25.843         -17.138          -21.904
 1092 (occ)     1         -20.446           7.266         -25.832         -17.159          -21.852
 1093 (occ)     1         -20.444           7.259         -25.837         -17.148          -21.874
 1094 (occ)     1         -20.424           7.293         -25.831         -17.158          -21.804
 1095 (occ)     1         -20.383           7.275         -25.816         -17.162          -21.762
 1096 (occ)     1         -20.341           7.257         -25.800         -17.167          -21.718
 1097 (occ)     1         -20.336           7.015         -25.777         -17.118          -21.980
 1098 (occ)     1         -20.336           7.015         -25.777         -17.118          -21.980
 1099 (occ)     1         -20.297           7.238         -25.784         -17.172          -21.671
 1100 (occ)     1         -20.251           7.219         -25.768         -17.176          -21.624
 1101 (occ)     1         -20.204           7.200         -25.751         -17.181          -21.575
 1102 (occ)     1         -20.194           7.167         -25.753         -17.147          -21.633
 1103 (occ)     1         -20.194           7.165         -25.754         -17.145          -21.638
 1104 (occ)     1         -20.178           7.154         -25.750         -17.146          -21.627
 1105 (occ)     1         -20.177           7.160         -25.744         -17.153          -21.609
 1106 (occ)     1         -20.157           7.181         -25.734         -17.185          -21.524
 1107 (occ)     1         -20.156           7.143         -25.743         -17.149          -21.607
 1108 (occ)     1         -20.151           7.146         -25.734         -17.159          -21.580
 1109 (occ)     1         -20.130           7.134         -25.730         -17.158          -21.568
 1110 (occ)     1         -20.121           7.126         -25.729         -17.156          -21.568
 1111 (occ)     1         -20.108           7.161         -25.716         -17.190          -21.473
 1112 (occ)     1         -20.096           7.127         -25.711         -17.174          -21.506
 1113 (occ)     1         -20.092           7.108         -25.723         -17.154          -21.552
 1114 (occ)     1         -20.063           7.096         -25.714         -17.157          -21.523
 1115 (occ)     1         -20.058           7.141         -25.698         -17.195          -21.421
 1116 (occ)     1         -20.055           7.109         -25.695         -17.181          -21.461
 1117 (occ)     1         -20.031           7.088         -25.698         -17.169          -21.471
 1118 (occ)     1         -20.017           7.079         -25.694         -17.169          -21.463
 1119 (occ)     1         -20.008           7.121         -25.680         -17.199          -21.368
 1120 (occ)     1         -19.991           7.086         -25.670         -17.194          -21.381
 1121 (occ)     1         -19.985           7.061         -25.688         -17.166          -21.447
 1122 (occ)     1         -19.956           7.101         -25.662         -17.204          -21.314
 1123 (occ)     1         -19.955           7.048         -25.677         -17.170          -21.414
 1124 (occ)     1         -19.944           7.063         -25.657         -17.196          -21.341
 1125 (occ)     1         -19.922           7.044         -25.657         -17.186          -21.348
 1126 (occ)     1         -19.906           7.029         -25.658         -17.179          -21.356
 1127 (occ)     1         -19.905           7.080         -25.643         -17.208          -21.259
 1128 (occ)     1         -19.876           7.044         -25.628         -17.213          -21.247
 1129 (occ)     1         -19.875           7.013         -25.650         -17.178          -21.335
 1130 (occ)     1         -19.852           7.059         -25.625         -17.213          -21.204
 1131 (occ)     1         -19.846           7.002         -25.637         -17.185          -21.296
 1132 (occ)     1         -19.830           7.006         -25.627         -17.197          -21.254
 1133 (occ)     1         -19.809           7.011         -25.608         -17.216          -21.191
 1134 (occ)     1         -19.800           6.982         -25.623         -17.188          -21.254
 1135 (occ)     1         -19.799           7.039         -25.606         -17.218          -21.148
 1136 (occ)     1         -19.775           6.970         -25.613         -17.191          -21.226
 1137 (occ)     1         -19.763           6.983         -25.602         -17.207          -21.175
 1138 (occ)     1         -19.745           7.018         -25.587         -17.222          -21.092
 1139 (occ)     1         -19.745           6.982         -25.587         -17.221          -21.128
 1140 (occ)     1         -19.740           6.958         -25.600         -17.195          -21.187
 1141 (occ)     1         -19.724           6.951         -25.592         -17.199          -21.165
 1142 (occ)     1         -19.717           6.955         -25.591         -17.199          -21.154
 1143 (occ)     1         -19.711           6.954         -25.589         -17.199          -21.147
 1144 (occ)     1         -19.691           6.996         -25.568         -17.227          -21.036
 1145 (occ)     1         -19.685           6.974         -25.557         -17.248          -21.019
 1146 (occ)     1         -19.637           6.975         -25.548         -17.231          -20.979
 1147 (occ)     1         -19.623           6.957         -25.536         -17.259          -20.943
 1148 (occ)     1         -19.582           6.953         -25.529         -17.236          -20.921
 1149 (occ)     1         -19.559           6.935         -25.517         -17.268          -20.872
 1150 (occ)     1         -19.527           6.932         -25.509         -17.240          -20.864
 1151 (occ)     1         -19.493           6.913         -25.498         -17.277          -20.801
 1152 (occ)     1         -19.472           6.910         -25.490         -17.244          -20.807
 1153 (occ)     1         -19.427           6.889         -25.479         -17.286          -20.731
 1154 (occ)     1         -19.416           6.888         -25.471         -17.248          -20.751
 1155 (occ)     1         -19.361           6.866         -25.451         -17.251          -20.696
 1156 (occ)     1         -19.360           6.866         -25.461         -17.296          -20.660
 1157 (occ)     1         -19.307           6.843         -25.432         -17.254          -20.642
 1158 (occ)     1         -19.293           6.842         -25.443         -17.306          -20.589
 1159 (occ)     1         -19.254           6.820         -25.413         -17.256          -20.590
 1160 (occ)     1         -19.225           6.818         -25.426         -17.316          -20.517
 1161 (occ)     1         -19.201           6.797         -25.394         -17.257          -20.542
 1162 (occ)     1         -19.157           6.794         -25.410         -17.326          -20.447
 1163 (occ)     1         -19.151           6.773         -25.377         -17.256          -20.499
 1164 (occ)     1         -19.126           6.817         -25.527         -17.285          -20.550
 1165 (occ)     1         -19.116           6.811         -25.523         -17.287          -20.541
 1166 (occ)     1         -19.104           6.749         -25.361         -17.253          -20.463
 1167 (occ)     1         -19.101           6.803         -25.517         -17.289          -20.526
 1168 (occ)     1         -19.091           6.773         -25.413         -17.329          -20.402
 1169 (occ)     1         -19.079           6.789         -25.493         -17.299          -20.484
 1170 (occ)     1         -19.061           6.724         -25.347         -17.247          -20.437
 1171 (occ)     1         -19.057           6.778         -25.500         -17.296          -20.483
 1172 (occ)     1         -19.039           6.643         -25.343         -17.122          -20.617
 1173 (occ)     1         -19.038           6.642         -25.343         -17.123          -20.616
 1174 (occ)     1         -19.036           6.641         -25.343         -17.123          -20.615
 1175 (occ)     1         -19.034           6.640         -25.343         -17.124          -20.613
 1176 (occ)     1         -19.031           6.639         -25.343         -17.125          -20.610
 1177 (occ)     1         -19.029           6.765         -25.492         -17.300          -20.456
 1178 (occ)     1         -19.028           6.637         -25.343         -17.126          -20.608
 1179 (occ)     1         -19.025           6.639         -25.342         -17.135          -20.592
 1180 (occ)     1         -19.024           6.695         -25.337         -17.229          -20.437
 1181 (occ)     1         -19.021           6.633         -25.342         -17.128          -20.602
 1182 (occ)     1         -19.021           6.747         -25.390         -17.344          -20.319
 1183 (occ)     1         -19.017           6.631         -25.342         -17.130          -20.597
 1184 (occ)     1         -19.012           6.628         -25.342         -17.132          -20.594
 1185 (occ)     1         -19.007           6.626         -25.341         -17.134          -20.588
 1186 (occ)     1         -19.002           6.623         -25.341         -17.137          -20.583
 1187 (occ)     1         -18.997           6.751         -25.474         -17.308          -20.412
 1188 (occ)     1         -18.996           6.621         -25.341         -17.139          -20.577
 1189 (occ)     1         -18.994           6.669         -25.330         -17.220          -20.435
 1190 (occ)     1         -18.990           6.625         -25.340         -17.147          -20.558
 1191 (occ)     1         -18.984           6.616         -25.340         -17.144          -20.564
 1192 (occ)     1         -18.978           6.615         -25.340         -17.147          -20.555
 1193 (occ)     1         -18.972           6.620         -25.334         -17.170          -20.516
 1194 (occ)     1         -18.970           6.649         -25.332         -17.194          -20.459
 1195 (occ)     1         -18.968           6.734         -25.460         -17.315          -20.380
 1196 (occ)     1         -18.965           6.611         -25.338         -17.154          -20.539
 1197 (occ)     1         -18.959           6.612         -25.338         -17.159          -20.527
 1198 (occ)     1         -18.956           6.634         -25.328         -17.198          -20.452
 1199 (occ)     1         -18.953           6.619         -25.336         -17.168          -20.503
 1200 (occ)     1         -18.949           6.610         -25.335         -17.168          -20.506
 1201 (occ)     1         -18.948           6.726         -25.381         -17.355          -20.248
 1202 (occ)     1         -18.947           6.635         -25.329         -17.193          -20.448
 1203 (occ)     1         -18.945           6.617         -25.335         -17.173          -20.489
 1204 (occ)     1         -18.943           6.616         -25.331         -17.184          -20.473
 1205 (occ)     1         -18.942           6.613         -25.333         -17.178          -20.485
 1206 (occ)     1         -18.931           6.720         -25.460         -17.316          -20.356
 1207 (occ)     1         -18.893           6.705         -25.450         -17.322          -20.316
 1208 (occ)     1         -18.881           6.700         -25.364         -17.369          -20.176
 1209 (occ)     1         -18.853           6.690         -25.434         -17.333          -20.263
 1210 (occ)     1         -18.821           6.675         -25.402         -17.351          -20.197
 1211 (occ)     1         -18.803           6.676         -25.374         -17.372          -20.129
 1212 (occ)     1         -18.776           6.658         -25.417         -17.344          -20.191
 1213 (occ)     1         -18.739           6.654         -25.341         -17.401          -20.024
 1214 (occ)     1         -18.732           6.642         -25.410         -17.350          -20.150
 1215 (occ)     1         -18.707           6.360         -25.373         -17.259          -20.461
 1216 (occ)     1         -18.707           6.360         -25.373         -17.259          -20.461
 1217 (occ)     1         -18.688           6.626         -25.399         -17.359          -20.103
 1218 (occ)     1         -18.672           6.630         -25.336         -17.414          -19.964
 1219 (occ)     1         -18.642           6.611         -25.385         -17.373          -20.044
 1220 (occ)     1         -18.637           6.552         -25.379         -17.302          -20.162
 1221 (occ)     1         -18.637           6.554         -25.377         -17.303          -20.157
 1222 (occ)     1         -18.630           6.546         -25.382         -17.305          -20.161
 1223 (occ)     1         -18.629           6.552         -25.375         -17.308          -20.144
 1224 (occ)     1         -18.619           6.541         -25.383         -17.310          -20.150
 1225 (occ)     1         -18.615           6.543         -25.379         -17.313          -20.139
 1226 (occ)     1         -18.610           6.601         -25.355         -17.401          -19.962
 1227 (occ)     1         -18.604           6.545         -25.373         -17.320          -20.112
 1228 (occ)     1         -18.600           6.525         -25.394         -17.317          -20.152
 1229 (occ)     1         -18.591           6.600         -25.351         -17.412          -19.930
 1230 (occ)     1         -18.584           6.514         -25.403         -17.324          -20.150
 1231 (occ)     1         -18.583           6.549         -25.357         -17.334          -20.057
 1232 (occ)     1         -18.568           6.513         -25.399         -17.334          -20.120
 1233 (occ)     1         -18.559           6.578         -25.368         -17.387          -19.961
 1234 (occ)     1         -18.558           6.514         -25.398         -17.340          -20.102
 1235 (occ)     1         -18.544           6.540         -25.346         -17.351          -19.999
 1236 (occ)     1         -18.540           6.494         -25.424         -17.348          -20.122
 1237 (occ)     1         -18.528           6.585         -25.327         -17.453          -19.817
 1238 (occ)     1         -18.522           6.489         -25.429         -17.359          -20.103
 1239 (occ)     1         -18.512           6.509         -25.390         -17.366          -20.027
 1240 (occ)     1         -18.511           6.561         -25.363         -17.392          -19.921
 1241 (occ)     1         -18.500           6.520         -25.355         -17.369          -19.966
 1242 (occ)     1         -18.491           6.477         -25.449         -17.379          -20.084
 1243 (occ)     1         -18.473           6.471         -25.458         -17.391          -20.069
 1244 (occ)     1         -18.464           6.544         -25.355         -17.401          -19.874
 1245 (occ)     1         -18.462           6.499         -25.390         -17.391          -19.962
 1246 (occ)     1         -18.462           6.565         -25.324         -17.476          -19.745
 1247 (occ)     1         -18.451           6.502         -25.363         -17.392          -19.920
 1248 (occ)     1         -18.441           6.462         -25.480         -17.415          -20.045
 1249 (occ)     1         -18.424           6.457         -25.489         -17.427          -20.030
 1250 (occ)     1         -18.417           6.527         -25.346         -17.412          -19.823
 1251 (occ)     1         -18.412           6.475         -25.436         -17.425          -19.946
 1252 (occ)     1         -18.401           6.498         -25.331         -17.408          -19.826
 1253 (occ)     1         -18.396           6.542         -25.328         -17.492          -19.690
 1254 (occ)     1         -18.393           6.449         -25.515         -17.453          -20.007
 1255 (occ)     1         -18.377           6.445         -25.522         -17.465          -19.989
 1256 (occ)     1         -18.368           6.513         -25.339         -17.430          -19.764
 1257 (occ)     1         -18.364           6.448         -25.520         -17.473          -19.962
 1258 (occ)     1         -18.348           6.438         -25.553         -17.492          -19.971
 1259 (occ)     1         -18.348           6.496         -25.282         -17.417          -19.717
 1260 (occ)     1         -18.335           6.514         -25.332         -17.483          -19.670
 1261 (occ)     1         -18.334           6.438         -25.541         -17.498          -19.939
 1262 (occ)     1         -18.322           6.435         -25.575         -17.516          -19.947
 1263 (occ)     1         -18.316           6.505         -25.336         -17.475          -19.673
 1264 (occ)     1         -18.310           6.431         -25.589         -17.528          -19.939
 1265 (occ)     1         -18.300           6.438         -25.568         -17.528          -19.902
 1266 (occ)     1         -18.290           6.430         -25.612         -17.549          -19.923
 1267 (occ)     1         -18.289           6.477         -25.293         -17.441          -19.664
 1268 (occ)     1         -18.281           6.484         -25.326         -17.457          -19.667
 1269 (occ)     1         -18.280           6.431         -25.584         -17.546          -19.887
 1270 (occ)     1         -18.274           6.430         -25.630         -17.567          -19.908
 1271 (occ)     1         -18.268           6.429         -25.634         -17.572          -19.900
 1272 (occ)     1         -18.264           6.432         -25.643         -17.578          -19.897
 1273 (occ)     1         -18.260           6.427         -25.644         -17.580          -19.897
 1274 (occ)     1         -18.260           6.434         -25.649         -17.583          -19.891
 1275 (occ)     1         -18.258           6.500         -25.348         -17.539          -19.567
 1276 (occ)     1         -18.231           6.462         -25.318         -17.454          -19.633
 1277 (occ)     1         -18.229           6.464         -25.190         -17.423          -19.531
 1278 (occ)     1         -18.198           6.487         -25.368         -17.582          -19.496
 1279 (occ)     1         -18.183           6.444         -25.311         -17.461          -19.589
 1280 (occ)     1         -18.169           6.447         -25.166         -17.432          -19.456
 1281 (occ)     1         -18.139           6.473         -25.393         -17.618          -19.440
 1282 (occ)     1         -18.135           6.427         -25.304         -17.470          -19.543
 1283 (occ)     1         -18.107           6.427         -25.149         -17.443          -19.386
 1284 (occ)     1         -18.087           6.410         -25.299         -17.481          -19.496
 1285 (occ)     1         -18.084           6.461         -25.423         -17.655          -19.391
 1286 (occ)     1         -18.044           6.406         -25.133         -17.454          -19.317
 1287 (occ)     1         -18.039           6.393         -25.294         -17.492          -19.449
 1288 (occ)     1         -18.032           6.450         -25.460         -17.694          -19.348
 1289 (occ)     1         -17.992           6.376         -25.290         -17.502          -19.404
 1290 (occ)     1         -17.987           6.443         -25.502         -17.735          -19.311
 1291 (occ)     1         -17.980           6.384         -25.119         -17.467          -19.248
 1292 (occ)     1         -17.949           6.438         -25.547         -17.775          -19.282
 1293 (occ)     1         -17.946           6.360         -25.284         -17.512          -19.359
 1294 (occ)     1         -17.921           6.436         -25.584         -17.807          -19.262
 1295 (occ)     1         -17.916           6.362         -25.107         -17.480          -19.180
 1296 (occ)     1         -17.905           6.425         -25.570         -17.792          -19.257
 1297 (occ)     1         -17.899           6.352         -25.315         -17.555          -19.308
 1298 (occ)     1         -17.855           6.323         -25.259         -17.517          -19.274
 1299 (occ)     1         -17.852           6.341         -25.095         -17.494          -19.113
 1300 (occ)     1         -17.810           6.306         -25.250         -17.523          -19.231
 1301 (occ)     1         -17.788           6.319         -25.086         -17.509          -19.046
 1302 (occ)     1         -17.766           6.289         -25.241         -17.529          -19.189
 1303 (occ)     1         -17.724           6.298         -25.079         -17.524          -18.980
 1304 (occ)     1         -17.723           6.272         -25.231         -17.534          -19.148
 1305 (occ)     1         -17.680           6.255         -25.221         -17.538          -19.108
 1306 (occ)     1         -17.660           6.277         -25.073         -17.542          -18.915
 1307 (occ)     1         -17.639           6.239         -25.210         -17.541          -19.069
 1308 (occ)     1         -17.599           6.222         -25.198         -17.543          -19.032
 1309 (occ)     1         -17.597           6.256         -25.071         -17.560          -18.852
 1310 (occ)     1         -17.560           6.205         -25.184         -17.542          -18.996
 1311 (occ)     1         -17.535           6.236         -25.071         -17.580          -18.791
 1312 (occ)     1         -17.522           6.189         -25.169         -17.541          -18.962
 1313 (occ)     1         -17.487           6.172         -25.152         -17.537          -18.929
 1314 (occ)     1         -17.475           6.217         -25.075         -17.601          -18.731
 1315 (occ)     1         -17.452           6.156         -25.133         -17.531          -18.898
 1316 (occ)     1         -17.420           6.140         -25.112         -17.523          -18.869
 1317 (occ)     1         -17.417           6.199         -25.082         -17.625          -18.675
 1318 (occ)     1         -17.389           6.124         -25.089         -17.513          -18.841
 1319 (occ)     1         -17.361           6.109         -25.065         -17.501          -18.816
 1320 (occ)     1         -17.361           6.183         -25.094         -17.650          -18.622
 1321 (occ)     1         -17.334           6.094         -25.039         -17.488          -18.792
 1322 (occ)     1         -17.310           6.079         -25.011         -17.472          -18.769
 1323 (occ)     1         -17.308           6.168         -25.110         -17.677          -18.573
 1324 (occ)     1         -17.287           6.066         -24.983         -17.456          -18.749
 1325 (occ)     1         -17.267           6.053         -24.953         -17.438          -18.730
 1326 (occ)     1         -17.260           6.156         -25.130         -17.705          -18.530
 1327 (occ)     1         -17.249           6.040         -24.923         -17.419          -18.712
 1328 (occ)     1         -17.233           6.029         -24.893         -17.401          -18.696
 1329 (occ)     1         -17.218           6.018         -24.863         -17.382          -18.682
 1330 (occ)     1         -17.218           6.147         -25.153         -17.733          -18.491
 1331 (occ)     1         -17.206           6.009         -24.834         -17.363          -18.669
 1332 (occ)     1         -17.196           6.001         -24.805         -17.344          -18.656
 1333 (occ)     1         -17.188           5.994         -24.777         -17.326          -18.645
 1334 (occ)     1         -17.183           6.140         -25.176         -17.759          -18.460
 1335 (occ)     1         -17.181           5.988         -24.748         -17.308          -18.634
 1336 (occ)     1         -17.177           5.983         -24.719         -17.290          -18.623
 1337 (occ)     1         -17.176           5.975         -24.578         -17.207          -18.571
 1338 (occ)     1         -17.175           5.976         -24.605         -17.223          -18.581
 1339 (occ)     1         -17.174           5.980         -24.681         -17.267          -18.608
 1340 (occ)     1         -17.173           5.974         -24.633         -17.239          -18.593
 1341 (occ)     1         -17.173           5.975         -24.650         -17.249          -18.599
 1342 (occ)     1         -17.157           6.137         -25.197         -17.782          -18.436
 1343 (occ)     1         -17.141           6.137         -25.212         -17.797          -18.420
 1344 (occ)     1         -16.810           5.542         -24.367         -17.091          -18.543
 1345 (occ)     1         -16.810           5.542         -24.367         -17.091          -18.544
 1346 (occ)     1         -16.757           5.886         -23.264         -16.761          -17.375
 1347 (occ)     1         -16.740           5.876         -23.278         -16.772          -17.370
 1348 (occ)     1         -16.714           5.864         -23.288         -16.786          -17.352
 1349 (occ)     1         -16.678           5.850         -23.298         -16.803          -17.323
 1350 (occ)     1         -16.636           5.835         -23.308         -16.823          -17.286
 1351 (occ)     1         -16.586           5.818         -23.321         -16.847          -17.242
 1352 (occ)     1         -16.530           5.800         -23.334         -16.872          -17.191
 1353 (occ)     1         -16.528           5.662         -22.902         -16.361          -17.408
 1354 (occ)     1         -16.523           5.660         -22.905         -16.364          -17.404
 1355 (occ)     1         -16.516           5.657         -22.909         -16.369          -17.398
 1356 (occ)     1         -16.506           5.653         -22.914         -16.376          -17.391
 1357 (occ)     1         -16.494           5.649         -22.920         -16.384          -17.381
 1358 (occ)     1         -16.479           5.644         -22.927         -16.393          -17.369
 1359 (occ)     1         -16.468           5.782         -23.347         -16.899          -17.135
 1360 (occ)     1         -16.462           5.638         -22.935         -16.404          -17.355
 1361 (occ)     1         -16.443           5.632         -22.943         -16.417          -17.338
 1362 (occ)     1         -16.422           5.625         -22.952         -16.430          -17.319
 1363 (occ)     1         -16.403           5.762         -23.358         -16.925          -17.074
 1364 (occ)     1         -16.398           5.618         -22.962         -16.444          -17.297
 1365 (occ)     1         -16.373           5.611         -22.971         -16.459          -17.274
 1366 (occ)     1         -16.346           5.603         -22.980         -16.475          -17.248
 1367 (occ)     1         -16.334           5.742         -23.367         -16.951          -17.008
 1368 (occ)     1         -16.316           5.595         -22.989         -16.491          -17.220
 1369 (occ)     1         -16.286           5.587         -22.999         -16.508          -17.190
 1370 (occ)     1         -16.274           5.783         -23.794         -17.197          -17.087
 1371 (occ)     1         -16.262           5.720         -23.374         -16.976          -16.940
 1372 (occ)     1         -16.256           5.775         -23.807         -17.210          -17.078
 1373 (occ)     1         -16.253           5.578         -23.009         -16.526          -17.157
 1374 (occ)     1         -16.228           5.762         -23.823         -17.226          -17.062
 1375 (occ)     1         -16.219           5.569         -23.018         -16.544          -17.124
 1376 (occ)     1         -16.191           5.747         -23.841         -17.247          -17.040
 1377 (occ)     1         -16.188           5.697         -23.381         -17.000          -16.873
 1378 (occ)     1         -16.184           5.560         -23.025         -16.562          -17.088
 1379 (occ)     1         -16.148           5.729         -23.859         -17.269          -17.010
 1380 (occ)     1         -16.147           5.550         -23.032         -16.579          -17.050
 1381 (occ)     1         -16.125           5.527         -23.252         -16.681          -17.169
 1382 (occ)     1         -16.125           5.527         -23.251         -16.681          -17.169
 1383 (occ)     1         -16.122           5.526         -23.255         -16.685          -17.166
 1384 (occ)     1         -16.122           5.526         -23.253         -16.683          -17.166
 1385 (occ)     1         -16.117           5.526         -23.262         -16.692          -17.162
 1386 (occ)     1         -16.117           5.526         -23.258         -16.691          -17.158
 1387 (occ)     1         -16.114           5.667         -23.395         -17.016          -16.827
 1388 (occ)     1         -16.111           5.526         -23.275         -16.705          -17.156
 1389 (occ)     1         -16.111           5.522         -23.258         -16.691          -17.157
 1390 (occ)     1         -16.109           5.540         -23.040         -16.597          -17.011
 1391 (occ)     1         -16.103           5.524         -23.288         -16.717          -17.150
 1392 (occ)     1         -16.103           5.519         -23.260         -16.696          -17.149
 1393 (occ)     1         -16.100           5.710         -23.872         -17.289          -16.973
 1394 (occ)     1         -16.094           5.514         -23.263         -16.700          -17.142
 1395 (occ)     1         -16.094           5.524         -23.307         -16.735          -17.141
 1396 (occ)     1         -16.084           5.510         -23.266         -16.707          -17.132
 1397 (occ)     1         -16.083           5.525         -23.329         -16.757          -17.131
 1398 (occ)     1         -16.072           5.506         -23.272         -16.717          -17.121
 1399 (occ)     1         -16.071           5.525         -23.355         -16.781          -17.120
 1400 (occ)     1         -16.069           5.530         -23.049         -16.618          -16.970
 1401 (occ)     1         -16.059           5.503         -23.284         -16.731          -17.109
 1402 (occ)     1         -16.058           5.530         -23.396         -16.820          -17.103
 1403 (occ)     1         -16.051           5.608         -23.445         -16.991          -16.897
 1404 (occ)     1         -16.048           5.687         -23.869         -17.299          -16.930
 1405 (occ)     1         -16.045           5.525         -23.355         -16.809          -17.066
 1406 (occ)     1         -16.044           5.533         -23.430         -16.852          -17.089
 1407 (occ)     1         -16.034           5.517         -23.358         -16.812          -17.063
 1408 (occ)     1         -16.029           5.506         -23.337         -16.790          -17.069
 1409 (occ)     1         -16.028           5.523         -23.070         -16.648          -16.927
 1410 (occ)     1         -16.018           5.510         -23.364         -16.827          -17.045
 1411 (occ)     1         -16.011           5.475         -23.247         -16.733          -17.050
 1412 (occ)     1         -15.998           5.461         -23.204         -16.701          -17.040
 1413 (occ)     1         -15.993           5.628         -23.678         -17.158          -16.885
 1414 (occ)     1         -15.985           5.551         -23.274         -16.828          -16.880
 1415 (occ)     1         -15.985           5.449         -23.131         -16.652          -17.015
 1416 (occ)     1         -15.969           5.450         -23.155         -16.673          -17.001
 1417 (occ)     1         -15.958           5.581         -23.590         -17.064          -16.904
 1418 (occ)     1         -15.951           5.467         -23.257         -16.759          -16.982
 1419 (occ)     1         -15.951           5.575         -23.706         -17.120          -16.963
 1420 (occ)     1         -15.946           5.507         -23.120         -16.717          -16.841
 1421 (occ)     1         -15.933           5.446         -23.184         -16.710          -16.962
 1422 (occ)     1         -15.932           5.641         -23.840         -17.305          -16.826
 1423 (occ)     1         -15.931           5.561         -23.745         -17.142          -16.972
 1424 (occ)     1         -15.923           5.609         -23.589         -17.142          -16.760
 1425 (occ)     1         -15.914           5.446         -23.216         -16.741          -16.943
 1426 (occ)     1         -15.909           5.572         -23.696         -17.158          -16.875
 1427 (occ)     1         -15.902           5.487         -23.076         -16.696          -16.795
 1428 (occ)     1         -15.895           5.442         -23.223         -16.755          -16.921
 1429 (occ)     1         -15.895           5.566         -23.872         -17.243          -16.957
 1430 (occ)     1         -15.876           5.435         -23.211         -16.755          -16.896
 1431 (occ)     1         -15.875           5.569         -23.942         -17.301          -16.947
 1432 (occ)     1         -15.872           5.629         -23.888         -17.360          -16.771
 1433 (occ)     1         -15.860           5.578         -23.937         -17.322          -16.897
 1434 (occ)     1         -15.858           5.474         -23.071         -16.708          -16.747
 1435 (occ)     1         -15.856           5.432         -23.219         -16.771          -16.872
 1436 (occ)     1         -15.845           5.601         -23.513         -17.168          -16.588
 1437 (occ)     1         -15.842           5.574         -24.057         -17.394          -16.931
 1438 (occ)     1         -15.837           5.435         -23.236         -16.796          -16.841
 1439 (occ)     1         -15.827           5.566         -24.032         -17.387          -16.906
 1440 (occ)     1         -15.820           5.529         -23.800         -17.213          -16.877
 1441 (occ)     1         -15.813           5.474         -23.553         -17.036          -16.857
 1442 (occ)     1         -15.813           5.462         -23.073         -16.725          -16.699
 1443 (occ)     1         -15.811           5.608         -23.888         -17.379          -16.712
 1444 (occ)     1         -15.808           5.600         -24.241         -17.539          -16.910
 1445 (occ)     1         -15.801           5.608         -24.302         -17.585          -16.911
 1446 (occ)     1         -15.799           5.598         -24.235         -17.537          -16.898
 1447 (occ)     1         -15.795           5.413         -23.217         -16.800          -16.799
 1448 (occ)     1         -15.776           5.381         -23.032         -16.677          -16.750
 1449 (occ)     1         -15.767           5.451         -23.080         -16.746          -16.649
 1450 (occ)     1         -15.764           5.577         -23.343         -17.111          -16.420
 1451 (occ)     1         -15.757           5.375         -23.006         -16.669          -16.720
 1452 (occ)     1         -15.750           5.584         -23.869         -17.383          -16.651
 1453 (occ)     1         -15.738           5.371         -22.994         -16.671          -16.689
 1454 (occ)     1         -15.721           5.442         -23.098         -16.777          -16.599
 1455 (occ)     1         -15.720           5.367         -22.987         -16.677          -16.662
 1456 (occ)     1         -15.702           5.364         -22.978         -16.682          -16.634
 1457 (occ)     1         -15.689           5.548         -23.774         -17.327          -16.587
 1458 (occ)     1         -15.686           5.384         -23.015         -16.740          -16.578
 1459 (occ)     1         -15.680           5.530         -23.269         -17.069          -16.350
 1460 (occ)     1         -15.673           5.446         -23.187         -16.864          -16.549
 1461 (occ)     1         -15.670           5.359         -22.966         -16.694          -16.582
 1462 (occ)     1         -15.655           5.359         -22.961         -16.701          -16.556
 1463 (occ)     1         -15.642           5.357         -22.956         -16.706          -16.535
 1464 (occ)     1         -15.632           5.459         -23.352         -17.013          -16.513
 1465 (occ)     1         -15.631           5.357         -22.952         -16.711          -16.515
 1466 (occ)     1         -15.622           5.358         -22.950         -16.716          -16.497
 1467 (occ)     1         -15.620           5.502         -23.598         -17.208          -16.509
 1468 (occ)     1         -15.615           5.359         -22.946         -16.718          -16.483
 1469 (occ)     1         -15.610           5.362         -22.946         -16.723          -16.471
 1470 (occ)     1         -15.608           5.365         -22.942         -16.722          -16.463
 1471 (occ)     1         -15.594           5.525         -23.289         -17.133          -16.225
 1472 (occ)     1         -15.583           5.413         -23.150         -16.870          -16.449
 1473 (occ)     1         -15.560           5.515         -23.787         -17.378          -16.455
 1474 (occ)     1         -15.535           5.396         -23.117         -16.862          -16.394
 1475 (occ)     1         -15.508           5.502         -23.273         -17.152          -16.126
 1476 (occ)     1         -15.500           5.500         -23.802         -17.411          -16.392
 1477 (occ)     1         -15.487           5.384         -23.112         -16.877          -16.339
 1478 (occ)     1         -15.441           5.480         -23.781         -17.416          -16.327
 1479 (occ)     1         -15.440           5.374         -23.119         -16.901          -16.285
 1480 (occ)     1         -15.419           5.475         -23.251         -17.167          -16.029
 1481 (occ)     1         -15.394           5.367         -23.136         -16.933          -16.230
 1482 (occ)     1         -15.385           5.458         -23.738         -17.404          -16.261
 1483 (occ)     1         -15.348           5.362         -23.168         -16.977          -16.177
 1484 (occ)     1         -15.332           5.434         -23.668         -17.372          -16.194
 1485 (occ)     1         -15.330           5.448         -23.229         -17.181          -15.930
 1486 (occ)     1         -15.304           5.364         -23.224         -17.039          -16.124
 1487 (occ)     1         -15.285           5.410         -23.571         -17.319          -16.128
 1488 (occ)     1         -15.263           5.371         -23.304         -17.122          -16.074
 1489 (occ)     1         -15.246           5.391         -23.481         -17.269          -16.066
 1490 (occ)     1         -15.240           5.421         -23.205         -17.194          -15.830
 1491 (occ)     1         -15.227           5.380         -23.378         -17.199          -16.026
 1492 (occ)     1         -15.216           5.384         -23.432         -17.249          -16.016
 1493 (occ)     1         -15.201           5.385         -23.412         -17.242          -15.986
 1494 (occ)     1         -15.198           5.385         -23.419         -17.251          -15.981
 1495 (occ)     1         -15.150           5.394         -23.180         -17.207          -15.729
 1496 (occ)     1         -15.059           5.366         -23.154         -17.220          -15.627
 1497 (occ)     1         -14.973           5.060         -23.203         -17.045          -16.070
 1498 (occ)     1         -14.973           5.060         -23.203         -17.045          -16.070
 1499 (occ)     1         -14.967           5.338         -23.128         -17.232          -15.525
 1500 (occ)     1         -14.875           5.310         -23.100         -17.244          -15.421
 1501 (occ)     1         -14.789           5.175         -23.197         -17.071          -15.740
 1502 (occ)     1         -14.788           5.179         -23.236         -17.097          -15.748
 1503 (occ)     1         -14.783           5.282         -23.072         -17.256          -15.317
 1504 (occ)     1         -14.767           5.162         -23.155         -17.054          -15.706
 1505 (occ)     1         -14.764           5.174         -23.276         -17.138          -15.729
 1506 (occ)     1         -14.735           5.146         -23.111         -17.040          -15.661
 1507 (occ)     1         -14.730           5.166         -23.312         -17.177          -15.699
 1508 (occ)     1         -14.698           5.130         -23.077         -17.034          -15.611
 1509 (occ)     1         -14.690           5.254         -23.044         -17.267          -15.212
 1510 (occ)     1         -14.689           5.153         -23.328         -17.204          -15.659
 1511 (occ)     1         -14.658           5.115         -23.053         -17.035          -15.561
 1512 (occ)     1         -14.644           5.138         -23.325         -17.218          -15.613
 1513 (occ)     1         -14.615           5.101         -23.037         -17.041          -15.510
 1514 (occ)     1         -14.597           5.121         -23.309         -17.221          -15.564
 1515 (occ)     1         -14.597           5.226         -23.015         -17.278          -15.108
 1516 (occ)     1         -14.571           5.087         -23.027         -17.051          -15.460
 1517 (occ)     1         -14.549           5.103         -23.281         -17.216          -15.512
 1518 (occ)     1         -14.531           4.933         -22.539         -16.459          -15.678
 1519 (occ)     1         -14.527           5.073         -23.021         -17.063          -15.411
 1520 (occ)     1         -14.525           4.931         -22.538         -16.462          -15.670
 1521 (occ)     1         -14.515           4.928         -22.537         -16.469          -15.656
 1522 (occ)     1         -14.504           5.194         -22.980         -17.279          -15.011
 1523 (occ)     1         -14.503           4.923         -22.532         -16.471          -15.641
 1524 (occ)     1         -14.501           5.084         -23.246         -17.205          -15.459
 1525 (occ)     1         -14.487           4.920         -22.531         -16.483          -15.616
 1526 (occ)     1         -14.482           5.060         -23.019         -17.076          -15.364
 1527 (occ)     1         -14.469           4.912         -22.523         -16.485          -15.595
 1528 (occ)     1         -14.453           5.064         -23.205         -17.190          -15.404
 1529 (occ)     1         -14.447           4.906         -22.518         -16.494          -15.566
 1530 (occ)     1         -14.437           5.046         -23.020         -17.091          -15.320
 1531 (occ)     1         -14.424           4.905         -22.521         -16.520          -15.521
 1532 (occ)     1         -14.410           5.162         -22.944         -17.279          -14.914
 1533 (occ)     1         -14.406           5.045         -23.159         -17.172          -15.348
 1534 (occ)     1         -14.397           4.892         -22.504         -16.512          -15.498
 1535 (occ)     1         -14.394           5.033         -23.027         -17.107          -15.280
 1536 (occ)     1         -14.369           4.885         -22.498         -16.524          -15.458
 1537 (occ)     1         -14.359           5.027         -23.107         -17.152          -15.287
 1538 (occ)     1         -14.350           5.019         -23.039         -17.124          -15.247
 1539 (occ)     1         -14.339           4.879         -22.494         -16.541          -15.413
 1540 (occ)     1         -14.317           5.136         -22.920         -17.299          -14.802
 1541 (occ)     1         -14.314           5.012         -23.053         -17.139          -15.216
 1542 (occ)     1         -14.307           5.002         -23.055         -17.133          -15.227
 1543 (occ)     1         -14.307           4.868         -22.480         -16.543          -15.376
 1544 (occ)     1         -14.273           4.860         -22.472         -16.556          -15.329
 1545 (occ)     1         -14.272           5.002         -23.035         -17.151          -15.154
 1546 (occ)     1         -14.264           4.982         -23.037         -17.117          -15.202
 1547 (occ)     1         -14.239           4.859         -22.475         -16.588          -15.267
 1548 (occ)     1         -14.233           4.991         -23.051         -17.175          -15.118
 1549 (occ)     1         -14.224           5.104         -22.885         -17.298          -14.707
 1550 (occ)     1         -14.220           4.962         -22.990         -17.091          -15.156
 1551 (occ)     1         -14.202           4.842         -22.452         -16.577          -15.235
 1552 (occ)     1         -14.197           4.982         -23.076         -17.201          -15.090
 1553 (occ)     1         -14.176           4.944         -22.938         -17.066          -15.105
 1554 (occ)     1         -14.164           4.833         -22.444         -16.590          -15.185
 1555 (occ)     1         -14.164           4.974         -23.109         -17.230          -15.069
 1556 (occ)     1         -14.134           4.968         -23.148         -17.261          -15.052
 1557 (occ)     1         -14.134           5.065         -22.838         -17.278          -14.628
 1558 (occ)     1         -14.133           4.925         -22.886         -17.041          -15.053
 1559 (occ)     1         -14.125           4.842         -22.467         -16.657          -15.093
 1560 (occ)     1         -14.108           4.964         -23.192         -17.295          -15.041
 1561 (occ)     1         -14.091           4.911         -22.853         -17.031          -15.003
 1562 (occ)     1         -14.087           4.959         -23.220         -17.315          -15.033
 1563 (occ)     1         -14.086           4.814         -22.425         -16.615          -15.082
 1564 (occ)     1         -14.072           4.963         -23.282         -17.361          -15.030
 1565 (occ)     1         -14.063           4.965         -23.312         -17.382          -15.028
 1566 (occ)     1         -14.049           4.890         -22.783         -16.992          -14.952
 1567 (occ)     1         -14.046           4.805         -22.417         -16.630          -15.028
 1568 (occ)     1         -14.043           5.055         -22.843         -17.342          -14.490
 1569 (occ)     1         -14.009           4.873         -22.733         -16.968          -14.901
 1570 (occ)     1         -14.006           4.797         -22.411         -16.647          -14.972
 1571 (occ)     1         -13.969           4.857         -22.684         -16.946          -14.851
 1572 (occ)     1         -13.965           4.792         -22.411         -16.674          -14.910
 1573 (occ)     1         -13.958           5.021         -22.809         -17.335          -14.411
 1574 (occ)     1         -13.930           4.841         -22.636         -16.925          -14.801
 1575 (occ)     1         -13.925           4.786         -22.410         -16.698          -14.851
 1576 (occ)     1         -13.892           4.826         -22.590         -16.905          -14.751
 1577 (occ)     1         -13.886           4.787         -22.421         -16.738          -14.782
 1578 (occ)     1         -13.883           4.979         -22.761         -17.290          -14.376
 1579 (occ)     1         -13.855           4.811         -22.544         -16.886          -14.702
 1580 (occ)     1         -13.850           4.805         -22.461         -16.824          -14.682
 1581 (occ)     1         -13.837           4.897         -22.626         -17.083          -14.482
 1582 (occ)     1         -13.819           4.797         -22.500         -16.868          -14.653
 1583 (occ)     1         -13.791           4.742         -22.433         -16.873          -14.609
 1584 (occ)     1         -13.787           4.750         -22.443         -16.883          -14.597
 1585 (occ)     1         -13.783           4.784         -22.457         -16.851          -14.605
 1586 (occ)     1         -13.749           4.771         -22.415         -16.835          -14.557
 1587 (occ)     1         -13.735           4.669         -20.484         -15.539          -14.010
 1588 (occ)     1         -13.727           4.664         -20.511         -15.556          -14.018
 1589 (occ)     1         -13.717           4.657         -20.541         -15.575          -14.026
 1590 (occ)     1         -13.715           4.759         -22.365         -16.814          -14.507
 1591 (occ)     1         -13.703           4.649         -20.579         -15.599          -14.034
 1592 (occ)     1         -13.701           4.803         -20.496         -15.783          -13.612
 1593 (occ)     1         -13.693           4.799         -20.507         -15.793          -13.609
 1594 (occ)     1         -13.688           4.641         -20.652         -15.647          -14.051
 1595 (occ)     1         -13.682           4.744         -22.276         -16.767          -14.447
 1596 (occ)     1         -13.680           4.793         -20.524         -15.808          -13.603
 1597 (occ)     1         -13.671           4.629         -20.618         -15.623          -14.036
 1598 (occ)     1         -13.662           4.784         -20.545         -15.828          -13.595
 1599 (occ)     1         -13.652           4.620         -20.625         -15.628          -14.029
 1600 (occ)     1         -13.651           4.736         -22.281         -16.783          -14.412
 1601 (occ)     1         -13.640           4.775         -20.569         -15.851          -13.583
 1602 (occ)     1         -13.633           4.610         -20.635         -15.636          -14.021
 1603 (occ)     1         -13.621           4.722         -22.195         -16.736          -14.358
 1604 (occ)     1         -13.614           4.763         -20.607         -15.883          -13.576
 1605 (occ)     1         -13.612           4.604         -20.684         -15.674          -14.018
 1606 (occ)     1         -13.594           4.666         -21.604         -16.328          -14.204
 1607 (occ)     1         -13.591           4.762         -22.272         -16.793          -14.309
 1608 (occ)     1         -13.590           4.636         -21.232         -16.070          -14.116
 1609 (occ)     1         -13.586           4.745         -22.227         -16.748          -14.319
 1610 (occ)     1         -13.585           4.752         -20.639         -15.915          -13.556
 1611 (occ)     1         -13.570           4.597         -20.829         -15.783          -14.019
 1612 (occ)     1         -13.564           4.691         -21.965         -16.604          -14.235
 1613 (occ)     1         -13.554           4.745         -21.697         -16.521          -13.985
 1614 (occ)     1         -13.549           4.760         -21.307         -16.339          -13.756
 1615 (occ)     1         -13.547           4.580         -20.711         -15.705          -13.972
 1616 (occ)     1         -13.546           4.705         -22.175         -16.700          -14.316
 1617 (occ)     1         -13.539           4.692         -22.041         -16.672          -14.216
 1618 (occ)     1         -13.523           4.574         -20.717         -15.718          -13.949
 1619 (occ)     1         -13.516           4.684         -21.994         -16.651          -14.174
 1620 (occ)     1         -13.515           4.720         -20.784         -16.019          -13.559
 1621 (occ)     1         -13.501           4.679         -22.156         -16.693          -14.285
 1622 (occ)     1         -13.498           4.590         -20.986         -15.922          -13.973
 1623 (occ)     1         -13.493           4.651         -21.686         -16.441          -14.088
 1624 (occ)     1         -13.489           4.797         -22.285         -16.978          -13.999
 1625 (occ)     1         -13.476           4.674         -21.926         -16.623          -14.106
 1626 (occ)     1         -13.474           4.709         -20.777         -16.034          -13.508
 1627 (occ)     1         -13.470           4.557         -20.712         -15.738          -13.887
 1628 (occ)     1         -13.459           4.686         -22.065         -16.738          -14.101
 1629 (occ)     1         -13.453           4.677         -22.192         -16.756          -14.211
 1630 (occ)     1         -13.446           4.686         -22.066         -16.749          -14.077
 1631 (occ)     1         -13.443           4.540         -20.577         -15.648          -13.831
 1632 (occ)     1         -13.435           4.681         -22.019         -16.723          -14.050
 1633 (occ)     1         -13.430           4.698         -20.796         -16.065          -13.462
 1634 (occ)     1         -13.428           4.687         -22.047         -16.748          -14.040
 1635 (occ)     1         -13.424           4.690         -22.052         -16.756          -14.030
 1636 (occ)     1         -13.423           4.708         -22.156         -16.812          -14.059
 1637 (occ)     1         -13.414           4.527         -20.504         -15.608          -13.784
 1638 (occ)     1         -13.394           4.734         -22.277         -16.960          -13.977
 1639 (occ)     1         -13.384           4.517         -20.473         -15.598          -13.742
 1640 (occ)     1         -13.382           4.701         -20.916         -16.177          -13.420
 1641 (occ)     1         -13.369           4.638         -22.080         -16.697          -14.115
 1642 (occ)     1         -13.352           4.509         -20.456         -15.600          -13.699
 1643 (occ)     1         -13.336           4.667         -20.998         -16.213          -13.454
 1644 (occ)     1         -13.319           4.502         -20.442         -15.606          -13.654
 1645 (occ)     1         -13.318           4.613         -22.085         -16.701          -14.089
 1646 (occ)     1         -13.312           4.784         -22.264         -17.107          -13.686
 1647 (occ)     1         -13.285           4.494         -20.430         -15.614          -13.607
 1648 (occ)     1         -13.284           4.655         -20.910         -16.185          -13.354
 1649 (occ)     1         -13.268           4.603         -22.114         -16.742          -14.036
 1650 (occ)     1         -13.248           4.487         -20.421         -15.625          -13.557
 1651 (occ)     1         -13.232           4.687         -22.177         -16.953          -13.770
 1652 (occ)     1         -13.231           4.643         -20.903         -16.206          -13.285
 1653 (occ)     1         -13.211           4.670         -22.261         -16.993          -13.810
 1654 (occ)     1         -13.210           4.479         -20.414         -15.640          -13.505
 1655 (occ)     1         -13.175           4.633         -20.934         -16.252          -13.224
 1656 (occ)     1         -13.175           4.576         -22.063         -16.743          -13.918
 1657 (occ)     1         -13.170           4.472         -20.409         -15.657          -13.450
 1658 (occ)     1         -13.132           4.697         -21.983         -16.967          -13.451
 1659 (occ)     1         -13.128           4.465         -20.407         -15.676          -13.393
 1660 (occ)     1         -13.125           4.551         -22.055         -16.739          -13.891
 1661 (occ)     1         -13.115           4.656         -21.317         -16.548          -13.228
 1662 (occ)     1         -13.085           4.458         -20.407         -15.699          -13.334
 1663 (occ)     1         -13.075           4.536         -22.056         -16.756          -13.839
 1664 (occ)     1         -13.065           4.601         -21.107         -16.390          -13.181
 1665 (occ)     1         -13.039           4.451         -20.409         -15.724          -13.273
 1666 (occ)     1         -13.038           4.645         -22.060         -16.981          -13.472
 1667 (occ)     1         -13.023           4.594         -22.164         -16.960          -13.633
 1668 (occ)     1         -13.006           4.575         -21.021         -16.346          -13.106
 1669 (occ)     1         -12.992           4.443         -20.414         -15.753          -13.210
 1670 (occ)     1         -12.984           4.506         -21.988         -16.744          -13.722
 1671 (occ)     1         -12.950           4.545         -21.057         -16.362          -13.100
 1672 (occ)     1         -12.942           4.436         -20.421         -15.783          -13.144
 1673 (occ)     1         -12.941           4.687         -22.257         -17.241          -13.270
 1674 (occ)     1         -12.940           4.488         -21.965         -16.733          -13.684
 1675 (occ)     1         -12.914           4.496         -21.547         -16.547          -13.417
 1676 (occ)     1         -12.891           4.428         -20.431         -15.816          -13.077
 1677 (occ)     1         -12.878           4.498         -21.756         -16.738          -13.397
 1678 (occ)     1         -12.875           4.474         -21.596         -16.634          -13.363
 1679 (occ)     1         -12.838           4.421         -20.442         -15.852          -13.008
 1680 (occ)     1         -12.834           4.626         -22.163         -17.185          -13.186
 1681 (occ)     1         -12.784           4.413         -20.456         -15.890          -12.938
 1682 (occ)     1         -12.765           4.567         -21.375         -16.664          -12.909
 1683 (occ)     1         -12.763           4.554         -21.687         -16.811          -13.085
 1684 (occ)     1         -12.747           4.629         -22.228         -17.275          -13.071
 1685 (occ)     1         -12.728           4.404         -20.472         -15.929          -12.866
 1686 (occ)     1         -12.719           4.493         -21.758         -16.789          -13.195
 1687 (occ)     1         -12.717           4.551         -21.231         -16.617          -12.781
 1688 (occ)     1         -12.673           4.466         -21.781         -16.800          -13.189
 1689 (occ)     1         -12.670           4.395         -20.489         -15.971          -12.793
 1690 (occ)     1         -12.667           4.554         -21.577         -16.859          -12.831
 1691 (occ)     1         -12.649           4.595         -21.845         -17.089          -12.809
 1692 (occ)     1         -12.627           4.450         -21.745         -16.796          -13.125
 1693 (occ)     1         -12.611           4.386         -20.509         -16.014          -12.720
 1694 (occ)     1         -12.604           4.486         -21.396         -16.693          -12.821
 1695 (occ)     1         -12.578           4.452         -21.526         -16.731          -12.921
 1696 (occ)     1         -12.560           4.600         -22.164         -17.336          -12.789
 1697 (occ)     1         -12.550           4.377         -20.530         -16.058          -12.646
 1698 (occ)     1         -12.550           4.428         -21.676         -16.780          -13.017
 1699 (occ)     1         -12.522           4.472         -21.197         -16.640          -12.607
 1700 (occ)     1         -12.502           4.397         -21.792         -16.824          -13.072
 1701 (occ)     1         -12.489           4.367         -20.554         -16.104          -12.571
 1702 (occ)     1         -12.470           4.555         -22.083         -17.283          -12.715
 1703 (occ)     1         -12.459           4.470         -21.078         -16.620          -12.448
 1704 (occ)     1         -12.457           4.401         -21.866         -16.909          -13.013
 1705 (occ)     1         -12.427           4.357         -20.581         -16.152          -12.498
 1706 (occ)     1         -12.417           4.369         -21.748         -16.822          -12.974
 1707 (occ)     1         -12.395           4.436         -21.192         -16.670          -12.482
 1708 (occ)     1         -12.377           4.546         -22.114         -17.357          -12.589
 1709 (occ)     1         -12.373           4.369         -21.589         -16.780          -12.812
 1710 (occ)     1         -12.364           4.347         -20.610         -16.202          -12.426
 1711 (occ)     1         -12.342           4.353         -21.683         -16.816          -12.856
 1712 (occ)     1         -12.318           4.425         -21.099         -16.670          -12.322
 1713 (occ)     1         -12.304           4.339         -21.730         -16.841          -12.854
 1714 (occ)     1         -12.301           4.336         -20.645         -16.253          -12.356
 1715 (occ)     1         -12.285           4.504         -22.055         -17.325          -12.510
 1716 (occ)     1         -12.267           4.235         -21.604         -16.370          -13.267
 1717 (occ)     1         -12.266           4.310         -21.708         -16.809          -12.855
 1718 (occ)     1         -12.261           4.233         -21.601         -16.372          -13.257
 1719 (occ)     1         -12.252           4.417         -21.116         -16.711          -12.240
 1720 (occ)     1         -12.252           4.229         -21.596         -16.376          -13.242
 1721 (occ)     1         -12.239           4.225         -21.589         -16.382          -13.221
 1722 (occ)     1         -12.239           4.325         -20.686         -16.307          -12.292
 1723 (occ)     1         -12.229           4.305         -21.627         -16.790          -12.761
 1724 (occ)     1         -12.224           4.221         -21.581         -16.388          -13.196
 1725 (occ)     1         -12.206           4.215         -21.571         -16.397          -13.164
 1726 (occ)     1         -12.205           4.357         -21.645         -16.907          -12.586
 1727 (occ)     1         -12.193           4.415         -21.918         -17.166          -12.530
 1728 (occ)     1         -12.185           4.210         -21.560         -16.406          -13.129
 1729 (occ)     1         -12.178           4.314         -20.742         -16.365          -12.241
 1730 (occ)     1         -12.177           4.412         -21.184         -16.799          -12.150
 1731 (occ)     1         -12.169           4.272         -21.685         -16.798          -12.783
 1732 (occ)     1         -12.163           4.206         -21.545         -16.416          -13.086
 1733 (occ)     1         -12.138           4.260         -21.697         -16.807          -12.768
 1734 (occ)     1         -12.138           4.201         -21.529         -16.431          -13.036
 1735 (occ)     1         -12.135           4.319         -20.394         -16.098          -12.112
 1736 (occ)     1         -12.127           4.316         -20.399         -16.105          -12.105
 1737 (occ)     1         -12.121           4.350         -21.386         -16.831          -12.326
 1738 (occ)     1         -12.120           4.301         -20.811         -16.422          -12.208
 1739 (occ)     1         -12.116           4.311         -20.410         -16.119          -12.096
 1740 (occ)     1         -12.113           4.197         -21.519         -16.444          -12.991
 1741 (occ)     1         -12.108           4.307         -21.637         -16.900          -12.537
 1742 (occ)     1         -12.101           4.306         -20.421         -16.133          -12.083
 1743 (occ)     1         -12.099           4.447         -21.733         -17.199          -12.187
 1744 (occ)     1         -12.090           4.245         -21.845         -16.892          -12.798
 1745 (occ)     1         -12.086           4.195         -21.486         -16.455          -12.922
 1746 (occ)     1         -12.081           4.297         -20.451         -16.157          -12.079
 1747 (occ)     1         -12.073           4.246         -22.014         -16.993          -12.848
 1748 (occ)     1         -12.069           4.275         -20.972         -16.487          -12.278
 1749 (occ)     1         -12.059           4.260         -20.706         -16.259          -12.245
 1750 (occ)     1         -12.058           4.220         -21.158         -16.393          -12.602
 1751 (occ)     1         -12.044           4.380         -21.007         -16.757          -11.915
 1752 (occ)     1         -12.035           4.210         -21.286         -16.468          -12.642
 1753 (occ)     1         -12.032           4.266         -20.602         -16.242          -12.126
 1754 (occ)     1         -12.021           4.268         -21.066         -16.537          -12.282
 1755 (occ)     1         -12.013           4.442         -21.937         -17.356          -12.152
 1756 (occ)     1         -12.010           4.203         -21.407         -16.526          -12.687
 1757 (occ)     1         -12.005           4.177         -20.442         -15.984          -12.285
 1758 (occ)     1         -12.003           4.274         -20.509         -16.233          -12.006
 1759 (occ)     1         -11.991           4.178         -20.577         -16.092          -12.299
 1760 (occ)     1         -11.989           4.259         -21.175         -16.587          -12.318
 1761 (occ)     1         -11.988           4.213         -21.398         -16.563          -12.609
 1762 (occ)     1         -11.974           4.341         -20.930         -16.687          -11.876
 1763 (occ)     1         -11.972           4.155         -20.656         -16.110          -12.363
 1764 (occ)     1         -11.971           4.233         -21.352         -16.598          -12.492
 1765 (occ)     1         -11.971           4.252         -20.866         -16.418          -12.167
 1766 (occ)     1         -11.970           4.251         -20.923         -16.447          -12.196
 1767 (occ)     1         -11.953           4.154         -20.707         -16.158          -12.348
 1768 (occ)     1         -11.937           4.136         -20.704         -16.133          -12.370
 1769 (occ)     1         -11.936           4.261         -20.519         -16.282          -11.912
 1770 (occ)     1         -11.927           4.419         -21.936         -17.379          -12.066
 1771 (occ)     1         -11.918           4.123         -20.693         -16.113          -12.375
 1772 (occ)     1         -11.907           4.252         -20.832         -16.494          -11.993
 1773 (occ)     1         -11.898           4.252         -20.537         -16.311          -11.872
 1774 (occ)     1         -11.898           4.197         -20.760         -16.338          -12.123
 1775 (occ)     1         -11.885           4.102         -20.644         -16.068          -12.358
 1776 (occ)     1         -11.868           4.094         -20.614         -16.047          -12.341
 1777 (occ)     1         -11.859           4.216         -20.595         -16.334          -11.904
 1778 (occ)     1         -11.853           4.093         -20.598         -16.049          -12.310
 1779 (occ)     1         -11.853           3.958         -21.089         -16.290          -12.694
 1780 (occ)     1         -11.852           3.979         -21.049         -16.298          -12.624
 1781 (occ)     1         -11.843           4.395         -21.910         -17.385          -11.973
 1782 (occ)     1         -11.836           4.072         -20.548         -15.989          -12.324
 1783 (occ)     1         -11.834           4.294         -20.857         -16.661          -11.735
 1784 (occ)     1         -11.819           4.086         -20.546         -16.032          -12.247
 1785 (occ)     1         -11.817           4.234         -20.571         -16.373          -11.780
 1786 (occ)     1         -11.805           4.056         -20.488         -15.945          -12.292
 1787 (occ)     1         -11.789           4.048         -20.456         -15.921          -12.276
 1788 (occ)     1         -11.775           4.072         -20.486         -16.006          -12.183
 1789 (occ)     1         -11.773           4.226         -20.584         -16.403          -11.728
 1790 (occ)     1         -11.762           4.270         -20.810         -16.639          -11.663
 1791 (occ)     1         -11.761           4.368         -21.864         -17.373          -11.884
 1792 (occ)     1         -11.757           4.033         -20.406         -15.887          -12.243
 1793 (occ)     1         -11.740           4.032         -20.387         -15.890          -12.206
 1794 (occ)     1         -11.728           4.217         -20.597         -16.432          -11.676
 1795 (occ)     1         -11.725           4.021         -20.357         -15.860          -12.201
 1796 (occ)     1         -11.707           4.010         -20.326         -15.832          -12.191
 1797 (occ)     1         -11.697           4.196         -20.674         -16.453          -11.722
 1798 (occ)     1         -11.687           4.099         -20.487         -16.142          -11.933
 1799 (occ)     1         -11.683           4.346         -21.825         -17.368          -11.794
 1800 (occ)     1         -11.682           4.207         -20.609         -16.461          -11.622
 1801 (occ)     1         -11.673           3.999         -20.288         -15.815          -12.146
 1802 (occ)     1         -11.654           3.992         -20.266         -15.805          -12.123
 1803 (occ)     1         -11.638           4.021         -20.318         -15.912          -12.023
 1804 (occ)     1         -11.634           4.197         -20.619         -16.490          -11.567
 1805 (occ)     1         -11.623           4.240         -20.762         -16.661          -11.485
 1806 (occ)     1         -11.617           3.983         -20.260         -15.813          -12.080
 1807 (occ)     1         -11.611           4.320         -21.754         -17.333          -11.712
 1808 (occ)     1         -11.597           3.979         -20.225         -15.803          -12.040
 1809 (occ)     1         -11.585           4.187         -20.629         -16.517          -11.510
 1810 (occ)     1         -11.579           3.981         -20.223         -15.820          -12.001
 1811 (occ)     1         -11.557           3.964         -20.203         -15.790          -12.006
 1812 (occ)     1         -11.556           4.241         -20.769         -16.719          -11.366
 1813 (occ)     1         -11.549           4.305         -21.727         -17.332          -11.639
 1814 (occ)     1         -11.536           4.176         -20.637         -16.543          -11.454
 1815 (occ)     1         -11.536           4.065         -20.736         -16.221          -11.987
 1816 (occ)     1         -11.535           4.067         -20.734         -16.224          -11.978
 1817 (occ)     1         -11.534           3.970         -20.201         -15.824          -11.941
 1818 (occ)     1         -11.517           4.060         -20.738         -16.242          -11.952
 1819 (occ)     1         -11.515           3.961         -20.173         -15.801          -11.927
 1820 (occ)     1         -11.512           4.059         -20.761         -16.253          -11.961
 1821 (occ)     1         -11.504           4.297         -21.719         -17.343          -11.583
 1822 (occ)     1         -11.492           3.944         -20.143         -15.769          -11.922
 1823 (occ)     1         -11.489           4.228         -20.742         -16.727          -11.277
 1824 (occ)     1         -11.488           4.089         -20.687         -16.349          -11.737
 1825 (occ)     1         -11.485           4.135         -20.663         -16.489          -11.524
 1826 (occ)     1         -11.479           4.042         -20.824         -16.288          -11.973
 1827 (occ)     1         -11.467           3.956         -20.169         -15.834          -11.847
 1828 (occ)     1         -11.448           4.071         -20.640         -16.304          -11.714
 1829 (occ)     1         -11.447           3.948         -20.144         -15.813          -11.830
 1830 (occ)     1         -11.442           4.022         -20.883         -16.319          -11.985
 1831 (occ)     1         -11.435           4.153         -20.650         -16.591          -11.341
 1832 (occ)     1         -11.423           4.218         -20.725         -16.748          -11.182
 1833 (occ)     1         -11.422           3.925         -20.100         -15.763          -11.834
 1834 (occ)     1         -11.403           4.005         -20.908         -16.343          -11.963
 1835 (occ)     1         -11.400           4.077         -20.600         -16.343          -11.579
 1836 (occ)     1         -11.396           3.932         -20.122         -15.817          -11.769
 1837 (occ)     1         -11.384           4.142         -20.655         -16.615          -11.282
 1838 (occ)     1         -11.375           3.956         -20.161         -15.898          -11.682
 1839 (occ)     1         -11.362           3.996         -20.894         -16.365          -11.896
 1840 (occ)     1         -11.356           4.188         -20.672         -16.709          -11.132
 1841 (occ)     1         -11.347           3.909         -20.072         -15.777          -11.734
 1842 (occ)     1         -11.345           4.059         -20.654         -16.384          -11.557
 1843 (occ)     1         -11.333           4.130         -20.660         -16.637          -11.226
 1844 (occ)     1         -11.320           3.906         -20.078         -15.804          -11.689
 1845 (occ)     1         -11.318           4.002         -20.806         -16.389          -11.732
 1846 (occ)     1         -11.302           4.071         -20.401         -16.330          -11.302
 1847 (occ)     1         -11.293           4.003         -20.837         -16.406          -11.721
 1848 (occ)     1         -11.288           4.043         -20.392         -16.310          -11.327
 1849 (occ)     1         -11.282           4.118         -20.659         -16.658          -11.164
 1850 (occ)     1         -11.268           3.901         -20.065         -15.823          -11.610
 1851 (occ)     1         -11.265           4.044         -20.612         -16.428          -11.406
 1852 (occ)     1         -11.247           3.964         -20.929         -16.417          -11.794
 1853 (occ)     1         -11.239           3.884         -20.051         -15.813          -11.593
 1854 (occ)     1         -11.236           4.175         -20.644         -16.743          -10.962
 1855 (occ)     1         -11.231           4.104         -20.659         -16.675          -11.110
 1856 (occ)     1         -11.209           3.891         -20.103         -15.899          -11.522
 1857 (occ)     1         -11.204           4.069         -20.523         -16.472          -11.186
 1858 (occ)     1         -11.203           3.946         -20.939         -16.430          -11.766
 1859 (occ)     1         -11.189           4.036         -20.336         -16.298          -11.191
 1860 (occ)     1         -11.180           4.087         -20.661         -16.687          -11.067
 1861 (occ)     1         -11.176           4.001         -20.440         -16.371          -11.244
 1862 (occ)     1         -11.160           3.935         -20.916         -16.444          -11.697
 1863 (occ)     1         -11.154           3.888         -20.072         -15.898          -11.440
 1864 (occ)     1         -11.150           4.135         -21.194         -17.065          -11.144
 1865 (occ)     1         -11.139           4.038         -20.591         -16.499          -11.194
 1866 (occ)     1         -11.132           4.091         -21.131         -16.962          -11.209
 1867 (occ)     1         -11.131           4.065         -20.665         -16.690          -11.042
 1868 (occ)     1         -11.129           3.404         -17.163         -13.511          -11.376
 1869 (occ)     1         -11.129           3.405         -17.163         -13.511          -11.376
 1870 (occ)     1         -11.123           4.147         -20.942         -16.917          -11.000
 1871 (occ)     1         -11.120           3.905         -20.134         -15.998          -11.352
 1872 (occ)     1         -11.115           3.947         -20.807         -16.470          -11.506
 1873 (occ)     1         -11.095           4.089         -21.074         -16.933          -11.147
 1874 (occ)     1         -11.087           3.931         -20.855         -16.475          -11.536
 1875 (occ)     1         -11.086           4.031         -20.679         -16.669          -11.065
 1876 (occ)     1         -11.085           3.904         -20.158         -16.048          -11.292
 1877 (occ)     1         -11.081           4.102         -20.678         -16.718          -10.939
 1878 (occ)     1         -11.060           4.039         -20.520         -16.542          -10.999
 1879 (occ)     1         -11.053           4.094         -21.076         -16.968          -11.067
 1880 (occ)     1         -11.051           3.912         -20.855         -16.490          -11.504
 1881 (occ)     1         -11.050           3.974         -20.723         -16.597          -11.202
 1882 (occ)     1         -11.049           3.886         -20.147         -16.049          -11.260
 1883 (occ)     1         -11.041           4.067         -20.527         -16.592          -10.908
 1884 (occ)     1         -11.013           4.054         -20.845         -16.777          -11.026
 1885 (occ)     1         -11.007           4.035         -20.415         -16.488          -10.899
 1886 (occ)     1         -11.007           3.925         -20.423         -16.344          -11.161
 1887 (occ)     1         -10.998           4.002         -20.550         -16.581          -10.966
 1888 (occ)     1         -10.985           4.070         -16.553         -13.226          -10.241
 1889 (occ)     1         -10.984           3.907         -20.773         -16.604          -11.246
 1890 (occ)     1         -10.983           4.069         -16.552         -13.227          -10.240
 1891 (occ)     1         -10.980           4.067         -16.551         -13.227          -10.237
 1892 (occ)     1         -10.977           4.010         -20.362         -16.432          -10.897
 1893 (occ)     1         -10.976           4.064         -16.550         -13.227          -10.234
 1894 (occ)     1         -10.976           4.054         -20.881         -16.830          -10.973
 1895 (occ)     1         -10.972           3.970         -20.645         -16.646          -11.001
 1896 (occ)     1         -10.972           4.061         -16.548         -13.228          -10.231
 1897 (occ)     1         -10.966           4.058         -16.546         -13.229          -10.226
 1898 (occ)     1         -10.960           4.053         -16.544         -13.230          -10.221
 1899 (occ)     1         -10.960           3.961         -20.469         -16.476          -10.992
 1900 (occ)     1         -10.953           4.047         -16.541         -13.231          -10.216
 1901 (occ)     1         -10.952           3.985         -20.335         -16.395          -10.907
 1902 (occ)     1         -10.945           4.043         -16.538         -13.232          -10.208
 1903 (occ)     1         -10.944           4.038         -20.808         -16.789          -10.926
 1904 (occ)     1         -10.936           4.037         -16.534         -13.233          -10.200
 1905 (occ)     1         -10.932           4.014         -20.455         -16.517          -10.857
 1906 (occ)     1         -10.926           4.032         -16.531         -13.234          -10.191
 1907 (occ)     1         -10.921           4.009         -20.657         -16.675          -10.895
 1908 (occ)     1         -10.916           4.025         -20.528         -16.581          -10.839
 1909 (occ)     1         -10.916           4.063         -20.458         -16.651          -10.660
 1910 (occ)     1         -10.915           4.025         -16.526         -13.236          -10.181
 1911 (occ)     1         -10.911           4.005         -20.543         -16.608          -10.841
 1912 (occ)     1         -10.907           4.033         -20.557         -16.610          -10.821
 1913 (occ)     1         -10.904           4.019         -16.522         -13.238          -10.169
 1914 (occ)     1         -10.904           4.013         -20.556         -16.607          -10.840
 1915 (occ)     1         -10.903           3.946         -20.464         -16.520          -10.900
 1916 (occ)     1         -10.899           4.072         -20.845         -16.805          -10.868
 1917 (occ)     1         -10.891           4.013         -16.517         -13.239          -10.156
 1918 (occ)     1         -10.891           4.079         -20.792         -16.832          -10.772
 1919 (occ)     1         -10.878           4.006         -16.512         -13.241          -10.143
 1920 (occ)     1         -10.869           4.029         -20.835         -16.770          -10.904
 1921 (occ)     1         -10.863           3.999         -16.506         -13.243          -10.128
 1922 (occ)     1         -10.853           4.021         -20.743         -16.744          -10.831
 1923 (occ)     1         -10.851           3.981         -20.490         -16.642          -10.718
 1924 (occ)     1         -10.848           3.992         -16.500         -13.245          -10.112
 1925 (occ)     1         -10.844           4.079         -20.527         -16.777          -10.516
 1926 (occ)     1         -10.832           3.983         -16.494         -13.247          -10.096
 1927 (occ)     1         -10.830           4.008         -20.756         -16.750          -10.828
 1928 (occ)     1         -10.815           3.976         -16.487         -13.249          -10.077
 1929 (occ)     1         -10.810           3.982         -20.810         -16.744          -10.894
 1930 (occ)     1         -10.797           3.968         -16.480         -13.251          -10.058
 1931 (occ)     1         -10.795           4.002         -20.534         -16.748          -10.580
 1932 (occ)     1         -10.793           4.048         -20.721         -16.861          -10.605
 1933 (occ)     1         -10.779           3.959         -16.472         -13.253          -10.038
 1934 (occ)     1         -10.770           4.034         -20.465         -16.707          -10.494
 1935 (occ)     1         -10.769           3.947         -20.832         -16.714          -10.941
 1936 (occ)     1         -10.759           3.951         -16.464         -13.256          -10.017
 1937 (occ)     1         -10.749           4.055         -20.686         -16.909          -10.470
 1938 (occ)     1         -10.739           4.014         -20.562         -16.828          -10.459
 1939 (occ)     1         -10.738           3.942         -16.456         -13.258           -9.995
 1940 (occ)     1         -10.731           3.931         -20.822         -16.709          -10.913
 1941 (occ)     1         -10.717           3.934         -16.448         -13.261           -9.970
 1942 (occ)     1         -10.704           3.984         -20.596         -16.724          -10.592
 1943 (occ)     1         -10.704           4.054         -20.661         -16.938          -10.373
 1944 (occ)     1         -10.695           3.923         -16.439         -13.263           -9.947
 1945 (occ)     1         -10.690           3.963         -20.653         -16.734          -10.647
 1946 (occ)     1         -10.683           4.022         -20.580         -16.893          -10.348
 1947 (occ)     1         -10.672           3.914         -16.430         -13.266           -9.922
 1948 (occ)     1         -10.663           3.924         -20.784         -16.726          -10.798
 1949 (occ)     1         -10.658           4.045         -20.649         -16.954          -10.308
 1950 (occ)     1         -10.648           3.904         -16.420         -13.269           -9.895
 1951 (occ)     1         -10.631           3.926         -20.757         -16.743          -10.719
 1952 (occ)     1         -10.628           4.028         -20.594         -16.950          -10.244
 1953 (occ)     1         -10.627           4.017         -20.449         -16.775          -10.284
 1954 (occ)     1         -10.623           3.894         -16.410         -13.272           -9.868
 1955 (occ)     1         -10.613           4.025         -20.648         -16.947          -10.289
 1956 (occ)     1         -10.601           3.945         -20.697         -16.781          -10.572
 1957 (occ)     1         -10.597           3.884         -16.400         -13.275           -9.839
 1958 (occ)     1         -10.581           3.940         -20.678         -16.763          -10.556
 1959 (occ)     1         -10.575           4.033         -20.606         -17.004          -10.145
 1960 (occ)     1         -10.571           3.874         -16.390         -13.278           -9.809
 1961 (occ)     1         -10.566           4.028         -20.625         -16.982          -10.181
 1962 (occ)     1         -10.558           3.943         -20.638         -16.757          -10.496
 1963 (occ)     1         -10.555           4.008         -20.442         -16.808          -10.181
 1964 (occ)     1         -10.543           3.863         -16.379         -13.281           -9.778
 1965 (occ)     1         -10.539           3.956         -20.575         -16.759          -10.399
 1966 (occ)     1         -10.527           3.970         -20.553         -16.783          -10.328
 1967 (occ)     1         -10.525           4.039         -20.620         -17.056          -10.049
 1968 (occ)     1         -10.521           4.013         -20.598         -16.964          -10.142
 1969 (occ)     1         -10.516           3.970         -20.487         -16.733          -10.300
 1970 (occ)     1         -10.515           3.853         -16.369         -13.284           -9.746
 1971 (occ)     1         -10.508           3.977         -20.444         -16.721          -10.253
 1972 (occ)     1         -10.504           3.992         -20.254         -16.606          -10.160
 1973 (occ)     1         -10.503           3.992         -20.259         -16.610          -10.161
 1974 (occ)     1         -10.503           3.983         -20.399         -16.699          -10.220
 1975 (occ)     1         -10.502           3.992         -20.261         -16.612          -10.159
 1976 (occ)     1         -10.501           3.992         -20.268         -16.618          -10.159
 1977 (occ)     1         -10.500           3.988         -20.351         -16.674          -10.189
 1978 (occ)     1         -10.500           3.992         -20.291         -16.634          -10.165
 1979 (occ)     1         -10.499           3.992         -20.298         -16.641          -10.164
 1980 (occ)     1         -10.499           3.989         -20.321         -16.655          -10.175
 1981 (occ)     1         -10.499           3.991         -20.306         -16.647          -10.168
 1982 (occ)     1         -10.494           3.963         -20.316         -16.656          -10.191
 1983 (occ)     1         -10.493           3.958         -20.313         -16.648          -10.201
 1984 (occ)     1         -10.486           3.841         -16.357         -13.288           -9.714
 1985 (occ)     1         -10.484           3.997         -20.408         -16.840          -10.056
 1986 (occ)     1         -10.479           4.011         -20.603         -17.017          -10.054
 1987 (occ)     1         -10.478           4.047         -20.635         -17.106           -9.961
 1988 (occ)     1         -10.456           3.831         -16.346         -13.291           -9.680
 1989 (occ)     1         -10.439           4.055         -20.638         -17.125           -9.897
 1990 (occ)     1         -10.437           4.002         -20.600         -17.033          -10.002
 1991 (occ)     1         -10.425           3.820         -16.334         -13.295           -9.645
 1992 (occ)     1         -10.419           3.994         -20.426         -16.899           -9.951
 1993 (occ)     1         -10.414           4.042         -20.549         -17.004           -9.917
 1994 (occ)     1         -10.404           4.002         -20.356         -16.775           -9.983
 1995 (occ)     1         -10.401           3.981         -20.236         -16.664           -9.993
 1996 (occ)     1         -10.399           3.974         -20.170         -16.616           -9.978
 1997 (occ)     1         -10.397           3.992         -20.592         -17.043           -9.955
 1998 (occ)     1         -10.393           3.808         -16.322         -13.298           -9.609
 1999 (occ)     1         -10.391           3.956         -20.306         -16.728          -10.013
 2000 (occ)     1         -10.391           3.957         -20.311         -16.731          -10.014
 2001 (occ)     1         -10.361           3.797         -16.310         -13.302           -9.571
 2002 (occ)     1         -10.359           3.962         -20.559         -17.011           -9.945
 2003 (occ)     1         -10.343           3.986         -20.332         -16.833           -9.856
 2004 (occ)     1         -10.328           3.786         -16.297         -13.306           -9.532
 2005 (occ)     1         -10.326           3.882         -20.508         -16.914          -10.038
 2006 (occ)     1         -10.312           3.855         -20.280         -16.575          -10.162
 2007 (occ)     1         -10.308           3.834         -20.323         -16.516          -10.281
 2008 (occ)     1         -10.303           3.778         -20.415         -16.748          -10.193
 2009 (occ)     1         -10.303           3.867         -20.456         -16.865          -10.026
 2010 (occ)     1         -10.296           3.893         -20.332         -16.760           -9.975
 2011 (occ)     1         -10.293           3.775         -16.284         -13.310           -9.493
 2012 (occ)     1         -10.286           3.818         -20.400         -16.551          -10.317
 2013 (occ)     1         -10.276           3.893         -20.381         -16.856           -9.907
 2014 (occ)     1         -10.273           3.912         -20.529         -16.987           -9.903
 2015 (occ)     1         -10.270           3.936         -20.411         -16.925           -9.820
 2016 (occ)     1         -10.258           3.763         -16.271         -13.314           -9.452
 2017 (occ)     1         -10.254           3.828         -20.471         -16.646          -10.252
 2018 (occ)     1         -10.241           3.956         -20.468         -16.995           -9.758
 2019 (occ)     1         -10.241           3.945         -20.552         -17.063           -9.785
 2020 (occ)     1         -10.224           3.962         -20.403         -16.990           -9.675
 2021 (occ)     1         -10.223           3.934         -20.481         -16.995           -9.775
 2022 (occ)     1         -10.223           3.751         -16.257         -13.318           -9.410
 2023 (occ)     1         -10.211           3.903         -20.534         -16.834          -10.008
 2024 (occ)     1         -10.209           3.869         -19.924         -16.293           -9.972
 2025 (occ)     1         -10.208           3.948         -20.549         -17.086           -9.723
 2026 (occ)     1         -10.206           3.950         -20.408         -16.997           -9.667
 2027 (occ)     1         -10.204           3.880         -20.003         -16.413           -9.914
 2028 (occ)     1         -10.199           3.970         -20.489         -17.056           -9.662
 2029 (occ)     1         -10.197           3.868         -19.954         -16.343           -9.941
 2030 (occ)     1         -10.187           3.858         -19.938         -16.319           -9.949
 2031 (occ)     1         -10.186           3.740         -16.243         -13.323           -9.367
 2032 (occ)     1         -10.178           3.957         -20.554         -17.119           -9.656
 2033 (occ)     1         -10.175           3.851         -19.945         -16.329           -9.940
 2034 (occ)     1         -10.174           3.758         -20.216         -16.309          -10.323
 2035 (occ)     1         -10.174           3.757         -20.211         -16.303          -10.325
 2036 (occ)     1         -10.171           3.941         -20.400         -16.976           -9.654
 2037 (occ)     1         -10.169           3.751         -20.227         -16.309          -10.336
 2038 (occ)     1         -10.168           3.770         -20.211         -16.348          -10.262
 2039 (occ)     1         -10.165           3.807         -20.501         -16.636          -10.223
 2040 (occ)     1         -10.161           3.842         -20.017         -16.374           -9.962
 2041 (occ)     1         -10.161           3.759         -20.201         -16.322          -10.281
 2042 (occ)     1         -10.161           3.745         -20.256         -16.331          -10.340
 2043 (occ)     1         -10.151           3.776         -20.312         -16.470          -10.217
 2044 (occ)     1         -10.150           3.760         -20.186         -16.331          -10.246
 2045 (occ)     1         -10.148           3.727         -16.229         -13.327           -9.323
 2046 (occ)     1         -10.148           3.908         -20.518         -16.986           -9.772
 2047 (occ)     1         -10.145           3.838         -19.966         -16.362           -9.912
 2048 (occ)     1         -10.138           3.761         -20.177         -16.346          -10.207
 2049 (occ)     1         -10.137           3.725         -20.317         -16.361          -10.368
 2050 (occ)     1         -10.127           3.831         -19.977         -16.379           -9.894
 2051 (occ)     1         -10.125           3.760         -20.203         -16.385          -10.182
 2052 (occ)     1         -10.125           3.889         -20.402         -16.853           -9.784
 2053 (occ)     1         -10.121           3.935         -20.515         -17.095           -9.606
 2054 (occ)     1         -10.120           3.804         -20.370         -16.616          -10.071
 2055 (occ)     1         -10.117           3.785         -20.533         -16.644          -10.221
 2056 (occ)     1         -10.110           3.716         -16.215         -13.332           -9.277
 2057 (occ)     1         -10.110           3.748         -20.192         -16.367          -10.187
 2058 (occ)     1         -10.107           3.823         -20.023         -16.414           -9.893
 2059 (occ)     1         -10.105           3.716         -20.365         -16.413          -10.340
 2060 (occ)     1         -10.096           3.933         -20.528         -17.120           -9.571
 2061 (occ)     1         -10.094           3.741         -20.203         -16.382          -10.174
 2062 (occ)     1         -10.087           3.816         -20.007         -16.423           -9.855
 2063 (occ)     1         -10.086           3.723         -20.365         -16.450          -10.279
 2064 (occ)     1         -10.084           3.956         -20.459         -17.131           -9.455
 2065 (occ)     1         -10.076           3.727         -20.241         -16.396          -10.195
 2066 (occ)     1         -10.074           3.920         -20.514         -17.093           -9.576
 2067 (occ)     1         -10.071           3.703         -16.200         -13.336           -9.232
 2068 (occ)     1         -10.067           3.741         -20.361         -16.512          -10.175
 2069 (occ)     1         -10.066           3.767         -20.545         -16.647          -10.197
 2070 (occ)     1         -10.064           3.810         -20.013         -16.441           -9.826
 2071 (occ)     1         -10.058           3.714         -20.280         -16.415          -10.209
 2072 (occ)     1         -10.056           3.960         -20.523         -17.196           -9.423
 2073 (occ)     1         -10.054           3.901         -20.469         -17.026           -9.596
 2074 (occ)     1         -10.047           3.767         -20.369         -16.599          -10.050
 2075 (occ)     1         -10.041           3.953         -20.529         -17.199           -9.417
 2076 (occ)     1         -10.040           3.803         -20.031         -16.466           -9.803
 2077 (occ)     1         -10.040           3.709         -20.295         -16.434          -10.192
 2078 (occ)     1         -10.035           3.929         -20.493         -17.122           -9.476
 2079 (occ)     1         -10.031           3.691         -16.185         -13.341           -9.185
 2080 (occ)     1         -10.030           3.963         -20.527         -17.224           -9.371
 2081 (occ)     1         -10.029           3.764         -20.434         -16.644          -10.055
 2082 (occ)     1         -10.021           3.724         -20.226         -16.439          -10.083
 2083 (occ)     1         -10.021           3.864         -20.474         -17.062           -9.569
 2084 (occ)     1         -10.018           3.849         -20.489         -17.052           -9.606
 2085 (occ)     1         -10.018           3.781         -20.222         -16.541           -9.918
 2086 (occ)     1         -10.011           3.769         -20.351         -16.583          -10.009
 2087 (occ)     1         -10.009           3.677         -20.523         -16.571          -10.285
 2088 (occ)     1         -10.002           3.736         -20.147         -16.428           -9.985
 2089 (occ)     1          -9.993           3.634         -20.623         -16.540          -10.441
 2090 (occ)     1          -9.990           3.678         -16.170         -13.346           -9.137
 2091 (occ)     1          -9.990           3.788         -20.053         -16.509           -9.746
 2092 (occ)     1          -9.985           3.747         -16.112         -13.270           -9.080
 2093 (occ)     1          -9.984           3.747         -16.111         -13.270           -9.078
 2094 (occ)     1          -9.981           3.748         -20.066         -16.425           -9.874
 2095 (occ)     1          -9.981           3.745         -16.110         -13.270           -9.076
 2096 (occ)     1          -9.978           3.621         -20.666         -16.552          -10.471
 2097 (occ)     1          -9.977           3.742         -16.109         -13.270           -9.074
 2098 (occ)     1          -9.973           3.738         -16.107         -13.271           -9.071
 2099 (occ)     1          -9.968           3.734         -16.105         -13.271           -9.068
 2100 (occ)     1          -9.965           3.617         -20.680         -16.562          -10.466
 2101 (occ)     1          -9.963           3.782         -20.062         -16.531           -9.712
 2102 (occ)     1          -9.962           3.726         -16.103         -13.272           -9.067
 2103 (occ)     1          -9.961           3.731         -20.494         -16.618          -10.106
 2104 (occ)     1          -9.960           3.741         -20.110         -16.447           -9.883
 2105 (occ)     1          -9.956           3.721         -16.100         -13.273           -9.062
 2106 (occ)     1          -9.955           3.630         -20.612         -16.554          -10.383
 2107 (occ)     1          -9.949           3.665         -16.154         -13.351           -9.088
 2108 (occ)     1          -9.948           3.715         -16.097         -13.274           -9.057
 2109 (occ)     1          -9.948           3.619         -20.698         -16.581          -10.446
 2110 (occ)     1          -9.942           3.616         -20.716         -16.588          -10.454
 2111 (occ)     1          -9.940           3.708         -16.093         -13.274           -9.051
 2112 (occ)     1          -9.940           3.628         -20.680         -16.583          -10.409
 2113 (occ)     1          -9.937           3.738         -20.055         -16.442           -9.811
 2114 (occ)     1          -9.936           3.775         -20.080         -16.555           -9.686
 2115 (occ)     1          -9.931           3.701         -16.090         -13.275           -9.044
 2116 (occ)     1          -9.921           3.694         -16.086         -13.277           -9.036
 2117 (occ)     1          -9.914           3.742         -19.985         -16.438           -9.718
 2118 (occ)     1          -9.913           3.745         -20.265         -16.583           -9.850
 2119 (occ)     1          -9.911           3.688         -16.081         -13.278           -9.026
 2120 (occ)     1          -9.906           3.652         -16.138         -13.356           -9.037
 2121 (occ)     1          -9.905           3.744         -20.286         -16.591           -9.856
 2122 (occ)     1          -9.899           3.682         -16.076         -13.279           -9.015
 2123 (occ)     1          -9.890           3.738         -19.976         -16.446           -9.682
 2124 (occ)     1          -9.887           3.674         -16.071         -13.281           -9.004
 2125 (occ)     1          -9.883           3.759         -20.097         -16.596           -9.625
 2126 (occ)     1          -9.874           3.667         -16.066         -13.282           -8.991
 2127 (occ)     1          -9.865           3.732         -19.970         -16.455           -9.647
 2128 (occ)     1          -9.863           3.637         -16.122         -13.361           -8.987
 2129 (occ)     1          -9.860           3.660         -16.060         -13.284           -8.976
 2130 (occ)     1          -9.858           3.694         -20.418         -16.577          -10.006
 2131 (occ)     1          -9.855           3.753         -20.102         -16.618           -9.586
 2132 (occ)     1          -9.845           3.652         -16.054         -13.286           -8.962
 2133 (occ)     1          -9.839           3.727         -19.964         -16.465           -9.612
 2134 (occ)     1          -9.830           3.645         -16.047         -13.287           -8.945
 2135 (occ)     1          -9.827           3.746         -20.114         -16.639           -9.556
 2136 (occ)     1          -9.820           3.624         -16.106         -13.367           -8.935
 2137 (occ)     1          -9.813           3.720         -19.958         -16.474           -9.577
 2138 (occ)     1          -9.813           3.637         -16.040         -13.289           -8.927
 2139 (occ)     1          -9.810           3.683         -20.341         -16.562           -9.906
 2140 (occ)     1          -9.799           3.734         -20.159         -16.648           -9.575
 2141 (occ)     1          -9.796           3.630         -16.033         -13.291           -8.908
 2142 (occ)     1          -9.787           3.714         -19.953         -16.484           -9.541
 2143 (occ)     1          -9.778           3.622         -16.026         -13.294           -8.888
 2144 (occ)     1          -9.775           3.610         -16.089         -13.372           -8.882
 2145 (occ)     1          -9.775           3.727         -20.136         -16.667           -9.517
 2146 (occ)     1          -9.760           3.659         -20.317         -16.537           -9.880
 2147 (occ)     1          -9.759           3.707         -19.948         -16.495           -9.505
 2148 (occ)     1          -9.759           3.615         -16.018         -13.296           -8.867
 2149 (occ)     1          -9.752           3.651         -20.256         -16.658           -9.700
 2150 (occ)     1          -9.748           3.723         -20.135         -16.695           -9.465
 2151 (occ)     1          -9.742           3.661         -20.250         -16.678           -9.653
 2152 (occ)     1          -9.739           3.607         -16.010         -13.298           -8.845
 2153 (occ)     1          -9.732           3.695         -20.308         -16.788           -9.558
 2154 (occ)     1          -9.732           3.701         -19.949         -16.510           -9.470
 2155 (occ)     1          -9.729           3.595         -16.072         -13.378           -8.829
 2156 (occ)     1          -9.728           3.688         -20.305         -16.780           -9.565
 2157 (occ)     1          -9.726           3.671         -20.236         -16.688           -9.603
 2158 (occ)     1          -9.722           3.718         -20.143         -16.718           -9.429
 2159 (occ)     1          -9.720           3.678         -20.291         -16.761           -9.572
 2160 (occ)     1          -9.719           3.599         -16.002         -13.301           -8.821
 2161 (occ)     1          -9.716           3.634         -20.252         -16.491           -9.843
 2162 (occ)     1          -9.708           3.665         -20.269         -16.736           -9.575
 2163 (occ)     1          -9.707           3.662         -20.097         -16.533           -9.609
 2164 (occ)     1          -9.703           3.694         -19.942         -16.519           -9.433
 2165 (occ)     1          -9.700           3.545         -19.467         -15.691           -9.931
 2166 (occ)     1          -9.697           3.591         -15.993         -13.303           -8.797
 2167 (occ)     1          -9.697           3.704         -20.126         -16.688           -9.431
 2168 (occ)     1          -9.690           3.559         -19.550         -15.808           -9.873
 2169 (occ)     1          -9.690           3.651         -20.246         -16.714           -9.571
 2170 (occ)     1          -9.684           3.656         -20.132         -16.571           -9.589
 2171 (occ)     1          -9.683           3.580         -16.055         -13.383           -8.774
 2172 (occ)     1          -9.676           3.675         -20.115         -16.618           -9.498
 2173 (occ)     1          -9.675           3.583         -15.984         -13.306           -8.771
 2174 (occ)     1          -9.675           3.687         -19.936         -16.529           -9.395
 2175 (occ)     1          -9.670           3.636         -20.096         -16.441           -9.688
 2176 (occ)     1          -9.670           3.567         -19.614         -15.915           -9.801
 2177 (occ)     1          -9.664           3.638         -20.219         -16.697           -9.549
 2178 (occ)     1          -9.658           3.650         -20.078         -16.543           -9.543
 2179 (occ)     1          -9.652           3.575         -15.975         -13.309           -8.744
 2180 (occ)     1          -9.652           3.696         -20.159         -16.763           -9.351
 2181 (occ)     1          -9.645           3.679         -19.932         -16.541           -9.357
 2182 (occ)     1          -9.644           3.607         -19.816         -16.218           -9.635
 2183 (occ)     1          -9.636           3.564         -16.037         -13.389           -8.720
 2184 (occ)     1          -9.634           3.589         -20.046         -16.330           -9.761
 2185 (occ)     1          -9.631           3.628         -20.193         -16.690           -9.507
 2186 (occ)     1          -9.631           3.628         -20.006         -16.465           -9.544
 2187 (occ)     1          -9.630           3.688         -20.144         -16.744           -9.342
 2188 (occ)     1          -9.628           3.567         -15.966         -13.312           -8.716
 2189 (occ)     1          -9.616           3.672         -19.928         -16.553           -9.319
 2190 (occ)     1          -9.616           3.654         -20.044         -16.565           -9.440
 2191 (occ)     1          -9.610           3.689         -20.180         -16.804           -9.296
 2192 (occ)     1          -9.604           3.558         -15.956         -13.315           -8.686
 2193 (occ)     1          -9.600           3.585         -20.049         -16.391           -9.672
 2194 (occ)     1          -9.600           3.588         -19.872         -16.273           -9.610
 2195 (occ)     1          -9.592           3.618         -20.168         -16.691           -9.450
 2196 (occ)     1          -9.591           3.670         -20.135         -16.742           -9.315
 2197 (occ)     1          -9.589           3.549         -16.019         -13.395           -8.664
 2198 (occ)     1          -9.588           3.688         -20.192         -16.793           -9.299
 2199 (occ)     1          -9.586           3.664         -19.925         -16.565           -9.281
 2200 (occ)     1          -9.578           3.550         -15.946         -13.318           -8.656
 2201 (occ)     1          -9.575           3.664         -20.175         -16.794           -9.291
 2202 (occ)     1          -9.568           3.608         -20.120         -16.540           -9.540
 2203 (occ)     1          -9.567           3.575         -19.861         -16.273           -9.579
 2204 (occ)     1          -9.563           3.678         -20.159         -16.772           -9.272
 2205 (occ)     1          -9.559           3.668         -20.184         -16.825           -9.251
 2206 (occ)     1          -9.556           3.656         -19.922         -16.576           -9.245
 2207 (occ)     1          -9.552           3.541         -15.935         -13.321           -8.626
 2208 (occ)     1          -9.547           3.608         -20.143         -16.694           -9.389
 2209 (occ)     1          -9.546           3.664         -20.194         -16.833           -9.243
 2210 (occ)     1          -9.544           3.629         -20.186         -16.700           -9.401
 2211 (occ)     1          -9.540           3.533         -16.001         -13.401           -8.607
 2212 (occ)     1          -9.538           3.595         -20.000         -16.474           -9.470
 2213 (occ)     1          -9.537           3.658         -20.132         -16.725           -9.286
 2214 (occ)     1          -9.535           3.664         -20.199         -16.840           -9.230
 2215 (occ)     1          -9.527           3.661         -20.204         -16.824           -9.246
 2216 (occ)     1          -9.526           3.640         -20.135         -16.716           -9.305
 2217 (occ)     1          -9.525           3.646         -19.918         -16.585           -9.213
 2218 (occ)     1          -9.525           3.534         -15.925         -13.324           -8.591
 2219 (occ)     1          -9.523           3.648         -20.194         -16.767           -9.302
 2220 (occ)     1          -9.521           3.614         -20.146         -16.736           -9.317
 2221 (occ)     1          -9.519           3.641         -20.210         -16.830           -9.258
 2222 (occ)     1          -9.508           3.599         -19.982         -16.549           -9.342
 2223 (occ)     1          -9.500           3.646         -20.107         -16.744           -9.217
 2224 (occ)     1          -9.499           3.589         -20.105         -16.673           -9.343
 2225 (occ)     1          -9.497           3.524         -15.914         -13.328           -8.559
 2226 (occ)     1          -9.495           3.632         -19.913         -16.585           -9.191
 2227 (occ)     1          -9.492           3.516         -15.982         -13.408           -8.550
 2228 (occ)     1          -9.480           3.567         -19.866         -16.419           -9.360
 2229 (occ)     1          -9.477           3.671         -20.170         -16.841           -9.137
 2230 (occ)     1          -9.468           3.515         -15.903         -13.331           -8.524
 2231 (occ)     1          -9.465           3.611         -19.915         -16.594           -9.175
 2232 (occ)     1          -9.456           3.672         -20.171         -16.847           -9.108
 2233 (occ)     1          -9.455           3.546         -19.996         -16.570           -9.335
 2234 (occ)     1          -9.450           3.584         -19.934         -16.535           -9.265
 2235 (occ)     1          -9.442           3.500         -15.963         -13.414           -8.491
 2236 (occ)     1          -9.438           3.506         -15.891         -13.335           -8.488
 2237 (occ)     1          -9.434           3.622         -20.023         -16.656           -9.179
 2238 (occ)     1          -9.427           3.657         -20.144         -16.824           -9.089
 2239 (occ)     1          -9.418           3.704         -20.069         -16.898           -8.886
 2240 (occ)     1          -9.408           3.674         -20.179         -16.869           -9.045
 2241 (occ)     1          -9.408           3.496         -15.880         -13.339           -8.453
 2242 (occ)     1          -9.406           3.570         -19.898         -16.501           -9.232
 2243 (occ)     1          -9.398           3.654         -19.981         -16.763           -8.961
 2244 (occ)     1          -9.392           3.483         -15.944         -13.420           -8.433
 2245 (occ)     1          -9.389           3.639         -20.071         -16.720           -9.101
 2246 (occ)     1          -9.384           3.646         -20.133         -16.896           -8.975
 2247 (occ)     1          -9.382           3.640         -20.102         -16.759           -9.085
 2248 (occ)     1          -9.377           3.486         -15.868         -13.343           -8.416
 2249 (occ)     1          -9.367           3.646         -19.958         -16.770           -8.909
 2250 (occ)     1          -9.361           3.562         -19.870         -16.456           -9.213
 2251 (occ)     1          -9.360           3.652         -20.133         -16.773           -9.068
 2252 (occ)     1          -9.345           3.476         -15.856         -13.347           -8.378
 2253 (occ)     1          -9.342           3.466         -15.925         -13.427           -8.374
 2254 (occ)     1          -9.337           3.638         -19.959         -16.789           -8.869
 2255 (occ)     1          -9.335           3.618         -20.041         -16.629           -9.129
 2256 (occ)     1          -9.333           3.608         -20.126         -16.874           -8.977
 2257 (occ)     1          -9.328           3.578         -19.947         -16.523           -9.174
 2258 (occ)     1          -9.312           3.465         -15.843         -13.351           -8.340
 2259 (occ)     1          -9.308           3.632         -19.965         -16.815           -8.826
 2260 (occ)     1          -9.301           3.553         -19.869         -16.413           -9.204
 2261 (occ)     1          -9.294           3.451         -15.904         -13.433           -8.314
 2262 (occ)     1          -9.293           3.584         -20.004         -16.550           -9.163
 2263 (occ)     1          -9.283           3.611         -20.019         -16.838           -8.854
 2264 (occ)     1          -9.279           3.454         -15.831         -13.355           -8.301
 2265 (occ)     1          -9.278           3.607         -20.063         -16.883           -8.851
 2266 (occ)     1          -9.257           3.513         -19.783         -16.324           -9.202
 2267 (occ)     1          -9.256           3.626         -19.978         -16.867           -8.740
 2268 (occ)     1          -9.254           3.564         -19.994         -16.509           -9.174
 2269 (occ)     1          -9.245           3.441         -15.818         -13.360           -8.261
 2270 (occ)     1          -9.233           3.628         -19.989         -16.900           -8.694
 2271 (occ)     1          -9.227           3.573         -20.098         -16.893           -8.859
 2272 (occ)     1          -9.215           3.631         -20.003         -16.932           -8.655
 2273 (occ)     1          -9.211           3.536         -19.955         -16.455           -9.174
 2274 (occ)     1          -9.210           3.429         -15.805         -13.364           -8.221
 2275 (occ)     1          -9.208           3.498         -19.778         -16.333           -9.155
 2276 (occ)     1          -9.201           3.638         -20.010         -16.953           -8.620
 2277 (occ)     1          -9.199           3.380         -15.903         -13.455           -8.267
 2278 (occ)     1          -9.194           3.647         -20.016         -16.969           -8.595
 2279 (occ)     1          -9.187           3.363         -15.912         -13.461           -8.276
 2280 (occ)     1          -9.174           3.556         -20.088         -16.907           -8.799
 2281 (occ)     1          -9.174           3.417         -15.791         -13.369           -8.180
 2282 (occ)     1          -9.165           3.507         -19.903         -16.409           -9.152
 2283 (occ)     1          -9.156           3.491         -19.809         -16.373           -9.100
 2284 (occ)     1          -9.137           3.403         -15.778         -13.373           -8.138
 2285 (occ)     1          -9.122           3.541         -20.075         -16.918           -8.739
 2286 (occ)     1          -9.120           3.389         -15.833         -13.453           -8.110
 2287 (occ)     1          -9.116           3.479         -19.846         -16.378           -9.105
 2288 (occ)     1          -9.103           3.484         -19.850         -16.411           -9.058
 2289 (occ)     1          -9.100           3.389         -15.764         -13.378           -8.096
 2290 (occ)     1          -9.072           3.526         -20.063         -16.929           -8.680
 2291 (occ)     1          -9.067           3.365         -15.815         -13.461           -8.056
 2292 (occ)     1          -9.065           3.454         -19.790         -16.371           -9.030
 2293 (occ)     1          -9.062           3.375         -15.750         -13.383           -8.054
 2294 (occ)     1          -9.051           3.472         -19.882         -16.429           -9.032
 2295 (occ)     1          -9.023           3.359         -15.736         -13.388           -8.011
 2296 (occ)     1          -9.022           3.511         -20.051         -16.940           -8.622
 2297 (occ)     1          -9.012           3.342         -15.795         -13.469           -7.996
 2298 (occ)     1          -9.010           3.435         -19.752         -16.393           -8.934
 2299 (occ)     1          -9.000           3.453         -19.891         -16.427           -9.010
 2300 (occ)     1          -8.984           3.344         -15.722         -13.394           -7.968
 2301 (occ)     1          -8.974           3.498         -20.040         -16.951           -8.565
 2302 (occ)     1          -8.956           3.319         -15.774         -13.477           -7.934
 2303 (occ)     1          -8.953           3.423         -19.741         -16.438           -8.834
 2304 (occ)     1          -8.950           3.432         -19.880         -16.417           -8.981
 2305 (occ)     1          -8.944           3.328         -15.708         -13.399           -7.924
 2306 (occ)     1          -8.928           3.484         -20.028         -16.961           -8.510
 2307 (occ)     1          -8.903           3.311         -15.693         -13.404           -7.881
 2308 (occ)     1          -8.901           3.410         -19.858         -16.410           -8.938
 2309 (occ)     1          -8.899           3.295         -15.752         -13.484           -7.871
 2310 (occ)     1          -8.895           3.413         -19.755         -16.487           -8.750
 2311 (occ)     1          -8.883           3.471         -20.017         -16.971           -8.458
 2312 (occ)     1          -8.862           3.295         -15.678         -13.410           -7.835
 2313 (occ)     1          -8.852           3.390         -19.827         -16.413           -8.876
 2314 (occ)     1          -8.842           3.271         -15.729         -13.492           -7.808
 2315 (occ)     1          -8.839           3.459         -20.006         -16.980           -8.407
 2316 (occ)     1          -8.836           3.403         -19.785         -16.512           -8.707
 2317 (occ)     1          -8.820           3.277         -15.664         -13.415           -7.791
 2318 (occ)     1          -8.801           3.374         -19.790         -16.443           -8.774
 2319 (occ)     1          -8.797           3.447         -19.995         -16.988           -8.358
 2320 (occ)     1          -8.784           3.246         -15.706         -13.500           -7.744
 2321 (occ)     1          -8.781           3.383         -19.815         -16.489           -8.723
 2322 (occ)     1          -8.777           3.260         -15.649         -13.421           -7.745
 2323 (occ)     1          -8.770           3.393         -19.494         -16.323           -8.548
 2324 (occ)     1          -8.758           3.424         -19.866         -16.833           -8.366
 2325 (occ)     1          -8.757           3.402         -19.621         -16.505           -8.471
 2326 (occ)     1          -8.747           3.364         -19.757         -16.520           -8.621
 2327 (occ)     1          -8.738           3.386         -19.514         -16.372           -8.494
 2328 (occ)     1          -8.734           3.242         -15.634         -13.427           -7.700
 2329 (occ)     1          -8.730           3.357         -19.820         -16.445           -8.747
 2330 (occ)     1          -8.726           3.221         -15.683         -13.508           -7.680
 2331 (occ)     1          -8.719           3.425         -19.974         -17.001           -8.267
 2332 (occ)     1          -8.714           3.381         -19.525         -16.404           -8.454
 2333 (occ)     1          -8.691           3.225         -15.620         -13.433           -7.654
 2334 (occ)     1          -8.690           3.361         -19.751         -16.610           -8.470
 2335 (occ)     1          -8.686           3.375         -19.535         -16.437           -8.408
 2336 (occ)     1          -8.683           3.415         -19.964         -17.007           -8.225
 2337 (occ)     1          -8.683           3.333         -19.807         -16.419           -8.737
 2338 (occ)     1          -8.667           3.195         -15.659         -13.516           -7.615
 2339 (occ)     1          -8.655           3.369         -19.544         -16.470           -8.360
 2340 (occ)     1          -8.649           3.405         -19.953         -17.013           -8.185
 2341 (occ)     1          -8.648           3.206         -15.606         -13.439           -7.609
 2342 (occ)     1          -8.637           3.313         -19.789         -16.414           -8.699
 2343 (occ)     1          -8.630           3.353         -19.764         -16.661           -8.380
 2344 (occ)     1          -8.621           3.362         -19.550         -16.500           -8.310
 2345 (occ)     1          -8.616           3.396         -19.944         -17.018           -8.146
 2346 (occ)     1          -8.607           3.168         -15.635         -13.524           -7.551
 2347 (occ)     1          -8.605           3.189         -15.593         -13.445           -7.564
 2348 (occ)     1          -8.592           3.298         -19.770         -16.439           -8.624
 2349 (occ)     1          -8.586           3.387         -19.934         -17.022           -8.110
 2350 (occ)     1          -8.585           3.355         -19.555         -16.528           -8.258
 2351 (occ)     1          -8.573           3.329         -19.778         -16.614           -8.407
 2352 (occ)     1          -8.562           3.172         -15.581         -13.451           -7.520
 2353 (occ)     1          -8.557           3.380         -19.924         -17.026           -8.076
 2354 (occ)     1          -8.548           3.347         -19.559         -16.554           -8.206
 2355 (occ)     1          -8.547           3.140         -15.611         -13.532           -7.486
 2356 (occ)     1          -8.545           3.298         -19.754         -16.547           -8.454
 2357 (occ)     1          -8.531           3.372         -19.914         -17.029           -8.044
 2358 (occ)     1          -8.523           3.287         -19.772         -16.484           -8.523
 2359 (occ)     1          -8.521           3.157         -15.570         -13.457           -7.477
 2360 (occ)     1          -8.510           3.340         -19.570         -16.589           -8.151
 2361 (occ)     1          -8.506           3.365         -19.895         -17.019           -8.017
 2362 (occ)     1          -8.491           3.313         -19.759         -16.724           -8.214
 2363 (occ)     1          -8.487           3.112         -15.586         -13.540           -7.422
 2364 (occ)     1          -8.483           3.359         -19.895         -17.031           -7.988
 2365 (occ)     1          -8.482           3.144         -15.562         -13.463           -7.437
 2366 (occ)     1          -8.480           3.258         -19.755         -16.427           -8.550
 2367 (occ)     1          -8.470           3.330         -19.562         -16.601           -8.100
 2368 (occ)     1          -8.463           3.354         -19.886         -17.033           -7.962
 2369 (occ)     1          -8.447           3.135         -15.556         -13.468           -7.400
 2370 (occ)     1          -8.444           3.349         -19.877         -17.033           -7.939
 2371 (occ)     1          -8.440           3.240         -19.741         -16.420           -8.520
 2372 (occ)     1          -8.432           3.310         -19.772         -16.788           -8.107
 2373 (occ)     1          -8.430           3.322         -19.563         -16.624           -8.047
 2374 (occ)     1          -8.427           3.082         -15.561         -13.546           -7.360
 2375 (occ)     1          -8.427           3.344         -19.865         -17.030           -7.918
 2376 (occ)     1          -8.420           3.132         -15.554         -13.474           -7.367
 2377 (occ)     1          -8.412           3.340         -19.857         -17.030           -7.899
 2378 (occ)     1          -8.410           3.376         -19.655         -16.886           -7.802
 2379 (occ)     1          -8.408           3.375         -19.657         -16.888           -7.802
 2380 (occ)     1          -8.405           3.373         -19.660         -16.891           -7.801
 2381 (occ)     1          -8.404           3.138         -15.552         -13.479           -7.338
 2382 (occ)     1          -8.402           3.369         -19.665         -16.896           -7.802
 2383 (occ)     1          -8.400           3.231         -19.732         -16.461           -8.440
 2384 (occ)     1          -8.398           3.336         -19.843         -17.025           -7.881
 2385 (occ)     1          -8.398           3.367         -19.670         -16.900           -7.801
 2386 (occ)     1          -8.393           3.364         -19.678         -16.908           -7.799
 2387 (occ)     1          -8.389           3.335         -19.641         -16.813           -7.882
 2388 (occ)     1          -8.389           3.053         -15.414         -13.365           -7.386
 2389 (occ)     1          -8.388           3.330         -19.614         -16.750           -7.922
 2390 (occ)     1          -8.387           3.051         -15.414         -13.365           -7.385
 2391 (occ)     1          -8.387           3.340         -19.825         -17.018           -7.854
 2392 (occ)     1          -8.385           3.049         -15.413         -13.366           -7.383
 2393 (occ)     1          -8.384           3.354         -19.690         -16.920           -7.800
 2394 (occ)     1          -8.382           3.046         -15.412         -13.367           -7.381
 2395 (occ)     1          -8.379           3.352         -19.699         -16.929           -7.797
 2396 (occ)     1          -8.378           3.262         -19.758         -16.621           -8.253
 2397 (occ)     1          -8.378           3.042         -15.410         -13.367           -7.379
 2398 (occ)     1          -8.377           3.332         -19.820         -17.015           -7.850
 2399 (occ)     1          -8.374           3.037         -15.414         -13.374           -7.377
 2400 (occ)     1          -8.374           3.352         -19.716         -16.945           -7.793
 2401 (occ)     1          -8.370           3.331         -19.761         -16.973           -7.826
 2402 (occ)     1          -8.368           3.033         -15.407         -13.369           -7.373
 2403 (occ)     1          -8.368           3.350         -19.776         -16.993           -7.802
 2404 (occ)     1          -8.368           3.044         -15.511         -13.516           -7.320
 2405 (occ)     1          -8.365           3.339         -19.730         -16.955           -7.800
 2406 (occ)     1          -8.362           3.342         -19.809         -17.018           -7.811
 2407 (occ)     1          -8.362           3.034         -15.419         -13.392           -7.355
 2408 (occ)     1          -8.361           3.342         -19.737         -16.964           -7.791
 2409 (occ)     1          -8.358           3.343         -19.805         -17.017           -7.802
 2410 (occ)     1          -8.357           3.345         -19.748         -16.975           -7.786
 2411 (occ)     1          -8.356           3.258         -19.748         -16.688           -8.158
 2412 (occ)     1          -8.356           3.023         -15.402         -13.371           -7.364
 2413 (occ)     1          -8.354           3.350         -19.764         -16.990           -7.778
 2414 (occ)     1          -8.354           3.349         -19.797         -17.015           -7.788
 2415 (occ)     1          -8.352           3.348         -19.775         -16.998           -7.781
 2416 (occ)     1          -8.352           3.349         -19.787         -17.009           -7.782
 2417 (occ)     1          -8.349           3.019         -15.401         -13.377           -7.354
 2418 (occ)     1          -8.348           3.279         -19.659         -16.823           -7.906
 2419 (occ)     1          -8.347           3.243         -19.730         -16.937           -7.897
 2420 (occ)     1          -8.346           3.269         -19.634         -16.780           -7.931
 2421 (occ)     1          -8.341           3.011         -15.397         -13.375           -7.352
 2422 (occ)     1          -8.338           3.210         -19.726         -16.449           -8.405
 2423 (occ)     1          -8.332           3.007         -15.393         -13.378           -7.341
 2424 (occ)     1          -8.324           2.999         -15.396         -13.386           -7.335
 2425 (occ)     1          -8.313           2.994         -15.386         -13.381           -7.323
 2426 (occ)     1          -8.309           3.007         -15.457         -13.482           -7.277
 2427 (occ)     1          -8.305           3.292         -19.556         -16.678           -7.891
 2428 (occ)     1          -8.303           3.190         -19.713         -16.425           -8.401
 2429 (occ)     1          -8.301           3.282         -19.775         -16.877           -7.918
 2430 (occ)     1          -8.299           3.002         -15.417         -13.437           -7.276
 2431 (occ)     1          -8.291           2.980         -15.378         -13.387           -7.302
 2432 (occ)     1          -8.277           2.977         -15.376         -13.395           -7.281
 2433 (occ)     1          -8.269           3.181         -19.708         -16.454           -8.342
 2434 (occ)     1          -8.267           2.967         -15.375         -13.400           -7.276
 2435 (occ)     1          -8.263           3.282         -19.554         -16.695           -7.838
 2436 (occ)     1          -8.252           2.959         -15.363         -13.396           -7.259
 2437 (occ)     1          -8.249           3.219         -19.741         -16.639           -8.132
 2438 (occ)     1          -8.247           2.977         -15.429         -13.489           -7.210
 2439 (occ)     1          -8.233           2.966         -15.389         -13.448           -7.208
 2440 (occ)     1          -8.231           3.229         -19.747         -16.761           -7.989
 2441 (occ)     1          -8.223           2.942         -15.353         -13.404           -7.231
 2442 (occ)     1          -8.220           3.272         -19.551         -16.712           -7.786
 2443 (occ)     1          -8.216           3.162         -19.701         -16.441           -8.313
 2444 (occ)     1          -8.206           2.937         -15.348         -13.410           -7.206
 2445 (occ)     1          -8.195           2.935         -15.367         -13.442           -7.186
 2446 (occ)     1          -8.188           3.148         -19.693         -16.432           -8.300
 2447 (occ)     1          -8.179           3.247         -19.771         -16.895           -7.808
 2448 (occ)     1          -8.178           2.950         -15.404         -13.508           -7.124
 2449 (occ)     1          -8.177           3.262         -19.547         -16.728           -7.735
 2450 (occ)     1          -8.174           2.917         -15.334         -13.414           -7.177
 2451 (occ)     1          -8.161           3.159         -19.705         -16.543           -8.164
 2452 (occ)     1          -8.153           2.913         -15.334         -13.431           -7.143
 2453 (occ)     1          -8.144           3.141         -19.692         -16.457           -8.239
 2454 (occ)     1          -8.141           2.904         -15.335         -13.438           -7.134
 2455 (occ)     1          -8.134           3.251         -19.544         -16.743           -7.683
 2456 (occ)     1          -8.122           3.126         -19.684         -16.434           -8.245
 2457 (occ)     1          -8.121           2.945         -15.298         -13.517           -6.957
 2458 (occ)     1          -8.118           2.890         -15.313         -13.427           -7.115
 2459 (occ)     1          -8.118           2.922         -15.384         -13.521           -7.059
 2460 (occ)     1          -8.116           3.236         -19.773         -16.946           -7.707
 2461 (occ)     1          -8.101           3.135         -19.695         -16.526           -8.136
 2462 (occ)     1          -8.095           2.934         -15.296         -13.520           -6.938
 2463 (occ)     1          -8.094           2.888         -15.319         -13.453           -7.072
 2464 (occ)     1          -8.091           3.241         -19.540         -16.758           -7.632
 2465 (occ)     1          -8.088           3.119         -19.682         -16.444           -8.207
 2466 (occ)     1          -8.081           2.875         -15.312         -13.448           -7.071
 2467 (occ)     1          -8.073           3.111         -19.678         -16.438           -8.202
 2468 (occ)     1          -8.063           3.140         -19.700         -16.559           -8.064
 2469 (occ)     1          -8.059           2.918         -15.291         -13.524           -6.908
 2470 (occ)     1          -8.057           2.860         -15.292         -13.441           -7.048
 2471 (occ)     1          -8.056           2.893         -15.360         -13.529           -6.993
 2472 (occ)     1          -8.053           3.208         -19.763         -16.934           -7.674
 2473 (occ)     1          -8.051           3.107         -19.676         -16.435           -8.184
 2474 (occ)     1          -8.048           3.230         -19.536         -16.773           -7.581
 2475 (occ)     1          -8.043           3.112         -19.682         -16.478           -8.135
 2476 (occ)     1          -8.039           3.108         -19.675         -16.435           -8.170
 2477 (occ)     1          -8.036           3.110         -19.675         -16.438           -8.163
 2478 (occ)     1          -8.030           2.858         -15.298         -13.467           -7.003
 2479 (occ)     1          -8.018           2.846         -15.294         -13.466           -6.999
 2480 (occ)     1          -8.017           2.899         -15.281         -13.530           -6.869
 2481 (occ)     1          -8.005           3.219         -19.532         -16.787           -7.531
 2482 (occ)     1          -7.997           3.239         -19.799         -17.161           -7.395
 2483 (occ)     1          -7.993           2.867         -15.336         -13.538           -6.924
 2484 (occ)     1          -7.991           2.830         -15.270         -13.455           -6.976
 2485 (occ)     1          -7.970           2.877         -15.267         -13.536           -6.823
 2486 (occ)     1          -7.964           2.827         -15.271         -13.474           -6.934
 2487 (occ)     1          -7.961           3.208         -19.528         -16.801           -7.481
 2488 (occ)     1          -7.952           2.826         -15.287         -13.496           -6.917
 2489 (occ)     1          -7.940           3.232         -19.800         -17.199           -7.310
 2490 (occ)     1          -7.930           2.842         -15.306         -13.535           -6.859
 2491 (occ)     1          -7.923           2.804         -15.254         -13.472           -6.900
 2492 (occ)     1          -7.920           2.854         -15.250         -13.543           -6.774
 2493 (occ)     1          -7.919           3.197         -19.524         -16.814           -7.432
 2494 (occ)     1          -7.897           2.802         -15.248         -13.480           -6.863
 2495 (occ)     1          -7.891           2.829         -15.300         -13.538           -6.825
 2496 (occ)     1          -7.885           3.222         -19.798         -17.228           -7.233
 2497 (occ)     1          -7.876           3.186         -19.520         -16.827           -7.383
 2498 (occ)     1          -7.873           2.817         -15.259         -13.504           -6.812
 2499 (occ)     1          -7.869           2.829         -15.231         -13.550           -6.720
 2500 (occ)     1          -7.864           2.809         -15.268         -13.507           -6.816
 2501 (occ)     1          -7.854           2.838         -15.271         -13.523           -6.764
 2502 (occ)     1          -7.850           2.824         -15.263         -13.510           -6.779
 2503 (occ)     1          -7.833           3.175         -19.516         -16.840           -7.334
 2504 (occ)     1          -7.831           3.211         -19.795         -17.255           -7.160
 2505 (occ)     1          -7.815           2.803         -15.210         -13.558           -6.665
 2506 (occ)     1          -7.791           3.164         -19.512         -16.853           -7.286
 2507 (occ)     1          -7.778           3.201         -19.792         -17.280           -7.089
 2508 (occ)     1          -7.761           2.776         -15.188         -13.565           -6.608
 2509 (occ)     1          -7.749           3.154         -19.509         -16.865           -7.239
 2510 (occ)     1          -7.727           3.191         -19.787         -17.302           -7.021
 2511 (occ)     1          -7.707           3.143         -19.505         -16.877           -7.193
 2512 (occ)     1          -7.705           2.748         -15.165         -13.573           -6.549
 2513 (occ)     1          -7.699           2.625         -15.114         -13.554           -6.634
 2514 (occ)     1          -7.699           2.626         -15.118         -13.561           -6.629
 2515 (occ)     1          -7.678           3.181         -19.782         -17.323           -6.956
 2516 (occ)     1          -7.675           2.618         -15.114         -13.558           -6.612
 2517 (occ)     1          -7.671           2.622         -15.118         -13.563           -6.604
 2518 (occ)     1          -7.666           3.132         -19.502         -16.889           -7.147
 2519 (occ)     1          -7.649           2.719         -15.141         -13.581           -6.488
 2520 (occ)     1          -7.641           2.609         -15.116         -13.576           -6.572
 2521 (occ)     1          -7.637           2.609         -15.106         -13.556           -6.578
 2522 (occ)     1          -7.630           3.171         -19.776         -17.343           -6.893
 2523 (occ)     1          -7.625           3.121         -19.498         -16.901           -7.101
 2524 (occ)     1          -7.602           2.592         -15.093         -13.557           -6.546
 2525 (occ)     1          -7.601           2.598         -15.113         -13.594           -6.522
 2526 (occ)     1          -7.591           2.690         -15.115         -13.590           -6.427
 2527 (occ)     1          -7.585           3.111         -19.495         -16.912           -7.057
 2528 (occ)     1          -7.584           3.161         -19.770         -17.361           -6.832
 2529 (occ)     1          -7.564           2.576         -15.085         -13.572           -6.500
 2530 (occ)     1          -7.558           2.580         -15.095         -13.588           -6.484
 2531 (occ)     1          -7.545           3.101         -19.492         -16.924           -7.013
 2532 (occ)     1          -7.540           3.152         -19.764         -17.378           -6.773
 2533 (occ)     1          -7.533           2.659         -15.089         -13.598           -6.364
 2534 (occ)     1          -7.522           2.562         -15.083         -13.602           -6.441
 2535 (occ)     1          -7.516           2.558         -15.070         -13.576           -6.452
 2536 (occ)     1          -7.505           3.090         -19.490         -16.935           -6.969
 2537 (occ)     1          -7.497           3.143         -19.757         -17.394           -6.717
 2538 (occ)     1          -7.476           2.536         -15.051         -13.578           -6.412
 2539 (occ)     1          -7.475           2.545         -15.074         -13.620           -6.384
 2540 (occ)     1          -7.474           2.627         -15.062         -13.607           -6.301
 2541 (occ)     1          -7.467           3.080         -19.487         -16.946           -6.927
 2542 (occ)     1          -7.457           3.135         -19.750         -17.408           -6.663
 2543 (occ)     1          -7.434           2.518         -15.039         -13.597           -6.359
 2544 (occ)     1          -7.428           3.071         -19.485         -16.957           -6.885
 2545 (occ)     1          -7.428           2.522         -15.050         -13.611           -6.345
 2546 (occ)     1          -7.418           3.127         -19.742         -17.421           -6.612
 2547 (occ)     1          -7.414           2.595         -15.034         -13.616           -6.237
 2548 (occ)     1          -7.391           3.061         -19.483         -16.968           -6.845
 2549 (occ)     1          -7.389           2.502         -15.034         -13.628           -6.294
 2550 (occ)     1          -7.384           2.496         -15.023         -13.599           -6.311
 2551 (occ)     1          -7.381           3.120         -19.735         -17.434           -6.563
 2552 (occ)     1          -7.354           3.052         -19.481         -16.979           -6.805
 2553 (occ)     1          -7.354           2.562         -15.005         -13.624           -6.172
 2554 (occ)     1          -7.347           3.112         -19.727         -17.445           -6.516
 2555 (occ)     1          -7.341           2.473         -15.002         -13.602           -6.268
 2556 (occ)     1          -7.340           2.483         -15.023         -13.643           -6.237
 2557 (occ)     1          -7.319           3.043         -19.480         -16.990           -6.766
 2558 (occ)     1          -7.314           3.106         -19.719         -17.455           -6.471
 2559 (occ)     1          -7.298           2.452         -14.988         -13.623           -6.211
 2560 (occ)     1          -7.293           2.529         -14.976         -13.633           -6.107
 2561 (occ)     1          -7.292           2.459         -14.999         -13.631           -6.201
 2562 (occ)     1          -7.284           3.034         -19.479         -17.001           -6.728
 2563 (occ)     1          -7.283           3.100         -19.711         -17.465           -6.429
 2564 (occ)     1          -7.254           3.094         -19.703         -17.473           -6.390
 2565 (occ)     1          -7.251           2.435         -14.980         -13.653           -6.144
 2566 (occ)     1          -7.249           3.025         -19.478         -17.011           -6.691
 2567 (occ)     1          -7.247           2.433         -14.973         -13.619           -6.169
 2568 (occ)     1          -7.231           2.494         -14.946         -13.642           -6.040
 2569 (occ)     1          -7.227           3.088         -19.696         -17.481           -6.353
 2570 (occ)     1          -7.216           3.017         -19.478         -17.022           -6.655
 2571 (occ)     1          -7.205           2.408         -14.952         -13.623           -6.126
 2572 (occ)     1          -7.202           3.084         -19.688         -17.488           -6.318
 2573 (occ)     1          -7.202           2.419         -14.968         -13.657           -6.093
 2574 (occ)     1          -7.184           3.009         -19.477         -17.032           -6.620
 2575 (occ)     1          -7.178           3.079         -19.681         -17.494           -6.285
 2576 (occ)     1          -7.169           2.460         -14.915         -13.651           -5.973
 2577 (occ)     1          -7.162           2.385         -14.938         -13.649           -6.066
 2578 (occ)     1          -7.157           2.400         -14.946         -13.633           -6.070
 2579 (occ)     1          -7.157           3.075         -19.673         -17.500           -6.255
 2580 (occ)     1          -7.153           3.001         -19.477         -17.042           -6.586
 2581 (occ)     1          -7.138           3.072         -19.666         -17.505           -6.227
 2582 (occ)     1          -7.123           2.994         -19.477         -17.052           -6.554
 2583 (occ)     1          -7.120           3.069         -19.660         -17.509           -6.202
 2584 (occ)     1          -7.120           2.377         -14.926         -13.620           -6.048
 2585 (occ)     1          -7.116           2.376         -14.930         -13.665           -6.006
 2586 (occ)     1          -7.106           2.424         -14.883         -13.660           -5.906
 2587 (occ)     1          -7.104           3.067         -19.654         -17.513           -6.179
 2588 (occ)     1          -7.094           2.987         -19.478         -17.062           -6.522
 2589 (occ)     1          -7.090           3.065         -19.648         -17.516           -6.158
 2590 (occ)     1          -7.086           2.347         -14.910         -13.646           -6.003
 2591 (occ)     1          -7.081           2.381         -14.916         -13.609           -6.008
 2592 (occ)     1          -7.078           3.063         -19.643         -17.519           -6.139
 2593 (occ)     1          -7.067           3.062         -19.638         -17.521           -6.123
 2594 (occ)     1          -7.066           2.376         -14.908         -13.593           -6.005
 2595 (occ)     1          -7.066           2.981         -19.478         -17.071           -6.492
 2596 (occ)     1          -7.059           3.062         -19.635         -17.523           -6.108
 2597 (occ)     1          -7.052           3.062         -19.631         -17.524           -6.096
 2598 (occ)     1          -7.047           3.063         -19.629         -17.526           -6.087
 2599 (occ)     1          -7.043           2.388         -14.851         -13.669           -5.838
 2600 (occ)     1          -7.043           3.064         -19.627         -17.526           -6.080
 2601 (occ)     1          -7.042           3.068         -19.627         -17.527           -6.073
 2602 (occ)     1          -7.040           2.299         -14.899         -13.746           -5.894
 2603 (occ)     1          -7.039           2.974         -19.479         -17.080           -6.463
 2604 (occ)     1          -7.014           2.969         -19.480         -17.089           -6.435
 2605 (occ)     1          -6.989           2.963         -19.481         -17.098           -6.409
 2606 (occ)     1          -6.982           2.271         -14.882         -13.788           -5.804
 2607 (occ)     1          -6.980           2.351         -14.819         -13.678           -5.769
 2608 (occ)     1          -6.967           2.958         -19.482         -17.106           -6.384
 2609 (occ)     1          -6.945           2.954         -19.483         -17.114           -6.361
 2610 (occ)     1          -6.925           2.950         -19.484         -17.121           -6.339
 2611 (occ)     1          -6.920           2.241         -14.860         -13.810           -5.728
 2612 (occ)     1          -6.916           2.315         -14.785         -13.686           -5.700
 2613 (occ)     1          -6.907           2.946         -19.485         -17.128           -6.319
 2614 (occ)     1          -6.890           2.943         -19.487         -17.134           -6.300
 2615 (occ)     1          -6.875           2.940         -19.488         -17.140           -6.282
 2616 (occ)     1          -6.861           2.938         -19.489         -17.146           -6.266
 2617 (occ)     1          -6.857           2.208         -14.834         -13.827           -5.655
 2618 (occ)     1          -6.852           2.278         -14.752         -13.695           -5.631
 2619 (occ)     1          -6.849           2.936         -19.490         -17.150           -6.252
 2620 (occ)     1          -6.838           2.935         -19.491         -17.155           -6.239
 2621 (occ)     1          -6.829           2.935         -19.492         -17.158           -6.228
 2622 (occ)     1          -6.822           2.935         -19.493         -17.161           -6.219
 2623 (occ)     1          -6.816           2.936         -19.493         -17.163           -6.211
 2624 (occ)     1          -6.813           2.937         -19.494         -17.165           -6.205
 2625 (occ)     1          -6.812           2.940         -19.494         -17.166           -6.199
 2626 (occ)     1          -6.794           2.175         -14.808         -13.841           -5.586
 2627 (occ)     1          -6.788           2.240         -14.717         -13.703           -5.562
 2628 (occ)     1          -6.734           2.145         -14.775         -13.843           -5.521
 2629 (occ)     1          -6.730           2.178         -14.717         -13.784           -5.485
 2630 (occ)     1          -6.723           2.204         -14.683         -13.710           -5.493
 2631 (occ)     1          -6.710           2.163         -14.718         -13.791           -5.473
 2632 (occ)     1          -6.694           2.144         -14.716         -13.795           -5.471
 2633 (occ)     1          -6.665           2.117         -14.736         -13.841           -5.443
 2634 (occ)     1          -6.660           2.129         -14.697         -13.789           -5.438
 2635 (occ)     1          -6.659           2.168         -14.649         -13.716           -5.424
 2636 (occ)     1          -6.621           2.107         -14.683         -13.799           -5.398
 2637 (occ)     1          -6.611           2.086         -14.708         -13.838           -5.394
 2638 (occ)     1          -6.596           2.132         -14.615         -13.721           -5.357
 2639 (occ)     1          -6.575           2.079         -14.675         -13.826           -5.346
 2640 (occ)     1          -6.561           2.064         -14.672         -13.821           -5.348
 2641 (occ)     1          -6.533           2.099         -14.582         -13.723           -5.292
 2642 (occ)     1          -6.523           2.045         -14.666         -13.858           -5.286
 2643 (occ)     1          -6.514           2.041         -14.643         -13.817           -5.299
 2644 (occ)     1          -6.472           2.069         -14.551         -13.721           -5.233
 2645 (occ)     1          -6.467           2.016         -14.619         -13.824           -5.246
 2646 (occ)     1          -6.467           2.012         -14.647         -13.875           -5.227
 2647 (occ)     1          -6.419           1.989         -14.597         -13.839           -5.189
 2648 (occ)     1          -6.415           2.044         -14.525         -13.713           -5.184
 2649 (occ)     1          -6.411           1.982         -14.621         -13.878           -5.172
 2650 (occ)     1          -6.394           1.988         -14.420         -13.569           -5.257
 2651 (occ)     1          -6.393           1.987         -14.420         -13.569           -5.257
 2652 (occ)     1          -6.391           1.986         -14.420         -13.570           -5.256
 2653 (occ)     1          -6.390           1.985         -14.421         -13.571           -5.255
 2654 (occ)     1          -6.388           1.983         -14.422         -13.573           -5.254
 2655 (occ)     1          -6.386           1.980         -14.422         -13.574           -5.254
 2656 (occ)     1          -6.383           1.978         -14.423         -13.576           -5.253
 2657 (occ)     1          -6.381           1.975         -14.425         -13.578           -5.252
 2658 (occ)     1          -6.378           1.971         -14.426         -13.581           -5.251
 2659 (occ)     1          -6.375           1.968         -14.427         -13.583           -5.250
 2660 (occ)     1          -6.371           1.965         -14.429         -13.586           -5.249
 2661 (occ)     1          -6.369           1.959         -14.578         -13.862           -5.126
 2662 (occ)     1          -6.367           1.961         -14.432         -13.591           -5.247
 2663 (occ)     1          -6.365           2.023         -14.506         -13.693           -5.156
 2664 (occ)     1          -6.363           1.957         -14.433         -13.593           -5.246
 2665 (occ)     1          -6.359           1.955         -14.435         -13.597           -5.243
 2666 (occ)     1          -6.357           1.954         -14.591         -13.874           -5.121
 2667 (occ)     1          -6.355           1.950         -14.437         -13.600           -5.242
 2668 (occ)     1          -6.350           1.947         -14.440         -13.604           -5.239
 2669 (occ)     1          -6.346           1.943         -14.443         -13.608           -5.237
 2670 (occ)     1          -6.341           1.941         -14.446         -13.613           -5.233
 2671 (occ)     1          -6.336           1.937         -14.450         -13.618           -5.231
 2672 (occ)     1          -6.330           1.936         -14.453         -13.622           -5.225
 2673 (occ)     1          -6.328           1.998         -14.497         -13.670           -5.157
 2674 (occ)     1          -6.325           1.944         -14.460         -13.631           -5.210
 2675 (occ)     1          -6.320           1.933         -14.460         -13.632           -5.216
 2676 (occ)     1          -6.316           1.927         -14.562         -13.890           -5.060
 2677 (occ)     1          -6.314           1.935         -14.465         -13.637           -5.207
 2678 (occ)     1          -6.310           1.932         -14.470         -13.642           -5.206
 2679 (occ)     1          -6.306           1.990         -14.496         -13.662           -5.151
 2680 (occ)     1          -6.305           1.926         -14.560         -13.870           -5.069
 2681 (occ)     1          -6.304           1.936         -14.474         -13.646           -5.196
 2682 (occ)     1          -6.300           1.943         -14.479         -13.651           -5.185
 2683 (occ)     1          -6.297           1.969         -14.494         -13.657           -5.165
 2684 (occ)     1          -6.297           1.954         -14.485         -13.655           -5.173
 2685 (occ)     1          -6.295           1.958         -14.489         -13.656           -5.170
 2686 (occ)     1          -6.262           1.896         -14.545         -13.917           -4.994
 2687 (occ)     1          -6.254           1.898         -14.530         -13.871           -5.015
 2688 (occ)     1          -6.225           1.717         -14.527         -13.716           -5.319
 2689 (occ)     1          -6.225           1.717         -14.527         -13.716           -5.319
 2690 (occ)     1          -6.207           1.865         -14.526         -13.938           -4.930
 2691 (occ)     1          -6.204           1.869         -14.502         -13.877           -4.960
 2692 (occ)     1          -6.181           1.830         -14.475         -13.819           -5.007
 2693 (occ)     1          -6.181           1.828         -14.470         -13.821           -5.001
 2694 (occ)     1          -6.175           1.829         -14.482         -13.821           -5.007
 2695 (occ)     1          -6.174           1.828         -14.478         -13.825           -4.999
 2696 (occ)     1          -6.167           1.819         -14.472         -13.834           -4.986
 2697 (occ)     1          -6.165           1.832         -14.502         -13.824           -5.012
 2698 (occ)     1          -6.157           1.826         -14.507         -13.831           -5.007
 2699 (occ)     1          -6.154           1.840         -14.476         -13.887           -4.903
 2700 (occ)     1          -6.154           1.827         -14.502         -13.837           -4.992
 2701 (occ)     1          -6.152           1.834         -14.504         -13.953           -4.869
 2702 (occ)     1          -6.145           1.829         -14.529         -13.839           -5.006
 2703 (occ)     1          -6.145           1.802         -14.458         -13.856           -4.945
 2704 (occ)     1          -6.137           1.812         -14.510         -13.852           -4.983
 2705 (occ)     1          -6.132           1.828         -14.543         -13.852           -4.995
 2706 (occ)     1          -6.125           1.822         -14.547         -13.860           -4.990
 2707 (occ)     1          -6.120           1.825         -14.547         -13.866           -4.975
 2708 (occ)     1          -6.112           1.823         -14.564         -13.873           -4.980
 2709 (occ)     1          -6.109           1.797         -14.481         -13.882           -4.911
 2710 (occ)     1          -6.104           1.810         -14.451         -13.901           -4.845
 2711 (occ)     1          -6.103           1.778         -14.471         -13.886           -4.910
 2712 (occ)     1          -6.100           1.823         -14.576         -13.886           -4.967
 2713 (occ)     1          -6.098           1.805         -14.481         -13.966           -4.809
 2714 (occ)     1          -6.094           1.813         -14.570         -13.894           -4.956
 2715 (occ)     1          -6.089           1.822         -14.587         -13.899           -4.954
 2716 (occ)     1          -6.083           1.818         -14.590         -13.906           -4.949
 2717 (occ)     1          -6.079           1.821         -14.596         -13.911           -4.942
 2718 (occ)     1          -6.074           1.819         -14.601         -13.917           -4.939
 2719 (occ)     1          -6.070           1.821         -14.602         -13.922           -4.929
 2720 (occ)     1          -6.066           1.820         -14.610         -13.927           -4.928
 2721 (occ)     1          -6.063           1.819         -14.600         -13.930           -4.914
 2722 (occ)     1          -6.059           1.822         -14.617         -13.936           -4.918
 2723 (occ)     1          -6.058           1.804         -14.556         -13.931           -4.879
 2724 (occ)     1          -6.055           1.764         -14.459         -13.920           -4.830
 2725 (occ)     1          -6.055           1.825         -14.622         -13.943           -4.909
 2726 (occ)     1          -6.055           1.780         -14.428         -13.916           -4.786
 2727 (occ)     1          -6.053           1.808         -14.578         -13.939           -4.884
 2728 (occ)     1          -6.052           1.831         -14.625         -13.947           -4.899
 2729 (occ)     1          -6.048           1.782         -14.621         -13.940           -4.947
 2730 (occ)     1          -6.047           1.761         -14.590         -13.935           -4.940
 2731 (occ)     1          -6.046           1.776         -14.458         -13.976           -4.751
 2732 (occ)     1          -6.005           1.750         -14.405         -13.933           -4.727
 2733 (occ)     1          -5.998           1.672         -14.252         -13.902           -4.676
 2734 (occ)     1          -5.994           1.748         -14.434         -13.987           -4.694
 2735 (occ)     1          -5.956           1.721         -14.383         -13.948           -4.670
 2736 (occ)     1          -5.944           1.719         -14.412         -14.000           -4.636
 2737 (occ)     1          -5.936           1.639         -14.209         -13.908           -4.598
 2738 (occ)     1          -5.908           1.693         -14.361         -13.961           -4.615
 2739 (occ)     1          -5.895           1.692         -14.392         -14.018           -4.578
 2740 (occ)     1          -5.872           1.602         -14.166         -13.915           -4.521
 2741 (occ)     1          -5.861           1.667         -14.337         -13.969           -4.563
 2742 (occ)     1          -5.849           1.664         -14.376         -14.042           -4.519
 2743 (occ)     1          -5.815           1.641         -14.312         -13.971           -4.515
 2744 (occ)     1          -5.806           1.561         -14.123         -13.924           -4.444
 2745 (occ)     1          -5.805           1.638         -14.364         -14.070           -4.461
 2746 (occ)     1          -5.770           1.617         -14.284         -13.969           -4.469
 2747 (occ)     1          -5.765           1.614         -14.355         -14.099           -4.406
 2748 (occ)     1          -5.740           1.520         -14.079         -13.933           -4.366
 2749 (occ)     1          -5.728           1.593         -14.345         -14.119           -4.360
 2750 (occ)     1          -5.725           1.593         -14.263         -13.975           -4.419
 2751 (occ)     1          -5.696           1.574         -14.328         -14.124           -4.326
 2752 (occ)     1          -5.683           1.574         -14.281         -14.047           -4.344
 2753 (occ)     1          -5.673           1.476         -14.035         -13.944           -4.288
 2754 (occ)     1          -5.665           1.554         -14.273         -14.063           -4.320
 2755 (occ)     1          -5.654           1.559         -14.330         -14.158           -4.267
 2756 (occ)     1          -5.636           1.549         -14.331         -14.178           -4.240
 2757 (occ)     1          -5.629           1.543         -14.259         -14.069           -4.276
 2758 (occ)     1          -5.621           1.532         -14.256         -14.076           -4.268
 2759 (occ)     1          -5.618           1.545         -14.333         -14.195           -4.211
 2760 (occ)     1          -5.606           1.432         -13.991         -13.955           -4.210
 2761 (occ)     1          -5.579           1.502         -14.142         -13.940           -4.279
 2762 (occ)     1          -5.540           1.387         -13.946         -13.966           -4.132
 2763 (occ)     1          -5.532           1.474         -14.108         -13.940           -4.226
 2764 (occ)     1          -5.485           1.445         -14.075         -13.943           -4.172
 2765 (occ)     1          -5.473           1.342         -13.901         -13.978           -4.054
 2766 (occ)     1          -5.437           1.415         -14.041         -13.947           -4.117
 2767 (occ)     1          -5.407           1.297         -13.856         -13.991           -3.975
 2768 (occ)     1          -5.389           1.384         -14.007         -13.951           -4.061
 2769 (occ)     1          -5.341           1.352         -13.971         -13.955           -4.005
 2770 (occ)     1          -5.341           1.251         -13.811         -14.003           -3.898
 2771 (occ)     1          -5.293           1.320         -13.934         -13.958           -3.949
 2772 (occ)     1          -5.276           1.206         -13.766         -14.016           -3.820
 2773 (occ)     1          -5.246           1.288         -13.896         -13.961           -3.893
 2774 (occ)     1          -5.212           1.161         -13.722         -14.030           -3.743
 2775 (occ)     1          -5.198           1.255         -13.857         -13.964           -3.837
 2776 (occ)     1          -5.151           1.222         -13.818         -13.966           -3.781
 2777 (occ)     1          -5.149           1.117         -13.679         -14.043           -3.667
 2778 (occ)     1          -5.104           1.188         -13.777         -13.967           -3.725
 2779 (occ)     1          -5.087           1.074         -13.636         -14.057           -3.593
 2780 (occ)     1          -5.057           1.155         -13.736         -13.968           -3.670
 2781 (occ)     1          -5.027           1.032         -13.595         -14.070           -3.519
 2782 (occ)     1          -5.011           1.121         -13.693         -13.968           -3.615
 2783 (occ)     1          -4.968           0.991         -13.555         -14.084           -3.447
 2784 (occ)     1          -4.965           1.087         -13.650         -13.968           -3.561
 2785 (occ)     1          -4.919           1.052         -13.606         -13.967           -3.507
 2786 (occ)     1          -4.911           0.952         -13.516         -14.098           -3.377
 2787 (occ)     1          -4.875           1.018         -13.561         -13.965           -3.453
 2788 (occ)     1          -4.857           0.915         -13.480         -14.112           -3.310
 2789 (occ)     1          -4.831           0.984         -13.516         -13.962           -3.400
 2790 (occ)     1          -4.805           0.879         -13.446         -14.126           -3.245
 2791 (occ)     1          -4.787           0.950         -13.470         -13.959           -3.348
 2792 (occ)     1          -4.756           0.847         -13.414         -14.139           -3.183
 2793 (occ)     1          -4.745           0.916         -13.424         -13.955           -3.297
 2794 (occ)     1          -4.710           0.817         -13.385         -14.153           -3.125
 2795 (occ)     1          -4.703           0.882         -13.377         -13.950           -3.247
 2796 (occ)     1          -4.669           0.791         -13.359         -14.165           -3.072
 2797 (occ)     1          -4.662           0.849         -13.330         -13.945           -3.198
 2798 (occ)     1          -4.632           0.768         -13.336         -14.177           -3.024
 2799 (occ)     1          -4.622           0.816         -13.283         -13.939           -3.151
 2800 (occ)     1          -4.599           0.749         -13.317         -14.187           -2.981
 2801 (occ)     1          -4.584           0.783         -13.236         -13.932           -3.104
 2802 (occ)     1          -4.572           0.733         -13.302         -14.197           -2.944
 2803 (occ)     1          -4.551           0.722         -13.289         -14.204           -2.914
 2804 (occ)     1          -4.547           0.752         -13.189         -13.924           -3.059
 2805 (occ)     1          -4.536           0.715         -13.280         -14.210           -2.891
 2806 (occ)     1          -4.527           0.712         -13.275         -14.213           -2.877
 2807 (occ)     1          -4.511           0.721         -13.142         -13.916           -3.016
 2808 (occ)     1          -4.477           0.692         -13.097         -13.907           -2.974
 2809 (occ)     1          -4.444           0.663         -13.052         -13.898           -2.935
 2810 (occ)     1          -4.413           0.636         -13.009         -13.888           -2.897
 2811 (occ)     1          -4.385           0.611         -12.967         -13.879           -2.862
 2812 (occ)     1          -4.358           0.587         -12.927         -13.869           -2.829
 2813 (occ)     1          -4.334           0.566         -12.889         -13.859           -2.798
 2814 (occ)     1          -4.313           0.547         -12.854         -13.850           -2.770
 2815 (occ)     1          -4.294           0.530         -12.821         -13.841           -2.745
 2816 (occ)     1          -4.278           0.516         -12.793         -13.833           -2.722
 2817 (occ)     1          -4.265           0.505         -12.768         -13.826           -2.702
 2818 (occ)     1          -4.255           0.497         -12.747         -13.821           -2.685
 2819 (occ)     1          -4.249           0.493         -12.732         -13.817           -2.671
 2820 (occ)     1          -4.246           0.494         -12.717         -13.814           -2.655
 2821 (vir)     1          -2.677          -1.191          -9.100         -14.214            1.246
 2822 (vir)     1          -2.672          -1.193          -9.091         -14.209            1.252
 2823 (vir)     1          -2.664          -1.198          -9.076         -14.200            1.263
 2824 (vir)     1          -2.653          -1.204          -9.055         -14.189            1.276
 2825 (vir)     1          -2.640          -1.213          -9.030         -14.174            1.292
 2826 (vir)     1          -2.624          -1.224          -8.999         -14.158            1.311
 2827 (vir)     1          -2.606          -1.237          -8.963         -14.138            1.332
 2828 (vir)     1          -2.586          -1.253          -8.924         -14.117            1.355
 2829 (vir)     1          -2.563          -1.270          -8.881         -14.094            1.380
 2830 (vir)     1          -2.539          -1.289          -8.834         -14.069            1.407
 2831 (vir)     1          -2.514          -1.310          -8.784         -14.043            1.435
 2832 (vir)     1          -2.486          -1.332          -8.732         -14.015            1.465
 2833 (vir)     1          -2.458          -1.355          -8.678         -13.986            1.496
 2834 (vir)     1          -2.456          -1.342          -8.719         -13.933            1.416
 2835 (vir)     1          -2.445          -1.345          -8.713         -13.934            1.431
 2836 (vir)     1          -2.428          -1.352          -8.702         -13.936            1.454
 2837 (vir)     1          -2.428          -1.379          -8.622         -13.957            1.528
 2838 (vir)     1          -2.405          -1.362          -8.687         -13.939            1.485
 2839 (vir)     1          -2.397          -1.404          -8.564         -13.927            1.562
 2840 (vir)     1          -2.377          -1.376          -8.667         -13.942            1.522
 2841 (vir)     1          -2.365          -1.429          -8.505         -13.896            1.596
 2842 (vir)     1          -2.343          -1.394          -8.643         -13.945            1.565
 2843 (vir)     1          -2.332          -1.455          -8.445         -13.864            1.632
 2844 (vir)     1          -2.304          -1.416          -8.615         -13.948            1.613
 2845 (vir)     1          -2.298          -1.482          -8.385         -13.832            1.668
 2846 (vir)     1          -2.264          -1.508          -8.323         -13.799            1.704
 2847 (vir)     1          -2.261          -1.441          -8.583         -13.952            1.666
 2848 (vir)     1          -2.228          -1.535          -8.261         -13.766            1.742
 2849 (vir)     1          -2.214          -1.469          -8.547         -13.955            1.724
 2850 (vir)     1          -2.193          -1.562          -8.198         -13.732            1.779
 2851 (vir)     1          -2.164          -1.501          -8.509         -13.958            1.784
 2852 (vir)     1          -2.157          -1.588          -8.135         -13.698            1.818
 2853 (vir)     1          -2.120          -1.614          -8.072         -13.663            1.856
 2854 (vir)     1          -2.110          -1.536          -8.467         -13.960            1.848
 2855 (vir)     1          -2.083          -1.640          -8.009         -13.627            1.895
 2856 (vir)     1          -2.053          -1.572          -8.422         -13.963            1.915
 2857 (vir)     1          -2.046          -1.666          -7.946         -13.592            1.934
 2858 (vir)     1          -2.008          -1.691          -7.883         -13.556            1.974
 2859 (vir)     1          -1.994          -1.611          -8.375         -13.964            1.984
 2860 (vir)     1          -1.970          -1.716          -7.820         -13.520            2.014
 2861 (vir)     1          -1.932          -1.740          -7.759         -13.484            2.054
 2862 (vir)     1          -1.932          -1.652          -8.325         -13.965            2.056
 2863 (vir)     1          -1.894          -1.763          -7.698         -13.450            2.094
 2864 (vir)     1          -1.868          -1.694          -8.274         -13.966            2.129
 2865 (vir)     1          -1.856          -1.786          -7.641         -13.417            2.135
 2866 (vir)     1          -1.818          -1.808          -7.586         -13.387            2.176
 2867 (vir)     1          -1.803          -1.738          -8.222         -13.965            2.203
 2868 (vir)     1          -1.780          -1.829          -7.535         -13.361            2.217
 2869 (vir)     1          -1.741          -1.851          -7.489         -13.340            2.259
 2870 (vir)     1          -1.736          -1.782          -8.168         -13.964            2.278
 2871 (vir)     1          -1.703          -1.872          -7.448         -13.325            2.302
 2872 (vir)     1          -1.668          -1.827          -8.113         -13.962            2.355
 2873 (vir)     1          -1.664          -1.893          -7.414         -13.316            2.345
 2874 (vir)     1          -1.626          -1.915          -7.390         -13.319            2.389
 2875 (vir)     1          -1.598          -1.872          -8.057         -13.960            2.432
 2876 (vir)     1          -1.594          -2.003          -7.748         -13.823            2.479
 2877 (vir)     1          -1.590          -1.958          -7.509         -13.507            2.450
 2878 (vir)     1          -1.581          -1.986          -7.612         -13.653            2.473
 2879 (vir)     1          -1.570          -2.006          -7.716         -13.796            2.504
 2880 (vir)     1          -1.547          -2.017          -7.700         -13.791            2.527
 2881 (vir)     1          -1.547          -1.970          -7.404         -13.405            2.485
 2882 (vir)     1          -1.528          -1.918          -8.000         -13.956            2.510
 2883 (vir)     1          -1.518          -2.026          -7.648         -13.746            2.554
 2884 (vir)     1          -1.508          -1.995          -7.418         -13.453            2.532
 2885 (vir)     1          -1.482          -2.036          -7.573         -13.675            2.584
 2886 (vir)     1          -1.469          -2.019          -7.424         -13.491            2.579
 2887 (vir)     1          -1.456          -1.964          -7.943         -13.952            2.589
 2888 (vir)     1          -1.442          -2.051          -7.507         -13.621            2.622
 2889 (vir)     1          -1.427          -2.042          -7.400         -13.493            2.624
 2890 (vir)     1          -1.398          -2.071          -7.466         -13.601            2.667
 2891 (vir)     1          -1.385          -2.092          -6.530         -12.662            2.656
 2892 (vir)     1          -1.384          -2.010          -7.885         -13.947            2.668
 2893 (vir)     1          -1.383          -2.063          -7.352         -13.466            2.668
 2894 (vir)     1          -1.382          -2.091          -6.532         -12.665            2.660
 2895 (vir)     1          -1.379          -2.091          -6.533         -12.668            2.665
 2896 (vir)     1          -1.374          -2.091          -6.536         -12.674            2.673
 2897 (vir)     1          -1.368          -2.091          -6.539         -12.680            2.682
 2898 (vir)     1          -1.361          -2.092          -6.542         -12.687            2.693
 2899 (vir)     1          -1.353          -2.092          -6.546         -12.696            2.705
 2900 (vir)     1          -1.351          -2.095          -7.447         -13.611            2.719
 2901 (vir)     1          -1.343          -2.094          -6.551         -12.707            2.718
 2902 (vir)     1          -1.338          -2.083          -7.288         -13.420            2.712
 2903 (vir)     1          -1.333          -2.096          -6.557         -12.718            2.732
 2904 (vir)     1          -1.322          -2.099          -6.563         -12.731            2.748
 2905 (vir)     1          -1.311          -2.058          -7.758         -13.875            2.748
 2906 (vir)     1          -1.309          -2.100          -6.639         -12.812            2.763
 2907 (vir)     1          -1.302          -2.121          -7.442         -13.640            2.775
 2908 (vir)     1          -1.296          -2.107          -6.576         -12.761            2.782
 2909 (vir)     1          -1.291          -2.104          -7.218         -13.369            2.756
 2910 (vir)     1          -1.282          -2.112          -6.584         -12.778            2.800
 2911 (vir)     1          -1.267          -2.118          -6.592         -12.796            2.819
 2912 (vir)     1          -1.250          -2.124          -6.601         -12.816            2.840
 2913 (vir)     1          -1.249          -2.149          -7.437         -13.670            2.835
 2914 (vir)     1          -1.244          -2.125          -7.154         -13.325            2.801
 2915 (vir)     1          -1.237          -2.101          -7.750         -13.916            2.827
 2916 (vir)     1          -1.233          -2.131          -6.631         -12.856            2.861
 2917 (vir)     1          -1.215          -2.139          -6.620         -12.858            2.883
 2918 (vir)     1          -1.196          -2.147          -6.631         -12.881            2.907
 2919 (vir)     1          -1.196          -2.148          -7.102         -13.295            2.849
 2920 (vir)     1          -1.194          -2.177          -7.418         -13.685            2.896
 2921 (vir)     1          -1.177          -2.156          -6.642         -12.905            2.931
 2922 (vir)     1          -1.163          -2.146          -7.712         -13.928            2.907
 2923 (vir)     1          -1.156          -2.165          -6.652         -12.929            2.956
 2924 (vir)     1          -1.148          -2.172          -7.068         -13.288            2.901
 2925 (vir)     1          -1.137          -2.203          -7.365         -13.658            2.954
 2926 (vir)     1          -1.135          -2.175          -6.665         -12.957            2.982
 2927 (vir)     1          -1.113          -2.185          -6.675         -12.982            3.008
 2928 (vir)     1          -1.097          -2.199          -7.067         -13.321            2.959
 2929 (vir)     1          -1.091          -2.196          -6.688         -13.011            3.036
 2930 (vir)     1          -1.088          -2.190          -7.657         -13.923            2.987
 2931 (vir)     1          -1.079          -2.224          -7.252         -13.558            3.004
 2932 (vir)     1          -1.068          -2.207          -6.704         -13.043            3.064
 2933 (vir)     1          -1.045          -2.219          -6.714         -13.070            3.093
 2934 (vir)     1          -1.044          -2.232          -7.121         -13.424            3.027
 2935 (vir)     1          -1.024          -2.240          -7.095         -13.404            3.045
 2936 (vir)     1          -1.021          -2.231          -6.728         -13.102            3.122
 2937 (vir)     1          -1.013          -2.234          -7.604         -13.919            3.068
 2938 (vir)     1          -0.996          -2.243          -6.747         -13.139            3.153
 2939 (vir)     1          -0.986          -2.271          -7.211         -13.574            3.106
 2940 (vir)     1          -0.972          -2.256          -6.757         -13.167            3.183
 2941 (vir)     1          -0.971          -2.258          -6.971         -13.288            3.089
 2942 (vir)     1          -0.947          -2.268          -6.774         -13.203            3.214
 2943 (vir)     1          -0.938          -2.276          -7.562         -13.926            3.150
 2944 (vir)     1          -0.922          -2.308          -7.255         -13.669            3.183
 2945 (vir)     1          -0.922          -2.281          -6.796         -13.244            3.246
 2946 (vir)     1          -0.920          -2.278          -6.896         -13.231            3.137
 2947 (vir)     1          -0.896          -2.295          -6.810         -13.278            3.277
 2948 (vir)     1          -0.871          -2.308          -6.834         -13.323            3.311
 2949 (vir)     1          -0.868          -2.302          -6.861         -13.222            3.191
 2950 (vir)     1          -0.863          -2.313          -7.557         -13.971            3.238
 2951 (vir)     1          -0.857          -2.339          -7.209         -13.656            3.251
 2952 (vir)     1          -0.845          -2.322          -6.860         -13.370            3.343
 2953 (vir)     1          -0.820          -2.330          -6.976         -13.510            3.384
 2954 (vir)     1          -0.815          -2.331          -6.881         -13.280            3.254
 2955 (vir)     1          -0.794          -2.350          -6.883         -13.433            3.407
 2956 (vir)     1          -0.793          -2.358          -7.046         -13.497            3.300
 2957 (vir)     1          -0.789          -2.341          -7.458         -13.938            3.349
 2958 (vir)     1          -0.764          -2.402          -6.697         -13.239            3.376
 2959 (vir)     1          -0.756          -2.372          -6.996         -13.459            3.336
 2960 (vir)     1          -0.742          -2.391          -6.856         -13.446            3.457
 2961 (vir)     1          -0.735          -2.370          -6.858         -13.303            3.340
 2962 (vir)     1          -0.716          -2.407          -6.856         -13.468            3.489
 2963 (vir)     1          -0.709          -2.419          -7.224         -13.722            3.370
 2964 (vir)     1          -0.690          -2.422          -6.873         -13.503            3.517
 2965 (vir)     1          -0.690          -2.419          -7.116         -13.651            3.426
 2966 (vir)     1          -0.680          -2.387          -6.758         -13.213            3.388
 2967 (vir)     1          -0.666          -2.436          -6.911         -13.569            3.556
 2968 (vir)     1          -0.642          -2.452          -6.922         -13.603            3.587
 2969 (vir)     1          -0.633          -2.457          -7.215         -13.757            3.452
 2970 (vir)     1          -0.627          -2.410          -6.717         -13.196            3.442
 2971 (vir)     1          -0.619          -2.457          -7.112         -13.692            3.504
 2972 (vir)     1          -0.617          -2.468          -6.940         -13.639            3.614
 2973 (vir)     1          -0.594          -2.483          -6.964         -13.690            3.650
 2974 (vir)     1          -0.573          -2.438          -6.734         -13.250            3.505
 2975 (vir)     1          -0.571          -2.499          -6.979         -13.728            3.679
 2976 (vir)     1          -0.557          -2.497          -7.172         -13.764            3.538
 2977 (vir)     1          -0.550          -2.476          -6.952         -13.537            3.560
 2978 (vir)     1          -0.548          -2.514          -7.000         -13.760            3.698
 2979 (vir)     1          -0.527          -2.530          -7.016         -13.810            3.738
 2980 (vir)     1          -0.513          -2.482          -6.865         -13.450            3.590
 2981 (vir)     1          -0.505          -2.545          -7.032         -13.848            3.766
 2982 (vir)     1          -0.489          -2.483          -6.747         -13.319            3.600
 2983 (vir)     1          -0.486          -2.557          -7.067         -13.877            3.768
 2984 (vir)     1          -0.480          -2.539          -7.111         -13.759            3.630
 2985 (vir)     1          -0.465          -2.575          -7.068         -13.927            3.820
 2986 (vir)     1          -0.446          -2.589          -7.084         -13.964            3.844
 2987 (vir)     1          -0.444          -2.537          -7.019         -13.687            3.687
 2988 (vir)     1          -0.433          -2.500          -6.669         -13.253            3.651
 2989 (vir)     1          -0.429          -2.603          -7.101         -14.001            3.869
 2990 (vir)     1          -0.412          -2.617          -7.116         -14.037            3.892
 2991 (vir)     1          -0.404          -2.577          -7.077         -13.750            3.691
 2992 (vir)     1          -0.396          -2.627          -7.128         -14.057            3.906
 2993 (vir)     1          -0.381          -2.642          -7.147         -14.104            3.934
 2994 (vir)     1          -0.380          -2.525          -6.678         -13.295            3.712
 2995 (vir)     1          -0.369          -2.577          -7.009         -13.724            3.769
 2996 (vir)     1          -0.368          -2.654          -7.160         -14.135            3.953
 2997 (vir)     1          -0.355          -2.665          -7.173         -14.163            3.969
 2998 (vir)     1          -0.344          -2.675          -7.185         -14.191            3.986
 2999 (vir)     1          -0.334          -2.683          -7.191         -14.200            3.991
 3000 (vir)     1          -0.327          -2.616          -7.027         -13.739            3.768
 3001 (vir)     1          -0.326          -2.562          -6.797         -13.473            3.788
 3002 (vir)     1          -0.325          -2.694          -7.206         -14.236            4.011
 3003 (vir)     1          -0.318          -2.701          -7.212         -14.249            4.018
 3004 (vir)     1          -0.312          -2.709          -7.221         -14.270            4.027
 3005 (vir)     1          -0.308          -2.715          -7.226         -14.281            4.032
 3006 (vir)     1          -0.305          -2.718          -7.230         -14.288            4.036
 3007 (vir)     1          -0.304          -2.725          -7.232         -14.294            4.033
 3008 (vir)     1          -0.299          -2.596          -6.879         -13.600            3.825
 3009 (vir)     1          -0.270          -2.632          -7.129         -13.927            3.896
 3010 (vir)     1          -0.251          -2.651          -6.964         -13.698            3.832
 3011 (vir)     1          -0.216          -2.570          -6.142         -12.741            3.812
 3012 (vir)     1          -0.194          -1.232          -1.565          -4.829            1.838
 3013 (vir)     1          -0.194          -1.233          -1.565          -4.829            1.838
 3014 (vir)     1          -0.186          -2.637          -6.648         -13.386            3.915
 3015 (vir)     1          -0.175          -2.687          -6.908         -13.677            3.907
 3016 (vir)     1          -0.168          -2.574          -6.100         -12.705            3.863
 3017 (vir)     1          -0.117          -1.487          -1.842          -5.315            1.869
 3018 (vir)     1          -0.115          -2.601          -6.164         -12.812            3.931
 3019 (vir)     1          -0.115          -1.487          -1.842          -5.315            1.871
 3020 (vir)     1          -0.112          -1.486          -1.842          -5.314            1.875
 3021 (vir)     1          -0.109          -2.698          -6.878         -13.723            4.038
 3022 (vir)     1          -0.108          -1.486          -1.841          -5.314            1.879
 3023 (vir)     1          -0.104          -1.485          -1.841          -5.313            1.884
 3024 (vir)     1          -0.099          -1.484          -1.840          -5.313            1.890
 3025 (vir)     1          -0.099          -2.726          -6.851         -13.655            3.979
 3026 (vir)     1          -0.092          -1.484          -1.839          -5.312            1.897
 3027 (vir)     1          -0.085          -1.483          -1.838          -5.310            1.904
 3028 (vir)     1          -0.082          -1.476          -1.779          -5.237            1.900
 3029 (vir)     1          -0.080          -1.475          -1.779          -5.237            1.903
 3030 (vir)     1          -0.077          -1.483          -1.837          -5.309            1.912
 3031 (vir)     1          -0.077          -1.474          -1.779          -5.237            1.906
 3032 (vir)     1          -0.074          -1.473          -1.779          -5.237            1.911
 3033 (vir)     1          -0.069          -1.471          -1.778          -5.236            1.917
 3034 (vir)     1          -0.069          -1.482          -1.836          -5.308            1.922
 3035 (vir)     1          -0.064          -1.470          -1.778          -5.236            1.924
 3036 (vir)     1          -0.060          -2.637          -6.253         -12.953            4.003
 3037 (vir)     1          -0.059          -1.482          -1.835          -5.307            1.931
 3038 (vir)     1          -0.058          -1.468          -1.777          -5.235            1.932
 3039 (vir)     1          -0.052          -1.466          -1.776          -5.234            1.940
 3040 (vir)     1          -0.048          -1.482          -1.834          -5.306            1.942
 3041 (vir)     1          -0.044          -1.464          -1.775          -5.233            1.949
 3042 (vir)     1          -0.037          -1.482          -1.832          -5.305            1.954
 3043 (vir)     1          -0.036          -1.463          -1.774          -5.231            1.959
 3044 (vir)     1          -0.033          -2.699          -6.622         -13.443            4.089
 3045 (vir)     1          -0.027          -1.462          -1.773          -5.230            1.969
 3046 (vir)     1          -0.024          -1.483          -1.831          -5.304            1.966
 3047 (vir)     1          -0.022          -2.763          -6.795         -13.632            4.052
 3048 (vir)     1          -0.016          -1.461          -1.772          -5.229            1.980
 3049 (vir)     1          -0.011          -1.483          -1.830          -5.304            1.979
 3050 (vir)     1          -0.006          -1.460          -1.770          -5.227            1.991
 3051 (vir)     1           0.003          -1.483          -1.829          -5.303            1.993
 3052 (vir)     1           0.003          -2.704          -6.520         -13.327            4.106
 3053 (vir)     1           0.006          -1.460          -1.769          -5.226            2.003
 3054 (vir)     1           0.018          -1.484          -1.828          -5.302            2.008
 3055 (vir)     1           0.019          -1.460          -1.768          -5.225            2.015
 3056 (vir)     1           0.030          -2.684          -6.315         -13.084            4.116
 3057 (vir)     1           0.032          -1.460          -1.767          -5.224            2.028
 3058 (vir)     1           0.034          -1.484          -1.827          -5.302            2.024
 3059 (vir)     1           0.046          -1.461          -1.766          -5.223            2.042
 3060 (vir)     1           0.050          -1.485          -1.826          -5.302            2.041
 3061 (vir)     1           0.054          -2.798          -6.739         -13.607            4.124
 3062 (vir)     1           0.061          -1.462          -1.765          -5.222            2.057
 3063 (vir)     1           0.068          -1.486          -1.825          -5.301            2.058
 3064 (vir)     1           0.077          -1.463          -1.764          -5.221            2.072
 3065 (vir)     1           0.079          -2.780          -6.778         -13.705            4.226
 3066 (vir)     1           0.086          -1.486          -1.825          -5.301            2.076
 3067 (vir)     1           0.087          -2.694          -6.212         -12.982            4.163
 3068 (vir)     1           0.094          -1.464          -1.763          -5.220            2.088
 3069 (vir)     1           0.105          -1.487          -1.824          -5.301            2.095
 3070 (vir)     1           0.112          -1.465          -1.762          -5.219            2.105
 3071 (vir)     1           0.125          -1.488          -1.823          -5.302            2.115
 3072 (vir)     1           0.130          -2.833          -6.683         -13.582            4.196
 3073 (vir)     1           0.130          -1.466          -1.761          -5.219            2.122
 3074 (vir)     1           0.143          -2.714          -6.188         -12.979            4.220
 3075 (vir)     1           0.146          -1.490          -1.822          -5.302            2.136
 3076 (vir)     1           0.149          -1.468          -1.760          -5.219            2.140
 3077 (vir)     1           0.160          -2.815          -6.742         -13.711            4.313
 3078 (vir)     1           0.168          -1.491          -1.822          -5.303            2.158
 3079 (vir)     1           0.169          -1.469          -1.759          -5.219            2.159
 3080 (vir)     1           0.190          -1.492          -1.821          -5.303            2.180
 3081 (vir)     1           0.190          -1.471          -1.759          -5.219            2.179
 3082 (vir)     1           0.201          -2.753          -6.256         -13.096            4.288
 3083 (vir)     1           0.206          -2.866          -6.627         -13.556            4.268
 3084 (vir)     1           0.212          -1.473          -1.758          -5.219            2.200
 3085 (vir)     1           0.214          -1.494          -1.821          -5.304            2.203
 3086 (vir)     1           0.233          -2.793          -6.408         -13.322            4.353
 3087 (vir)     1           0.235          -1.475          -1.757          -5.219            2.222
 3088 (vir)     1           0.238          -1.495          -1.821          -5.306            2.227
 3089 (vir)     1           0.258          -1.477          -1.757          -5.219            2.244
 3090 (vir)     1           0.263          -1.497          -1.821          -5.307            2.252
 3091 (vir)     1           0.269          -2.838          -6.553         -13.519            4.397
 3092 (vir)     1           0.282          -2.901          -6.572         -13.529            4.337
 3093 (vir)     1           0.283          -1.479          -1.756          -5.220            2.267
 3094 (vir)     1           0.288          -1.499          -1.821          -5.309            2.278
 3095 (vir)     1           0.293          -2.782          -6.189         -13.066            4.388
 3096 (vir)     1           0.308          -1.481          -1.756          -5.220            2.292
 3097 (vir)     1           0.315          -1.501          -1.821          -5.311            2.304
 3098 (vir)     1           0.334          -1.483          -1.755          -5.221            2.317
 3099 (vir)     1           0.342          -1.503          -1.821          -5.313            2.332
 3100 (vir)     1           0.349          -2.794          -6.120         -13.003            4.438
 3101 (vir)     1           0.351          -2.905          -6.697         -13.757            4.506
 3102 (vir)     1           0.357          -2.933          -6.518         -13.501            4.407
 3103 (vir)     1           0.361          -1.485          -1.755          -5.222            2.343
 3104 (vir)     1           0.371          -1.505          -1.821          -5.315            2.360
 3105 (vir)     1           0.388          -1.487          -1.754          -5.223            2.370
 3106 (vir)     1           0.400          -1.507          -1.822          -5.318            2.389
 3107 (vir)     1           0.405          -2.817          -6.105         -13.008            4.492
 3108 (vir)     1           0.417          -1.490          -1.754          -5.223            2.397
 3109 (vir)     1           0.430          -1.510          -1.822          -5.321            2.419
 3110 (vir)     1           0.432          -2.919          -6.556         -13.626            4.584
 3111 (vir)     1           0.433          -2.965          -6.464         -13.473            4.477
 3112 (vir)     1           0.446          -1.492          -1.753          -5.225            2.426
 3113 (vir)     1           0.460          -1.512          -1.823          -5.324            2.449
 3114 (vir)     1           0.465          -2.869          -6.229         -13.196            4.562
 3115 (vir)     1           0.476          -1.494          -1.753          -5.226            2.455
 3116 (vir)     1           0.492          -1.515          -1.824          -5.328            2.480
 3117 (vir)     1           0.500          -2.878          -6.191         -13.183            4.615
 3118 (vir)     1           0.507          -1.496          -1.752          -5.227            2.486
 3119 (vir)     1           0.508          -2.997          -6.410         -13.444            4.545
 3120 (vir)     1           0.524          -1.518          -1.825          -5.332            2.512
 3121 (vir)     1           0.539          -1.498          -1.752          -5.229            2.517
 3122 (vir)     1           0.540          -2.967          -6.538         -13.643            4.677
 3123 (vir)     1           0.557          -1.521          -1.827          -5.336            2.545
 3124 (vir)     1           0.557          -2.876          -6.059         -13.033            4.655
 3125 (vir)     1           0.571          -1.501          -1.752          -5.230            2.549
 3126 (vir)     1           0.583          -3.027          -6.357         -13.415            4.614
 3127 (vir)     1           0.590          -1.524          -1.828          -5.341            2.579
 3128 (vir)     1           0.605          -1.503          -1.752          -5.232            2.582
 3129 (vir)     1           0.611          -2.889          -6.010         -12.990            4.702
 3130 (vir)     1           0.625          -1.527          -1.830          -5.346            2.614
 3131 (vir)     1           0.625          -3.017          -6.573         -13.743            4.779
 3132 (vir)     1           0.638          -1.505          -1.752          -5.235            2.616
 3133 (vir)     1           0.658          -3.057          -6.305         -13.386            4.682
 3134 (vir)     1           0.660          -1.530          -1.832          -5.351            2.649
 3135 (vir)     1           0.667          -2.913          -6.007         -13.003            4.750
 3136 (vir)     1           0.673          -1.508          -1.752          -5.238            2.651
 3137 (vir)     1           0.696          -1.534          -1.834          -5.357            2.685
 3138 (vir)     1           0.703          -2.989          -6.274         -13.402            4.842
 3139 (vir)     1           0.709          -1.510          -1.753          -5.241            2.686
 3140 (vir)     1           0.731          -2.996          -6.258         -13.350            4.827
 3141 (vir)     1           0.732          -1.537          -1.836          -5.363            2.722
 3142 (vir)     1           0.733          -3.086          -6.254         -13.357            4.750
 3143 (vir)     1           0.745          -1.513          -1.754          -5.245            2.723
 3144 (vir)     1           0.762          -2.956          -6.008         -13.070            4.868
 3145 (vir)     1           0.770          -1.541          -1.839          -5.369            2.760
 3146 (vir)     1           0.781          -1.516          -1.755          -5.250            2.760
 3147 (vir)     1           0.808          -3.113          -6.203         -13.327            4.818
 3148 (vir)     1           0.808          -1.544          -1.841          -5.376            2.799
 3149 (vir)     1           0.813          -3.077          -6.459         -13.665            4.941
 3150 (vir)     1           0.816          -2.963          -5.933         -12.986            4.905
 3151 (vir)     1           0.819          -1.519          -1.757          -5.255            2.798
 3152 (vir)     1           0.846          -1.548          -1.844          -5.384            2.838
 3153 (vir)     1           0.857          -1.523          -1.759          -5.261            2.837
 3154 (vir)     1           0.868          -2.974          -5.892         -12.943            4.944
 3155 (vir)     1           0.882          -3.142          -6.154         -13.297            4.884
 3156 (vir)     1           0.886          -1.552          -1.848          -5.392            2.878
 3157 (vir)     1           0.896          -1.526          -1.762          -5.268            2.876
 3158 (vir)     1           0.898          -3.101          -6.407         -13.660            5.049
 3159 (vir)     1           0.923          -3.001          -5.931         -12.990            4.980
 3160 (vir)     1           0.925          -1.555          -1.851          -5.400            2.919
 3161 (vir)     1           0.936          -1.530          -1.765          -5.276            2.917
 3162 (vir)     1           0.956          -3.167          -6.105         -13.268            4.952
 3163 (vir)     1           0.961          -3.041          -6.041         -13.210            5.089
 3164 (vir)     1           0.966          -1.559          -1.855          -5.409            2.961
 3165 (vir)     1           0.976          -1.534          -1.769          -5.285            2.958
 3166 (vir)     1           0.994          -3.108          -6.341         -13.571            5.116
 3167 (vir)     1           1.007          -1.563          -1.859          -5.419            3.003
 3168 (vir)     1           1.010          -3.051          -6.048         -13.236            5.147
 3169 (vir)     1           1.017          -1.539          -1.774          -5.295            3.000
 3170 (vir)     1           1.030          -3.193          -6.057         -13.238            5.018
 3171 (vir)     1           1.048          -1.567          -1.864          -5.430            3.046
 3172 (vir)     1           1.059          -1.544          -1.779          -5.306            3.042
 3173 (vir)     1           1.073          -2.983          -5.425         -12.323            4.987
 3174 (vir)     1           1.090          -1.571          -1.869          -5.440            3.090
 3175 (vir)     1           1.095          -3.063          -5.792         -12.767            5.008
 3176 (vir)     1           1.101          -1.549          -1.785          -5.318            3.086
 3177 (vir)     1           1.104          -3.216          -6.010         -13.209            5.087
 3178 (vir)     1           1.116          -3.022          -5.560         -12.562            5.096
 3179 (vir)     1           1.132          -1.575          -1.873          -5.451            3.134
 3180 (vir)     1           1.144          -1.554          -1.792          -5.332            3.130
 3181 (vir)     1           1.161          -3.034          -5.566         -12.585            5.147
 3182 (vir)     1           1.174          -1.579          -1.877          -5.461            3.179
 3183 (vir)     1           1.177          -3.238          -5.964         -13.179            5.154
 3184 (vir)     1           1.179          -3.107          -5.910         -12.967            5.128
 3185 (vir)     1           1.187          -1.560          -1.799          -5.347            3.175
 3186 (vir)     1           1.207          -3.036          -5.534         -12.544            5.181
 3187 (vir)     1           1.216          -1.581          -1.879          -5.467            3.223
 3188 (vir)     1           1.231          -1.566          -1.808          -5.364            3.221
 3189 (vir)     1           1.250          -3.265          -5.918         -13.149            5.216
 3190 (vir)     1           1.252          -3.040          -5.496         -12.496            5.212
 3191 (vir)     1           1.257          -1.582          -1.875          -5.465            3.265
 3192 (vir)     1           1.265          -3.105          -5.829         -12.859            5.190
 3193 (vir)     1           1.276          -1.572          -1.819          -5.383            3.267
 3194 (vir)     1           1.296          -3.051          -5.467         -12.467            5.245
 3195 (vir)     1           1.298          -1.576          -1.859          -5.442            3.306
 3196 (vir)     1           1.320          -1.579          -1.832          -5.405            3.315
 3197 (vir)     1           1.323          -3.285          -5.873         -13.117            5.282
 3198 (vir)     1           1.337          -1.559          -1.815          -5.376            3.339
 3199 (vir)     1           1.338          -3.001          -5.333         -12.208            5.213
 3200 (vir)     1           1.351          -3.150          -5.799         -12.890            5.292
 3201 (vir)     1           1.365          -1.587          -1.847          -5.431            3.362
 3202 (vir)     1           1.373          -1.522          -1.726          -5.237            3.363
 3203 (vir)     1           1.381          -3.023          -5.307         -12.209            5.260
 3204 (vir)     1           1.395          -3.299          -5.827         -13.081            5.350
 3205 (vir)     1           1.404          -1.474          -1.615          -5.065            3.381
 3206 (vir)     1           1.409          -1.595          -1.866          -5.462            3.411
 3207 (vir)     1           1.422          -3.023          -5.258         -12.140            5.282
 3208 (vir)     1           1.433          -1.459          -1.592          -5.028            3.410
 3209 (vir)     1           1.434          -3.090          -5.587         -12.534            5.290
 3210 (vir)     1           1.453          -1.604          -1.889          -5.500            3.460
 3211 (vir)     1           1.461          -1.504          -1.705          -5.207            3.460
 3212 (vir)     1           1.463          -3.040          -5.249         -12.138            5.311
 3213 (vir)     1           1.467          -3.317          -5.778         -13.037            5.409
 3214 (vir)     1           1.491          -1.572          -1.869          -5.467            3.517
 3215 (vir)     1           1.496          -2.949          -5.027         -11.713            5.232
 3216 (vir)     1           1.496          -1.614          -1.919          -5.547            3.510
 3217 (vir)     1           1.520          -1.631          -2.009          -5.688            3.569
 3218 (vir)     1           1.521          -3.142          -5.569         -12.585            5.395
 3219 (vir)     1           1.534          -2.931          -4.914         -11.546            5.235
 3220 (vir)     1           1.537          -1.627          -1.958          -5.607            3.560
 3221 (vir)     1           1.538          -3.325          -5.718         -12.968            5.463
 3222 (vir)     1           1.546          -1.678          -2.118          -5.860            3.609
 3223 (vir)     1           1.562          -1.713          -2.195          -5.982            3.636
 3224 (vir)     1           1.569          -2.906          -4.811         -11.368            5.219
 3225 (vir)     1           1.573          -1.644          -2.009          -5.689            3.608
 3226 (vir)     1           1.591          -2.895          -4.839         -11.346            5.202
 3227 (vir)     1           1.602          -1.674          -2.081          -5.804            3.651
 3228 (vir)     1           1.607          -3.304          -5.608         -12.800            5.494
 3229 (vir)     1           1.610          -3.053          -5.196         -12.005            5.366
 3230 (vir)     1           1.625          -2.724          -4.337         -10.490            5.054
 3231 (vir)     1           1.649          -1.502          -1.888          -5.440            3.699
 3232 (vir)     1           1.649          -1.509          -1.899          -5.459            3.700
 3233 (vir)     1           1.652          -2.635          -4.106         -10.060            4.971
 3234 (vir)     1           1.656          -1.221          -0.790          -3.761            3.406
 3235 (vir)     1           1.657          -1.226          -0.803          -3.785            3.414
 3236 (vir)     1           1.660          -1.218          -0.794          -3.772            3.420
 3237 (vir)     1           1.660          -1.232          -0.818          -3.814            3.424
 3238 (vir)     1           1.663          -1.216          -0.792          -3.768            3.423
 3239 (vir)     1           1.663          -1.390          -1.198          -4.532            3.606
 3240 (vir)     1           1.666          -1.413          -1.257          -4.643            3.639
 3241 (vir)     1           1.666          -2.207          -3.122          -8.169            4.506
 3242 (vir)     1           1.667          -1.252          -0.869          -3.912            3.458
 3243 (vir)     1           1.671          -2.577          -3.914          -9.642            4.823
 3244 (vir)     1           1.672          -1.221          -0.816          -3.813            3.448
 3245 (vir)     1           1.672          -1.416          -1.250          -4.633            3.640
 3246 (vir)     1           1.677          -1.302          -0.993          -4.146            3.528
 3247 (vir)     1           1.680          -1.538          -1.536          -5.166            3.772
 3248 (vir)     1           1.682          -1.451          -1.339          -4.804            3.697
 3249 (vir)     1           1.686          -1.238          -0.869          -3.914            3.492
 3250 (vir)     1           1.686          -1.687          -1.895          -5.863            3.966
 3251 (vir)     1           1.689          -2.475          -3.757          -9.335            4.792
 3252 (vir)     1           1.691          -1.917          -2.407          -6.841            4.208
 3253 (vir)     1           1.696          -1.350          -1.123          -4.389            3.612
 3254 (vir)     1           1.696          -1.586          -1.666          -5.403            3.847
 3255 (vir)     1           1.701          -1.480          -1.404          -4.930            3.747
 3256 (vir)     1           1.704          -1.293          -1.005          -4.172            3.577
 3257 (vir)     1           1.707          -2.113          -2.893          -7.730            4.432
 3258 (vir)     1           1.709          -1.788          -2.105          -6.267            4.083
 3259 (vir)     1           1.711          -1.724          -1.964          -5.996            4.019
 3260 (vir)     1           1.716          -1.818          -2.168          -6.388            4.119
 3261 (vir)     1           1.717          -1.308          -1.042          -4.238            3.604
 3262 (vir)     1           1.718          -1.632          -1.759          -5.599            3.927
 3263 (vir)     1           1.722          -1.707          -1.915          -5.906            4.006
 3264 (vir)     1           1.722          -1.932          -2.430          -6.886            4.246
 3265 (vir)     1           1.724          -1.641          -1.795          -5.662            3.951
 3266 (vir)     1           1.725          -1.797          -2.114          -6.286            4.100
 3267 (vir)     1           1.725          -1.742          -1.992          -6.051            4.042
 3268 (vir)     1           1.740          -2.568          -3.870          -9.548            4.850
 3269 (vir)     1           1.742          -1.299          -1.024          -4.208            3.626
 3270 (vir)     1           1.759          -1.585          -1.679          -5.426            3.922
 3271 (vir)     1           1.771          -1.306          -1.040          -4.241            3.667
 3272 (vir)     1           1.777          -3.219          -5.466         -12.526            5.619
 3273 (vir)     1           1.789          -1.361          -1.170          -4.479            3.738
 3274 (vir)     1           1.805          -1.341          -1.106          -4.377            3.735
 3275 (vir)     1           1.825          -1.349          -1.131          -4.416            3.761
 3276 (vir)     1           1.843          -1.514          -1.443          -5.048            3.934
 3277 (vir)     1           1.860          -3.300          -5.554         -12.745            5.751
 3278 (vir)     1           1.866          -1.412          -1.253          -4.661            3.861
 3279 (vir)     1           1.872          -2.558          -3.545          -9.192            4.960
 3280 (vir)     1           1.895          -1.740          -1.921          -5.971            4.204
 3281 (vir)     1           1.906          -1.827          -2.087          -6.301            4.294
 3282 (vir)     1           1.923          -1.559          -1.522          -5.043            3.886
 3283 (vir)     1           1.933          -2.433          -3.324          -8.722            4.898
 3284 (vir)     1           1.934          -2.228          -3.357          -8.686            5.035
 3285 (vir)     1           1.936          -1.526          -1.497          -4.997            3.911
 3286 (vir)     1           1.938          -1.893          -2.686          -7.405            4.765
 3287 (vir)     1           1.938          -1.503          -1.433          -5.015            4.016
 3288 (vir)     1           1.950          -3.013          -4.886         -11.522            5.572
 3289 (vir)     1           1.959          -1.517          -1.511          -5.015            3.946
 3290 (vir)     1           1.969          -1.568          -1.567          -5.278            4.112
 3291 (vir)     1           1.981          -2.192          -2.821          -7.737            4.706
 3292 (vir)     1           1.991          -1.530          -1.556          -5.084            3.990
 3293 (vir)     1           1.992          -1.543          -1.370          -4.819            3.898
 3294 (vir)     1           2.007          -2.231          -2.904          -7.901            4.773
 3295 (vir)     1           2.016          -1.549          -1.410          -4.879            3.936
 3296 (vir)     1           2.019          -1.575          -1.567          -5.283            4.160
 3297 (vir)     1           2.030          -1.548          -1.607          -5.167            4.042
 3298 (vir)     1           2.032          -3.393          -5.553         -12.849            5.936
 3299 (vir)     1           2.051          -1.555          -1.455          -4.947            3.988
 3300 (vir)     1           2.053          -1.518          -1.448          -5.054            4.141
 3301 (vir)     1           2.059          -2.682          -3.786          -9.642            5.233
 3302 (vir)     1           2.075          -1.565          -1.654          -5.243            4.099
 3303 (vir)     1           2.089          -1.805          -2.020          -6.181            4.444
 3304 (vir)     1           2.093          -1.561          -1.496          -5.010            4.046
 3305 (vir)     1           2.108          -1.831          -2.061          -6.264            4.479
 3306 (vir)     1           2.118          -3.425          -5.520         -12.846            6.019
 3307 (vir)     1           2.124          -1.579          -1.693          -5.309            4.160
 3308 (vir)     1           2.137          -2.770          -3.924          -9.937            5.380
 3309 (vir)     1           2.140          -1.565          -1.530          -5.063            4.108
 3310 (vir)     1           2.145          -1.537          -1.470          -5.105            4.244
 3311 (vir)     1           2.175          -1.590          -1.727          -5.365            4.224
 3312 (vir)     1           2.182          -1.561          -1.511          -5.189            4.300
 3313 (vir)     1           2.190          -1.569          -1.558          -5.109            4.172
 3314 (vir)     1           2.196          -2.738          -3.817          -9.747            5.387
 3315 (vir)     1           2.201          -3.392          -5.359         -12.608            6.058
 3316 (vir)     1           2.222          -1.964          -2.296          -6.747            4.709
 3317 (vir)     1           2.223          -2.855          -4.058         -10.304            5.614
 3318 (vir)     1           2.223          -2.870          -4.080         -10.347            5.621
 3319 (vir)     1           2.228          -1.598          -1.754          -5.414            4.290
 3320 (vir)     1           2.229          -2.921          -4.191         -10.569            5.686
 3321 (vir)     1           2.229          -2.871          -4.087         -10.358            5.630
 3322 (vir)     1           2.237          -2.785          -3.920         -10.030            5.561
 3323 (vir)     1           2.238          -2.951          -4.255         -10.698            5.730
 3324 (vir)     1           2.242          -1.572          -1.581          -5.148            4.238
 3325 (vir)     1           2.245          -1.796          -1.958          -6.081            4.573
 3326 (vir)     1           2.248          -3.192          -4.758         -11.692            5.991
 3327 (vir)     1           2.249          -2.816          -3.979         -10.147            5.602
 3328 (vir)     1           2.260          -2.512          -3.375          -8.933            5.306
 3329 (vir)     1           2.262          -3.152          -4.672         -11.529            5.966
 3330 (vir)     1           2.271          -3.535          -5.462         -13.071            6.344
 3331 (vir)     1           2.274          -2.970          -4.220         -10.575            5.660
 3332 (vir)     1           2.279          -2.759          -3.850          -9.904            5.574
 3333 (vir)     1           2.282          -1.604          -1.776          -5.456            4.357
 3334 (vir)     1           2.285          -1.559          -1.489          -5.157            4.394
 3335 (vir)     1           2.288          -2.809          -3.989         -10.081            5.572
 3336 (vir)     1           2.289          -3.175          -4.717         -11.621            6.018
 3337 (vir)     1           2.295          -1.574          -1.600          -5.183            4.304
 3338 (vir)     1           2.296          -3.314          -4.974         -12.145            6.153
 3339 (vir)     1           2.311          -3.556          -5.470         -13.140            6.425
 3340 (vir)     1           2.313          -3.096          -4.531         -11.217            5.903
 3341 (vir)     1           2.320          -1.503          -1.079          -4.570            4.309
 3342 (vir)     1           2.322          -1.502          -1.079          -4.570            4.311
 3343 (vir)     1           2.323          -2.292          -2.907          -8.024            5.149
 3344 (vir)     1           2.324          -1.564          -1.493          -5.168            4.436
 3345 (vir)     1           2.325          -1.501          -1.079          -4.570            4.315
 3346 (vir)     1           2.326          -3.414          -5.179         -12.552            6.285
 3347 (vir)     1           2.329          -1.500          -1.083          -4.576            4.320
 3348 (vir)     1           2.333          -1.499          -1.079          -4.570            4.326
 3349 (vir)     1           2.335          -3.737          -5.838         -13.879            6.638
 3350 (vir)     1           2.336          -3.062          -4.354         -10.868            5.788
 3351 (vir)     1           2.337          -1.565          -1.514          -5.131            4.389
 3352 (vir)     1           2.339          -1.540          -1.336          -4.901            4.364
 3353 (vir)     1           2.344          -1.496          -1.079          -4.571            4.340
 3354 (vir)     1           2.345          -3.435          -5.203         -12.627            6.334
 3355 (vir)     1           2.350          -1.575          -1.614          -5.212            4.372
 3356 (vir)     1           2.351          -1.497          -1.091          -4.586            4.350
 3357 (vir)     1           2.354          -1.495          -1.048          -4.526            4.337
 3358 (vir)     1           2.355          -2.659          -3.642          -9.494            5.548
 3359 (vir)     1           2.356          -3.843          -6.031         -14.278            6.760
 3360 (vir)     1           2.356          -1.494          -1.048          -4.526            4.340
 3361 (vir)     1           2.359          -1.493          -1.048          -4.526            4.344
 3362 (vir)     1           2.359          -1.493          -1.081          -4.574            4.359
 3363 (vir)     1           2.362          -1.492          -1.048          -4.526            4.349
 3364 (vir)     1           2.365          -1.770          -1.881          -5.947            4.661
 3365 (vir)     1           2.366          -3.729          -5.800         -13.823            6.661
 3366 (vir)     1           2.366          -1.489          -1.047          -4.526            4.356
 3367 (vir)     1           2.368          -1.493          -1.082          -4.576            4.369
 3368 (vir)     1           2.369          -2.346          -3.003          -8.181            5.201
 3369 (vir)     1           2.371          -1.487          -1.047          -4.526            4.363
 3370 (vir)     1           2.372          -3.764          -5.855         -13.944            6.697
 3371 (vir)     1           2.377          -1.493          -1.095          -4.593            4.382
 3372 (vir)     1           2.377          -1.484          -1.047          -4.526            4.372
 3373 (vir)     1           2.379          -3.863          -6.058         -14.352            6.810
 3374 (vir)     1           2.382          -3.880          -6.077         -14.392            6.818
 3375 (vir)     1           2.384          -1.482          -1.046          -4.526            4.382
 3376 (vir)     1           2.386          -3.897          -6.110         -14.463            6.842
 3377 (vir)     1           2.387          -3.904          -6.128         -14.501            6.855
 3378 (vir)     1           2.388          -1.490          -1.080          -4.574            4.392
 3379 (vir)     1           2.391          -1.479          -1.048          -4.528            4.392
 3380 (vir)     1           2.392          -2.178          -2.634          -7.454            5.035
 3381 (vir)     1           2.393          -1.581          -1.613          -5.268            4.467
 3382 (vir)     1           2.399          -1.477          -1.045          -4.525            4.403
 3383 (vir)     1           2.401          -1.519          -1.241          -4.783            4.424
 3384 (vir)     1           2.402          -2.874          -4.084         -10.284            5.728
 3385 (vir)     1           2.406          -1.553          -1.496          -5.076            4.434
 3386 (vir)     1           2.406          -1.958          -2.211          -6.652            4.889
 3387 (vir)     1           2.409          -1.500          -1.172          -4.681            4.419
 3388 (vir)     1           2.412          -1.488          -1.083          -4.579            4.419
 3389 (vir)     1           2.414          -2.746          -3.691          -9.577            5.553
 3390 (vir)     1           2.418          -1.473          -1.044          -4.525            4.427
 3391 (vir)     1           2.426          -1.489          -1.088          -4.586            4.435
 3392 (vir)     1           2.429          -1.472          -1.047          -4.530            4.439
 3393 (vir)     1           2.437          -1.653          -1.642          -5.476            4.619
 3394 (vir)     1           2.438          -1.495          -1.133          -4.646            4.457
 3395 (vir)     1           2.441          -1.470          -1.046          -4.529            4.453
 3396 (vir)     1           2.443          -2.006          -2.296          -6.819            4.959
 3397 (vir)     1           2.453          -1.469          -1.043          -4.526            4.467
 3398 (vir)     1           2.454          -1.601          -1.713          -5.408            4.548
 3399 (vir)     1           2.455          -1.485          -1.082          -4.580            4.467
 3400 (vir)     1           2.462          -1.553          -1.499          -5.090            4.500
 3401 (vir)     1           2.463          -2.259          -2.791          -7.772            5.185
 3402 (vir)     1           2.468          -1.496          -1.178          -4.695            4.489
 3403 (vir)     1           2.472          -1.492          -1.120          -4.631            4.490
 3404 (vir)     1           2.474          -3.287          -4.659         -11.541            6.068
 3405 (vir)     1           2.479          -1.585          -1.509          -5.216            4.600
 3406 (vir)     1           2.481          -1.467          -1.043          -4.527            4.498
 3407 (vir)     1           2.488          -1.487          -1.105          -4.613            4.508
 3408 (vir)     1           2.493          -2.839          -3.947         -10.031            5.738
 3409 (vir)     1           2.496          -1.467          -1.044          -4.530            4.515
 3410 (vir)     1           2.506          -1.847          -1.956          -6.159            4.861
 3411 (vir)     1           2.507          -1.483          -1.083          -4.585            4.525
 3412 (vir)     1           2.512          -1.601          -1.711          -5.415            4.615
 3413 (vir)     1           2.512          -1.472          -1.081          -4.576            4.534
 3414 (vir)     1           2.520          -1.612          -1.554          -5.308            4.662
 3415 (vir)     1           2.522          -1.576          -1.603          -5.232            4.575
 3416 (vir)     1           2.528          -1.498          -1.163          -4.692            4.558
 3417 (vir)     1           2.530          -1.465          -1.041          -4.528            4.551
 3418 (vir)     1           2.536          -3.269          -4.575         -11.400            6.091
 3419 (vir)     1           2.545          -1.486          -1.108          -4.620            4.572
 3420 (vir)     1           2.546          -1.845          -1.941          -6.133            4.893
 3421 (vir)     1           2.548          -1.466          -1.047          -4.537            4.572
 3422 (vir)     1           2.563          -1.752          -1.809          -5.827            4.829
 3423 (vir)     1           2.564          -2.780          -3.774          -9.716            5.728
 3424 (vir)     1           2.566          -1.468          -1.066          -4.561            4.593
 3425 (vir)     1           2.568          -1.481          -1.085          -4.591            4.593
 3426 (vir)     1           2.572          -1.606          -1.738          -5.462            4.689
 3427 (vir)     1           2.581          -1.579          -1.626          -5.271            4.647
 3428 (vir)     1           2.587          -1.463          -1.040          -4.529            4.614
 3429 (vir)     1           2.592          -2.329          -2.875          -7.970            5.357
 3430 (vir)     1           2.592          -1.492          -1.148          -4.676            4.628
 3431 (vir)     1           2.593          -2.605          -3.318          -8.879            5.550
 3432 (vir)     1           2.608          -1.464          -1.047          -4.540            4.637
 3433 (vir)     1           2.609          -2.475          -3.097          -8.441            5.477
 3434 (vir)     1           2.612          -1.489          -1.140          -4.668            4.650
 3435 (vir)     1           2.619          -1.885          -1.988          -6.233            4.979
 3436 (vir)     1           2.629          -1.474          -1.101          -4.610            4.664
 3437 (vir)     1           2.634          -1.612          -1.760          -5.502            4.763
 3438 (vir)     1           2.638          -1.479          -1.088          -4.599            4.670
 3439 (vir)     1           2.640          -1.831          -1.922          -6.062            4.949
 3440 (vir)     1           2.641          -1.576          -1.603          -5.254            4.715
 3441 (vir)     1           2.653          -1.461          -1.039          -4.533            4.685
 3442 (vir)     1           2.662          -3.200          -4.533         -11.251            6.180
 3443 (vir)     1           2.662          -3.261          -4.474         -11.248            6.176
 3444 (vir)     1           2.663          -1.785          -1.771          -5.814            4.922
 3445 (vir)     1           2.664          -1.482          -1.110          -4.631            4.703
 3446 (vir)     1           2.677          -1.462          -1.043          -4.539            4.712
 3447 (vir)     1           2.682          -1.726          -1.727          -5.668            4.897
 3448 (vir)     1           2.684          -1.531          -1.356          -4.965            4.763
 3449 (vir)     1           2.696          -1.545          -1.456          -5.073            4.768
 3450 (vir)     1           2.699          -1.576          -1.579          -5.267            4.811
 3451 (vir)     1           2.705          -1.507          -1.260          -4.822            4.760
 3452 (vir)     1           2.709          -1.839          -1.871          -6.018            5.016
 3453 (vir)     1           2.716          -1.479          -1.102          -4.624            4.760
 3454 (vir)     1           2.716          -3.364          -4.607         -11.539            6.284
 3455 (vir)     1           2.722          -1.751          -1.765          -5.747            4.953
 3456 (vir)     1           2.728          -1.461          -1.045          -4.546            4.767
 3457 (vir)     1           2.738          -2.636          -3.388          -9.023            5.737
 3458 (vir)     1           2.746          -1.476          -1.093          -4.614            4.791
 3459 (vir)     1           2.754          -1.619          -1.784          -5.556            4.906
 3460 (vir)     1           2.755          -1.460          -1.039          -4.540            4.796
 3461 (vir)     1           2.759          -1.589          -1.660          -5.350            4.860
 3462 (vir)     1           2.759          -1.829          -1.887          -5.997            5.040
 3463 (vir)     1           2.761          -2.527          -3.168          -8.598            5.664
 3464 (vir)     1           2.765          -3.293          -4.448         -11.227            6.251
 3465 (vir)     1           2.778          -1.489          -1.160          -4.708            4.837
 3466 (vir)     1           2.784          -1.464          -1.060          -4.569            4.830
 3467 (vir)     1           2.793          -1.943          -2.089          -6.408            5.170
 3468 (vir)     1           2.793          -1.849          -1.864          -6.017            5.097
 3469 (vir)     1           2.802          -1.510          -1.259          -4.846            4.879
 3470 (vir)     1           2.805          -3.123          -4.116         -10.555            6.122
 3471 (vir)     1           2.810          -1.488          -1.179          -4.727            4.871
 3472 (vir)     1           2.820          -1.604          -1.713          -5.469            4.973
 3473 (vir)     1           2.821          -2.125          -2.404          -7.052            5.344
 3474 (vir)     1           2.822          -1.569          -1.555          -5.224            4.923
 3475 (vir)     1           2.832          -2.838          -3.594          -9.486            5.886
 3476 (vir)     1           2.836          -3.301          -4.604         -11.482            6.414
 3477 (vir)     1           2.837          -1.477          -1.106          -4.640            4.894
 3478 (vir)     1           2.841          -2.345          -2.821          -7.911            5.586
 3479 (vir)     1           2.842          -1.461          -1.047          -4.556            4.891
 3480 (vir)     1           2.842          -1.779          -1.709          -5.718            5.071
 3481 (vir)     1           2.845          -2.560          -3.164          -8.610            5.732
 3482 (vir)     1           2.871          -1.474          -1.098          -4.632            4.930
 3483 (vir)     1           2.874          -1.459          -1.043          -4.554            4.926
 3484 (vir)     1           2.877          -1.634          -1.842          -5.659            5.060
 3485 (vir)     1           2.880          -1.594          -1.672          -5.391            5.005
 3486 (vir)     1           2.892          -1.808          -1.741          -5.789            5.133
 3487 (vir)     1           2.906          -1.483          -1.142          -4.696            4.977
 3488 (vir)     1           2.908          -1.465          -1.068          -4.590            4.964
 3489 (vir)     1           2.918          -3.181          -4.327         -10.971            6.380
 3490 (vir)     1           2.931          -1.562          -1.502          -5.198            5.065
 3491 (vir)     1           2.934          -1.526          -1.350          -4.972            5.030
 3492 (vir)     1           2.945          -2.025          -2.121          -6.560            5.359
 3493 (vir)     1           2.946          -1.563          -1.518          -5.223            5.088
 3494 (vir)     1           2.947          -1.540          -1.405          -5.045            5.046
 3495 (vir)     1           2.973          -1.485          -1.146          -4.709            5.051
 3496 (vir)     1           2.973          -1.467          -1.078          -4.610            5.038
 3497 (vir)     1           2.987          -2.100          -2.258          -6.844            5.473
 3498 (vir)     1           3.000          -1.648          -1.892          -5.755            5.215
 3499 (vir)     1           3.001          -1.600          -1.676          -5.423            5.148
 3500 (vir)     1           3.009          -1.463          -1.061          -4.590            5.075
 3501 (vir)     1           3.010          -1.476          -1.110          -4.664            5.088
 3502 (vir)     1           3.010          -3.119          -4.149         -10.660            6.402
 3503 (vir)     1           3.043          -1.858          -1.768          -5.869            5.286
 3504 (vir)     1           3.046          -1.468          -1.075          -4.614            5.116
 3505 (vir)     1           3.047          -1.478          -1.123          -4.688            5.133
 3506 (vir)     1           3.056          -1.662          -1.928          -5.822            5.289
 3507 (vir)     1           3.057          -1.596          -1.642          -5.392            5.212
 3508 (vir)     1           3.082          -1.495          -1.189          -4.789            5.187
 3509 (vir)     1           3.084          -1.488          -1.146          -4.716            5.166
 3510 (vir)     1           3.091          -3.361          -4.566         -11.544            6.706
 3511 (vir)     1           3.097          -1.848          -1.730          -5.801            5.320
 3512 (vir)     1           3.098          -1.610          -1.651          -5.455            5.291
 3513 (vir)     1           3.105          -1.554          -1.430          -5.119            5.240
 3514 (vir)     1           3.125          -1.545          -1.355          -5.016            5.241
 3515 (vir)     1           3.139          -1.546          -1.339          -5.007            5.262
 3516 (vir)     1           3.142          -1.508          -1.412          -5.076            5.298
 3517 (vir)     1           3.153          -1.894          -1.753          -5.859            5.365
 3518 (vir)     1           3.153          -1.516          -1.423          -5.104            5.318
 3519 (vir)     1           3.171          -3.354          -4.504         -11.460            6.773
 3520 (vir)     1           3.193          -2.364          -2.794          -8.099            6.134
 3521 (vir)     1           3.193          -2.365          -2.796          -8.104            6.135
 3522 (vir)     1           3.209          -1.934          -1.817          -6.000            5.458
 3523 (vir)     1           3.213          -1.581          -1.580          -5.335            5.387
 3524 (vir)     1           3.222          -1.510          -1.275          -4.904            5.341
 3525 (vir)     1           3.222          -1.518          -1.453          -5.116            5.367
 3526 (vir)     1           3.226          -1.453          -1.146          -4.696            5.324
 3527 (vir)     1           3.247          -3.291          -4.344         -11.176            6.788
 3528 (vir)     1           3.262          -1.626          -1.778          -5.632            5.489
 3529 (vir)     1           3.265          -1.453          -1.058          -4.580            5.333
 3530 (vir)     1           3.266          -1.494          -1.208          -4.817            5.381
 3531 (vir)     1           3.267          -2.016          -1.932          -6.248            5.566
 3532 (vir)     1           3.267          -1.598          -1.690          -5.463            5.442
 3533 (vir)     1           3.304          -1.444          -1.020          -4.535            5.376
 3534 (vir)     1           3.312          -1.491          -1.197          -4.807            5.431
 3535 (vir)     1           3.313          -2.714          -2.878          -8.368            6.089
 3536 (vir)     1           3.315          -2.801          -3.016          -8.659            6.157
 3537 (vir)     1           3.317          -1.646          -1.859          -5.762            5.573
 3538 (vir)     1           3.320          -1.624          -1.799          -5.636            5.533
 3539 (vir)     1           3.324          -1.993          -1.844          -6.076            5.564
 3540 (vir)     1           3.337          -2.660          -2.803          -8.207            6.082
 3541 (vir)     1           3.345          -2.904          -3.166          -8.976            6.251
 3542 (vir)     1           3.347          -1.443          -1.013          -4.532            5.423
 3543 (vir)     1           3.359          -1.496          -1.220          -4.846            5.489
 3544 (vir)     1           3.372          -2.674          -2.790          -8.183            6.091
 3545 (vir)     1           3.373          -1.650          -1.865          -5.784            5.642
 3546 (vir)     1           3.375          -1.634          -1.829          -5.697            5.610
 3547 (vir)     1           3.384          -2.055          -1.935          -6.274            5.668
 3548 (vir)     1           3.386          -2.927          -3.217          -9.087            6.329
 3549 (vir)     1           3.392          -1.448          -1.029          -4.560            5.476
 3550 (vir)     1           3.408          -1.509          -1.277          -4.935            5.557
 3551 (vir)     1           3.414          -2.739          -2.887          -8.395            6.183
 3552 (vir)     1           3.415          -3.313          -4.313         -11.181            6.969
 3553 (vir)     1           3.428          -1.640          -1.819          -5.731            5.700
 3554 (vir)     1           3.430          -1.617          -1.752          -5.602            5.663
 3555 (vir)     1           3.434          -2.891          -3.126          -8.900            6.317
 3556 (vir)     1           3.440          -1.477          -1.146          -4.734            5.551
 3557 (vir)     1           3.442          -3.242          -4.233         -11.024            6.991
 3558 (vir)     1           3.448          -2.155          -2.052          -6.534            5.775
 3559 (vir)     1           3.458          -1.531          -1.370          -5.079            5.635
 3560 (vir)     1           3.463          -2.886          -3.096          -8.849            6.330
 3561 (vir)     1           3.482          -1.543          -1.433          -5.156            5.662
 3562 (vir)     1           3.483          -1.624          -1.743          -5.633            5.749
 3563 (vir)     1           3.487          -2.777          -2.926          -8.483            6.267
 3564 (vir)     1           3.491          -1.564          -1.507          -5.265            5.684
 3565 (vir)     1           3.510          -1.561          -1.491          -5.265            5.723
 3566 (vir)     1           3.510          -2.137          -1.978          -6.394            5.789
 3567 (vir)     1           3.515          -3.058          -3.382          -9.476            6.551
 3568 (vir)     1           3.523          -3.327          -4.265         -11.143            7.074
 3569 (vir)     1           3.533          -1.503          -1.260          -4.912            5.682
 3570 (vir)     1           3.537          -1.608          -1.673          -5.540            5.796
 3571 (vir)     1           3.542          -2.676          -2.686          -7.980            6.160
 3572 (vir)     1           3.543          -1.618          -1.729          -5.601            5.797
 3573 (vir)     1           3.562          -1.590          -1.607          -5.447            5.812
 3574 (vir)     1           3.570          -3.281          -3.687         -10.148            6.750
 3575 (vir)     1           3.574          -2.188          -2.018          -6.493            5.861
 3576 (vir)     1           3.584          -1.500          -1.246          -4.899            5.736
 3577 (vir)     1           3.590          -1.601          -1.640          -5.503            5.852
 3578 (vir)     1           3.595          -1.636          -1.800          -5.718            5.878
 3579 (vir)     1           3.598          -2.603          -2.464          -7.516            6.047
 3580 (vir)     1           3.603          -3.299          -4.177         -11.000            7.127
 3581 (vir)     1           3.615          -1.611          -1.688          -5.579            5.895
 3582 (vir)     1           3.628          -3.441          -3.958         -10.753            6.982
 3583 (vir)     1           3.635          -1.527          -1.352          -5.064            5.820
 3584 (vir)     1           3.640          -2.214          -2.078          -6.632            5.980
 3585 (vir)     1           3.643          -1.608          -1.666          -5.554            5.923
 3586 (vir)     1           3.646          -1.627          -1.759          -5.672            5.932
 3587 (vir)     1           3.656          -2.444          -2.288          -7.149            6.072
 3588 (vir)     1           3.667          -1.619          -1.715          -5.633            5.965
 3589 (vir)     1           3.683          -3.257          -4.059         -10.791            7.158
 3590 (vir)     1           3.685          -1.608          -1.684          -5.573            5.965
 3591 (vir)     1           3.687          -3.562          -4.173         -11.241            7.193
 3592 (vir)     1           3.695          -1.636          -1.772          -5.727            6.014
 3593 (vir)     1           3.696          -1.565          -1.501          -5.298            5.927
 3594 (vir)     1           3.706          -2.306          -2.173          -6.848            6.075
 3595 (vir)     1           3.714          -2.455          -2.158          -6.881            5.982
 3596 (vir)     1           3.718          -1.609          -1.670          -5.576            6.016
 3597 (vir)     1           3.732          -1.706          -2.085          -6.193            6.134
 3598 (vir)     1           3.745          -1.687          -1.970          -6.043            6.132
 3599 (vir)     1           3.748          -3.648          -4.334         -11.616            7.382
 3600 (vir)     1           3.748          -1.489          -1.185          -4.830            5.903
 3601 (vir)     1           3.762          -3.079          -3.709         -10.085            7.060
 3602 (vir)     1           3.769          -1.577          -1.542          -5.394            6.044
 3603 (vir)     1           3.773          -2.434          -2.063          -6.688            5.964
 3604 (vir)     1           3.774          -1.756          -2.286          -6.516            6.248
 3605 (vir)     1           3.774          -2.477          -2.516          -7.591            6.372
 3606 (vir)     1           3.792          -1.747          -2.200          -6.416            6.261
 3607 (vir)     1           3.802          -1.465          -1.086          -4.685            5.936
 3608 (vir)     1           3.808          -3.723          -4.451         -11.900            7.534
 3609 (vir)     1           3.812          -1.787          -2.409          -6.724            6.341
 3610 (vir)     1           3.821          -1.542          -1.400          -5.185            6.065
 3611 (vir)     1           3.831          -2.726          -3.039          -8.673            6.738
 3612 (vir)     1           3.833          -2.267          -1.991          -6.543            6.118
 3613 (vir)     1           3.835          -1.792          -2.375          -6.707            6.375
 3614 (vir)     1           3.847          -1.811          -2.509          -6.897            6.424
 3615 (vir)     1           3.857          -2.791          -3.080          -8.853            6.838
 3616 (vir)     1           3.858          -1.480          -1.144          -4.783            6.017
 3617 (vir)     1           3.869          -3.776          -4.537         -12.118            7.673
 3618 (vir)     1           3.872          -1.822          -2.492          -6.913            6.471
 3619 (vir)     1           3.874          -1.534          -1.370          -5.149            6.118
 3620 (vir)     1           3.878          -1.818          -2.533          -6.954            6.482
 3621 (vir)     1           3.892          -2.078          -1.928          -6.419            6.305
 3622 (vir)     1           3.902          -1.827          -2.573          -7.037            6.540
 3623 (vir)     1           3.904          -1.835          -2.550          -7.028            6.547
 3624 (vir)     1           3.909          -2.337          -2.200          -6.966            6.338
 3625 (vir)     1           3.915          -2.159          -3.834          -9.379            7.300
 3626 (vir)     1           3.917          -2.157          -3.828          -9.368            7.300
 3627 (vir)     1           3.918          -1.510          -1.260          -4.973            6.122
 3628 (vir)     1           3.920          -2.151          -3.807          -9.332            7.294
 3629 (vir)     1           3.923          -2.108          -3.679          -9.071            7.206
 3630 (vir)     1           3.923          -1.742          -2.181          -6.459            6.459
 3631 (vir)     1           3.924          -2.121          -3.734          -9.165            7.234
 3632 (vir)     1           3.924          -2.126          -3.729          -9.181            7.251
 3633 (vir)     1           3.926          -2.119          -3.731          -9.158            7.233
 3634 (vir)     1           3.927          -1.913          -2.922          -7.641            6.733
 3635 (vir)     1           3.928          -2.119          -3.732          -9.157            7.233
 3636 (vir)     1           3.929          -3.823          -4.603         -12.291            7.795
 3637 (vir)     1           3.929          -2.143          -3.787          -9.295            7.294
 3638 (vir)     1           3.929          -3.177          -3.811         -10.404            7.345
 3639 (vir)     1           3.930          -2.114          -3.718          -9.130            7.228
 3640 (vir)     1           3.933          -2.115          -3.726          -9.140            7.232
 3641 (vir)     1           3.935          -2.135          -3.756          -9.236            7.280
 3642 (vir)     1           3.936          -1.904          -2.893          -7.714            6.853
 3643 (vir)     1           3.937          -1.886          -2.794          -7.537            6.794
 3644 (vir)     1           3.940          -2.106          -3.706          -9.096            7.223
 3645 (vir)     1           3.941          -2.116          -3.705          -9.141            7.261
 3646 (vir)     1           3.944          -2.098          -3.674          -9.035            7.207
 3647 (vir)     1           3.947          -1.926          -2.970          -7.731            6.782
 3648 (vir)     1           3.947          -2.001          -3.279          -8.321            6.988
 3649 (vir)     1           3.948          -2.120          -3.714          -9.158            7.272
 3650 (vir)     1           3.950          -2.006          -3.267          -8.300            6.977
 3651 (vir)     1           3.951          -1.939          -1.856          -6.274            6.430
 3652 (vir)     1           3.954          -2.092          -3.661          -9.002            7.203
 3653 (vir)     1           3.956          -2.110          -3.672          -9.078            7.251
 3654 (vir)     1           3.959          -2.086          -3.628          -8.941            7.186
 3655 (vir)     1           3.961          -1.982          -3.209          -8.207            6.977
 3656 (vir)     1           3.963          -2.039          -3.443          -8.605            7.087
 3657 (vir)     1           3.965          -2.036          -3.379          -8.519            7.069
 3658 (vir)     1           3.967          -1.988          -3.181          -8.138            6.936
 3659 (vir)     1           3.969          -2.071          -3.577          -8.840            7.162
 3660 (vir)     1           3.970          -2.084          -3.593          -8.927            7.220
 3661 (vir)     1           3.975          -2.063          -3.526          -8.747            7.133
 3662 (vir)     1           3.976          -2.310          -2.177          -6.937            6.427
 3663 (vir)     1           3.976          -1.951          -3.026          -7.873            6.872
 3664 (vir)     1           3.977          -1.747          -2.211          -6.573            6.591
 3665 (vir)     1           3.977          -1.978          -3.166          -8.087            6.920
 3666 (vir)     1           3.979          -1.883          -2.753          -7.518            6.861
 3667 (vir)     1           3.980          -2.025          -3.364          -8.471            7.063
 3668 (vir)     1           3.983          -2.024          -3.352          -8.434            7.041
 3669 (vir)     1           3.985          -2.076          -3.541          -8.823            7.191
 3670 (vir)     1           3.986          -2.019          -3.298          -8.338            7.007
 3671 (vir)     1           3.987          -1.951          -3.028          -7.892            6.901
 3672 (vir)     1           3.988          -1.846          -2.640          -7.265            6.767
 3673 (vir)     1           3.988          -1.950          -3.063          -7.939            6.914
 3674 (vir)     1           3.989          -2.028          -3.337          -8.405            7.030
 3675 (vir)     1           3.990          -3.862          -4.657         -12.443            7.913
 3676 (vir)     1           3.990          -1.842          -2.610          -7.207            6.746
 3677 (vir)     1           3.992          -2.063          -3.477          -8.695            7.147
 3678 (vir)     1           3.994          -2.017          -3.325          -8.397            7.049
 3679 (vir)     1           3.998          -2.048          -3.411          -8.561            7.100
 3680 (vir)     1           4.000          -2.030          -3.372          -8.492            7.090
 3681 (vir)     1           4.002          -2.037          -3.363          -8.465            7.067
 3682 (vir)     1           4.003          -2.038          -3.391          -8.525            7.099
 3683 (vir)     1           4.004          -2.040          -3.368          -8.473            7.069
 3684 (vir)     1           4.005          -2.038          -3.379          -8.499            7.086
 3685 (vir)     1           4.008          -1.836          -1.739          -6.032            6.465
 3686 (vir)     1           4.010          -3.174          -3.797         -10.404            7.442
 3687 (vir)     1           4.038          -1.456          -1.046          -4.648            6.184
 3688 (vir)     1           4.039          -1.543          -1.535          -5.442            6.403
 3689 (vir)     1           4.041          -2.271          -2.129          -6.855            6.496
 3690 (vir)     1           4.049          -3.944          -4.706         -12.583            7.981
 3691 (vir)     1           4.058          -1.701          -1.526          -5.577            6.409
 3692 (vir)     1           4.079          -1.602          -2.014          -6.208            6.670
 3693 (vir)     1           4.090          -3.168          -3.726         -10.289            7.484
 3694 (vir)     1           4.090          -1.559          -1.279          -5.047            6.301
 3695 (vir)     1           4.100          -1.451          -1.023          -4.614            6.239
 3696 (vir)     1           4.101          -2.180          -2.024          -6.651            6.549
 3697 (vir)     1           4.105          -1.621          -2.197          -6.487            6.774
 3698 (vir)     1           4.108          -4.078          -4.967         -13.189            8.253
 3699 (vir)     1           4.136          -1.568          -1.781          -5.817            6.603
 3700 (vir)     1           4.157          -2.142          -1.942          -6.493            6.565
 3701 (vir)     1           4.162          -1.452          -1.021          -4.616            6.306
 3702 (vir)     1           4.164          -4.181          -5.136         -13.594            8.443
 3703 (vir)     1           4.169          -3.109          -3.599         -10.051            7.513
 3704 (vir)     1           4.184          -1.533          -1.461          -5.312            6.502
 3705 (vir)     1           4.210          -2.230          -2.060          -6.751            6.671
 3706 (vir)     1           4.221          -4.229          -5.187         -13.741            8.545
 3707 (vir)     1           4.227          -1.454          -1.025          -4.629            6.376
 3708 (vir)     1           4.240          -1.533          -1.411          -5.241            6.536
 3709 (vir)     1           4.245          -2.882          -3.098          -8.997            7.263
 3710 (vir)     1           4.265          -2.717          -2.727          -8.192            7.013
 3711 (vir)     1           4.276          -4.251          -5.194         -13.789            8.620
 3712 (vir)     1           4.283          -2.341          -2.027          -6.712            6.626
 3713 (vir)     1           4.291          -1.459          -1.056          -4.684            6.460
 3714 (vir)     1           4.299          -1.549          -1.468          -5.341            6.623
 3715 (vir)     1           4.331          -4.268          -5.191         -13.814            8.687
 3716 (vir)     1           4.331          -3.085          -3.525          -9.964            7.685
 3717 (vir)     1           4.333          -2.344          -1.966          -6.589            6.612
 3718 (vir)     1           4.337          -1.602          -2.469          -6.875            7.142
 3719 (vir)     1           4.341          -1.619          -2.656          -7.161            7.227
 3720 (vir)     1           4.355          -1.629          -1.924          -6.127            6.929
 3721 (vir)     1           4.362          -1.480          -1.266          -5.009            6.626
 3722 (vir)     1           4.364          -2.657          -2.794          -8.402            7.315
 3723 (vir)     1           4.385          -4.302          -5.202         -13.873            8.754
 3724 (vir)     1           4.392          -2.371          -1.931          -6.528            6.618
 3725 (vir)     1           4.403          -2.882          -3.157          -9.194            7.559
 3726 (vir)     1           4.419          -1.581          -1.521          -5.411            6.728
 3727 (vir)     1           4.423          -1.475          -0.952          -4.461            6.457
 3728 (vir)     1           4.429          -2.829          -3.061          -8.988            7.527
 3729 (vir)     1           4.438          -4.319          -5.203         -13.908            8.824
 3730 (vir)     1           4.456          -2.422          -1.951          -6.588            6.670
 3731 (vir)     1           4.477          -1.631          -1.742          -5.766            6.870
 3732 (vir)     1           4.477          -2.823          -3.012          -8.901            7.543
 3733 (vir)     1           4.490          -4.322          -5.159         -13.840            8.849
 3734 (vir)     1           4.497          -1.466          -1.066          -4.721            6.686
 3735 (vir)     1           4.507          -2.960          -3.239          -9.403            7.711
 3736 (vir)     1           4.521          -2.630          -2.226          -7.226            6.891
 3737 (vir)     1           4.532          -1.698          -2.035          -6.228            7.027
 3738 (vir)     1           4.541          -4.133          -4.866         -13.211            8.753
 3739 (vir)     1           4.554          -2.841          -2.999          -8.897            7.611
 3740 (vir)     1           4.567          -1.471          -1.075          -4.743            6.764
 3741 (vir)     1           4.583          -1.794          -2.447          -6.875            7.216
 3742 (vir)     1           4.583          -3.723          -4.197         -11.711            8.373
 3743 (vir)     1           4.587          -3.010          -3.299          -9.565            7.844
 3744 (vir)     1           4.596          -2.875          -2.888          -8.756            7.589
 3745 (vir)     1           4.626          -1.918          -2.985          -7.711            7.434
 3746 (vir)     1           4.631          -2.880          -3.026          -8.982            7.708
 3747 (vir)     1           4.633          -4.403          -5.202         -14.022            9.049
 3748 (vir)     1           4.638          -1.477          -1.092          -4.778            6.847
 3749 (vir)     1           4.661          -2.065          -3.593          -8.654            7.657
 3750 (vir)     1           4.663          -2.418          -1.890          -6.505            6.861
 3751 (vir)     1           4.669          -3.043          -3.317          -9.637            7.946
 3752 (vir)     1           4.678          -4.503          -5.325         -14.333            9.182
 3753 (vir)     1           4.689          -2.233          -4.226          -9.629            7.859
 3754 (vir)     1           4.710          -1.486          -1.119          -4.829            6.934
 3755 (vir)     1           4.710          -2.425          -4.893         -10.651            8.043
 3756 (vir)     1           4.710          -2.924          -3.064          -9.096            7.818
 3757 (vir)     1           4.722          -4.541          -5.350         -14.416            9.248
 3758 (vir)     1           4.727          -2.616          -5.544         -11.646            8.212
 3759 (vir)     1           4.733          -2.211          -1.838          -6.403            7.088
 3760 (vir)     1           4.739          -2.768          -6.071         -12.450            8.350
 3761 (vir)     1           4.747          -2.868          -6.426         -12.995            8.447
 3762 (vir)     1           4.751          -3.058          -3.320          -9.677            8.050
 3763 (vir)     1           4.753          -2.926          -6.636         -13.319            8.510
 3764 (vir)     1           4.759          -2.956          -6.747         -13.493            8.549
 3765 (vir)     1           4.764          -4.517          -5.291         -14.310            9.266
 3766 (vir)     1           4.766          -2.969          -6.799         -13.578            8.575
 3767 (vir)     1           4.773          -2.973          -6.815         -13.609            8.594
 3768 (vir)     1           4.782          -2.971          -6.806         -13.604            8.610
 3769 (vir)     1           4.782          -1.501          -1.169          -4.918            7.031
 3770 (vir)     1           4.790          -2.965          -3.105          -9.217            7.936
 3771 (vir)     1           4.792          -2.963          -6.778         -13.571            8.622
 3772 (vir)     1           4.800          -3.752          -4.140         -11.691            8.599
 3773 (vir)     1           4.804          -2.951          -6.733         -13.512            8.632
 3774 (vir)     1           4.810          -2.969          -2.968          -9.015            7.889
 3775 (vir)     1           4.818          -2.935          -6.670         -13.426            8.639
 3776 (vir)     1           4.833          -2.913          -6.588         -13.311            8.643
 3777 (vir)     1           4.833          -3.086          -3.318          -9.706            8.134
 3778 (vir)     1           4.841          -4.618          -5.379         -14.558            9.402
 3779 (vir)     1           4.848          -2.884          -6.486         -13.164            8.643
 3780 (vir)     1           4.854          -1.554          -1.360          -5.234            7.175
 3781 (vir)     1           4.865          -2.851          -6.376         -13.001            8.638
 3782 (vir)     1           4.867          -2.885          -6.446         -13.251            8.787
 3783 (vir)     1           4.867          -2.890          -6.464         -13.279            8.792
 3784 (vir)     1           4.870          -3.004          -3.146          -9.337            8.057
 3785 (vir)     1           4.873          -2.888          -6.457         -13.269            8.798
 3786 (vir)     1           4.874          -2.891          -6.468         -13.287            8.801
 3787 (vir)     1           4.875          -3.247          -7.678         -14.950            8.900
 3788 (vir)     1           4.877          -4.667          -5.422         -14.681            9.469
 3789 (vir)     1           4.879          -3.247          -7.680         -14.953            8.907
 3790 (vir)     1           4.880          -2.830          -6.315         -12.904            8.639
 3791 (vir)     1           4.881          -2.086          -1.768          -6.281            7.307
 3792 (vir)     1           4.883          -2.882          -6.431         -13.229            8.800
 3793 (vir)     1           4.884          -2.895          -6.483         -13.309            8.814
 3794 (vir)     1           4.886          -3.245          -7.675         -14.950            8.916
 3795 (vir)     1           4.893          -2.952          -6.686         -13.402            8.657
 3796 (vir)     1           4.894          -2.923          -6.572         -13.223            8.622
 3797 (vir)     1           4.895          -3.210          -7.560         -14.795            8.919
 3798 (vir)     1           4.896          -2.901          -6.495         -13.312            8.813
 3799 (vir)     1           4.897          -2.901          -6.504         -13.340            8.832
 3800 (vir)     1           4.898          -2.977          -6.701         -13.370            8.589
 3801 (vir)     1           4.907          -3.238          -7.652         -14.922            8.939
 3802 (vir)     1           4.908          -2.835          -6.299         -12.879            8.652
 3803 (vir)     1           4.909          -2.846          -6.219         -12.649            8.492
 3804 (vir)     1           4.912          -4.655          -5.387         -14.623            9.492
 3805 (vir)     1           4.913          -2.862          -6.354         -13.088            8.785
 3806 (vir)     1           4.913          -2.879          -6.412         -13.207            8.829
 3807 (vir)     1           4.916          -3.101          -3.316          -9.733            8.232
 3808 (vir)     1           4.917          -2.985          -6.657         -13.442            8.718
 3809 (vir)     1           4.920          -2.600          -5.438         -11.874            8.755
 3810 (vir)     1           4.920          -2.587          -5.379         -11.799            8.754
 3811 (vir)     1           4.924          -2.756          -6.006         -12.512            8.674
 3812 (vir)     1           4.927          -2.251          -4.061          -9.453            8.068
 3813 (vir)     1           4.927          -2.654          -5.545         -11.720            8.448
 3814 (vir)     1           4.928          -2.604          -5.450         -11.831            8.705
 3815 (vir)     1           4.928          -2.595          -5.412         -11.828            8.750
 3816 (vir)     1           4.932          -2.929          -6.602         -13.479            8.879
 3817 (vir)     1           4.933          -3.232          -7.609         -14.881            8.972
 3818 (vir)     1           4.934          -2.700          -5.717         -12.084            8.602
 3819 (vir)     1           4.938          -2.633          -5.556         -11.984            8.733
 3820 (vir)     1           4.939          -2.580          -5.355         -11.740            8.744
 3821 (vir)     1           4.942          -4.553          -5.207         -14.225            9.407
 3822 (vir)     1           4.944          -2.654          -5.622         -12.003            8.671
 3823 (vir)     1           4.949          -3.181          -7.421         -14.617            8.964
 3824 (vir)     1           4.951          -2.585          -5.288         -11.364            8.442
 3825 (vir)     1           4.951          -3.049          -3.184          -9.453            8.171
 3826 (vir)     1           4.952          -2.625          -5.514         -11.909            8.723
 3827 (vir)     1           4.953          -2.577          -5.342         -11.699            8.734
 3828 (vir)     1           4.953          -2.842          -6.265         -12.925            8.771
 3829 (vir)     1           4.954          -2.908          -6.489         -13.332            8.889
 3830 (vir)     1           4.957          -2.449          -1.914          -6.638            7.231
 3831 (vir)     1           4.963          -3.179          -7.402         -14.588            8.970
 3832 (vir)     1           4.963          -2.547          -5.190         -11.283            8.509
 3833 (vir)     1           4.965          -2.628          -5.511         -11.868            8.693
 3834 (vir)     1           4.967          -2.547          -5.216         -11.498            8.702
 3835 (vir)     1           4.971          -2.888          -6.436         -13.223            8.869
 3836 (vir)     1           4.971          -2.604          -5.410         -11.707            8.663
 3837 (vir)     1           4.973          -2.607          -5.424         -11.733            8.674
 3838 (vir)     1           4.973          -4.743          -5.458         -14.826            9.597
 3839 (vir)     1           4.976          -2.984          -6.767         -13.733            8.958
 3840 (vir)     1           4.978          -2.545          -5.194         -11.417            8.656
 3841 (vir)     1           4.979          -3.239          -7.605         -14.904            9.039
 3842 (vir)     1           4.991          -2.921          -6.503         -13.236            8.802
 3843 (vir)     1           4.994          -3.157          -7.318         -14.517            9.036
 3844 (vir)     1           4.994          -2.920          -6.502         -13.353            8.925
 3845 (vir)     1           4.998          -2.339          -4.362         -10.013            8.310
 3846 (vir)     1           4.999          -3.121          -3.315          -9.764            8.327
 3847 (vir)     1           5.001          -4.762          -5.460         -14.850            9.628
 3848 (vir)     1           5.003          -2.539          -5.162         -11.433            8.735
 3849 (vir)     1           5.004          -3.237          -7.588         -14.902            9.081
 3850 (vir)     1           5.005          -2.333          -4.276          -9.793            8.188
 3851 (vir)     1           5.008          -3.042          -6.952         -13.986            9.000
 3852 (vir)     1           5.011          -3.177          -7.369         -14.603            9.068
 3853 (vir)     1           5.013          -2.922          -6.503         -13.285            8.873
 3854 (vir)     1           5.015          -3.096          -7.169         -14.288            9.038
 3855 (vir)     1           5.025          -4.442          -4.981         -13.754            9.357
 3856 (vir)     1           5.032          -3.090          -3.219          -9.564            8.287
 3857 (vir)     1           5.033          -2.479          -4.920         -11.058            8.691
 3858 (vir)     1           5.034          -2.761          -2.145          -7.192            7.320
 3859 (vir)     1           5.036          -2.584          -5.323         -11.535            8.664
 3860 (vir)     1           5.038          -2.357          -4.414         -10.166            8.433
 3861 (vir)     1           5.050          -4.819          -5.486         -14.941            9.686
 3862 (vir)     1           5.059          -2.534          -5.041         -11.180            8.664
 3863 (vir)     1           5.070          -2.328          -4.318         -10.074            8.498
 3864 (vir)     1           5.071          -4.832          -5.485         -14.953            9.707
 3865 (vir)     1           5.075          -2.470          -4.873         -10.963            8.695
 3866 (vir)     1           5.082          -3.142          -3.316          -9.800            8.424
 3867 (vir)     1           5.087          -1.861          -2.545          -7.128            7.808
 3868 (vir)     1           5.090          -4.824          -5.464         -14.918            9.720
 3869 (vir)     1           5.101          -2.685          -5.573         -12.065            8.908
 3870 (vir)     1           5.106          -2.478          -4.989         -11.116            8.754
 3871 (vir)     1           5.107          -4.862          -5.505         -15.024            9.764
 3872 (vir)     1           5.110          -2.060          -1.723          -6.234            7.561
 3873 (vir)     1           5.112          -3.124          -3.253          -9.672            8.407
 3874 (vir)     1           5.114          -2.374          -4.467         -10.397            8.670
 3875 (vir)     1           5.122          -4.823          -5.431         -14.863            9.730
 3876 (vir)     1           5.134          -4.890          -5.512         -15.059            9.790
 3877 (vir)     1           5.136          -2.225          -4.101          -9.554            8.364
 3878 (vir)     1           5.144          -4.897          -5.512         -15.065            9.800
 3879 (vir)     1           5.144          -2.710          -5.637         -12.199            8.996
 3880 (vir)     1           5.146          -2.633          -5.550         -12.219            9.182
 3881 (vir)     1           5.151          -4.905          -5.516         -15.081            9.810
 3882 (vir)     1           5.155          -1.752          -2.103          -6.445            7.745
 3883 (vir)     1           5.156          -4.916          -5.519         -15.091            9.812
 3884 (vir)     1           5.159          -4.919          -5.520         -15.096            9.815
 3885 (vir)     1           5.166          -3.170          -3.319          -9.841            8.517
 3886 (vir)     1           5.173          -2.658          -5.554         -12.297            9.257
 3887 (vir)     1           5.184          -1.950          -2.915          -7.666            7.985
 3888 (vir)     1           5.189          -2.707          -5.596         -12.165            9.050
 3889 (vir)     1           5.189          -1.943          -1.578          -5.914            7.583
 3890 (vir)     1           5.193          -3.162          -3.285          -9.779            8.524
 3891 (vir)     1           5.204          -2.598          -5.219         -11.784            9.171
 3892 (vir)     1           5.221          -2.016          -3.045          -8.016            8.176
 3893 (vir)     1           5.230          -2.581          -5.153         -11.653            9.149
 3894 (vir)     1           5.235          -2.516          -4.883         -11.014            8.850
 3895 (vir)     1           5.250          -3.200          -3.325          -9.887            8.612
 3896 (vir)     1           5.252          -1.957          -2.833          -7.654            8.116
 3897 (vir)     1           5.263          -2.706          -5.539         -12.365            9.384
 3898 (vir)     1           5.270          -1.952          -1.551          -5.872            7.638
 3899 (vir)     1           5.273          -2.680          -5.437         -11.993            9.150
 3900 (vir)     1           5.273          -3.203          -3.320          -9.890            8.641
 3901 (vir)     1           5.291          -1.998          -2.991          -7.889            8.191
 3902 (vir)     1           5.294          -2.727          -5.577         -12.450            9.441
 3903 (vir)     1           5.312          -2.261          -3.903          -9.511            8.659
 3904 (vir)     1           5.317          -2.829          -5.957         -12.888            9.420
 3905 (vir)     1           5.326          -3.187          -7.292         -14.770            9.617
 3906 (vir)     1           5.326          -2.878          -6.182         -13.030            9.296
 3907 (vir)     1           5.328          -2.669          -5.406         -11.980            9.233
 3908 (vir)     1           5.335          -3.234          -3.332          -9.937            8.705
 3909 (vir)     1           5.340          -3.004          -6.657         -13.881            9.560
 3910 (vir)     1           5.342          -3.161          -7.189         -14.627            9.619
 3911 (vir)     1           5.347          -2.059          -3.204          -8.219            8.303
 3912 (vir)     1           5.349          -2.912          -6.268         -13.456            9.624
 3913 (vir)     1           5.351          -1.942          -1.532          -5.845            7.723
 3914 (vir)     1           5.354          -3.249          -3.358         -10.011            8.758
 3915 (vir)     1           5.357          -2.907          -6.223         -13.368            9.595
 3916 (vir)     1           5.364          -2.969          -6.551         -13.701            9.545
 3917 (vir)     1           5.365          -3.146          -7.121         -14.527            9.625
 3918 (vir)     1           5.374          -2.917          -6.259         -13.505            9.703
 3919 (vir)     1           5.382          -2.350          -4.229         -10.034            8.836
 3920 (vir)     1           5.394          -2.981          -6.474         -13.823            9.761
 3921 (vir)     1           5.394          -3.154          -7.125         -14.550            9.665
 3922 (vir)     1           5.395          -2.474          -4.717         -10.718            8.922
 3923 (vir)     1           5.396          -2.236          -3.832          -9.227            8.555
 3924 (vir)     1           5.399          -2.927          -6.311         -13.562            9.724
 3925 (vir)     1           5.412          -2.858          -6.037         -13.149            9.665
 3926 (vir)     1           5.419          -3.268          -3.340          -9.989            8.801
 3927 (vir)     1           5.425          -3.080          -6.836         -14.200            9.709
 3928 (vir)     1           5.425          -3.049          -6.710         -14.248            9.914
 3929 (vir)     1           5.426          -2.932          -6.408         -13.553            9.639
 3930 (vir)     1           5.433          -2.967          -6.429         -13.672            9.708
 3931 (vir)     1           5.434          -3.309          -3.401         -10.146            8.870
 3932 (vir)     1           5.435          -1.949          -1.513          -5.819            7.793
 3933 (vir)     1           5.438          -2.458          -4.610         -10.511            8.882
 3934 (vir)     1           5.442          -2.893          -6.158         -13.192            9.583
 3935 (vir)     1           5.448          -2.901          -6.205         -13.013            9.355
 3936 (vir)     1           5.450          -2.979          -6.445         -13.152            9.178
 3937 (vir)     1           5.450          -2.929          -6.272         -12.913            9.163
 3938 (vir)     1           5.451          -2.873          -6.076         -12.615            9.117
 3939 (vir)     1           5.451          -2.961          -6.393         -13.092            9.189
 3940 (vir)     1           5.453          -2.275          -3.933          -9.353            8.598
 3941 (vir)     1           5.453          -3.070          -6.777         -14.370            9.976
 3942 (vir)     1           5.455          -2.911          -6.313         -13.091            9.322
 3943 (vir)     1           5.457          -2.908          -6.252         -12.987            9.285
 3944 (vir)     1           5.462          -2.986          -6.581         -13.657            9.552
 3945 (vir)     1           5.464          -3.073          -6.771         -14.045            9.666
 3946 (vir)     1           5.465          -3.051          -6.718         -13.959            9.656
 3947 (vir)     1           5.466          -3.086          -6.849         -14.184            9.715
 3948 (vir)     1           5.468          -3.078          -6.780         -14.250            9.860
 3949 (vir)     1           5.468          -3.042          -6.685         -13.813            9.555
 3950 (vir)     1           5.471          -2.975          -6.447         -13.778            9.827
 3951 (vir)     1           5.472          -3.052          -6.714         -13.923            9.630
 3952 (vir)     1           5.473          -3.053          -6.690         -14.149            9.880
 3953 (vir)     1           5.477          -3.063          -6.741         -14.125            9.797
 3954 (vir)     1           5.478          -3.060          -6.727         -14.167            9.859
 3955 (vir)     1           5.482          -3.083          -6.784         -14.362            9.977
 3956 (vir)     1           5.482          -2.752          -5.639         -12.284            9.375
 3957 (vir)     1           5.483          -3.052          -6.697         -14.151            9.885
 3958 (vir)     1           5.486          -3.080          -6.773         -14.366            9.998
 3959 (vir)     1           5.487          -3.128          -6.824         -14.664           10.200
 3960 (vir)     1           5.489          -3.181          -6.820         -14.808           10.296
 3961 (vir)     1           5.490          -3.053          -6.733         -14.035            9.739
 3962 (vir)     1           5.492          -2.903          -6.287         -13.403            9.705
 3963 (vir)     1           5.492          -3.181          -7.164         -15.085           10.232
 3964 (vir)     1           5.495          -3.009          -6.612         -13.591            9.466
 3965 (vir)     1           5.499          -3.129          -6.988         -14.301            9.684
 3966 (vir)     1           5.500          -3.000          -6.578         -13.546            9.469
 3967 (vir)     1           5.505          -3.306          -3.348         -10.043            8.895
 3968 (vir)     1           5.507          -3.016          -6.631         -13.601            9.462
 3969 (vir)     1           5.508          -2.427          -4.518         -10.407            8.969
 3970 (vir)     1           5.511          -3.216          -7.277         -15.300           10.319
 3971 (vir)     1           5.514          -2.924          -6.292         -13.061            9.359
 3972 (vir)     1           5.514          -3.365          -3.452         -10.297            8.994
 3973 (vir)     1           5.517          -2.804          -5.821         -12.586            9.479
 3974 (vir)     1           5.520          -1.937          -1.493          -5.793            7.882
 3975 (vir)     1           5.520          -3.010          -6.611         -13.564            9.464
 3976 (vir)     1           5.527          -2.854          -6.041         -12.690            9.322
 3977 (vir)     1           5.529          -3.111          -6.925         -14.150            9.643
 3978 (vir)     1           5.529          -3.112          -6.919         -14.642           10.141
 3979 (vir)     1           5.530          -2.714          -5.595         -12.068            9.288
 3980 (vir)     1           5.535          -2.994          -6.552         -13.478            9.466
 3981 (vir)     1           5.540          -3.171          -7.122         -15.037           10.284
 3982 (vir)     1           5.542          -3.010          -6.606         -13.556            9.482
 3983 (vir)     1           5.546          -2.769          -5.763         -12.339            9.353
 3984 (vir)     1           5.549          -3.073          -6.788         -13.897            9.585
 3985 (vir)     1           5.551          -2.890          -6.184         -12.949            9.425
 3986 (vir)     1           5.554          -3.029          -6.639         -13.618            9.504
 3987 (vir)     1           5.556          -3.030          -6.632         -13.627            9.521
 3988 (vir)     1           5.558          -3.213          -7.243         -15.287           10.389
 3989 (vir)     1           5.559          -2.859          -6.011         -12.925            9.614
 3990 (vir)     1           5.569          -2.484          -4.707         -10.731            9.110
 3991 (vir)     1           5.574          -2.655          -5.421         -11.827            9.325
 3992 (vir)     1           5.577          -3.160          -7.052         -14.947           10.311
 3993 (vir)     1           5.580          -2.756          -5.955         -12.538            9.408
 3994 (vir)     1           5.581          -2.766          -5.945         -12.583            9.454
 3995 (vir)     1           5.586          -3.063          -6.759         -14.385           10.149
 3996 (vir)     1           5.590          -3.339          -3.356         -10.099            8.994
 3997 (vir)     1           5.594          -3.432          -3.508         -10.465            9.119
 3998 (vir)     1           5.602          -2.971          -6.414         -13.722            9.940
 3999 (vir)     1           5.606          -3.150          -7.005         -14.901           10.351
 4000 (vir)     1           5.606          -1.945          -1.472          -5.764            7.953
 4001 (vir)     1           5.626          -3.144          -6.944         -14.812           10.350
 4002 (vir)     1           5.628          -2.980          -6.496         -13.920           10.073
 4003 (vir)     1           5.647          -3.085          -6.760         -14.475           10.276
 4004 (vir)     1           5.650          -3.033          -6.634         -14.243           10.226
 4005 (vir)     1           5.660          -2.398          -4.668         -10.500            9.094
 4006 (vir)     1           5.662          -2.348          -4.475         -10.211            9.050
 4007 (vir)     1           5.667          -3.017          -6.599         -14.200           10.251
 4008 (vir)     1           5.669          -3.085          -6.706         -14.421           10.299
 4009 (vir)     1           5.675          -3.503          -3.569         -10.645            9.247
 4010 (vir)     1           5.676          -3.374          -3.366         -10.158            9.094
 4011 (vir)     1           5.683          -2.893          -6.176         -13.416           10.030
 4012 (vir)     1           5.684          -3.154          -6.866         -14.769           10.433
 4013 (vir)     1           5.690          -3.116          -6.772         -13.963            9.765
 4014 (vir)     1           5.690          -3.118          -6.773         -13.967            9.766
 4015 (vir)     1           5.694          -2.999          -6.414         -13.921           10.202
 4016 (vir)     1           5.694          -1.958          -1.451          -5.734            8.020
 4017 (vir)     1           5.696          -2.833          -5.870         -12.755            9.747
 4018 (vir)     1           5.699          -2.947          -6.247         -13.562           10.067
 4019 (vir)     1           5.700          -3.110          -6.763         -13.956            9.782
 4020 (vir)     1           5.700          -2.905          -6.072         -13.238            9.961
 4021 (vir)     1           5.701          -3.084          -6.682         -13.811            9.745
 4022 (vir)     1           5.703          -2.919          -6.169         -13.431           10.045
 4023 (vir)     1           5.705          -2.479          -4.594         -10.473            9.105
 4024 (vir)     1           5.714          -3.041          -6.568         -13.618            9.722
 4025 (vir)     1           5.715          -3.116          -6.774         -13.994            9.818
 4026 (vir)     1           5.715          -2.681          -5.304         -11.531            9.260
 4027 (vir)     1           5.718          -2.570          -4.970         -10.868            9.047
 4028 (vir)     1           5.729          -2.999          -6.426         -13.388            9.691
 4029 (vir)     1           5.729          -2.716          -5.487         -11.878            9.405
 4030 (vir)     1           5.730          -2.509          -4.756         -10.551            9.016
 4031 (vir)     1           5.731          -2.900          -6.107         -12.831            9.555
 4032 (vir)     1           5.739          -2.752          -5.550         -11.914            9.352
 4033 (vir)     1           5.741          -2.336          -3.988          -9.460            8.878
 4034 (vir)     1           5.747          -2.922          -6.174         -12.966            9.617
 4035 (vir)     1           5.748          -2.695          -5.258         -11.521            9.316
 4036 (vir)     1           5.748          -3.080          -6.666         -13.834            9.837
 4037 (vir)     1           5.755          -3.579          -3.633         -10.832            9.375
 4038 (vir)     1           5.758          -2.571          -4.977         -10.959            9.169
 4039 (vir)     1           5.759          -2.783          -5.718         -12.209            9.468
 4040 (vir)     1           5.761          -2.767          -5.660         -12.086            9.420
 4041 (vir)     1           5.762          -3.416          -3.379         -10.225            9.193
 4042 (vir)     1           5.762          -2.941          -6.227         -13.076            9.671
 4043 (vir)     1           5.772          -2.903          -6.058         -12.800            9.611
 4044 (vir)     1           5.776          -2.739          -5.485         -11.847            9.399
 4045 (vir)     1           5.783          -2.763          -5.571         -11.985            9.434
 4046 (vir)     1           5.784          -3.017          -6.426         -13.458            9.799
 4047 (vir)     1           5.784          -1.934          -1.429          -5.703            8.124
 4048 (vir)     1           5.788          -2.837          -5.814         -12.435            9.573
 4049 (vir)     1           5.789          -2.798          -5.844         -12.381            9.527
 4050 (vir)     1           5.791          -2.507          -4.628         -10.495            9.151
 4051 (vir)     1           5.792          -2.509          -4.679         -10.554            9.157
 4052 (vir)     1           5.792          -2.826          -5.757         -12.316            9.525
 4053 (vir)     1           5.792          -2.757          -5.422         -11.851            9.464
 4054 (vir)     1           5.792          -2.786          -5.648         -12.122            9.481
 4055 (vir)     1           5.816          -2.775          -5.815         -12.317            9.543
 4056 (vir)     1           5.824          -2.863          -5.954         -12.594            9.601
 4057 (vir)     1           5.825          -3.079          -6.627         -13.855            9.973
 4058 (vir)     1           5.826          -2.683          -5.086         -11.659            9.717
 4059 (vir)     1           5.827          -2.695          -5.094         -11.704            9.742
 4060 (vir)     1           5.836          -2.806          -5.599         -12.355            9.786
 4061 (vir)     1           5.836          -3.658          -3.694         -11.015            9.500
 4062 (vir)     1           5.840          -2.528          -4.552         -10.762            9.522
 4063 (vir)     1           5.841          -2.662          -5.038         -11.490            9.631
 4064 (vir)     1           5.844          -2.819          -5.936         -12.540            9.628
 4065 (vir)     1           5.849          -3.461          -3.399         -10.311            9.299
 4066 (vir)     1           5.850          -2.295          -3.818          -9.414            9.151
 4067 (vir)     1           5.857          -2.851          -5.882         -12.515            9.638
 4068 (vir)     1           5.860          -2.598          -4.798         -11.121            9.585
 4069 (vir)     1           5.863          -2.905          -6.132         -12.948            9.774
 4070 (vir)     1           5.866          -2.671          -5.006         -11.508            9.698
 4071 (vir)     1           5.876          -1.947          -1.406          -5.669            8.192
 4072 (vir)     1           5.876          -2.983          -6.368         -13.367            9.892
 4073 (vir)     1           5.876          -2.790          -5.585         -12.110            9.611
 4074 (vir)     1           5.882          -2.624          -4.905         -11.370            9.723
 4075 (vir)     1           5.888          -2.712          -5.289         -11.718            9.605
 4076 (vir)     1           5.892          -2.826          -5.930         -12.550            9.686
 4077 (vir)     1           5.899          -2.845          -5.630         -12.578           10.002
 4078 (vir)     1           5.904          -2.940          -6.185         -12.962            9.740
 4079 (vir)     1           5.916          -3.025          -6.438         -13.542            9.995
 4080 (vir)     1           5.916          -3.729          -3.747         -11.179            9.620
 4081 (vir)     1           5.917          -2.828          -5.938         -12.561            9.712
 4082 (vir)     1           5.920          -2.613          -4.846         -11.073            9.534
 4083 (vir)     1           5.920          -2.181          -3.359          -8.606            8.986
 4084 (vir)     1           5.923          -2.902          -5.994         -12.703            9.730
 4085 (vir)     1           5.924          -2.813          -5.750         -12.153            9.513
 4086 (vir)     1           5.926          -2.470          -4.309         -10.309            9.454
 4087 (vir)     1           5.932          -2.810          -5.746         -12.152            9.527
 4088 (vir)     1           5.932          -2.912          -5.957         -12.842            9.905
 4089 (vir)     1           5.934          -2.882          -5.860         -12.627            9.820
 4090 (vir)     1           5.935          -3.515          -3.435         -10.435            9.420
 4091 (vir)     1           5.941          -2.843          -5.957         -12.600            9.741
 4092 (vir)     1           5.942          -2.822          -5.786         -12.230            9.563
 4093 (vir)     1           5.952          -2.888          -6.052         -12.811            9.823
 4094 (vir)     1           5.956          -2.796          -5.700         -12.080            9.540
 4095 (vir)     1           5.959          -2.776          -5.314         -12.122            9.991
 4096 (vir)     1           5.961          -2.878          -5.975         -12.639            9.747
 4097 (vir)     1           5.970          -1.931          -1.383          -5.634            8.290
 4098 (vir)     1           5.970          -2.570          -4.541         -10.623            9.483
 4099 (vir)     1           5.975          -2.650          -4.851         -11.148            9.622
 4100 (vir)     1           5.978          -2.930          -6.205         -13.088            9.932
 4101 (vir)     1           5.990          -2.122          -3.095          -8.190            8.963
 4102 (vir)     1           5.993          -2.748          -5.194         -11.915            9.966
 4103 (vir)     1           5.993          -2.912          -6.160         -12.979            9.899
 4104 (vir)     1           5.997          -3.787          -3.781         -11.299            9.728
 4105 (vir)     1           6.001          -2.864          -6.035         -12.738            9.841
 4106 (vir)     1           6.003          -2.882          -6.117         -12.920            9.924
 4107 (vir)     1           6.012          -2.836          -5.957         -12.617            9.835
 4108 (vir)     1           6.015          -2.753          -5.137         -11.744            9.869
 4109 (vir)     1           6.019          -2.688          -4.889         -11.213            9.656
 4110 (vir)     1           6.022          -3.593          -3.502         -10.633            9.560
 4111 (vir)     1           6.022          -2.870          -6.038         -12.774            9.888
 4112 (vir)     1           6.022          -2.880          -6.115         -12.955            9.983
 4113 (vir)     1           6.026          -2.818          -5.886         -12.467            9.788
 4114 (vir)     1           6.031          -2.843          -5.992         -12.704            9.899
 4115 (vir)     1           6.032          -2.516          -4.330         -10.338            9.524
 4116 (vir)     1           6.043          -2.817          -5.282         -11.983            9.926
 4117 (vir)     1           6.043          -2.843          -6.046         -12.910           10.064
 4118 (vir)     1           6.046          -2.795          -5.806         -12.342            9.786
 4119 (vir)     1           6.051          -2.357          -3.858          -9.570            9.406
 4120 (vir)     1           6.057          -2.600          -4.557         -10.698            9.598
 4121 (vir)     1           6.062          -2.793          -5.175         -11.802            9.897
 4122 (vir)     1           6.063          -2.770          -5.753         -12.274            9.814
 4123 (vir)     1           6.065          -2.647          -4.701         -10.952            9.670
 4124 (vir)     1           6.066          -1.966          -1.358          -5.597            8.338
 4125 (vir)     1           6.070          -2.969          -6.318         -13.488           10.272
 4126 (vir)     1           6.077          -3.829          -3.779         -11.334            9.803
 4127 (vir)     1           6.079          -2.779          -5.775         -12.330            9.855
 4128 (vir)     1           6.092          -2.764          -5.735         -12.306            9.899
 4129 (vir)     1           6.105          -2.746          -5.676         -12.240            9.923
 4130 (vir)     1           6.107          -3.723          -3.623         -10.964            9.725
 4131 (vir)     1           6.108          -2.245          -3.509          -9.032            9.386
 4132 (vir)     1           6.110          -1.995          -2.596          -7.453            8.973
 4133 (vir)     1           6.113          -3.056          -6.451         -13.769           10.376
 4134 (vir)     1           6.119          -2.768          -5.712         -12.357            9.996
 4135 (vir)     1           6.133          -2.635          -5.290         -11.678            9.887
 4136 (vir)     1           6.155          -2.530          -4.917         -11.101            9.808
 4137 (vir)     1           6.158          -3.804          -3.717         -11.224            9.861
 4138 (vir)     1           6.161          -2.294          -3.663          -9.326            9.529
 4139 (vir)     1           6.164          -1.992          -1.333          -5.558            8.397
 4140 (vir)     1           6.164          -3.181          -6.744         -14.343           10.583
 4141 (vir)     1           6.185          -2.398          -4.434         -10.345            9.698
 4142 (vir)     1           6.187          -1.894          -2.229          -6.858            8.921
 4143 (vir)     1           6.192          -3.909          -3.822         -11.483            9.944
 4144 (vir)     1           6.212          -3.034          -6.359         -13.723           10.542
 4145 (vir)     1           6.213          -2.304          -3.699          -9.403            9.613
 4146 (vir)     1           6.229          -2.382          -4.272         -10.146            9.721
 4147 (vir)     1           6.238          -2.875          -6.093         -13.181           10.451
 4148 (vir)     1           6.240          -3.722          -3.571         -10.911            9.858
 4149 (vir)     1           6.245          -3.137          -6.721         -14.207           10.595
 4150 (vir)     1           6.251          -3.016          -6.407         -13.683           10.511
 4151 (vir)     1           6.256          -3.159          -6.760         -14.301           10.637
 4152 (vir)     1           6.258          -2.410          -3.913          -9.844            9.780
 4153 (vir)     1           6.265          -1.860          -1.307          -5.518            8.615
 4154 (vir)     1           6.271          -3.107          -6.625         -14.079           10.617
 4155 (vir)     1           6.273          -4.151          -4.079         -12.148           10.191
 4156 (vir)     1           6.275          -1.825          -2.087          -6.595            8.957
 4157 (vir)     1           6.277          -3.007          -6.198         -13.407           10.479
 4158 (vir)     1           6.285          -2.547          -4.683         -10.912            9.967
 4159 (vir)     1           6.294          -2.992          -6.187         -13.367           10.482
 4160 (vir)     1           6.304          -3.133          -6.634         -14.146           10.683
 4161 (vir)     1           6.309          -2.506          -4.218         -10.393            9.978
 4162 (vir)     1           6.324          -3.581          -3.361         -10.440            9.822
 4163 (vir)     1           6.330          -3.112          -6.547         -14.005           10.675
 4164 (vir)     1           6.338          -3.149          -6.509         -14.027           10.707
 4165 (vir)     1           6.348          -2.584          -4.776         -11.092           10.080
 4166 (vir)     1           6.351          -4.390          -4.324         -12.785           10.422
 4167 (vir)     1           6.355          -1.822          -2.016          -6.505            9.023
 4168 (vir)     1           6.360          -2.504          -4.140         -10.287           10.004
 4169 (vir)     1           6.365          -2.745          -5.314         -11.935           10.240
 4170 (vir)     1           6.368          -1.897          -1.281          -5.476            8.667
 4171 (vir)     1           6.381          -3.138          -6.505         -14.013           10.751
 4172 (vir)     1           6.401          -3.219          -6.690         -14.376           10.867
 4173 (vir)     1           6.410          -3.451          -3.166         -10.002            9.795
 4174 (vir)     1           6.415          -2.451          -3.897          -9.893            9.960
 4175 (vir)     1           6.421          -3.126          -6.453         -13.915           10.758
 4176 (vir)     1           6.426          -4.578          -4.503         -13.264           10.608
 4177 (vir)     1           6.430          -2.210          -3.511          -8.958            9.667
 4178 (vir)     1           6.432          -2.021          -2.617          -7.586            9.380
 4179 (vir)     1           6.455          -3.262          -6.755         -14.543           10.981
 4180 (vir)     1           6.467          -2.988          -5.977         -13.115           10.618
 4181 (vir)     1           6.474          -1.801          -1.254          -5.434            8.853
 4182 (vir)     1           6.474          -2.305          -3.379          -9.010            9.800
 4183 (vir)     1           6.497          -2.295          -3.430          -9.048            9.820
 4184 (vir)     1           6.497          -4.713          -4.612         -13.573           10.745
 4185 (vir)     1           6.498          -2.821          -5.398         -12.173           10.451
 4186 (vir)     1           6.499          -3.393          -3.065          -9.790            9.832
 4187 (vir)     1           6.509          -3.263          -6.719         -14.525           11.052
 4188 (vir)     1           6.529          -2.308          -3.764          -9.403            9.860
 4189 (vir)     1           6.539          -2.175          -2.964          -8.288            9.687
 4190 (vir)     1           6.553          -2.460          -3.914          -9.917           10.096
 4191 (vir)     1           6.553          -3.123          -6.310         -13.725           10.845
 4192 (vir)     1           6.562          -3.250          -6.654         -14.449           11.106
 4193 (vir)     1           6.567          -4.777          -4.639         -13.682           10.832
 4194 (vir)     1           6.583          -1.717          -1.227          -5.390            9.029
 4195 (vir)     1           6.585          -3.201          -6.511         -14.245           11.117
 4196 (vir)     1           6.585          -3.279          -6.776         -14.694           11.224
 4197 (vir)     1           6.589          -3.519          -3.189         -10.130           10.010
 4198 (vir)     1           6.596          -2.385          -3.651          -9.477           10.037
 4199 (vir)     1           6.598          -2.807          -5.138         -11.973           10.627
 4200 (vir)     1           6.605          -3.041          -5.953         -13.307           10.918
 4201 (vir)     1           6.608          -3.167          -6.404         -13.910           10.948
 4202 (vir)     1           6.609          -3.078          -6.024         -13.414           10.921
 4203 (vir)     1           6.612          -2.264          -3.556          -9.082            9.874
 4204 (vir)     1           6.615          -3.000          -5.850         -13.121           10.885
 4205 (vir)     1           6.629          -2.731          -4.772         -11.427           10.552
 4206 (vir)     1           6.635          -4.683          -4.465         -13.296           10.783
 4207 (vir)     1           6.637          -3.216          -6.548         -14.253           11.126
 4208 (vir)     1           6.657          -2.668          -4.467         -10.974           10.496
 4209 (vir)     1           6.665          -3.219          -6.519         -14.251           11.178
 4210 (vir)     1           6.666          -3.129          -6.252         -13.694           10.977
 4211 (vir)     1           6.668          -3.170          -6.356         -13.955           11.097
 4212 (vir)     1           6.673          -4.239          -3.993         -12.141           10.582
 4213 (vir)     1           6.692          -2.829          -4.993         -11.852           10.721
 4214 (vir)     1           6.695          -1.824          -1.200          -5.346            9.018
 4215 (vir)     1           6.701          -2.306          -3.619          -9.236           10.013
 4216 (vir)     1           6.702          -3.093          -5.991         -13.443           11.061
 4217 (vir)     1           6.708          -3.995          -3.633         -11.292           10.373
 4218 (vir)     1           6.716          -3.212          -6.472         -14.172           11.203
 4219 (vir)     1           6.726          -2.795          -5.193         -11.958           10.696
 4220 (vir)     1           6.728          -2.986          -5.508         -12.691           10.925
 4221 (vir)     1           6.734          -3.003          -5.555         -12.868           11.045
 4222 (vir)     1           6.742          -4.980          -4.751         -14.054           11.064
 4223 (vir)     1           6.761          -3.005          -5.437         -12.792           11.111
 4224 (vir)     1           6.765          -3.119          -5.912         -13.343           11.077
 4225 (vir)     1           6.768          -3.216          -6.441         -14.103           11.214
 4226 (vir)     1           6.771          -3.117          -6.140         -13.585           11.099
 4227 (vir)     1           6.782          -3.044          -5.466         -12.890           11.162
 4228 (vir)     1           6.791          -3.053          -5.801         -13.090           11.027
 4229 (vir)     1           6.793          -3.188          -5.680         -13.437           11.362
 4230 (vir)     1           6.796          -3.374          -2.917          -9.556           10.062
 4231 (vir)     1           6.802          -5.242          -4.945         -14.575           11.189
 4232 (vir)     1           6.805          -2.124          -3.033          -8.328            9.977
 4233 (vir)     1           6.808          -2.998          -5.600         -12.856           11.065
 4234 (vir)     1           6.811          -1.771          -1.172          -5.301            9.169
 4235 (vir)     1           6.824          -3.046          -5.726         -13.001           11.053
 4236 (vir)     1           6.825          -3.153          -6.249         -13.829           11.253
 4237 (vir)     1           6.825          -3.087          -5.980         -13.293           11.051
 4238 (vir)     1           6.834          -2.885          -5.218         -12.050           10.781
 4239 (vir)     1           6.851          -3.064          -5.793         -13.141           11.136
 4240 (vir)     1           6.858          -5.321          -4.935         -14.590           11.192
 4241 (vir)     1           6.866          -2.805          -4.943         -11.551           10.670
 4242 (vir)     1           6.874          -3.135          -6.171         -13.727           11.295
 4243 (vir)     1           6.875          -2.712          -4.565         -10.895           10.493
 4244 (vir)     1           6.877          -2.638          -4.352         -10.487           10.374
 4245 (vir)     1           6.878          -3.128          -6.043         -13.459           11.166
 4246 (vir)     1           6.887          -3.928          -3.477         -10.974           10.456
 4247 (vir)     1           6.887          -2.801          -4.820         -11.398           10.664
 4248 (vir)     1           6.889          -2.837          -4.983         -11.648           10.716
 4249 (vir)     1           6.893          -2.738          -4.561         -10.984           10.579
 4250 (vir)     1           6.898          -3.118          -5.902         -13.298           11.175
 4251 (vir)     1           6.903          -2.917          -5.081         -11.891           10.796
 4252 (vir)     1           6.904          -2.096          -2.881          -8.062            9.989
 4253 (vir)     1           6.909          -2.910          -5.030         -11.841           10.810
 4254 (vir)     1           6.917          -2.987          -5.240         -12.205           10.895
 4255 (vir)     1           6.917          -4.646          -4.177         -12.748           10.843
 4256 (vir)     1           6.921          -2.944          -5.187         -12.117           10.906
 4257 (vir)     1           6.922          -3.139          -6.149         -13.683           11.316
 4258 (vir)     1           6.926          -3.002          -5.351         -12.384           10.958
 4259 (vir)     1           6.929          -3.039          -5.386         -12.458           10.962
 4260 (vir)     1           6.930          -1.740          -1.144          -5.257            9.304
 4261 (vir)     1           6.937          -3.063          -5.452         -12.561           10.982
 4262 (vir)     1           6.937          -3.212          -6.264         -13.917           11.378
 4263 (vir)     1           6.938          -3.033          -5.471         -12.535           10.968
 4264 (vir)     1           6.939          -3.157          -5.965         -13.420           11.237
 4265 (vir)     1           6.944          -3.033          -5.368         -12.406           10.949
 4266 (vir)     1           6.949          -3.070          -5.458         -12.582           11.003
 4267 (vir)     1           6.951          -5.865          -4.952         -14.685           10.819
 4268 (vir)     1           6.955          -3.070          -5.449         -12.558           10.994
 4269 (vir)     1           6.961          -3.084          -5.508         -12.658           11.026
 4270 (vir)     1           6.967          -3.112          -5.594         -12.790           11.050
 4271 (vir)     1           6.969          -3.127          -5.750         -13.007           11.098
 4272 (vir)     1           6.970          -2.853          -4.888         -11.518           10.746
 4273 (vir)     1           6.970          -3.159          -6.145         -13.644           11.311
 4274 (vir)     1           6.973          -2.732          -4.355         -10.407           10.293
 4275 (vir)     1           6.974          -3.119          -5.606         -12.801           11.049
 4276 (vir)     1           6.976          -2.920          -5.090         -11.956           10.922
 4277 (vir)     1           6.981          -3.042          -5.440         -12.540           11.038
 4278 (vir)     1           6.983          -3.141          -6.045         -13.634           11.430
 4279 (vir)     1           6.983          -3.119          -5.621         -12.819           11.062
 4280 (vir)     1           6.986          -3.143          -5.720         -12.962           11.085
 4281 (vir)     1           6.987          -3.072          -5.478         -12.507           10.944
 4282 (vir)     1           6.988          -3.145          -5.700         -12.950           11.094
 4283 (vir)     1           6.989          -2.850          -4.742         -11.115           10.511
 4284 (vir)     1           6.990          -3.123          -5.623         -12.795           11.038
 4285 (vir)     1           6.993          -2.164          -3.032          -8.349           10.145
 4286 (vir)     1           6.996          -2.997          -5.421         -12.509           11.087
 4287 (vir)     1           7.000          -6.032          -5.118         -15.135           10.985
 4288 (vir)     1           7.003          -3.329          -2.800          -9.350           10.224
 4289 (vir)     1           7.013          -2.735          -4.363         -10.413           10.327
 4290 (vir)     1           7.017          -3.109          -5.927         -13.466           11.447
 4291 (vir)     1           7.028          -3.247          -6.304         -13.939           11.416
 4292 (vir)     1           7.031          -3.019          -5.513         -12.710           11.208
 4293 (vir)     1           7.037          -2.341          -3.311          -8.873           10.258
 4294 (vir)     1           7.046          -5.767          -4.966         -14.791           11.105
 4295 (vir)     1           7.046          -3.128          -5.983         -13.513           11.448
 4296 (vir)     1           7.046          -2.647          -4.118         -10.054           10.334
 4297 (vir)     1           7.054          -1.713          -1.116          -5.212            9.437
 4298 (vir)     1           7.060          -3.113          -5.866         -13.416           11.497
 4299 (vir)     1           7.066          -2.418          -3.758          -9.637           10.528
 4300 (vir)     1           7.071          -3.106          -5.829         -13.367           11.503
 4301 (vir)     1           7.073          -2.908          -5.070         -11.875           10.969
 4302 (vir)     1           7.079          -5.608          -4.880         -14.585           11.176
 4303 (vir)     1           7.083          -2.843          -4.765         -11.228           10.703
 4304 (vir)     1           7.100          -3.247          -6.251         -13.800           11.402
 4305 (vir)     1           7.101          -2.258          -3.000          -8.379           10.222
 4306 (vir)     1           7.114          -2.781          -4.836         -11.503           10.999
 4307 (vir)     1           7.115          -3.401          -2.791          -9.376           10.298
 4308 (vir)     1           7.115          -2.867          -4.876         -11.500           10.873
 4309 (vir)     1           7.120          -5.757          -5.202         -15.428           11.588
 4310 (vir)     1           7.127          -2.885          -4.886         -11.469           10.826
 4311 (vir)     1           7.136          -2.864          -5.079         -11.965           11.158
 4312 (vir)     1           7.150          -2.921          -5.253         -12.285           11.261
 4313 (vir)     1           7.157          -2.330          -3.172          -8.712           10.367
 4314 (vir)     1           7.157          -5.685          -5.097         -15.194           11.569
 4315 (vir)     1           7.158          -2.866          -4.839         -11.444           10.898
 4316 (vir)     1           7.158          -2.959          -5.366         -12.486           11.320
 4317 (vir)     1           7.165          -2.943          -5.307         -12.413           11.329
 4318 (vir)     1           7.168          -3.120          -5.845         -13.240           11.443
 4319 (vir)     1           7.172          -2.876          -4.815         -11.341           10.822
 4320 (vir)     1           7.173          -3.052          -5.635         -12.923           11.409
 4321 (vir)     1           7.176          -2.932          -5.248         -12.339           11.335
 4322 (vir)     1           7.181          -1.693          -1.088          -5.169            9.569
 4323 (vir)     1           7.182          -2.940          -5.267         -12.367           11.343
 4324 (vir)     1           7.185          -5.586          -5.089         -15.185           11.695
 4325 (vir)     1           7.187          -2.916          -5.168         -12.216           11.319
 4326 (vir)     1           7.194          -2.916          -5.164         -12.201           11.314
 4327 (vir)     1           7.198          -2.872          -4.829         -11.447           10.945
 4328 (vir)     1           7.200          -2.908          -5.147         -12.146           11.290
 4329 (vir)     1           7.203          -3.037          -5.527         -12.619           11.257
 4330 (vir)     1           7.203          -3.012          -5.453         -12.520           11.258
 4331 (vir)     1           7.205          -2.435          -3.446          -9.210           10.533
 4332 (vir)     1           7.207          -3.038          -5.577         -12.748           11.339
 4333 (vir)     1           7.207          -3.029          -5.499         -12.570           11.249
 4334 (vir)     1           7.211          -2.925          -5.188         -12.170           11.268
 4335 (vir)     1           7.213          -2.984          -5.383         -12.441           11.288
 4336 (vir)     1           7.214          -2.858          -4.709         -11.146           10.793
 4337 (vir)     1           7.216          -2.977          -5.366         -12.353           11.225
 4338 (vir)     1           7.217          -5.741          -5.263         -15.651           11.864
 4339 (vir)     1           7.219          -2.986          -5.403         -12.527           11.357
 4340 (vir)     1           7.224          -2.934          -5.222         -12.193           11.261
 4341 (vir)     1           7.224          -3.703          -2.824          -9.497           10.195
 4342 (vir)     1           7.230          -3.019          -5.418         -12.456           11.249
 4343 (vir)     1           7.233          -3.000          -5.367         -12.441           11.306
 4344 (vir)     1           7.234          -2.871          -4.787         -11.382           10.959
 4345 (vir)     1           7.236          -2.976          -5.412         -12.455           11.303
 4346 (vir)     1           7.240          -2.829          -4.904         -11.705           11.213
 4347 (vir)     1           7.245          -2.550          -3.754          -9.760           10.702
 4348 (vir)     1           7.248          -5.380          -4.857         -14.652           11.663
 4349 (vir)     1           7.249          -2.956          -5.222         -12.207           11.278
 4350 (vir)     1           7.251          -2.852          -4.645         -11.039           10.793
 4351 (vir)     1           7.254          -3.183          -5.821         -13.139           11.389
 4352 (vir)     1           7.263          -2.859          -4.703         -11.229           10.929
 4353 (vir)     1           7.264          -2.990          -5.309         -12.354           11.319
 4354 (vir)     1           7.268          -5.755          -5.276         -15.719           11.955
 4355 (vir)     1           7.270          -2.898          -5.040         -11.946           11.278
 4356 (vir)     1           7.274          -2.453          -3.831          -9.773           10.763
 4357 (vir)     1           7.277          -2.859          -4.639         -11.047           10.826
 4358 (vir)     1           7.278          -2.742          -4.299         -10.626           10.862
 4359 (vir)     1           7.283          -2.763          -4.368         -10.726           10.878
 4360 (vir)     1           7.287          -3.050          -5.436         -12.543           11.344
 4361 (vir)     1           7.290          -3.088          -5.509         -12.667           11.360
 4362 (vir)     1           7.291          -5.769          -5.285         -15.760           11.997
 4363 (vir)     1           7.304          -2.911          -5.062         -11.980           11.311
 4364 (vir)     1           7.308          -5.707          -5.212         -15.584           11.974
 4365 (vir)     1           7.310          -2.733          -4.255         -10.693           11.015
 4366 (vir)     1           7.313          -1.594          -1.061          -5.126            9.785
 4367 (vir)     1           7.315          -2.940          -5.091         -12.012           11.295
 4368 (vir)     1           7.326          -5.824          -5.326         -15.889           12.065
 4369 (vir)     1           7.328          -3.257          -5.945         -13.385           11.511
 4370 (vir)     1           7.335          -2.774          -4.632         -11.190           11.119
 4371 (vir)     1           7.337          -4.797          -4.234         -13.121           11.427
 4372 (vir)     1           7.341          -2.824          -4.514         -11.161           11.164
 4373 (vir)     1           7.346          -2.356          -3.463          -9.173           10.699
 4374 (vir)     1           7.347          -4.111          -3.409         -11.041           10.867
 4375 (vir)     1           7.350          -2.899          -4.956         -11.805           11.299
 4376 (vir)     1           7.352          -5.851          -5.341         -15.948           12.107
 4377 (vir)     1           7.361          -5.745          -5.224         -15.657           12.050
 4378 (vir)     1           7.366          -5.869          -5.351         -15.985           12.131
 4379 (vir)     1           7.369          -5.866          -5.345         -15.972           12.131
 4380 (vir)     1           7.370          -3.123          -5.538         -12.750           11.459
 4381 (vir)     1           7.375          -2.906          -4.758         -11.596           11.307
 4382 (vir)     1           7.377          -3.125          -5.511         -12.710           11.451
 4383 (vir)     1           7.395          -2.900          -4.924         -11.751           11.322
 4384 (vir)     1           7.411          -3.037          -5.262         -12.312           11.425
 4385 (vir)     1           7.413          -2.974          -4.987         -11.991           11.443
 4386 (vir)     1           7.427          -3.269          -5.866         -13.325           11.616
 4387 (vir)     1           7.431          -2.287          -3.205          -8.755           10.694
 4388 (vir)     1           7.443          -2.967          -5.203         -12.259           11.532
 4389 (vir)     1           7.446          -2.629          -4.119         -10.347           11.046
 4390 (vir)     1           7.450          -1.679          -1.033          -5.084            9.822
 4391 (vir)     1           7.453          -2.954          -5.249         -12.301           11.551
 4392 (vir)     1           7.458          -2.995          -5.112         -12.068           11.418
 4393 (vir)     1           7.461          -2.595          -1.903          -7.233           10.196
 4394 (vir)     1           7.474          -3.029          -5.243         -12.405           11.606
 4395 (vir)     1           7.479          -3.231          -5.723         -13.124           11.649
 4396 (vir)     1           7.491          -3.016          -5.118         -12.097           11.453
 4397 (vir)     1           7.512          -2.975          -5.008         -11.896           11.425
 4398 (vir)     1           7.521          -3.107          -5.365         -12.678           11.726
 4399 (vir)     1           7.531          -3.145          -5.448         -12.690           11.628
 4400 (vir)     1           7.542          -2.000          -2.358          -7.300           10.484
 4401 (vir)     1           7.549          -3.188          -5.537         -12.832           11.655
 4402 (vir)     1           7.568          -2.936          -4.845         -11.630           11.417
 4403 (vir)     1           7.575          -3.154          -5.495         -12.918           11.845
 4404 (vir)     1           7.583          -2.531          -1.822          -7.039           10.268
 4405 (vir)     1           7.584          -3.133          -5.382         -12.587           11.656
 4406 (vir)     1           7.592          -1.681          -1.007          -5.044            9.948
 4407 (vir)     1           7.612          -3.255          -5.655         -13.090           11.792
 4408 (vir)     1           7.622          -2.917          -4.731         -11.454           11.427
 4409 (vir)     1           7.627          -3.160          -5.586         -13.068           11.949
 4410 (vir)     1           7.641          -3.134          -5.662         -13.089           11.934
 4411 (vir)     1           7.641          -3.131          -5.691         -13.159           11.979
 4412 (vir)     1           7.642          -3.147          -5.385         -12.578           11.688
 4413 (vir)     1           7.655          -2.062          -2.495          -7.560           10.658
 4414 (vir)     1           7.655          -3.100          -5.571         -12.941           11.926
 4415 (vir)     1           7.662          -3.116          -5.658         -13.145           12.034
 4416 (vir)     1           7.672          -3.151          -5.307         -12.562           11.777
 4417 (vir)     1           7.679          -3.021          -4.975         -11.886           11.569
 4418 (vir)     1           7.682          -3.139          -5.570         -12.988           11.961
 4419 (vir)     1           7.687          -3.100          -5.481         -12.751           11.857
 4420 (vir)     1           7.689          -3.114          -5.623         -13.096           12.048
 4421 (vir)     1           7.704          -3.142          -5.302         -12.421           11.681
 4422 (vir)     1           7.706          -2.487          -1.853          -7.092           10.458
 4423 (vir)     1           7.714          -3.087          -5.580         -13.091           12.138
 4424 (vir)     1           7.728          -3.145          -5.243         -12.493           11.832
 4425 (vir)     1           7.733          -3.138          -5.511         -12.809           11.893
 4426 (vir)     1           7.734          -3.127          -5.481         -12.785           11.912
 4427 (vir)     1           7.739          -1.679          -0.981          -5.006           10.086
 4428 (vir)     1           7.741          -3.164          -5.349         -12.543           11.771
 4429 (vir)     1           7.741          -3.093          -5.553         -13.050           12.146
 4430 (vir)     1           7.763          -3.097          -5.096         -12.073           11.643
 4431 (vir)     1           7.764          -3.077          -5.548         -13.082           12.221
 4432 (vir)     1           7.768          -2.071          -2.465          -7.549           10.781
 4433 (vir)     1           7.781          -3.100          -5.067         -12.231           11.844
 4434 (vir)     1           7.781          -3.092          -5.487         -12.899           12.101
 4435 (vir)     1           7.786          -3.105          -5.490         -12.867           12.058
 4436 (vir)     1           7.792          -3.165          -5.489         -12.810           11.948
 4437 (vir)     1           7.796          -3.075          -5.528         -13.082           12.275
 4438 (vir)     1           7.811          -3.210          -5.428         -12.733           11.905
 4439 (vir)     1           7.814          -3.093          -5.027         -11.958           11.653
 4440 (vir)     1           7.820          -2.593          -2.182          -7.799           10.843
 4441 (vir)     1           7.830          -3.089          -5.001         -12.122           11.861
 4442 (vir)     1           7.836          -3.146          -5.419         -12.667           11.938
 4443 (vir)     1           7.851          -3.180          -5.468         -12.736           11.940
 4444 (vir)     1           7.861          -2.978          -4.619         -11.561           11.825
 4445 (vir)     1           7.861          -3.138          -5.114         -12.110           11.719
 4446 (vir)     1           7.877          -2.754          -4.211         -10.612           11.525
 4447 (vir)     1           7.888          -3.188          -5.479         -12.847           12.068
 4448 (vir)     1           7.890          -2.807          -4.256         -10.619           11.446
 4449 (vir)     1           7.892          -1.677          -0.955          -4.970           10.229
 4450 (vir)     1           7.903          -2.903          -2.729          -9.013           11.284
 4451 (vir)     1           7.905          -3.157          -5.390         -12.554           11.912
 4452 (vir)     1           7.911          -3.100          -5.087         -12.110           11.833
 4453 (vir)     1           7.926          -3.238          -5.305         -12.399           11.781
 4454 (vir)     1           7.940          -3.261          -5.626         -13.207           12.261
 4455 (vir)     1           7.945          -3.148          -5.381         -12.594           12.009
 4456 (vir)     1           7.950          -3.271          -5.365         -12.491           11.806
 4457 (vir)     1           7.959          -3.268          -5.621         -13.278           12.348
 4458 (vir)     1           7.960          -3.260          -5.598         -13.254           12.356
 4459 (vir)     1           7.963          -3.312          -5.477         -12.685           11.860
 4460 (vir)     1           7.965          -3.188          -5.490         -13.006           12.292
 4461 (vir)     1           7.969          -2.929          -2.583          -8.737           11.194
 4462 (vir)     1           7.970          -3.260          -5.495         -12.872           12.087
 4463 (vir)     1           7.971          -3.198          -5.444         -12.980           12.309
 4464 (vir)     1           7.978          -3.267          -5.632         -13.171           12.250
 4465 (vir)     1           7.979          -3.270          -5.663         -13.252           12.299
 4466 (vir)     1           7.997          -3.267          -5.596         -13.179           12.313
 4467 (vir)     1           7.998          -3.304          -5.702         -13.296           12.287
 4468 (vir)     1           7.999          -3.109          -5.263         -12.554           12.182
 4469 (vir)     1           8.003          -3.254          -5.593         -13.268           12.424
 4470 (vir)     1           8.008          -2.354          -3.137          -8.766           11.283
 4471 (vir)     1           8.012          -3.336          -5.750         -13.352           12.278
 4472 (vir)     1           8.012          -3.331          -5.737         -13.342           12.286
 4473 (vir)     1           8.028          -2.994          -5.025         -12.193           12.202
 4474 (vir)     1           8.032          -3.200          -5.413         -12.852           12.270
 4475 (vir)     1           8.050          -1.662          -0.931          -4.937           10.395
 4476 (vir)     1           8.052          -3.102          -5.234         -12.547           12.264
 4477 (vir)     1           8.054          -3.102          -5.326         -12.747           12.373
 4478 (vir)     1           8.064          -3.150          -5.256         -12.665           12.323
 4479 (vir)     1           8.065          -2.870          -1.885          -7.224           10.534
 4480 (vir)     1           8.080          -3.480          -6.141         -14.023           12.482
 4481 (vir)     1           8.093          -3.023          -5.004         -12.205           12.270
 4482 (vir)     1           8.121          -2.184          -2.637          -7.953           11.253
 4483 (vir)     1           8.127          -3.189          -5.333         -12.808           12.413
 4484 (vir)     1           8.149          -3.008          -4.864         -11.993           12.270
 4485 (vir)     1           8.154          -3.624          -6.366         -14.446           12.611
 4486 (vir)     1           8.189          -3.137          -5.190         -12.523           12.386
 4487 (vir)     1           8.199          -2.385          -1.490          -6.352           10.676
 4488 (vir)     1           8.215          -3.134          -5.170         -12.548           12.458
 4489 (vir)     1           8.215          -1.661          -0.906          -4.906           10.553
 4490 (vir)     1           8.228          -2.263          -2.819          -8.277           11.422
 4491 (vir)     1           8.236          -3.652          -6.353         -14.471           12.703
 4492 (vir)     1           8.242          -2.929          -4.710         -11.586           12.189
 4493 (vir)     1           8.257          -3.234          -5.638         -13.270           12.654
 4494 (vir)     1           8.284          -3.207          -5.514         -13.158           12.721
 4495 (vir)     1           8.300          -2.955          -4.659         -11.639           12.325
 4496 (vir)     1           8.316          -3.902          -6.912         -15.494           12.996
 4497 (vir)     1           8.318          -3.676          -6.352         -14.509           12.799
 4498 (vir)     1           8.324          -2.414          -3.224          -8.981           11.668
 4499 (vir)     1           8.329          -3.634          -6.199         -13.693           12.189
 4500 (vir)     1           8.331          -3.051          -4.935         -12.138           12.483
 4501 (vir)     1           8.341          -3.614          -6.154         -13.661           12.233
 4502 (vir)     1           8.344          -3.486          -5.828         -13.365           12.395
 4503 (vir)     1           8.353          -2.249          -1.315          -5.966           10.755
 4504 (vir)     1           8.357          -3.499          -5.938         -13.581           12.501
 4505 (vir)     1           8.358          -3.823          -6.672         -15.120           12.983
 4506 (vir)     1           8.360          -3.484          -5.833         -13.393           12.436
 4507 (vir)     1           8.361          -3.436          -5.771         -13.362           12.516
 4508 (vir)     1           8.384          -3.639          -6.219         -13.843           12.368
 4509 (vir)     1           8.385          -1.642          -0.883          -4.878           10.738
 4510 (vir)     1           8.386          -3.466          -5.809         -13.396           12.508
 4511 (vir)     1           8.394          -3.614          -6.155         -14.194           12.818
 4512 (vir)     1           8.400          -2.692          -3.978         -10.299           12.029
 4513 (vir)     1           8.401          -2.833          -4.253         -10.833           12.149
 4514 (vir)     1           8.406          -3.405          -5.708         -13.435           12.728
 4515 (vir)     1           8.415          -3.668          -6.246         -14.418           12.919
 4516 (vir)     1           8.417          -3.553          -5.996         -13.576           12.444
 4517 (vir)     1           8.422          -3.438          -5.772         -13.453           12.664
 4518 (vir)     1           8.447          -3.427          -5.738         -13.433           12.716
 4519 (vir)     1           8.453          -3.631          -6.171         -13.863           12.514
 4520 (vir)     1           8.461          -2.769          -4.145         -10.619           12.166
 4521 (vir)     1           8.462          -3.415          -5.714         -13.429           12.763
 4522 (vir)     1           8.468          -3.487          -5.771         -13.550           12.759
 4523 (vir)     1           8.479          -3.691          -6.239         -14.462           13.011
 4524 (vir)     1           8.484          -3.134          -4.954         -12.196           12.592
 4525 (vir)     1           8.493          -3.032          -4.713         -11.623           12.372
 4526 (vir)     1           8.497          -3.627          -6.113         -13.864           12.621
 4527 (vir)     1           8.504          -3.387          -5.617         -13.252           12.752
 4528 (vir)     1           8.518          -2.087          -1.210          -5.738           10.959
 4529 (vir)     1           8.530          -2.834          -4.175         -10.730           12.251
 4530 (vir)     1           8.533          -3.374          -5.695         -13.498           12.961
 4531 (vir)     1           8.545          -3.442          -5.580         -13.250           12.774
 4532 (vir)     1           8.546          -3.422          -5.740         -13.501           12.884
 4533 (vir)     1           8.548          -3.674          -6.135         -14.330           13.069
 4534 (vir)     1           8.555          -3.503          -6.021         -13.949           12.980
 4535 (vir)     1           8.560          -1.640          -0.860          -4.852           10.912
 4536 (vir)     1           8.561          -3.381          -5.618         -13.305           12.867
 4537 (vir)     1           8.580          -2.764          -3.978         -10.427           12.265
 4538 (vir)     1           8.583          -3.253          -5.329         -12.924           12.927
 4539 (vir)     1           8.590          -3.447          -5.780         -13.573           12.937
 4540 (vir)     1           8.605          -3.236          -5.277         -12.836           12.928
 4541 (vir)     1           8.608          -2.868          -4.154         -10.727           12.314
 4542 (vir)     1           8.610          -3.478          -5.844         -13.597           12.884
 4543 (vir)     1           8.620          -3.261          -5.322         -12.849           12.885
 4544 (vir)     1           8.620          -3.639          -5.994         -14.125           13.113
 4545 (vir)     1           8.622          -3.469          -5.592         -13.304           12.865
 4546 (vir)     1           8.629          -3.153          -5.066         -12.467           12.877
 4547 (vir)     1           8.636          -3.168          -5.099         -12.503           12.872
 4548 (vir)     1           8.640          -3.115          -4.973         -12.295           12.846
 4549 (vir)     1           8.643          -3.448          -5.788         -13.629           13.036
 4550 (vir)     1           8.660          -3.356          -5.465         -12.942           12.781
 4551 (vir)     1           8.667          -3.143          -5.085         -12.507           12.947
 4552 (vir)     1           8.668          -3.097          -4.974         -12.329           12.927
 4553 (vir)     1           8.678          -2.961          -4.479         -11.295           12.532
 4554 (vir)     1           8.687          -2.929          -4.238         -10.890           12.411
 4555 (vir)     1           8.687          -3.124          -5.036         -12.469           12.996
 4556 (vir)     1           8.692          -3.513          -5.925         -13.939           13.193
 4557 (vir)     1           8.693          -3.085          -4.928         -12.219           12.898
 4558 (vir)     1           8.694          -2.004          -1.132          -5.574           11.132
 4559 (vir)     1           8.694          -3.477          -5.567         -13.288           12.938
 4560 (vir)     1           8.695          -3.579          -5.792         -13.804           13.128
 4561 (vir)     1           8.720          -3.149          -5.079         -12.553           13.044
 4562 (vir)     1           8.720          -3.385          -5.607         -13.268           12.996
 4563 (vir)     1           8.730          -3.309          -5.430         -13.025           13.016
 4564 (vir)     1           8.741          -1.633          -0.838          -4.827           11.098
 4565 (vir)     1           8.742          -3.476          -5.823         -13.808           13.252
 4566 (vir)     1           8.756          -3.172          -5.038         -12.526           13.072
 4567 (vir)     1           8.756          -2.761          -3.675          -9.957           12.277
 4568 (vir)     1           8.758          -3.335          -5.171         -12.616           12.868
 4569 (vir)     1           8.761          -2.898          -4.073         -10.616           12.406
 4570 (vir)     1           8.767          -3.111          -4.970         -12.221           12.906
 4571 (vir)     1           8.770          -2.861          -3.904         -10.361           12.366
 4572 (vir)     1           8.771          -2.853          -4.185         -10.824           12.556
 4573 (vir)     1           8.771          -3.558          -5.685         -13.653           13.180
 4574 (vir)     1           8.782          -3.558          -5.993         -14.244           13.475
 4575 (vir)     1           8.785          -2.872          -3.935         -10.400           12.379
 4576 (vir)     1           8.793          -3.373          -5.560         -13.275           13.135
 4577 (vir)     1           8.803          -2.873          -3.952         -10.382           12.361
 4578 (vir)     1           8.810          -3.518          -5.868         -14.071           13.494
 4579 (vir)     1           8.813          -3.122          -4.977         -12.287           13.001
 4580 (vir)     1           8.815          -3.234          -4.890         -12.107           12.797
 4581 (vir)     1           8.822          -3.566          -5.967         -14.431           13.720
 4582 (vir)     1           8.829          -2.991          -4.300         -10.946           12.485
 4583 (vir)     1           8.835          -3.118          -4.563         -11.446           12.599
 4584 (vir)     1           8.846          -3.518          -5.537         -13.410           13.201
 4585 (vir)     1           8.849          -3.262          -5.286         -12.707           13.007
 4586 (vir)     1           8.849          -3.089          -4.846         -11.989           12.902
 4587 (vir)     1           8.853          -2.953          -4.369         -11.292           12.824
 4588 (vir)     1           8.854          -3.203          -4.760         -11.857           12.749
 4589 (vir)     1           8.872          -3.034          -4.382         -11.038           12.494
 4590 (vir)     1           8.878          -3.317          -5.071         -12.390           12.879
 4591 (vir)     1           8.879          -1.944          -1.069          -5.448           11.314
 4592 (vir)     1           8.884          -3.495          -5.795         -13.705           13.299
 4593 (vir)     1           8.895          -3.170          -4.695         -11.636           12.667
 4594 (vir)     1           8.897          -2.944          -4.518         -11.254           12.689
 4595 (vir)     1           8.905          -3.168          -4.694         -11.569           12.612
 4596 (vir)     1           8.914          -3.408          -5.244         -12.787           13.049
 4597 (vir)     1           8.925          -1.621          -0.815          -4.803           11.292
 4598 (vir)     1           8.925          -2.798          -4.050         -10.449           12.525
 4599 (vir)     1           8.927          -3.511          -5.473         -13.294           13.236
 4600 (vir)     1           8.934          -3.139          -4.653         -11.437           12.579
 4601 (vir)     1           8.938          -3.297          -5.011         -12.157           12.786
 4602 (vir)     1           8.943          -3.659          -6.116         -14.313           13.480
 4603 (vir)     1           8.953          -3.372          -5.128         -12.455           12.909
 4604 (vir)     1           8.954          -2.799          -4.053         -10.453           12.554
 4605 (vir)     1           8.962          -3.200          -4.798         -11.659           12.623
 4606 (vir)     1           8.969          -3.438          -5.306         -12.822           13.047
 4607 (vir)     1           8.981          -3.266          -4.939         -11.912           12.688
 4608 (vir)     1           8.984          -3.248          -4.909         -11.839           12.665
 4609 (vir)     1           8.985          -2.784          -4.100         -10.412           12.512
 4610 (vir)     1           8.997          -3.297          -5.013         -12.059           12.746
 4611 (vir)     1           8.998          -3.309          -5.036         -12.083           12.735
 4612 (vir)     1           9.003          -3.540          -5.497         -13.384           13.350
 4613 (vir)     1           9.006          -3.667          -6.101         -14.337           13.575
 4614 (vir)     1           9.006          -3.366          -5.139         -12.348           12.850
 4615 (vir)     1           9.007          -3.279          -4.980         -11.924           12.673
 4616 (vir)     1           9.009          -3.547          -5.503         -13.234           13.192
 4617 (vir)     1           9.023          -2.827          -4.012         -10.484           12.668
 4618 (vir)     1           9.039          -2.839          -4.246         -10.659           12.613
 4619 (vir)     1           9.046          -3.836          -6.039         -14.456           13.626
 4620 (vir)     1           9.050          -3.648          -6.166         -14.392           13.628
 4621 (vir)     1           9.062          -3.584          -5.974         -14.003           13.507
 4622 (vir)     1           9.067          -3.570          -5.854         -13.912           13.556
 4623 (vir)     1           9.074          -1.897          -1.017          -5.348           11.508
 4624 (vir)     1           9.077          -3.718          -5.797         -14.040           13.601
 4625 (vir)     1           9.084          -3.846          -6.063         -14.504           13.679
 4626 (vir)     1           9.088          -3.151          -4.806         -11.998           13.129
 4627 (vir)     1           9.091          -4.484          -7.666         -16.930           13.870
 4628 (vir)     1           9.092          -3.410          -5.545         -13.403           13.539
 4629 (vir)     1           9.094          -2.950          -4.480         -11.164           12.828
 4630 (vir)     1           9.104          -4.455          -7.583         -16.810           13.876
 4631 (vir)     1           9.110          -1.611          -0.792          -4.779           11.486
 4632 (vir)     1           9.113          -4.206          -6.855         -15.842           13.895
 4633 (vir)     1           9.117          -3.501          -5.747         -13.607           13.475
 4634 (vir)     1           9.124          -3.426          -5.465         -13.263           13.496
 4635 (vir)     1           9.126          -4.355          -7.287         -16.404           13.889
 4636 (vir)     1           9.139          -3.127          -4.693         -11.862           13.181
 4637 (vir)     1           9.142          -4.347          -7.222         -16.366           13.940
 4638 (vir)     1           9.147          -2.963          -4.475         -11.228           12.937
 4639 (vir)     1           9.153          -3.611          -6.035         -14.464           13.971
 4640 (vir)     1           9.155          -3.556          -5.424         -13.389           13.565
 4641 (vir)     1           9.156          -4.278          -7.026         -16.081           13.933
 4642 (vir)     1           9.171          -4.371          -7.274         -16.436           13.962
 4643 (vir)     1           9.180          -3.499          -5.730         -13.594           13.545
 4644 (vir)     1           9.187          -4.287          -7.016         -16.086           13.971
 4645 (vir)     1           9.188          -3.043          -4.623         -11.563           13.085
 4646 (vir)     1           9.199          -4.374          -7.261         -16.419           13.984
 4647 (vir)     1           9.216          -4.306          -7.051         -16.134           13.993
 4648 (vir)     1           9.217          -3.083          -4.657         -11.701           13.177
 4649 (vir)     1           9.225          -4.370          -7.230         -16.378           14.003
 4650 (vir)     1           9.226          -3.647          -6.069         -14.626           14.135
 4651 (vir)     1           9.231          -3.551          -5.363         -13.315           13.632
 4652 (vir)     1           9.239          -3.344          -5.332         -12.945           13.508
 4653 (vir)     1           9.241          -4.338          -7.120         -16.228           14.011
 4654 (vir)     1           9.245          -3.262          -5.156         -12.517           13.344
 4655 (vir)     1           9.247          -4.367          -7.202         -16.338           14.016
 4656 (vir)     1           9.260          -4.356          -7.159         -16.277           14.021
 4657 (vir)     1           9.263          -4.370          -7.197         -16.330           14.026
 4658 (vir)     1           9.272          -4.370          -7.186         -16.312           14.028
 4659 (vir)     1           9.273          -4.373          -7.194         -16.324           14.029
 4660 (vir)     1           9.277          -1.859          -0.973          -5.271           11.716
 4661 (vir)     1           9.283          -2.986          -4.562         -11.410           13.145
 4662 (vir)     1           9.295          -1.588          -0.770          -4.757           11.693
 4663 (vir)     1           9.304          -3.583          -5.879         -14.264           14.105
 4664 (vir)     1           9.305          -3.532          -5.273         -13.191           13.692
 4665 (vir)     1           9.311          -3.516          -5.712         -13.648           13.731
 4666 (vir)     1           9.340          -2.973          -4.510         -11.402           13.259
 4667 (vir)     1           9.378          -3.592          -5.844         -13.956           13.899
 4668 (vir)     1           9.379          -3.526          -5.221         -13.124           13.755
 4669 (vir)     1           9.379          -3.265          -5.131         -12.690           13.672
 4670 (vir)     1           9.406          -3.269          -5.110         -12.773           13.799
 4671 (vir)     1           9.421          -3.626          -5.702         -13.625           13.718
 4672 (vir)     1           9.427          -3.453          -5.293         -12.791           13.472
 4673 (vir)     1           9.435          -3.692          -5.903         -14.199           14.039
 4674 (vir)     1           9.439          -3.722          -6.032         -14.425           14.110
 4675 (vir)     1           9.443          -3.058          -4.614         -11.622           13.393
 4676 (vir)     1           9.448          -3.616          -5.808         -13.917           13.941
 4677 (vir)     1           9.456          -3.546          -5.289         -13.275           13.896
 4678 (vir)     1           9.459          -3.538          -5.533         -13.410           13.797
 4679 (vir)     1           9.473          -3.311          -5.012         -12.378           13.529
 4680 (vir)     1           9.478          -1.584          -0.752          -4.742           11.884
 4681 (vir)     1           9.484          -3.589          -5.754         -14.123           14.264
 4682 (vir)     1           9.490          -1.832          -0.936          -5.213           11.934
 4683 (vir)     1           9.499          -3.042          -4.531         -11.555           13.482
 4684 (vir)     1           9.506          -3.525          -5.485         -13.353           13.849
 4685 (vir)     1           9.518          -3.567          -5.674         -13.841           14.117
 4686 (vir)     1           9.519          -3.263          -4.906         -12.245           13.596
 4687 (vir)     1           9.524          -3.504          -5.083         -12.947           13.884
 4688 (vir)     1           9.538          -3.159          -4.701         -12.030           13.708
 4689 (vir)     1           9.545          -3.176          -4.716         -12.077           13.730
 4690 (vir)     1           9.564          -3.589          -5.696         -13.948           14.227
 4691 (vir)     1           9.567          -3.510          -5.440         -13.212           13.828
 4692 (vir)     1           9.589          -3.428          -5.316         -13.093           13.937
 4693 (vir)     1           9.593          -3.491          -5.015         -12.843           13.930
 4694 (vir)     1           9.595          -3.080          -4.684         -12.046           13.876
 4695 (vir)     1           9.606          -3.332          -5.214         -13.130           14.191
 4696 (vir)     1           9.639          -3.597          -5.615         -13.605           14.032
 4697 (vir)     1           9.646          -3.616          -5.661         -13.666           14.035
 4698 (vir)     1           9.660          -3.472          -4.949         -12.722           13.961
 4699 (vir)     1           9.661          -1.585          -0.743          -4.745           12.079
 4700 (vir)     1           9.680          -3.701          -5.874         -14.481           14.586
 4701 (vir)     1           9.711          -1.813          -0.906          -5.172           12.165
 4702 (vir)     1           9.717          -3.339          -4.861         -12.286           13.802
 4703 (vir)     1           9.718          -3.674          -5.762         -13.981           14.263
 4704 (vir)     1           9.721          -3.622          -5.619         -13.578           14.058
 4705 (vir)     1           9.729          -3.216          -4.845         -11.999           13.668
 4706 (vir)     1           9.739          -3.334          -4.878         -12.354           13.881
 4707 (vir)     1           9.766          -3.748          -5.920         -14.596           14.693
 4708 (vir)     1           9.790          -3.456          -4.847         -12.576           14.062
 4709 (vir)     1           9.799          -3.638          -5.603         -13.570           14.128
 4710 (vir)     1           9.800          -3.739          -5.875         -14.307           14.493
 4711 (vir)     1           9.846          -3.449          -4.806         -12.465           14.055
 4712 (vir)     1           9.850          -1.604          -0.743          -4.771           12.274
 4713 (vir)     1           9.852          -3.788          -5.956         -14.676           14.784
 4714 (vir)     1           9.880          -3.669          -5.619         -13.640           14.232
 4715 (vir)     1           9.883          -3.784          -5.934         -14.512           14.677
 4716 (vir)     1           9.895          -3.448          -4.810         -12.367           14.003
 4717 (vir)     1           9.932          -3.474          -4.911         -12.360           13.907
 4718 (vir)     1           9.937          -3.845          -6.038         -14.891           14.945
 4719 (vir)     1           9.941          -1.801          -0.880          -5.146           12.405
 4720 (vir)     1           9.956          -3.535          -5.120         -12.510           13.811
 4721 (vir)     1           9.962          -3.707          -5.652         -13.753           14.357
 4722 (vir)     1           9.965          -3.801          -5.921         -14.514           14.758
 4723 (vir)     1           9.969          -3.604          -5.352         -12.743           13.756
 4724 (vir)     1           9.976          -3.663          -5.549         -12.963           13.727
 4725 (vir)     1           9.981          -3.708          -5.704         -13.140           13.709
 4726 (vir)     1           9.985          -3.742          -5.831         -13.282           13.694
 4727 (vir)     1           9.990          -3.772          -5.941         -13.405           13.682
 4728 (vir)     1           9.995          -3.799          -6.046         -13.520           13.671
 4729 (vir)     1          10.002          -3.825          -6.147         -13.631           13.662
 4730 (vir)     1          10.011          -3.850          -6.244         -13.737           13.654
 4731 (vir)     1          10.016          -3.934          -6.201         -15.359           15.239
 4732 (vir)     1          10.021          -3.873          -6.330         -13.832           13.651
 4733 (vir)     1          10.034          -3.890          -6.397         -13.908           13.655
 4734 (vir)     1          10.044          -3.787          -5.820         -14.242           14.679
 4735 (vir)     1          10.047          -3.748          -5.690         -13.883           14.492
 4736 (vir)     1          10.050          -3.898          -6.420         -13.950           13.682
 4737 (vir)     1          10.050          -1.628          -0.748          -4.811           12.485
 4738 (vir)     1          10.059          -3.738          -5.565         -13.482           14.238
 4739 (vir)     1          10.060          -3.735          -5.552         -13.468           14.240
 4740 (vir)     1          10.066          -3.758          -5.663         -13.575           14.220
 4741 (vir)     1          10.067          -3.715          -5.500         -13.379           14.231
 4742 (vir)     1          10.070          -3.838          -6.137         -13.737           13.833
 4743 (vir)     1          10.072          -3.997          -6.287         -15.615           15.403
 4744 (vir)     1          10.079          -3.720          -5.579         -13.374           14.154
 4745 (vir)     1          10.079          -3.695          -5.415         -13.332           14.301
 4746 (vir)     1          10.089          -3.745          -5.657         -13.520           14.206
 4747 (vir)     1          10.093          -3.658          -5.329         -13.141           14.247
 4748 (vir)     1          10.097          -3.798          -5.990         -13.581           13.890
 4749 (vir)     1          10.108          -3.670          -5.430         -13.178           14.186
 4750 (vir)     1          10.109          -3.651          -5.267         -13.192           14.383
 4751 (vir)     1          10.120          -3.717          -5.586         -13.406           14.223
 4752 (vir)     1          10.126          -3.809          -5.797         -14.176           14.695
 4753 (vir)     1          10.127          -3.602          -5.159         -12.904           14.269
 4754 (vir)     1          10.130          -3.769          -5.894         -13.481           13.948
 4755 (vir)     1          10.134          -3.790          -5.727         -14.007           14.624
 4756 (vir)     1          10.142          -3.614          -5.243         -12.958           14.244
 4757 (vir)     1          10.146          -3.601          -5.107         -12.987           14.425
 4758 (vir)     1          10.156          -3.677          -5.433         -13.279           14.326
 4759 (vir)     1          10.163          -3.554          -5.009         -12.690           14.290
 4760 (vir)     1          10.167          -3.755          -5.854         -13.431           13.989
 4761 (vir)     1          10.178          -3.569          -5.099         -12.778           14.288
 4762 (vir)     1          10.178          -1.795          -0.860          -5.134           12.657
 4763 (vir)     1          10.183          -3.547          -4.949         -12.711           14.398
 4764 (vir)     1          10.195          -3.618          -5.179         -13.137           14.534
 4765 (vir)     1          10.198          -3.511          -4.881         -12.500           14.306
 4766 (vir)     1          10.206          -3.721          -5.713         -13.266           14.037
 4767 (vir)     1          10.212          -3.590          -5.215         -12.864           14.270
 4768 (vir)     1          10.213          -3.853          -5.835         -14.295           14.820
 4769 (vir)     1          10.217          -3.496          -4.811         -12.428           14.338
 4770 (vir)     1          10.220          -3.821          -5.748         -14.094           14.745
 4771 (vir)     1          10.228          -3.479          -4.780         -12.345           14.313
 4772 (vir)     1          10.231          -3.545          -4.911         -12.790           14.565
 4773 (vir)     1          10.238          -3.527          -4.901         -12.677           14.486
 4774 (vir)     1          10.241          -3.462          -4.717         -12.247           14.309
 4775 (vir)     1          10.247          -3.486          -4.803         -12.343           14.301
 4776 (vir)     1          10.250          -3.454          -4.684         -12.194           14.306
 4777 (vir)     1          10.251          -3.650          -5.400         -12.970           14.170
 4778 (vir)     1          10.252          -3.630          -5.337         -12.938           14.223
 4779 (vir)     1          10.255          -4.150          -6.573         -14.981           14.514
 4780 (vir)     1          10.256          -4.123          -6.528         -14.878           14.482
 4781 (vir)     1          10.264          -1.657          -0.754          -4.857           12.710
 4782 (vir)     1          10.268          -3.850          -5.735         -14.057           14.740
 4783 (vir)     1          10.272          -4.146          -6.570         -14.969           14.524
 4784 (vir)     1          10.272          -3.910          -5.905         -14.242           14.698
 4785 (vir)     1          10.293          -4.120          -6.472         -14.909           14.610
 4786 (vir)     1          10.296          -4.110          -6.523         -14.837           14.501
 4787 (vir)     1          10.297          -3.885          -6.157         -13.912           14.167
 4788 (vir)     1          10.300          -3.875          -5.825         -14.308           14.909
 4789 (vir)     1          10.302          -3.661          -5.188         -13.475           14.928
 4790 (vir)     1          10.303          -3.822          -5.729         -14.097           14.848
 4791 (vir)     1          10.325          -4.071          -6.315         -14.763           14.703
 4792 (vir)     1          10.327          -4.114          -6.530         -14.863           14.546
 4793 (vir)     1          10.332          -3.728          -5.373         -13.690           14.920
 4794 (vir)     1          10.342          -3.924          -6.180         -14.045           14.283
 4795 (vir)     1          10.356          -3.653          -5.149         -13.450           15.004
 4796 (vir)     1          10.360          -4.095          -6.510         -14.790           14.545
 4797 (vir)     1          10.366          -4.169          -6.585         -15.056           14.667
 4798 (vir)     1          10.374          -3.693          -5.508         -13.669           14.843
 4799 (vir)     1          10.380          -3.697          -5.274         -13.573           14.981
 4800 (vir)     1          10.383          -3.764          -5.557         -13.731           14.793
 4801 (vir)     1          10.385          -3.951          -6.137         -14.175           14.473
 4802 (vir)     1          10.393          -4.048          -6.410         -14.614           14.549
 4803 (vir)     1          10.403          -3.721          -5.387         -13.634           14.929
 4804 (vir)     1          10.407          -4.237          -6.729         -15.255           14.696
 4805 (vir)     1          10.421          -4.123          -6.484         -14.752           14.566
 4806 (vir)     1          10.421          -1.794          -0.845          -5.137           12.919
 4807 (vir)     1          10.424          -3.603          -5.045         -13.263           15.039
 4808 (vir)     1          10.429          -3.623          -5.394         -13.506           14.918
 4809 (vir)     1          10.440          -4.263          -6.784         -15.304           14.697
 4810 (vir)     1          10.447          -4.259          -6.736         -15.232           14.685
 4811 (vir)     1          10.448          -3.611          -5.095         -13.267           15.008
 4812 (vir)     1          10.450          -3.562          -5.125         -12.788           14.551
 4813 (vir)     1          10.465          -3.784          -5.656         -13.808           14.833
 4814 (vir)     1          10.475          -3.888          -6.025         -14.108           14.671
 4815 (vir)     1          10.483          -3.652          -5.306         -13.362           14.886
 4816 (vir)     1          10.490          -1.682          -0.759          -4.904           12.953
 4817 (vir)     1          10.497          -3.969          -5.985         -14.857           15.400
 4818 (vir)     1          10.511          -3.554          -5.022         -13.033           14.968
 4819 (vir)     1          10.517          -3.797          -5.507         -13.622           14.834
 4820 (vir)     1          10.537          -3.948          -5.800         -14.340           15.128
 4821 (vir)     1          10.546          -3.563          -5.009         -13.037           15.011
 4822 (vir)     1          10.567          -3.885          -5.732         -14.155           15.104
 4823 (vir)     1          10.578          -4.158          -6.266         -15.494           15.647
 4824 (vir)     1          10.587          -4.051          -5.951         -14.556           15.141
 4825 (vir)     1          10.587          -3.581          -5.051         -13.070           15.025
 4826 (vir)     1          10.599          -3.883          -5.726         -14.139           15.130
 4827 (vir)     1          10.632          -3.543          -4.985         -12.920           15.024
 4828 (vir)     1          10.633          -4.250          -6.201         -15.921           16.102
 4829 (vir)     1          10.637          -3.936          -5.820         -14.279           15.159
 4830 (vir)     1          10.641          -4.378          -6.593         -16.008           15.678
 4831 (vir)     1          10.645          -3.912          -5.782         -13.894           14.845
 4832 (vir)     1          10.648          -3.813          -5.626         -13.411           14.620
 4833 (vir)     1          10.655          -3.769          -5.475         -13.420           14.830
 4834 (vir)     1          10.669          -1.807          -0.836          -5.160           13.186
 4835 (vir)     1          10.678          -4.055          -5.967         -14.990           15.645
 4836 (vir)     1          10.678          -4.020          -5.965         -14.515           15.208
 4837 (vir)     1          10.680          -3.499          -4.895         -12.727           15.013
 4838 (vir)     1          10.690          -4.000          -5.922         -14.395           15.162
 4839 (vir)     1          10.692          -3.847          -5.659         -13.663           14.849
 4840 (vir)     1          10.696          -3.919          -5.728         -14.407           15.456
 4841 (vir)     1          10.719          -4.097          -6.080         -14.732           15.274
 4842 (vir)     1          10.726          -1.710          -0.762          -4.952           13.206
 4843 (vir)     1          10.729          -3.457          -4.803         -12.528           14.998
 4844 (vir)     1          10.735          -3.996          -5.885         -14.731           15.585
 4845 (vir)     1          10.750          -3.936          -5.754         -14.384           15.444
 4846 (vir)     1          10.756          -4.134          -6.098         -14.804           15.329
 4847 (vir)     1          10.766          -3.831          -5.571         -13.797           15.161
 4848 (vir)     1          10.778          -3.429          -4.670         -12.292           14.971
 4849 (vir)     1          10.782          -3.942          -5.577         -13.966           15.230
 4850 (vir)     1          10.786          -3.625          -4.809         -12.692           15.044
 4851 (vir)     1          10.789          -4.175          -6.167         -15.500           15.946
 4852 (vir)     1          10.790          -3.822          -5.309         -13.518           15.178
 4853 (vir)     1          10.799          -3.908          -5.464         -13.794           15.221
 4854 (vir)     1          10.800          -3.806          -5.550         -13.725           15.168
 4855 (vir)     1          10.802          -3.704          -5.005         -13.016           15.108
 4856 (vir)     1          10.806          -4.017          -5.707         -14.202           15.284
 4857 (vir)     1          10.810          -3.975          -5.613         -14.050           15.272
 4858 (vir)     1          10.816          -3.497          -4.647         -12.344           15.016
 4859 (vir)     1          10.839          -3.453          -4.596         -12.223           15.012
 4860 (vir)     1          10.851          -3.394          -4.357         -11.849           14.949
 4861 (vir)     1          10.851          -4.197          -6.143         -15.726           16.236
 4862 (vir)     1          10.856          -3.451          -4.823         -12.041           14.623
 4863 (vir)     1          10.910          -3.394          -2.287         -10.218           15.447
 4864 (vir)     1          10.911          -3.985          -5.712         -14.139           15.352
 4865 (vir)     1          10.912          -3.394          -2.287         -10.219           15.450
 4866 (vir)     1          10.915          -3.370          -2.266         -10.147           15.426
 4867 (vir)     1          10.916          -1.961          -0.973          -5.687           13.669
 4868 (vir)     1          10.919          -3.393          -2.287         -10.220           15.458
 4869 (vir)     1          10.924          -3.387          -2.282         -10.201           15.456
 4870 (vir)     1          10.929          -3.393          -2.288         -10.221           15.470
 4871 (vir)     1          10.930          -4.261          -6.215         -15.128           15.582
 4872 (vir)     1          10.936          -3.389          -2.285         -10.212           15.474
 4873 (vir)     1          10.938          -3.799          -5.474         -13.878           15.543
 4874 (vir)     1          10.939          -4.162          -6.065         -15.613           16.325
 4875 (vir)     1          10.943          -3.392          -2.288         -10.222           15.486
 4876 (vir)     1          10.949          -3.667          -5.120         -13.277           15.438
 4877 (vir)     1          10.952          -3.387          -2.283         -10.207           15.489
 4878 (vir)     1          10.956          -3.792          -5.370         -13.359           15.154
 4879 (vir)     1          10.961          -3.385          -2.281         -10.202           15.496
 4880 (vir)     1          10.968          -1.743          -0.764          -5.000           13.462
 4881 (vir)     1          10.976          -3.281          -2.191          -9.889           15.393
 4882 (vir)     1          10.984          -3.387          -2.284         -10.212           15.525
 4883 (vir)     1          10.989          -3.776          -4.976         -13.091           15.328
 4884 (vir)     1          10.997          -4.006          -5.684         -14.377           15.684
 4885 (vir)     1          10.997          -3.740          -4.971         -12.976           15.261
 4886 (vir)     1          10.997          -3.377          -2.272         -10.171           15.520
 4887 (vir)     1          11.009          -4.191          -6.216         -15.211           15.813
 4888 (vir)     1          11.010          -3.394          -2.288         -10.229           15.556
 4889 (vir)     1          11.014          -4.052          -5.790         -14.391           15.564
 4890 (vir)     1          11.024          -3.838          -5.180         -13.380           15.386
 4891 (vir)     1          11.025          -3.395          -2.288         -10.229           15.570
 4892 (vir)     1          11.031          -3.832          -5.576         -13.892           15.516
 4893 (vir)     1          11.035          -4.180          -6.018         -15.515           16.353
 4894 (vir)     1          11.040          -3.398          -2.290         -10.237           15.589
 4895 (vir)     1          11.054          -3.712          -4.966         -12.970           15.346
 4896 (vir)     1          11.056          -3.400          -2.290         -10.240           15.606
 4897 (vir)     1          11.059          -3.921          -5.550         -13.813           15.401
 4898 (vir)     1          11.063          -4.212          -6.048         -15.092           15.895
 4899 (vir)     1          11.071          -3.646          -5.233         -13.196           15.389
 4900 (vir)     1          11.074          -3.402          -2.291         -10.243           15.624
 4901 (vir)     1          11.084          -3.310          -4.261         -11.395           14.909
 4902 (vir)     1          11.088          -3.801          -5.202         -13.477           15.562
 4903 (vir)     1          11.092          -3.404          -2.292         -10.247           15.644
 4904 (vir)     1          11.095          -2.902          -3.708         -10.233           14.718
 4905 (vir)     1          11.098          -2.706          -3.271          -9.378           14.499
 4906 (vir)     1          11.109          -3.320          -4.483         -11.732           15.039
 4907 (vir)     1          11.112          -3.405          -2.291         -10.248           15.663
 4908 (vir)     1          11.112          -3.924          -5.411         -13.790           15.567
 4909 (vir)     1          11.112          -2.693          -3.056          -8.974           14.337
 4910 (vir)     1          11.112          -2.692          -3.063          -8.987           14.343
 4911 (vir)     1          11.113          -3.087          -3.922         -10.642           14.746
 4912 (vir)     1          11.114          -2.723          -3.098          -9.070           14.362
 4913 (vir)     1          11.114          -2.702          -3.088          -9.030           14.355
 4914 (vir)     1          11.119          -2.758          -3.281          -9.370           14.450
 4915 (vir)     1          11.124          -3.036          -3.875         -10.539           14.752
 4916 (vir)     1          11.132          -3.234          -4.320         -11.388           14.966
 4917 (vir)     1          11.132          -3.409          -2.292         -10.254           15.685
 4918 (vir)     1          11.133          -4.126          -5.870         -15.330           16.467
 4919 (vir)     1          11.136          -3.054          -3.952         -10.657           14.788
 4920 (vir)     1          11.144          -3.312          -4.450         -11.670           15.052
 4921 (vir)     1          11.144          -3.303          -4.468         -11.670           15.043
 4922 (vir)     1          11.144          -3.703          -4.992         -12.993           15.442
 4923 (vir)     1          11.152          -4.175          -5.905         -14.853           15.925
 4924 (vir)     1          11.154          -3.406          -2.288         -10.242           15.702
 4925 (vir)     1          11.159          -4.029          -5.671         -14.187           15.646
 4926 (vir)     1          11.175          -3.856          -5.187         -13.405           15.537
 4927 (vir)     1          11.176          -1.844          -0.836          -5.257           13.754
 4928 (vir)     1          11.176          -3.414          -2.293         -10.260           15.730
 4929 (vir)     1          11.190          -2.738          -3.187          -9.158           14.424
 4930 (vir)     1          11.200          -3.414          -2.291         -10.255           15.751
 4931 (vir)     1          11.201          -3.778          -5.163         -13.453           15.713
 4932 (vir)     1          11.214          -1.766          -0.767          -5.051           13.732
 4933 (vir)     1          11.225          -3.419          -2.293         -10.267           15.779
 4934 (vir)     1          11.232          -4.209          -6.008         -15.612           16.628
 4935 (vir)     1          11.234          -3.851          -5.279         -13.710           15.813
 4936 (vir)     1          11.240          -3.868          -5.157         -13.390           15.604
 4937 (vir)     1          11.245          -4.346          -6.103         -15.349           16.145
 4938 (vir)     1          11.250          -3.422          -2.293         -10.270           15.805
 4939 (vir)     1          11.256          -4.110          -5.739         -14.484           15.891
 4940 (vir)     1          11.277          -3.426          -2.294         -10.275           15.832
 4941 (vir)     1          11.288          -3.097          -3.786         -10.531           14.936
 4942 (vir)     1          11.301          -3.961          -5.408         -14.054           15.985
 4943 (vir)     1          11.305          -3.429          -2.294         -10.278           15.860
 4944 (vir)     1          11.311          -3.813          -5.052         -13.202           15.647
 4945 (vir)     1          11.325          -4.106          -5.658         -14.736           16.298
 4946 (vir)     1          11.327          -4.446          -6.391         -15.186           15.676
 4947 (vir)     1          11.327          -4.434          -6.362         -15.132           15.664
 4948 (vir)     1          11.333          -3.432          -2.294         -10.282           15.889
 4949 (vir)     1          11.341          -3.971          -5.459         -14.360           16.272
 4950 (vir)     1          11.341          -4.456          -6.416         -15.242           15.711
 4951 (vir)     1          11.343          -4.423          -6.289         -15.237           15.867
 4952 (vir)     1          11.346          -4.358          -6.098         -15.128           16.017
 4953 (vir)     1          11.352          -4.000          -5.474         -14.039           15.916
 4954 (vir)     1          11.363          -3.436          -2.294         -10.286           15.920
 4955 (vir)     1          11.365          -4.475          -6.458         -15.352           15.784
 4956 (vir)     1          11.370          -4.355          -6.174         -14.834           15.675
 4957 (vir)     1          11.378          -4.080          -5.475         -14.223           16.045
 4958 (vir)     1          11.387          -3.601          -4.642         -12.488           15.631
 4959 (vir)     1          11.394          -3.439          -2.293         -10.289           15.950
 4960 (vir)     1          11.394          -4.491          -6.492         -15.426           15.838
 4961 (vir)     1          11.406          -4.287          -6.012         -14.574           15.680
 4962 (vir)     1          11.409          -3.859          -5.199         -13.578           15.929
 4963 (vir)     1          11.418          -3.838          -5.085         -13.499           15.994
 4964 (vir)     1          11.425          -1.847          -0.816          -5.238           14.001
 4965 (vir)     1          11.426          -3.444          -2.293         -10.294           15.983
 4966 (vir)     1          11.433          -4.521          -6.550         -15.563           15.924
 4967 (vir)     1          11.441          -4.076          -5.485         -14.404           16.284
 4968 (vir)     1          11.443          -4.376          -6.086         -15.086           16.066
 4969 (vir)     1          11.449          -3.952          -5.325         -13.822           15.994
 4970 (vir)     1          11.453          -4.236          -5.822         -14.513           15.908
 4971 (vir)     1          11.456          -4.076          -5.549         -14.601           16.433
 4972 (vir)     1          11.459          -3.447          -2.293         -10.297           16.016
 4973 (vir)     1          11.459          -1.796          -0.770          -5.104           13.997
 4974 (vir)     1          11.474          -3.861          -5.052         -13.477           16.039
 4975 (vir)     1          11.477          -4.556          -6.609         -15.712           16.024
 4976 (vir)     1          11.493          -3.452          -2.293         -10.303           16.051
 4977 (vir)     1          11.497          -4.168          -5.707         -14.092           15.715
 4978 (vir)     1          11.507          -3.807          -4.929         -13.072           15.842
 4979 (vir)     1          11.509          -3.998          -5.381         -14.002           16.131
 4980 (vir)     1          11.521          -3.969          -5.227         -13.932           16.256
 4981 (vir)     1          11.528          -4.577          -6.628         -15.789           16.112
 4982 (vir)     1          11.528          -3.455          -2.293         -10.307           16.087
 4983 (vir)     1          11.536          -4.260          -5.782         -14.949           16.444
 4984 (vir)     1          11.541          -4.345          -5.922         -14.956           16.230
 4985 (vir)     1          11.551          -4.083          -5.495         -13.739           15.713
 4986 (vir)     1          11.551          -4.558          -5.615         -14.938           16.316
 4987 (vir)     1          11.560          -3.673          -4.692         -12.706           15.902
 4988 (vir)     1          11.564          -3.460          -2.292         -10.312           16.124
 4989 (vir)     1          11.570          -4.349          -5.983         -15.309           16.547
 4990 (vir)     1          11.570          -3.999          -5.219         -13.743           16.095
 4991 (vir)     1          11.577          -4.359          -6.010         -15.337           16.545
 4992 (vir)     1          11.582          -3.955          -5.147         -13.564           16.044
 4993 (vir)     1          11.583          -4.621          -6.678         -15.964           16.247
 4994 (vir)     1          11.589          -4.337          -5.960         -15.267           16.559
 4995 (vir)     1          11.601          -3.464          -2.292         -10.316           16.161
 4996 (vir)     1          11.604          -4.276          -5.844         -14.979           16.464
 4997 (vir)     1          11.604          -3.995          -5.323         -13.525           15.812
 4998 (vir)     1          11.610          -3.716          -4.694         -12.777           15.976
 4999 (vir)     1          11.612          -4.449          -6.121         -15.788           16.829
 5000 (vir)     1          11.612          -4.202          -5.684         -14.441           16.166
 5001 (vir)     1          11.625          -4.357          -5.998         -15.326           16.595
 5002 (vir)     1          11.629          -4.106          -5.425         -14.380           16.479
 5003 (vir)     1          11.635          -4.299          -5.842         -15.555           17.050
 5004 (vir)     1          11.639          -3.468          -2.291         -10.320           16.201
 5005 (vir)     1          11.644          -4.691          -6.795         -16.246           16.405
 5006 (vir)     1          11.650          -4.329          -5.931         -15.232           16.622
 5007 (vir)     1          11.671          -1.866          -0.813          -5.271           14.264
 5008 (vir)     1          11.678          -4.313          -5.896         -15.173           16.642
 5009 (vir)     1          11.678          -4.040          -5.415         -14.495           16.719
 5010 (vir)     1          11.679          -3.473          -2.291         -10.326           16.240
 5011 (vir)     1          11.679          -3.765          -4.713         -12.895           16.096
 5012 (vir)     1          11.691          -4.305          -5.818         -15.229           16.797
 5013 (vir)     1          11.701          -1.814          -0.774          -5.158           14.270
 5014 (vir)     1          11.703          -4.573          -6.465         -15.947           16.612
 5015 (vir)     1          11.712          -4.458          -6.246         -15.560           16.568
 5016 (vir)     1          11.715          -3.832          -4.811         -13.199           16.270
 5017 (vir)     1          11.719          -3.477          -2.290         -10.330           16.282
 5018 (vir)     1          11.736          -3.965          -5.438         -14.699           17.032
 5019 (vir)     1          11.737          -3.763          -4.808         -13.077           16.243
 5020 (vir)     1          11.741          -4.272          -5.805         -15.036           16.700
 5021 (vir)     1          11.757          -3.972          -5.250         -14.068           16.603
 5022 (vir)     1          11.761          -3.482          -2.290         -10.336           16.324
 5023 (vir)     1          11.775          -4.683          -6.721         -16.203           16.574
 5024 (vir)     1          11.776          -4.204          -5.676         -14.804           16.699
 5025 (vir)     1          11.783          -3.722          -4.690         -12.895           16.266
 5026 (vir)     1          11.803          -3.487          -2.289         -10.341           16.368
 5027 (vir)     1          11.805          -4.130          -5.490         -14.579           16.765
 5028 (vir)     1          11.811          -4.123          -5.525         -14.523           16.686
 5029 (vir)     1          11.816          -4.350          -5.759         -15.572           17.278
 5030 (vir)     1          11.830          -4.333          -5.879         -14.980           16.598
 5031 (vir)     1          11.833          -3.558          -4.471         -12.311           16.115
 5032 (vir)     1          11.840          -3.703          -4.659         -12.860           16.338
 5033 (vir)     1          11.843          -3.967          -5.260         -13.839           16.455
 5034 (vir)     1          11.847          -3.492          -2.288         -10.346           16.413
 5035 (vir)     1          11.855          -4.517          -6.235         -15.693           16.797
 5036 (vir)     1          11.861          -4.060          -5.298         -13.978           16.481
 5037 (vir)     1          11.867          -4.355          -5.956         -15.756           17.313
 5038 (vir)     1          11.883          -4.202          -5.568         -14.522           16.635
 5039 (vir)     1          11.889          -4.088          -5.400         -14.245           16.646
 5040 (vir)     1          11.892          -3.496          -2.288         -10.351           16.459
 5041 (vir)     1          11.893          -4.344          -5.674         -15.409           17.284
 5042 (vir)     1          11.908          -1.878          -0.812          -5.312           14.530
 5043 (vir)     1          11.916          -4.144          -5.499         -14.451           16.724
 5044 (vir)     1          11.921          -4.552          -6.304         -15.756           16.821
 5045 (vir)     1          11.925          -3.613          -4.492         -12.530           16.350
 5046 (vir)     1          11.926          -3.627          -4.494         -12.485           16.290
 5047 (vir)     1          11.932          -4.774          -5.784         -15.502           16.876
 5048 (vir)     1          11.934          -1.856          -0.779          -5.213           14.512
 5049 (vir)     1          11.937          -3.502          -2.287         -10.356           16.505
 5050 (vir)     1          11.957          -3.853          -4.913         -13.074           16.265
 5051 (vir)     1          11.959          -4.306          -5.564         -15.187           17.275
 5052 (vir)     1          11.968          -4.333          -5.811         -15.081           16.905
 5053 (vir)     1          11.975          -4.579          -6.127         -15.855           17.124
 5054 (vir)     1          11.984          -3.507          -2.286         -10.362           16.553
 5055 (vir)     1          11.986          -4.304          -5.783         -14.874           16.773
 5056 (vir)     1          11.988          -4.532          -5.912         -15.920           17.464
 5057 (vir)     1          11.998          -4.289          -5.457         -14.912           17.163
 5058 (vir)     1          12.007          -3.603          -4.394         -12.333           16.343
 5059 (vir)     1          12.014          -3.744          -4.673         -13.052           16.649
 5060 (vir)     1          12.025          -4.547          -6.148         -15.755           17.086
 5061 (vir)     1          12.027          -4.515          -5.842         -15.862           17.532
 5062 (vir)     1          12.032          -4.503          -5.822         -15.848           17.554
 5063 (vir)     1          12.032          -4.403          -5.868         -15.222           16.983
 5064 (vir)     1          12.032          -3.513          -2.285         -10.368           16.602
 5065 (vir)     1          12.063          -3.692          -4.524         -12.664           16.511
 5066 (vir)     1          12.064          -3.639          -4.492         -12.261           16.193
 5067 (vir)     1          12.065          -3.663          -4.490         -12.585           16.497
 5068 (vir)     1          12.074          -4.634          -6.228         -15.951           17.164
 5069 (vir)     1          12.082          -3.518          -2.284         -10.373           16.652
 5070 (vir)     1          12.082          -4.540          -6.040         -15.726           17.228
 5071 (vir)     1          12.089          -4.603          -6.093         -15.895           17.287
 5072 (vir)     1          12.132          -3.525          -2.283         -10.379           16.704
 5073 (vir)     1          12.132          -1.897          -0.813          -5.355           14.777
 5074 (vir)     1          12.155          -1.881          -0.784          -5.267           14.757
 5075 (vir)     1          12.173          -3.480          -4.161         -11.559           16.092
 5076 (vir)     1          12.179          -4.357          -5.753         -15.753           17.822
 5077 (vir)     1          12.179          -4.357          -5.753         -15.753           17.822
 5078 (vir)     1          12.183          -3.530          -2.282         -10.385           16.756
 5079 (vir)     1          12.193          -4.626          -6.077         -15.833           17.322
 5080 (vir)     1          12.236          -3.537          -2.281         -10.391           16.809
 5081 (vir)     1          12.240          -4.503          -6.191         -15.439           16.985
 5082 (vir)     1          12.261          -4.721          -6.622         -16.091           17.009
 5083 (vir)     1          12.274          -4.432          -5.979         -15.241           17.104
 5084 (vir)     1          12.289          -3.543          -2.279         -10.397           16.864
 5085 (vir)     1          12.295          -3.845          -4.784         -12.862           16.528
 5086 (vir)     1          12.307          -4.320          -5.572         -14.600           17.015
 5087 (vir)     1          12.310          -4.522          -6.165         -15.460           17.083
 5088 (vir)     1          12.339          -1.935          -0.814          -5.397           14.987
 5089 (vir)     1          12.343          -4.645          -6.231         -15.850           17.317
 5090 (vir)     1          12.344          -3.550          -2.278         -10.403           16.919
 5091 (vir)     1          12.359          -1.891          -0.789          -5.319           14.998
 5092 (vir)     1          12.370          -4.516          -6.060         -15.481           17.275
 5093 (vir)     1          12.398          -4.797          -6.519         -16.310           17.392
 5094 (vir)     1          12.400          -3.557          -2.277         -10.410           16.976
 5095 (vir)     1          12.431          -4.016          -4.998         -13.441           16.858
 5096 (vir)     1          12.435          -4.490          -5.936         -15.379           17.389
 5097 (vir)     1          12.444          -4.004          -4.916         -13.358           16.882
 5098 (vir)     1          12.457          -3.564          -2.276         -10.416           17.034
 5099 (vir)     1          12.487          -4.888          -6.695         -16.584           17.489
 5100 (vir)     1          12.504          -4.501          -5.893         -15.380           17.490
 5101 (vir)     1          12.515          -3.729          -4.490         -12.390           16.686
 5102 (vir)     1          12.515          -3.571          -2.274         -10.423           17.093
 5103 (vir)     1          12.519          -4.054          -4.996         -13.570           17.039
 5104 (vir)     1          12.525          -1.947          -0.816          -5.435           15.197
 5105 (vir)     1          12.527          -3.462          -4.108         -11.457           16.414
 5106 (vir)     1          12.536          -4.339          -5.442         -14.589           17.345
 5107 (vir)     1          12.541          -4.685          -5.975         -15.778           17.660
 5108 (vir)     1          12.542          -1.919          -0.794          -5.368           15.196
 5109 (vir)     1          12.558          -3.371          -4.034         -11.224           16.377
 5110 (vir)     1          12.565          -4.541          -5.751         -15.295           17.568
 5111 (vir)     1          12.574          -3.579          -2.273         -10.430           17.153
 5112 (vir)     1          12.576          -4.532          -5.868         -15.406           17.582
 5113 (vir)     1          12.577          -4.921          -6.709         -16.657           17.602
 5114 (vir)     1          12.588          -3.267          -3.665         -10.659           16.315
 5115 (vir)     1          12.602          -3.472          -4.238         -11.653           16.545
 5116 (vir)     1          12.605          -4.670          -5.939         -15.735           17.731
 5117 (vir)     1          12.634          -4.589          -5.846         -15.487           17.687
 5118 (vir)     1          12.634          -3.587          -2.271         -10.437           17.213
 5119 (vir)     1          12.649          -3.650          -4.542         -12.338           16.796
 5120 (vir)     1          12.654          -4.749          -6.036         -15.986           17.855
 5121 (vir)     1          12.663          -4.769          -6.086         -16.013           17.821
 5122 (vir)     1          12.666          -4.922          -6.648         -16.618           17.714
 5123 (vir)     1          12.684          -1.946          -0.817          -5.468           15.389
 5124 (vir)     1          12.694          -3.830          -4.833         -13.011           17.042
 5125 (vir)     1          12.696          -3.595          -2.270         -10.444           17.275
 5126 (vir)     1          12.699          -1.948          -0.801          -5.417           15.367
 5127 (vir)     1          12.710          -4.597          -5.862         -15.490           17.741
 5128 (vir)     1          12.711          -4.791          -6.067         -16.098           17.951
 5129 (vir)     1          12.733          -3.994          -5.076         -13.585           17.249
 5130 (vir)     1          12.744          -3.329          -3.735         -10.884           16.564
 5131 (vir)     1          12.754          -4.769          -6.297         -16.016           17.704
 5132 (vir)     1          12.758          -3.604          -2.269         -10.452           17.337
 5133 (vir)     1          12.761          -4.843          -6.071         -16.085           17.933
 5134 (vir)     1          12.766          -4.233          -5.414         -14.422           17.541
 5135 (vir)     1          12.773          -4.687          -5.896         -15.713           17.902
 5136 (vir)     1          12.786          -4.606          -5.855         -15.412           17.736
 5137 (vir)     1          12.791          -3.592          -2.221         -10.330           17.308
 5138 (vir)     1          12.793          -3.578          -2.211         -10.293           17.297
 5139 (vir)     1          12.796          -3.589          -2.220         -10.324           17.312
 5140 (vir)     1          12.796          -4.228          -5.424         -14.423           17.568
 5141 (vir)     1          12.799          -3.582          -2.215         -10.308           17.310
 5142 (vir)     1          12.804          -3.591          -2.222         -10.332           17.323
 5143 (vir)     1          12.809          -3.585          -2.218         -10.318           17.325
 5144 (vir)     1          12.813          -1.967          -0.818          -5.494           15.522
 5145 (vir)     1          12.815          -3.591          -2.223         -10.338           17.338
 5146 (vir)     1          12.821          -4.304          -5.530         -14.681           17.668
 5147 (vir)     1          12.821          -3.614          -2.267         -10.461           17.401
 5148 (vir)     1          12.822          -3.564          -2.200         -10.258           17.316
 5149 (vir)     1          12.826          -2.015          -0.850          -5.606           15.567
 5150 (vir)     1          12.829          -3.593          -2.224         -10.343           17.355
 5151 (vir)     1          12.831          -4.701          -6.000         -15.730           17.860
 5152 (vir)     1          12.833          -4.740          -5.932         -15.887           18.048
 5153 (vir)     1          12.838          -3.592          -2.224         -10.343           17.364
 5154 (vir)     1          12.841          -4.371          -5.606         -14.879           17.743
 5155 (vir)     1          12.847          -3.595          -2.226         -10.349           17.375
 5156 (vir)     1          12.847          -4.850          -5.991         -15.959           17.966
 5157 (vir)     1          12.856          -4.417          -5.678         -15.051           17.811
 5158 (vir)     1          12.857          -3.596          -2.227         -10.352           17.386
 5159 (vir)     1          12.860          -4.912          -6.415         -16.399           17.933
 5160 (vir)     1          12.866          -4.450          -5.717         -15.148           17.847
 5161 (vir)     1          12.869          -3.598          -2.227         -10.355           17.399
 5162 (vir)     1          12.871          -4.473          -5.747         -15.221           17.873
 5163 (vir)     1          12.881          -3.600          -2.228         -10.359           17.411
 5164 (vir)     1          12.882          -4.607          -5.799         -15.544           18.020
 5165 (vir)     1          12.882          -4.624          -5.821         -15.591           18.029
 5166 (vir)     1          12.884          -3.626          -2.267         -10.473           17.464
 5167 (vir)     1          12.887          -4.702          -5.954         -15.884           18.114
 5168 (vir)     1          12.887          -4.648          -5.862         -15.683           18.060
 5169 (vir)     1          12.889          -4.595          -5.686         -15.382           17.990
 5170 (vir)     1          12.890          -4.697          -5.941         -15.855           18.107
 5171 (vir)     1          12.894          -3.602          -2.229         -10.363           17.425
 5172 (vir)     1          12.894          -4.734          -5.882         -15.652           17.931
 5173 (vir)     1          12.898          -4.425          -5.474         -14.833           17.832
 5174 (vir)     1          12.904          -4.629          -5.626         -15.155           17.804
 5175 (vir)     1          12.908          -3.604          -2.230         -10.367           17.440
 5176 (vir)     1          12.908          -1.976          -0.819          -5.514           15.627
 5177 (vir)     1          12.916          -3.394          -3.742         -10.980           16.760
 5178 (vir)     1          12.917          -4.306          -5.285         -14.434           17.761
 5179 (vir)     1          12.919          -2.001          -0.814          -5.500           15.604
 5180 (vir)     1          12.922          -3.596          -2.222         -10.341           17.445
 5181 (vir)     1          12.932          -4.450          -5.491         -14.952           17.944
 5182 (vir)     1          12.934          -3.658          -2.273         -10.507           17.510
 5183 (vir)     1          12.938          -4.977          -6.492         -16.574           18.044
 5184 (vir)     1          12.938          -3.609          -2.231         -10.375           17.472
 5185 (vir)     1          12.948          -4.217          -5.104         -14.048           17.675
 5186 (vir)     1          12.955          -3.612          -2.232         -10.379           17.490
 5187 (vir)     1          12.966          -1.966          -0.820          -5.526           15.706
 5188 (vir)     1          12.969          -4.567          -5.679         -15.367           18.089
 5189 (vir)     1          12.973          -3.604          -2.224         -10.353           17.497
 5190 (vir)     1          12.975          -2.032          -0.816          -5.514           15.642
 5191 (vir)     1          12.989          -4.691          -5.968         -15.717           18.047
 5192 (vir)     1          12.991          -4.229          -5.126         -14.077           17.712
 5193 (vir)     1          12.992          -3.618          -2.234         -10.389           17.528
 5194 (vir)     1          12.996          -4.940          -6.341         -16.749           18.464
 5195 (vir)     1          12.996          -4.907          -6.291         -16.645           18.443
 5196 (vir)     1          13.010          -4.875          -6.166         -16.446           18.415
 5197 (vir)     1          13.011          -3.622          -2.235         -10.393           17.548
 5198 (vir)     1          13.018          -4.433          -5.512         -14.842           17.915
 5199 (vir)     1          13.021          -4.904          -6.289         -16.691           18.519
 5200 (vir)     1          13.027          -3.626          -2.258         -10.465           17.607
 5201 (vir)     1          13.028          -4.772          -6.009         -16.109           18.357
 5202 (vir)     1          13.032          -3.625          -2.236         -10.398           17.570
 5203 (vir)     1          13.050          -4.406          -5.464         -14.649           17.829
 5204 (vir)     1          13.053          -4.874          -6.208         -16.565           18.536
 5205 (vir)     1          13.054          -3.629          -2.236         -10.403           17.592
 5206 (vir)     1          13.057          -4.832          -6.213         -16.598           18.611
 5207 (vir)     1          13.077          -3.632          -2.237         -10.408           17.615
 5208 (vir)     1          13.077          -4.413          -5.489         -14.721           17.895
 5209 (vir)     1          13.080          -3.373          -3.703         -10.909           16.913
 5210 (vir)     1          13.083          -4.823          -5.987         -16.159           18.433
 5211 (vir)     1          13.093          -3.639          -2.257         -10.477           17.673
 5212 (vir)     1          13.099          -4.796          -6.122         -16.431           18.611
 5213 (vir)     1          13.100          -3.637          -2.238         -10.414           17.639
 5214 (vir)     1          13.101          -4.736          -6.108         -16.446           18.703
 5215 (vir)     1          13.125          -3.641          -2.238         -10.419           17.665
 5216 (vir)     1          13.131          -4.534          -5.678         -15.048           17.967
 5217 (vir)     1          13.142          -4.745          -6.032         -16.378           18.743
 5218 (vir)     1          13.150          -4.727          -6.062         -16.368           18.729
 5219 (vir)     1          13.151          -3.645          -2.239         -10.424           17.691
 5220 (vir)     1          13.152          -4.797          -5.981         -16.187           18.561
 5221 (vir)     1          13.162          -3.649          -2.256         -10.486           17.742
 5222 (vir)     1          13.170          -4.251          -5.198         -14.132           17.853
 5223 (vir)     1          13.178          -3.650          -2.240         -10.429           17.718
 5224 (vir)     1          13.190          -4.613          -5.946         -16.255           18.887
 5225 (vir)     1          13.194          -3.940          -4.619         -12.948           17.582
 5226 (vir)     1          13.205          -4.624          -5.980         -16.303           18.905
 5227 (vir)     1          13.206          -3.654          -2.240         -10.435           17.747
 5228 (vir)     1          13.216          -4.864          -5.964         -16.195           18.583
 5229 (vir)     1          13.232          -3.659          -2.254         -10.494           17.813
 5230 (vir)     1          13.236          -3.659          -2.240         -10.440           17.777
 5231 (vir)     1          13.237          -4.568          -5.901         -16.165           18.933
 5232 (vir)     1          13.239          -4.833          -6.173         -16.068           18.301
 5233 (vir)     1          13.255          -4.766          -5.823         -16.127           18.793
 5234 (vir)     1          13.266          -3.663          -2.241         -10.445           17.807
 5235 (vir)     1          13.282          -4.867          -5.933         -16.183           18.665
 5236 (vir)     1          13.291          -4.627          -5.920         -16.180           18.923
 5237 (vir)     1          13.295          -4.756          -5.704         -15.956           18.791
 5238 (vir)     1          13.297          -3.668          -2.241         -10.451           17.839
 5239 (vir)     1          13.304          -3.670          -2.252         -10.502           17.884
 5240 (vir)     1          13.315          -5.043          -6.480         -16.716           18.508
 5241 (vir)     1          13.329          -4.733          -5.642         -15.871           18.824
 5242 (vir)     1          13.330          -3.673          -2.241         -10.456           17.871
 5243 (vir)     1          13.347          -4.750          -5.693         -15.930           18.835
 5244 (vir)     1          13.348          -4.856          -5.887         -16.115           18.720
 5245 (vir)     1          13.357          -3.038          -3.184          -9.990           17.124
 5246 (vir)     1          13.364          -3.678          -2.241         -10.461           17.906
 5247 (vir)     1          13.367          -4.601          -5.781         -16.002           18.987
 5248 (vir)     1          13.376          -3.680          -2.250         -10.510           17.956
 5249 (vir)     1          13.377          -4.700          -5.497         -15.671           18.852
 5250 (vir)     1          13.389          -3.588          -3.905         -11.644           17.539
 5251 (vir)     1          13.392          -4.875          -6.205         -16.421           18.733
 5252 (vir)     1          13.397          -4.620          -5.883         -15.868           18.761
 5253 (vir)     1          13.397          -4.631          -5.772         -15.915           18.909
 5254 (vir)     1          13.398          -4.682          -5.455         -15.605           18.866
 5255 (vir)     1          13.399          -3.683          -2.241         -10.466           17.941
 5256 (vir)     1          13.411          -4.673          -5.417         -15.550           18.871
 5257 (vir)     1          13.412          -4.837          -5.836         -16.041           18.781
 5258 (vir)     1          13.422          -4.651          -5.366         -15.473           18.879
 5259 (vir)     1          13.427          -4.656          -5.370         -15.475           18.876
 5260 (vir)     1          13.430          -4.313          -5.456         -15.168           18.830
 5261 (vir)     1          13.435          -3.687          -2.241         -10.472           17.978
 5262 (vir)     1          13.436          -4.610          -5.840         -16.060           19.046
 5263 (vir)     1          13.450          -3.690          -2.249         -10.518           18.030
 5264 (vir)     1          13.453          -4.715          -5.817         -16.054           18.976
 5265 (vir)     1          13.465          -5.059          -6.406         -16.677           18.677
 5266 (vir)     1          13.472          -3.693          -2.241         -10.477           18.016
 5267 (vir)     1          13.475          -4.826          -5.783         -15.953           18.820
 5268 (vir)     1          13.487          -4.107          -5.176         -14.565           18.768
 5269 (vir)     1          13.504          -3.243          -3.606         -10.965           17.621
 5270 (vir)     1          13.506          -3.491          -4.463         -12.919           18.470
 5271 (vir)     1          13.507          -4.720          -5.822         -16.013           18.978
 5272 (vir)     1          13.511          -3.698          -2.240         -10.482           18.055
 5273 (vir)     1          13.524          -5.015          -6.290         -16.495           18.714
 5274 (vir)     1          13.526          -3.700          -2.247         -10.526           18.105
 5275 (vir)     1          13.534          -4.722          -5.778         -15.994           19.028
 5276 (vir)     1          13.536          -4.797          -5.720         -15.841           18.860
 5277 (vir)     1          13.550          -3.703          -2.240         -10.487           18.096
 5278 (vir)     1          13.562          -5.095          -6.391         -16.727           18.803
 5279 (vir)     1          13.569          -4.063          -5.036         -14.262           18.733
 5280 (vir)     1          13.576          -4.753          -5.699         -15.774           18.898
 5281 (vir)     1          13.591          -3.708          -2.239         -10.493           18.137
 5282 (vir)     1          13.597          -4.756          -5.655         -15.714           18.900
 5283 (vir)     1          13.602          -3.711          -2.245         -10.534           18.180
 5284 (vir)     1          13.618          -4.304          -5.396         -15.099           19.017
 5285 (vir)     1          13.624          -3.794          -4.110         -12.230           17.950
 5286 (vir)     1          13.631          -4.717          -5.618         -15.731           19.027
 5287 (vir)     1          13.633          -4.741          -5.522         -15.381           18.752
 5288 (vir)     1          13.634          -3.713          -2.239         -10.498           18.180
 5289 (vir)     1          13.669          -4.648          -5.575         -15.562           19.008
 5290 (vir)     1          13.677          -3.718          -2.238         -10.503           18.224
 5291 (vir)     1          13.680          -3.722          -2.242         -10.542           18.257
 5292 (vir)     1          13.687          -4.427          -5.029         -14.287           18.518
 5293 (vir)     1          13.698          -4.374          -5.437         -15.230           19.118
 5294 (vir)     1          13.702          -3.753          -3.999         -11.995           17.945
 5295 (vir)     1          13.704          -3.168          -3.620         -11.062           17.977
 5296 (vir)     1          13.705          -3.505          -3.623         -11.152           17.729
 5297 (vir)     1          13.722          -3.724          -2.237         -10.508           18.269
 5298 (vir)     1          13.736          -4.891          -5.776         -16.167           19.236
 5299 (vir)     1          13.744          -3.694          -4.042         -12.115           18.123
 5300 (vir)     1          13.749          -3.557          -3.689         -11.360           17.863
 5301 (vir)     1          13.758          -3.732          -2.240         -10.549           18.335
 5302 (vir)     1          13.768          -3.729          -2.236         -10.513           18.316
 5303 (vir)     1          13.772          -3.573          -3.690         -11.372           17.881
 5304 (vir)     1          13.776          -4.981          -5.828         -16.381           19.348
 5305 (vir)     1          13.782          -4.273          -5.214         -14.771           19.066
 5306 (vir)     1          13.790          -4.835          -5.643         -15.919           19.231
 5307 (vir)     1          13.816          -3.735          -2.235         -10.518           18.364
 5308 (vir)     1          13.819          -3.822          -4.062         -12.285           18.220
 5309 (vir)     1          13.824          -4.187          -5.009         -14.338           18.966
 5310 (vir)     1          13.830          -4.993          -5.827         -16.369           19.381
 5311 (vir)     1          13.838          -3.744          -2.238         -10.557           18.414
 5312 (vir)     1          13.843          -4.930          -5.755         -16.185           19.343
 5313 (vir)     1          13.844          -4.355          -5.064         -14.576           19.001
 5314 (vir)     1          13.864          -3.741          -2.234         -10.523           18.413
 5315 (vir)     1          13.864          -3.631          -3.706         -11.493           18.021
 5316 (vir)     1          13.871          -4.136          -4.632         -13.539           18.642
 5317 (vir)     1          13.889          -4.441          -5.095         -14.662           19.016
 5318 (vir)     1          13.898          -4.942          -5.712         -16.131           19.375
 5319 (vir)     1          13.898          -3.126          -3.355         -10.508           17.926
 5320 (vir)     1          13.903          -4.453          -5.288         -15.015           19.178
 5321 (vir)     1          13.914          -3.747          -2.233         -10.529           18.463
 5322 (vir)     1          13.919          -3.755          -2.236         -10.565           18.494
 5323 (vir)     1          13.925          -3.634          -3.744         -11.609           18.156
 5324 (vir)     1          13.937          -4.433          -5.104         -14.709           19.109
 5325 (vir)     1          13.951          -4.874          -5.612         -15.907           19.372
 5326 (vir)     1          13.961          -4.264          -4.774         -13.919           18.842
 5327 (vir)     1          13.966          -3.752          -2.232         -10.534           18.515
 5328 (vir)     1          13.966          -4.909          -5.610         -15.937           19.385
 5329 (vir)     1          13.972          -3.835          -3.783         -11.754           18.108
 5330 (vir)     1          13.974          -4.462          -5.166         -14.778           19.123
 5331 (vir)     1          13.993          -4.510          -5.169         -14.857           19.171
 5332 (vir)     1          14.001          -3.766          -2.234         -10.573           18.575
 5333 (vir)     1          14.018          -3.759          -2.230         -10.539           18.568
 5334 (vir)     1          14.023          -4.486          -5.154         -14.789           19.171
 5335 (vir)     1          14.029          -4.418          -4.974         -14.409           19.046
 5336 (vir)     1          14.030          -4.470          -5.122         -14.849           19.287
 5337 (vir)     1          14.038          -4.280          -4.797         -14.062           19.024
 5338 (vir)     1          14.048          -4.772          -5.396         -15.455           19.335
 5339 (vir)     1          14.054          -3.983          -4.247         -12.800           18.625
 5340 (vir)     1          14.060          -4.417          -3.916         -12.140           17.867
 5341 (vir)     1          14.066          -4.569          -5.211         -14.959           19.245
 5342 (vir)     1          14.069          -4.534          -5.142         -14.810           19.203
 5343 (vir)     1          14.073          -3.765          -2.229         -10.544           18.623
 5344 (vir)     1          14.084          -3.778          -2.231         -10.581           18.656
 5345 (vir)     1          14.093          -3.160          -3.236         -10.309           18.006
 5346 (vir)     1          14.097          -4.706          -5.219         -15.126           19.299
 5347 (vir)     1          14.099          -4.425          -5.028         -14.578           19.224
 5348 (vir)     1          14.128          -3.772          -2.227         -10.549           18.678
 5349 (vir)     1          14.132          -4.120          -4.551         -13.567           19.029
 5350 (vir)     1          14.155          -4.569          -5.074         -14.784           19.295
 5351 (vir)     1          14.155          -4.994          -5.632         -16.098           19.627
 5352 (vir)     1          14.165          -4.232          -4.475         -13.484           18.943
 5353 (vir)     1          14.169          -3.789          -2.229         -10.589           18.740
 5354 (vir)     1          14.180          -3.915          -4.085         -12.495           18.674
 5355 (vir)     1          14.185          -3.779          -2.226         -10.554           18.735
 5356 (vir)     1          14.193          -3.975          -4.161         -12.693           18.749
 5357 (vir)     1          14.208          -4.662          -5.084         -14.887           19.349
 5358 (vir)     1          14.232          -4.122          -4.246         -13.035           18.900
 5359 (vir)     1          14.234          -5.146          -6.231         -16.858           19.716
 5360 (vir)     1          14.237          -4.342          -4.722         -13.899           19.072
 5361 (vir)     1          14.243          -3.786          -2.224         -10.560           18.793
 5362 (vir)     1          14.254          -3.800          -2.227         -10.597           18.824
 5363 (vir)     1          14.256          -2.971          -2.912          -9.577           17.949
 5364 (vir)     1          14.256          -4.652          -5.005         -14.768           19.367
 5365 (vir)     1          14.257          -5.048          -5.692         -16.208           19.725
 5366 (vir)     1          14.260          -5.123          -6.183         -16.766           19.719
 5367 (vir)     1          14.284          -4.236          -4.341         -13.319           19.027
 5368 (vir)     1          14.284          -4.294          -4.613         -13.673           19.049
 5369 (vir)     1          14.295          -4.592          -4.881         -14.519           19.341
 5370 (vir)     1          14.302          -5.042          -6.066         -16.613           19.807
 5371 (vir)     1          14.302          -3.794          -2.222         -10.565           18.851
 5372 (vir)     1          14.318          -4.398          -4.542         -13.816           19.193
 5373 (vir)     1          14.318          -4.336          -4.543         -13.746           19.185
 5374 (vir)     1          14.323          -4.064          -4.321         -13.113           19.051
 5375 (vir)     1          14.337          -3.817          -3.879         -12.105           18.747
 5376 (vir)     1          14.338          -4.955          -5.814         -16.254           19.822
 5377 (vir)     1          14.341          -3.812          -2.224         -10.605           18.909
 5378 (vir)     1          14.363          -3.801          -2.220         -10.571           18.913
 5379 (vir)     1          14.366          -4.218          -4.461         -13.286           18.974
 5380 (vir)     1          14.370          -5.057          -5.690         -16.182           19.805
 5381 (vir)     1          14.386          -3.986          -4.563         -13.424           19.261
 5382 (vir)     1          14.402          -4.159          -4.366         -13.089           18.967
 5383 (vir)     1          14.411          -4.094          -4.475         -13.184           19.026
 5384 (vir)     1          14.425          -3.809          -2.218         -10.577           18.974
 5385 (vir)     1          14.428          -3.824          -2.222         -10.613           18.995
 5386 (vir)     1          14.432          -4.127          -4.329         -13.074           19.050
 5387 (vir)     1          14.435          -4.330          -5.001         -14.495           19.599
 5388 (vir)     1          14.446          -4.007          -4.135         -12.867           19.171
 5389 (vir)     1          14.448          -4.180          -4.380         -13.393           19.281
 5390 (vir)     1          14.459          -5.058          -5.587         -16.077           19.890
 5391 (vir)     1          14.468          -3.973          -4.180         -12.782           19.097
 5392 (vir)     1          14.475          -3.802          -3.841         -12.088           18.919
 5393 (vir)     1          14.484          -4.079          -4.536         -13.472           19.341
 5394 (vir)     1          14.488          -3.819          -2.217         -10.583           19.036
 5395 (vir)     1          14.492          -3.872          -3.982         -12.385           19.022
 5396 (vir)     1          14.500          -4.547          -5.220         -14.944           19.677
 5397 (vir)     1          14.500          -4.046          -4.165         -12.734           19.023
 5398 (vir)     1          14.510          -4.078          -4.245         -12.967           19.155
 5399 (vir)     1          14.511          -4.600          -4.844         -14.449           19.516
 5400 (vir)     1          14.513          -4.572          -4.808         -14.365           19.497
 5401 (vir)     1          14.514          -4.520          -4.746         -14.214           19.462
 5402 (vir)     1          14.515          -4.176          -4.384         -13.315           19.270
 5403 (vir)     1          14.515          -4.427          -4.637         -13.949           19.401
 5404 (vir)     1          14.516          -4.320          -4.533         -13.695           19.358
 5405 (vir)     1          14.517          -3.836          -2.220         -10.621           19.082
 5406 (vir)     1          14.521          -4.289          -4.519         -13.660           19.372
 5407 (vir)     1          14.522          -4.245          -4.468         -13.546           19.355
 5408 (vir)     1          14.544          -4.911          -5.292         -15.510           19.850
 5409 (vir)     1          14.552          -3.829          -2.215         -10.591           19.099
 5410 (vir)     1          14.565          -4.782          -5.449         -15.513           19.846
 5411 (vir)     1          14.582          -3.566          -3.618         -11.339           18.737
 5412 (vir)     1          14.597          -3.394          -3.484         -11.516           19.235
 5413 (vir)     1          14.606          -3.849          -2.217         -10.629           19.170
 5414 (vir)     1          14.617          -3.840          -2.213         -10.599           19.163
 5415 (vir)     1          14.628          -4.908          -5.204         -15.420           19.937
 5416 (vir)     1          14.628          -4.740          -5.265         -15.168           19.791
 5417 (vir)     1          14.650          -4.234          -4.562         -13.812           19.666
 5418 (vir)     1          14.653          -4.242          -4.542         -13.784           19.653
 5419 (vir)     1          14.680          -4.577          -4.914         -14.454           19.643
 5420 (vir)     1          14.682          -3.853          -2.213         -10.610           19.227
 5421 (vir)     1          14.697          -3.860          -2.215         -10.637           19.259
 5422 (vir)     1          14.701          -3.657          -3.471         -11.630           19.204
 5423 (vir)     1          14.702          -3.598          -3.645         -11.410           18.869
 5424 (vir)     1          14.704          -4.825          -5.032         -15.080           19.927
 5425 (vir)     1          14.739          -4.792          -5.088         -15.006           19.865
 5426 (vir)     1          14.744          -3.871          -2.213         -10.627           19.287
 5427 (vir)     1          14.768          -4.649          -4.753         -14.442           19.808
 5428 (vir)     1          14.776          -3.713          -3.467         -11.728           19.324
 5429 (vir)     1          14.788          -3.510          -3.465         -11.101           18.914
 5430 (vir)     1          14.789          -3.873          -2.212         -10.645           19.349
 5431 (vir)     1          14.791          -4.685          -4.821         -14.559           19.844
 5432 (vir)     1          14.795          -3.897          -2.217         -10.652           19.334
 5433 (vir)     1          14.798          -4.318          -4.356         -13.542           19.666
 5434 (vir)     1          14.799          -4.361          -4.392         -13.647           19.693
 5435 (vir)     1          14.813          -4.380          -4.347         -13.520           19.605
 5436 (vir)     1          14.818          -4.389          -4.436         -13.762           19.754
 5437 (vir)     1          14.825          -4.328          -4.301         -13.487           19.683
 5438 (vir)     1          14.826          -3.766          -3.491         -11.858           19.428
 5439 (vir)     1          14.829          -3.738          -3.334         -11.437           19.194
 5440 (vir)     1          14.840          -3.946          -3.642         -12.120           19.371
 5441 (vir)     1          14.843          -3.785          -3.475         -11.657           19.240
 5442 (vir)     1          14.845          -4.333          -4.281         -13.463           19.694
 5443 (vir)     1          14.851          -4.544          -4.592         -14.152           19.866
 5444 (vir)     1          14.854          -4.296          -4.197         -13.256           19.617
 5445 (vir)     1          14.861          -3.777          -3.514         -11.947           19.516
 5446 (vir)     1          14.862          -4.407          -4.394         -13.721           19.782
 5447 (vir)     1          14.864          -3.790          -3.517         -11.963           19.520
 5448 (vir)     1          14.873          -3.792          -3.375         -11.555           19.261
 5449 (vir)     1          14.877          -4.028          -3.900         -12.520           19.468
 5450 (vir)     1          14.881          -4.009          -3.871         -12.465           19.467
 5451 (vir)     1          14.882          -3.885          -2.209         -10.653           19.440
 5452 (vir)     1          14.884          -4.907          -5.017         -15.326           20.286
 5453 (vir)     1          14.884          -4.907          -5.017         -15.326           20.286
 5454 (vir)     1          14.889          -3.749          -3.424         -11.519           19.236
 5455 (vir)     1          14.894          -4.363          -4.289         -13.558           19.800
 5456 (vir)     1          14.894          -4.866          -4.965         -15.193           20.256
 5457 (vir)     1          14.894          -4.865          -4.960         -15.187           20.256
 5458 (vir)     1          14.901          -4.292          -4.189         -13.317           19.736
 5459 (vir)     1          14.906          -4.291          -4.124         -13.253           19.743
 5460 (vir)     1          14.909          -4.810          -4.889         -15.002           20.211
 5461 (vir)     1          14.910          -4.806          -4.878         -14.987           20.213
 5462 (vir)     1          14.911          -4.835          -4.978         -15.109           20.208
 5463 (vir)     1          14.916          -3.483          -3.473         -11.048           19.009
 5464 (vir)     1          14.919          -4.332          -4.173         -13.385           19.799
 5465 (vir)     1          14.923          -4.678          -4.744         -14.562           20.063
 5466 (vir)     1          14.924          -4.320          -4.187         -13.376           19.793
 5467 (vir)     1          14.928          -4.739          -4.795         -14.759           20.154
 5468 (vir)     1          14.929          -4.736          -4.781         -14.753           20.165
 5469 (vir)     1          14.932          -4.749          -4.817         -14.733           20.100
 5470 (vir)     1          14.933          -4.087          -3.773         -12.529           19.601
 5471 (vir)     1          14.941          -4.425          -4.337         -13.720           19.899
 5472 (vir)     1          14.943          -4.796          -4.864         -14.904           20.187
 5473 (vir)     1          14.945          -4.184          -3.922         -12.856           19.695
 5474 (vir)     1          14.950          -4.262          -4.053         -13.133           19.767
 5475 (vir)     1          14.951          -4.657          -4.685         -14.478           20.086
 5476 (vir)     1          14.951          -4.229          -3.989         -13.005           19.739
 5477 (vir)     1          14.952          -4.663          -4.677         -14.502           20.114
 5478 (vir)     1          14.957          -4.682          -4.689         -14.470           20.055
 5479 (vir)     1          14.958          -4.473          -4.388         -13.839           19.936
 5480 (vir)     1          14.960          -3.838          -2.185         -10.554           19.490
 5481 (vir)     1          14.972          -4.679          -4.681         -14.502           20.114
 5482 (vir)     1          14.975          -4.569          -4.565         -14.173           20.013
 5483 (vir)     1          14.975          -3.897          -2.207         -10.661           19.532
 5484 (vir)     1          14.977          -4.584          -4.567         -14.231           20.057
 5485 (vir)     1          14.979          -4.650          -4.617         -14.338           20.049
 5486 (vir)     1          14.986          -4.558          -4.483         -14.050           19.995
 5487 (vir)     1          14.999          -4.687          -4.657         -14.453           20.107
 5488 (vir)     1          14.999          -4.479          -4.444         -13.870           19.946
 5489 (vir)     1          15.002          -4.490          -4.440         -13.905           19.977
 5490 (vir)     1          15.005          -4.401          -4.253         -13.583           19.935
 5491 (vir)     1          15.006          -4.534          -4.433         -13.945           19.984
 5492 (vir)     1          15.013          -3.848          -2.186         -10.569           19.548
 5493 (vir)     1          15.014          -4.586          -4.500         -14.106           20.034
 5494 (vir)     1          15.021          -4.539          -4.432         -13.961           20.012
 5495 (vir)     1          15.023          -4.406          -4.340         -13.628           19.904
 5496 (vir)     1          15.027          -4.356          -4.269         -13.438           19.841
 5497 (vir)     1          15.027          -4.458          -4.308         -13.677           19.938
 5498 (vir)     1          15.029          -4.492          -4.354         -13.798           19.981
 5499 (vir)     1          15.034          -4.433          -4.263         -13.604           19.942
 5500 (vir)     1          15.034          -4.409          -4.228         -13.532           19.930
 5501 (vir)     1          15.036          -4.365          -4.157         -13.386           19.900
 5502 (vir)     1          15.037          -4.370          -4.166         -13.403           19.902
 5503 (vir)     1          15.037          -4.385          -4.196         -13.473           19.929
 5504 (vir)     1          15.045          -4.372          -4.277         -13.514           19.909
 5505 (vir)     1          15.045          -4.390          -4.206         -13.486           19.936
 5506 (vir)     1          15.047          -4.188          -4.065         -12.870           19.664
 5507 (vir)     1          15.054          -4.390          -4.196         -13.439           19.907
 5508 (vir)     1          15.062          -4.094          -3.945         -12.556           19.579
 5509 (vir)     1          15.066          -4.175          -4.025         -12.822           19.687
 5510 (vir)     1          15.069          -4.378          -4.173         -13.390           19.908
 5511 (vir)     1          15.070          -3.910          -2.204         -10.668           19.625
 5512 (vir)     1          15.072          -4.401          -4.198         -13.531           20.005
 5513 (vir)     1          15.074          -3.939          -3.752         -12.029           19.412
 5514 (vir)     1          15.075          -4.293          -4.164         -13.252           19.871
 5515 (vir)     1          15.080          -3.862          -2.185         -10.582           19.616
 5516 (vir)     1          15.084          -4.375          -4.165         -13.390           19.934
 5517 (vir)     1          15.094          -4.385          -4.164         -13.413           19.957
 5518 (vir)     1          15.097          -4.531          -4.418         -14.053           20.202
 5519 (vir)     1          15.102          -4.404          -4.190         -13.531           20.040
 5520 (vir)     1          15.108          -4.379          -4.155         -13.381           19.954
 5521 (vir)     1          15.120          -4.383          -4.158         -13.398           19.977
 5522 (vir)     1          15.123          -4.420          -4.188         -13.571           20.085
 5523 (vir)     1          15.124          -4.541          -4.415         -14.070           20.238
 5524 (vir)     1          15.132          -4.390          -4.165         -13.429           20.006
 5525 (vir)     1          15.138          -4.277          -4.288         -13.354           19.927
 5526 (vir)     1          15.139          -4.415          -4.163         -13.516           20.076
 5527 (vir)     1          15.139          -4.284          -4.288         -13.365           19.932
 5528 (vir)     1          15.142          -4.404          -4.180         -13.496           20.054
 5529 (vir)     1          15.148          -4.427          -4.328         -13.732           20.125
 5530 (vir)     1          15.149          -4.398          -4.137         -13.427           20.041
 5531 (vir)     1          15.152          -4.424          -4.185         -13.568           20.111
 5532 (vir)     1          15.152          -4.294          -4.297         -13.398           19.959
 5533 (vir)     1          15.153          -3.875          -2.183         -10.593           19.688
 5534 (vir)     1          15.155          -4.404          -4.135         -13.441           20.058
 5535 (vir)     1          15.157          -4.419          -4.354         -13.710           20.093
 5536 (vir)     1          15.159          -4.418          -4.200         -13.590           20.131
 5537 (vir)     1          15.160          -4.412          -4.180         -13.541           20.109
 5538 (vir)     1          15.165          -3.922          -2.201         -10.676           19.718
 5539 (vir)     1          15.170          -4.381          -4.291         -13.586           20.084
 5540 (vir)     1          15.172          -4.332          -4.325         -13.493           20.007
 5541 (vir)     1          15.183          -4.481          -4.342         -13.831           20.191
 5542 (vir)     1          15.194          -4.404          -4.289         -13.620           20.120
 5543 (vir)     1          15.196          -4.401          -4.395         -13.677           20.076
 5544 (vir)     1          15.199          -4.520          -4.240         -13.738           20.176
 5545 (vir)     1          15.201          -4.518          -4.239         -13.734           20.179
 5546 (vir)     1          15.204          -4.466          -4.200         -13.631           20.169
 5547 (vir)     1          15.205          -4.142          -3.945         -12.945           20.064
 5548 (vir)     1          15.205          -4.189          -3.981         -13.042           20.078
 5549 (vir)     1          15.207          -4.474          -4.292         -13.763           20.205
 5550 (vir)     1          15.209          -4.512          -4.238         -13.730           20.189
 5551 (vir)     1          15.216          -4.513          -4.247         -13.745           20.201
 5552 (vir)     1          15.216          -4.443          -4.314         -13.710           20.169
 5553 (vir)     1          15.224          -4.468          -4.408         -13.806           20.155
 5554 (vir)     1          15.224          -4.517          -4.262         -13.772           20.217
 5555 (vir)     1          15.228          -4.483          -4.278         -13.755           20.222
 5556 (vir)     1          15.230          -3.887          -2.181         -10.601           19.762
 5557 (vir)     1          15.235          -4.526          -4.289         -13.820           20.239
 5558 (vir)     1          15.238          -4.509          -4.423         -13.917           20.223
 5559 (vir)     1          15.243          -4.500          -4.279         -13.774           20.238
 5560 (vir)     1          15.244          -4.485          -4.291         -13.747           20.215
 5561 (vir)     1          15.248          -4.543          -4.328         -13.891           20.269
 5562 (vir)     1          15.253          -4.521          -4.288         -13.811           20.256
 5563 (vir)     1          15.254          -4.513          -4.290         -13.798           20.249
 5564 (vir)     1          15.262          -3.934          -2.198         -10.683           19.812
 5565 (vir)     1          15.263          -4.566          -4.372         -13.978           20.303
 5566 (vir)     1          15.265          -4.579          -4.615         -14.192           20.263
 5567 (vir)     1          15.278          -4.589          -4.415         -14.064           20.337
 5568 (vir)     1          15.292          -4.608          -4.447         -14.127           20.365
 5569 (vir)     1          15.296          -4.609          -4.635         -14.245           20.297
 5570 (vir)     1          15.304          -4.617          -4.460         -14.154           20.381
 5571 (vir)     1          15.309          -3.899          -2.179         -10.608           19.839
 5572 (vir)     1          15.312          -4.546          -4.362         -13.838           20.242
 5573 (vir)     1          15.312          -4.543          -4.359         -13.827           20.238
 5574 (vir)     1          15.312          -4.609          -4.445         -14.113           20.372
 5575 (vir)     1          15.314          -4.544          -4.355         -13.838           20.253
 5576 (vir)     1          15.314          -4.547          -4.360         -13.849           20.256
 5577 (vir)     1          15.315          -4.546          -4.355         -13.850           20.265
 5578 (vir)     1          15.316          -4.547          -4.355         -13.854           20.267
 5579 (vir)     1          15.317          -4.583          -4.406         -14.006           20.334
 5580 (vir)     1          15.317          -4.552          -4.358         -13.882           20.289
 5581 (vir)     1          15.318          -4.571          -4.382         -13.954           20.318
 5582 (vir)     1          15.319          -4.569          -4.379         -13.944           20.315
 5583 (vir)     1          15.319          -4.580          -4.391         -13.992           20.340
 5584 (vir)     1          15.319          -4.567          -4.385         -13.935           20.302
 5585 (vir)     1          15.321          -4.544          -4.369         -13.849           20.257
 5586 (vir)     1          15.326          -4.517          -4.352         -13.734           20.190
 5587 (vir)     1          15.326          -4.613          -4.595         -14.200           20.318
 5588 (vir)     1          15.329          -4.552          -4.426         -14.064           20.416
 5589 (vir)     1          15.329          -4.549          -4.425         -14.059           20.414
 5590 (vir)     1          15.333          -4.494          -4.336         -13.641           20.144
 5591 (vir)     1          15.343          -4.480          -4.321         -13.576           20.119
 5592 (vir)     1          15.349          -4.598          -4.523         -14.092           20.321
 5593 (vir)     1          15.356          -4.468          -4.306         -13.522           20.104
 5594 (vir)     1          15.359          -3.945          -2.195         -10.690           19.908
 5595 (vir)     1          15.365          -4.569          -4.434         -13.949           20.311
 5596 (vir)     1          15.372          -4.460          -4.292         -13.478           20.098
 5597 (vir)     1          15.372          -4.537          -4.347         -13.803           20.291
 5598 (vir)     1          15.374          -4.513          -4.289         -13.701           20.273
 5599 (vir)     1          15.375          -4.506          -4.278         -13.676           20.268
 5600 (vir)     1          15.378          -3.888          -2.113         -10.411           19.788
 5601 (vir)     1          15.379          -3.889          -2.113         -10.412           19.789
 5602 (vir)     1          15.380          -4.509          -4.290         -13.691           20.272
 5603 (vir)     1          15.381          -3.889          -2.114         -10.413           19.791
 5604 (vir)     1          15.384          -3.890          -2.114         -10.414           19.794
 5605 (vir)     1          15.387          -3.890          -2.114         -10.416           19.798
 5606 (vir)     1          15.389          -4.453          -4.280         -13.443           20.099
 5607 (vir)     1          15.389          -3.910          -2.176         -10.614           19.917
 5608 (vir)     1          15.390          -3.890          -2.115         -10.418           19.803
 5609 (vir)     1          15.391          -4.518          -4.312         -13.721           20.282
 5610 (vir)     1          15.394          -3.891          -2.116         -10.420           19.808
 5611 (vir)     1          15.399          -3.893          -2.116         -10.423           19.812
 5612 (vir)     1          15.404          -3.894          -2.117         -10.426           19.819
 5613 (vir)     1          15.407          -4.449          -4.270         -13.416           20.104
 5614 (vir)     1          15.409          -4.536          -4.351         -13.782           20.304
 5615 (vir)     1          15.410          -3.895          -2.118         -10.429           19.826
 5616 (vir)     1          15.417          -3.898          -2.119         -10.433           19.833
 5617 (vir)     1          15.424          -3.900          -2.120         -10.437           19.840
 5618 (vir)     1          15.427          -4.446          -4.260         -13.394           20.113
 5619 (vir)     1          15.431          -3.903          -2.122         -10.442           19.848
 5620 (vir)     1          15.437          -4.565          -4.409         -13.883           20.347
 5621 (vir)     1          15.440          -3.906          -2.123         -10.446           19.856
 5622 (vir)     1          15.447          -4.445          -4.252         -13.376           20.125
 5623 (vir)     1          15.448          -3.911          -2.127         -10.461           19.871
 5624 (vir)     1          15.457          -3.954          -2.187         -10.678           19.993
 5625 (vir)     1          15.458          -3.913          -2.126         -10.456           19.875
 5626 (vir)     1          15.467          -4.445          -4.245         -13.361           20.139
 5627 (vir)     1          15.469          -3.919          -2.129         -10.468           19.889
 5628 (vir)     1          15.472          -3.922          -2.173         -10.620           19.997
 5629 (vir)     1          15.476          -4.600          -4.479         -14.021           20.418
 5630 (vir)     1          15.480          -3.921          -2.129         -10.467           19.898
 5631 (vir)     1          15.488          -4.444          -4.239         -13.349           20.155
 5632 (vir)     1          15.492          -3.926          -2.131         -10.474           19.910
 5633 (vir)     1          15.504          -3.930          -2.132         -10.480           19.921
 5634 (vir)     1          15.509          -4.445          -4.232         -13.338           20.170
 5635 (vir)     1          15.518          -3.935          -2.134         -10.486           19.935
 5636 (vir)     1          15.518          -4.592          -4.497         -14.086           20.514
 5637 (vir)     1          15.530          -4.446          -4.226         -13.328           20.186
 5638 (vir)     1          15.531          -3.940          -2.136         -10.495           19.950
 5639 (vir)     1          15.544          -4.459          -4.371         -13.850           20.563
 5640 (vir)     1          15.547          -3.946          -2.137         -10.500           19.964
 5641 (vir)     1          15.551          -4.446          -4.220         -13.317           20.202
 5642 (vir)     1          15.555          -3.966          -2.183         -10.677           20.083
 5643 (vir)     1          15.556          -3.932          -2.170         -10.626           20.080
 5644 (vir)     1          15.563          -3.952          -2.145         -10.530           19.996
 5645 (vir)     1          15.565          -4.437          -4.352         -13.787           20.564
 5646 (vir)     1          15.571          -4.446          -4.213         -13.305           20.217
 5647 (vir)     1          15.579          -3.956          -2.141         -10.515           19.997
 5648 (vir)     1          15.591          -4.447          -4.205         -13.291           20.230
 5649 (vir)     1          15.596          -3.961          -2.143         -10.523           20.015
 5650 (vir)     1          15.603          -4.554          -4.484         -14.055           20.620
 5651 (vir)     1          15.610          -4.445          -4.196         -13.275           20.243
 5652 (vir)     1          15.614          -3.967          -2.145         -10.530           20.033
 5653 (vir)     1          15.628          -4.443          -4.187         -13.256           20.255
 5654 (vir)     1          15.634          -3.973          -2.147         -10.538           20.052
 5655 (vir)     1          15.642          -3.944          -2.166         -10.631           20.162
 5656 (vir)     1          15.643          -4.556          -4.479         -14.078           20.686
 5657 (vir)     1          15.646          -4.439          -4.177         -13.236           20.266
 5658 (vir)     1          15.652          -3.980          -2.168         -10.627           20.131
 5659 (vir)     1          15.655          -3.968          -2.170         -10.625           20.143
 5660 (vir)     1          15.662          -4.436          -4.167         -13.216           20.276
 5661 (vir)     1          15.670          -4.591          -4.524         -14.163           20.718
 5662 (vir)     1          15.674          -3.981          -2.152         -10.557           20.097
 5663 (vir)     1          15.678          -4.434          -4.160         -13.208           20.292
 5664 (vir)     1          15.681          -3.947          -3.583         -12.133           20.284
 5665 (vir)     1          15.681          -3.971          -3.617         -12.206           20.299
 5666 (vir)     1          15.689          -3.985          -3.624         -12.235           20.315
 5667 (vir)     1          15.692          -4.431          -4.151         -13.239           20.349
 5668 (vir)     1          15.693          -4.045          -3.701         -12.416           20.362
 5669 (vir)     1          15.698          -4.690          -4.649         -14.403           20.761
 5670 (vir)     1          15.698          -3.995          -2.149         -10.563           20.116
 5671 (vir)     1          15.699          -4.358          -4.109         -13.258           20.490
 5672 (vir)     1          15.702          -4.018          -3.659         -12.328           20.353
 5673 (vir)     1          15.703          -4.351          -4.096         -13.207           20.463
 5674 (vir)     1          15.709          -4.262          -3.987         -13.047           20.507
 5675 (vir)     1          15.713          -4.439          -4.158         -13.261           20.376
 5676 (vir)     1          15.717          -3.987          -2.156         -10.578           20.152
 5677 (vir)     1          15.719          -4.158          -3.846         -12.745           20.461
 5678 (vir)     1          15.721          -4.588          -4.361         -13.845           20.616
 5679 (vir)     1          15.722          -4.099          -3.725         -12.521           20.420
 5680 (vir)     1          15.723          -4.616          -4.408         -13.977           20.676
 5681 (vir)     1          15.727          -4.584          -4.343         -13.820           20.620
 5682 (vir)     1          15.729          -4.589          -4.347         -13.841           20.633
 5683 (vir)     1          15.729          -3.955          -2.163         -10.636           20.247
 5684 (vir)     1          15.731          -4.516          -4.192         -13.495           20.519
 5685 (vir)     1          15.731          -4.508          -4.176         -13.462           20.509
 5686 (vir)     1          15.732          -4.508          -4.173         -13.457           20.507
 5687 (vir)     1          15.732          -4.524          -4.209         -13.536           20.535
 5688 (vir)     1          15.733          -4.504          -4.169         -13.444           20.503
 5689 (vir)     1          15.737          -4.581          -4.353         -13.835           20.638
 5690 (vir)     1          15.737          -4.128          -3.774         -12.623           20.460
 5691 (vir)     1          15.738          -4.139          -3.759         -12.620           20.459
 5692 (vir)     1          15.739          -4.528          -4.352         -13.734           20.594
 5693 (vir)     1          15.745          -4.014          -2.154         -10.582           20.159
 5694 (vir)     1          15.747          -4.543          -4.347         -13.826           20.683
 5695 (vir)     1          15.754          -4.164          -3.776         -12.677           20.490
 5696 (vir)     1          15.755          -4.007          -2.174         -10.680           20.255
 5697 (vir)     1          15.759          -4.220          -3.876         -12.873           20.537
 5698 (vir)     1          15.760          -4.425          -4.305         -13.549           20.578
 5699 (vir)     1          15.764          -4.474          -4.229         -13.601           20.662
 5700 (vir)     1          15.769          -4.197          -3.810         -12.764           20.527
 5701 (vir)     1          15.773          -4.025          -2.159         -10.615           20.205
 5702 (vir)     1          15.777          -4.240          -3.862         -12.890           20.565
 5703 (vir)     1          15.784          -4.436          -4.241         -13.437           20.543
 5704 (vir)     1          15.785          -4.233          -3.853         -12.866           20.565
 5705 (vir)     1          15.792          -4.343          -3.974         -13.165           20.639
 5706 (vir)     1          15.794          -4.867          -4.636         -14.612           20.904
 5707 (vir)     1          15.795          -4.457          -4.150         -13.408           20.596
 5708 (vir)     1          15.795          -4.824          -4.577         -14.486           20.881
 5709 (vir)     1          15.795          -4.024          -2.158         -10.599           20.212
 5710 (vir)     1          15.804          -4.330          -3.949         -13.122           20.648
 5711 (vir)     1          15.805          -4.318          -3.962         -13.114           20.639
 5712 (vir)     1          15.808          -4.504          -4.101         -13.494           20.698
 5713 (vir)     1          15.809          -4.821          -4.586         -14.502           20.903
 5714 (vir)     1          15.813          -4.532          -4.184         -13.651           20.748
 5715 (vir)     1          15.815          -4.438          -4.222         -13.417           20.572
 5716 (vir)     1          15.817          -4.407          -4.046         -13.346           20.710
 5717 (vir)     1          15.818          -3.966          -2.160         -10.641           20.333
 5718 (vir)     1          15.823          -4.033          -2.159         -10.608           20.239
 5719 (vir)     1          15.824          -4.525          -4.207         -13.697           20.791
 5720 (vir)     1          15.830          -4.518          -4.171         -13.605           20.746
 5721 (vir)     1          15.830          -4.596          -4.258         -13.831           20.807
 5722 (vir)     1          15.832          -4.701          -4.453         -14.218           20.896
 5723 (vir)     1          15.835          -4.595          -4.284         -13.869           20.824
 5724 (vir)     1          15.837          -4.401          -4.043         -13.192           20.584
 5725 (vir)     1          15.838          -4.454          -4.112         -13.502           20.775
 5726 (vir)     1          15.844          -4.513          -4.169         -13.644           20.806
 5727 (vir)     1          15.847          -4.029          -2.166         -10.641           20.294
 5728 (vir)     1          15.849          -4.567          -4.233         -13.791           20.840
 5729 (vir)     1          15.851          -4.574          -4.242         -13.771           20.806
 5730 (vir)     1          15.855          -4.671          -4.402         -14.143           20.926
 5731 (vir)     1          15.856          -4.429          -4.215         -13.428           20.641
 5732 (vir)     1          15.859          -4.776          -4.541         -14.425           20.968
 5733 (vir)     1          15.861          -4.550          -4.185         -13.667           20.793
 5734 (vir)     1          15.862          -4.571          -4.219         -13.759           20.832
 5735 (vir)     1          15.863          -4.028          -2.172         -10.695           20.358
 5736 (vir)     1          15.869          -4.630          -4.341         -14.042           20.940
 5737 (vir)     1          15.871          -4.558          -4.188         -13.696           20.822
 5738 (vir)     1          15.871          -4.539          -4.147         -13.602           20.786
 5739 (vir)     1          15.877          -4.871          -4.694         -14.734           21.047
 5740 (vir)     1          15.880          -4.047          -2.162         -10.625           20.297
 5741 (vir)     1          15.885          -4.720          -4.474         -14.359           21.050
 5742 (vir)     1          15.888          -4.332          -3.913         -12.936           20.578
 5743 (vir)     1          15.891          -4.920          -4.736         -14.850           21.086
 5744 (vir)     1          15.903          -4.801          -4.581         -14.614           21.135
 5745 (vir)     1          15.906          -4.965          -4.848         -15.057           21.150
 5746 (vir)     1          15.907          -4.406          -4.186         -13.396           20.710
 5747 (vir)     1          15.908          -3.977          -2.156         -10.646           20.421
 5748 (vir)     1          15.912          -4.056          -2.164         -10.635           20.328
 5749 (vir)     1          15.924          -4.961          -4.780         -15.006           21.189
 5750 (vir)     1          15.926          -4.937          -4.753         -14.984           21.220
 5751 (vir)     1          15.931          -4.960          -4.839         -15.045           21.177
 5752 (vir)     1          15.940          -4.055          -2.166         -10.651           20.370
 5753 (vir)     1          15.947          -4.322          -3.879         -12.882           20.628
 5754 (vir)     1          15.950          -5.669          -5.953         -17.258           21.587
 5755 (vir)     1          15.951          -5.085          -4.935         -15.353           21.284
 5756 (vir)     1          15.951          -5.609          -5.852         -17.064           21.554
 5757 (vir)     1          15.951          -4.986          -4.857         -15.104           21.211
 5758 (vir)     1          15.953          -5.010          -4.843         -15.220           21.320
 5759 (vir)     1          15.962          -4.035          -2.173         -10.720           20.474
 5760 (vir)     1          15.965          -4.418          -4.155         -13.360           20.752
 5761 (vir)     1          15.966          -5.105          -4.983         -15.413           21.291
 5762 (vir)     1          15.967          -5.209          -5.092         -15.683           21.350
 5763 (vir)     1          15.973          -5.661          -5.906         -17.226           21.632
 5764 (vir)     1          15.973          -5.671          -5.958         -17.265           21.609
 5765 (vir)     1          15.975          -4.071          -2.167         -10.653           20.391
 5766 (vir)     1          15.984          -5.048          -4.883         -15.364           21.417
 5767 (vir)     1          15.990          -4.512          -4.286         -13.814           21.006
 5768 (vir)     1          15.990          -4.523          -4.295         -13.834           21.007
 5769 (vir)     1          16.000          -3.989          -2.152         -10.651           20.510
 5770 (vir)     1          16.006          -5.682          -5.902         -17.288           21.710
 5771 (vir)     1          16.008          -5.663          -5.940         -17.227           21.632
 5772 (vir)     1          16.010          -4.079          -2.168         -10.664           20.427
 5773 (vir)     1          16.013          -4.209          -3.680         -12.483           20.606
 5774 (vir)     1          16.020          -5.154          -5.005         -15.678           21.540
 5775 (vir)     1          16.029          -4.372          -4.048         -13.164           20.773
 5776 (vir)     1          16.042          -4.078          -2.170         -10.678           20.472
 5777 (vir)     1          16.048          -5.690          -5.868         -17.295           21.786
 5778 (vir)     1          16.054          -5.670          -5.938         -17.228           21.675
 5779 (vir)     1          16.060          -5.237          -5.089         -15.915           21.648
 5780 (vir)     1          16.065          -4.048          -2.171         -10.730           20.576
 5781 (vir)     1          16.080          -4.095          -2.170         -10.682           20.497
 5782 (vir)     1          16.082          -4.203          -3.646         -12.442           20.675
 5783 (vir)     1          16.092          -4.000          -2.149         -10.656           20.599
 5784 (vir)     1          16.094          -4.339          -3.959         -13.006           20.801
 5785 (vir)     1          16.097          -5.640          -5.744         -17.105           21.817
 5786 (vir)     1          16.103          -5.313          -5.157         -16.124           21.756
 5787 (vir)     1          16.110          -5.655          -5.887         -17.143           21.711
 5788 (vir)     1          16.118          -4.104          -2.172         -10.693           20.535
 5789 (vir)     1          16.145          -5.481          -5.474         -16.560           21.750
 5790 (vir)     1          16.146          -5.381          -5.204         -16.300           21.860
 5791 (vir)     1          16.152          -4.092          -2.172         -10.711           20.598
 5792 (vir)     1          16.154          -4.333          -3.803         -12.841           20.859
 5793 (vir)     1          16.155          -4.272          -3.794         -12.683           20.772
 5794 (vir)     1          16.169          -4.072          -2.169         -10.734           20.662
 5795 (vir)     1          16.172          -5.685          -5.883         -17.192           21.797
 5796 (vir)     1          16.185          -5.440          -5.230         -16.441           21.957
 5797 (vir)     1          16.187          -4.011          -2.145         -10.660           20.691
 5798 (vir)     1          16.195          -4.120          -2.174         -10.713           20.613
 5799 (vir)     1          16.197          -5.705          -5.763         -17.252           21.981
 5800 (vir)     1          16.199          -4.200          -3.628         -12.353           20.725
 5801 (vir)     1          16.220          -4.093          -3.442         -12.061           20.746
 5802 (vir)     1          16.221          -5.403          -5.178         -16.381           22.021
 5803 (vir)     1          16.225          -5.445          -5.201         -16.465           22.044
 5804 (vir)     1          16.234          -5.727          -5.793         -17.268           21.983
 5805 (vir)     1          16.237          -4.131          -2.176         -10.724           20.653
 5806 (vir)     1          16.249          -5.722          -5.852         -17.281           21.956
 5807 (vir)     1          16.264          -4.079          -2.168         -10.744           20.760
 5808 (vir)     1          16.279          -4.078          -3.409         -12.008           20.800
 5809 (vir)     1          16.279          -5.735          -5.688         -17.266           22.121
 5810 (vir)     1          16.282          -4.022          -2.141         -10.665           20.784
 5811 (vir)     1          16.282          -4.125          -2.174         -10.739           20.723
 5812 (vir)     1          16.311          -5.732          -5.647         -17.230           22.162
 5813 (vir)     1          16.316          -5.693          -5.841         -17.145           21.927
 5814 (vir)     1          16.319          -4.146          -2.178         -10.746           20.740
 5815 (vir)     1          16.330          -4.672          -4.207         -13.868           21.320
 5816 (vir)     1          16.331          -5.173          -4.871         -15.448           21.735
 5817 (vir)     1          16.364          -4.158          -2.180         -10.758           20.783
 5818 (vir)     1          16.370          -4.081          -2.163         -10.754           20.881
 5819 (vir)     1          16.372          -4.141          -3.491         -12.206           20.945
 5820 (vir)     1          16.378          -4.033          -2.138         -10.669           20.877
 5821 (vir)     1          16.389          -5.647          -5.737         -16.951           21.955
 5822 (vir)     1          16.405          -4.128          -3.467         -12.162           20.973
 5823 (vir)     1          16.409          -4.167          -2.181         -10.770           20.832
 5824 (vir)     1          16.432          -4.150          -3.497         -12.233           21.017
 5825 (vir)     1          16.436          -3.546          -3.114         -10.934           20.710
 5826 (vir)     1          16.436          -3.566          -3.132         -10.987           20.724
 5827 (vir)     1          16.443          -3.519          -3.082         -10.834           20.676
 5828 (vir)     1          16.443          -3.615          -3.164         -11.067           20.732
 5829 (vir)     1          16.449          -4.163          -2.181         -10.779           20.884
 5830 (vir)     1          16.450          -4.329          -3.763         -12.799           21.157
 5831 (vir)     1          16.456          -3.546          -3.024         -10.652           20.538
 5832 (vir)     1          16.456          -3.688          -3.209         -11.178           20.737
 5833 (vir)     1          16.462          -5.358          -5.258         -15.990           21.836
 5834 (vir)     1          16.468          -4.177          -3.530         -12.316           21.077
 5835 (vir)     1          16.474          -3.767          -3.267         -11.318           20.759
 5836 (vir)     1          16.476          -4.044          -2.134         -10.674           20.972
 5837 (vir)     1          16.476          -4.103          -2.161         -10.764           20.976
 5838 (vir)     1          16.477          -3.515          -2.961         -10.445           20.445
 5839 (vir)     1          16.481          -4.227          -3.595         -12.466           21.124
 5840 (vir)     1          16.490          -4.203          -3.556         -12.388           21.120
 5841 (vir)     1          16.496          -4.188          -2.186         -10.797           20.920
 5842 (vir)     1          16.497          -5.056          -4.895         -15.167           21.713
 5843 (vir)     1          16.499          -4.206          -3.554         -12.394           21.134
 5844 (vir)     1          16.501          -4.131          -3.682         -12.307           20.996
 5845 (vir)     1          16.505          -4.230          -3.585         -12.469           21.159
 5846 (vir)     1          16.506          -3.723          -3.337         -11.312           20.758
 5847 (vir)     1          16.510          -4.908          -4.665         -14.647           21.585
 5848 (vir)     1          16.512          -4.210          -3.549         -12.402           21.155
 5849 (vir)     1          16.516          -4.366          -3.771         -12.883           21.263
 5850 (vir)     1          16.521          -4.807          -4.400         -14.237           21.552
 5851 (vir)     1          16.522          -4.214          -3.547         -12.414           21.176
 5852 (vir)     1          16.523          -5.188          -4.976         -15.478           21.835
 5853 (vir)     1          16.527          -4.246          -3.591         -12.514           21.205
 5854 (vir)     1          16.530          -4.868          -4.565         -14.508           21.605
 5855 (vir)     1          16.531          -4.220          -3.550         -12.435           21.196
 5856 (vir)     1          16.535          -4.233          -3.564         -12.472           21.211
 5857 (vir)     1          16.537          -4.535          -4.144         -13.483           21.341
 5858 (vir)     1          16.537          -4.324          -3.680         -12.736           21.269
 5859 (vir)     1          16.539          -5.082          -4.808         -15.099           21.748
 5860 (vir)     1          16.543          -4.201          -2.189         -10.813           20.966
 5861 (vir)     1          16.545          -4.270          -3.654         -12.646           21.267
 5862 (vir)     1          16.545          -4.304          -3.706         -12.755           21.291
 5863 (vir)     1          16.546          -5.084          -4.799         -15.096           21.759
 5864 (vir)     1          16.546          -3.958          -3.542         -11.828           20.874
 5865 (vir)     1          16.550          -4.830          -4.499         -14.310           21.531
 5866 (vir)     1          16.555          -5.135          -4.868         -15.252           21.804
 5867 (vir)     1          16.559          -5.070          -4.795         -15.064           21.759
 5868 (vir)     1          16.566          -5.117          -4.865         -15.219           21.802
 5869 (vir)     1          16.570          -4.955          -4.670         -14.755           21.700
 5870 (vir)     1          16.570          -4.123          -2.165         -10.780           21.063
 5871 (vir)     1          16.575          -4.339          -3.710         -12.811           21.337
 5872 (vir)     1          16.575          -4.055          -2.130         -10.678           21.068
 5873 (vir)     1          16.575          -4.328          -3.692         -12.778           21.333
 5874 (vir)     1          16.580          -4.943          -4.674         -14.702           21.666
 5875 (vir)     1          16.582          -4.812          -4.512         -14.350           21.608
 5876 (vir)     1          16.583          -4.292          -3.643         -12.677           21.325
 5877 (vir)     1          16.584          -4.390          -3.778         -12.968           21.384
 5878 (vir)     1          16.592          -4.188          -2.182         -10.814           21.037
 5879 (vir)     1          16.593          -4.051          -3.701         -12.162           21.002
 5880 (vir)     1          16.593          -4.469          -3.896         -13.214           21.443
 5881 (vir)     1          16.594          -4.267          -3.603         -12.606           21.328
 5882 (vir)     1          16.598          -4.901          -4.633         -14.613           21.677
 5883 (vir)     1          16.603          -4.398          -3.801         -13.014           21.418
 5884 (vir)     1          16.605          -4.261          -3.588         -12.588           21.344
 5885 (vir)     1          16.605          -4.632          -4.304         -13.757           21.427
 5886 (vir)     1          16.613          -4.297          -3.648         -12.709           21.377
 5887 (vir)     1          16.617          -4.268          -3.590         -12.606           21.366
 5888 (vir)     1          16.620          -4.784          -4.498         -14.242           21.581
 5889 (vir)     1          16.624          -4.260          -3.583         -12.592           21.373
 5890 (vir)     1          16.626          -4.934          -4.685         -14.750           21.757
 5891 (vir)     1          16.628          -4.213          -2.194         -10.843           21.063
 5892 (vir)     1          16.629          -4.291          -3.615         -12.674           21.396
 5893 (vir)     1          16.636          -4.256          -3.567         -12.575           21.388
 5894 (vir)     1          16.640          -4.363          -3.712         -12.889           21.454
 5895 (vir)     1          16.640          -4.169          -3.834         -12.459           21.097
 5896 (vir)     1          16.646          -4.267          -3.574         -12.608           21.413
 5897 (vir)     1          16.649          -4.665          -4.157         -13.811           21.638
 5898 (vir)     1          16.654          -4.947          -4.717         -14.809           21.798
 5899 (vir)     1          16.655          -4.791          -4.361         -14.224           21.727
 5900 (vir)     1          16.656          -4.291          -3.601         -12.682           21.446
 5901 (vir)     1          16.657          -4.374          -4.003         -12.958           21.238
 5902 (vir)     1          16.662          -4.425          -3.804         -13.105           21.538
 5903 (vir)     1          16.665          -4.329          -3.646         -12.799           21.489
 5904 (vir)     1          16.669          -4.380          -3.722         -12.965           21.533
 5905 (vir)     1          16.671          -4.236          -2.199         -10.865           21.100
 5906 (vir)     1          16.672          -4.372          -3.697         -12.930           21.533
 5907 (vir)     1          16.673          -4.398          -3.730         -13.008           21.553
 5908 (vir)     1          16.674          -4.065          -2.127         -10.683           21.165
 5909 (vir)     1          16.677          -4.123          -2.157         -10.781           21.177
 5910 (vir)     1          16.679          -3.787          -3.474         -11.598           21.015
 5911 (vir)     1          16.685          -5.060          -4.864         -15.160           21.921
 5912 (vir)     1          16.695          -4.249          -3.903         -12.633           21.177
 5913 (vir)     1          16.713          -4.244          -2.201         -10.880           21.148
 5914 (vir)     1          16.720          -4.773          -4.489         -14.223           21.681
 5915 (vir)     1          16.720          -3.226          -2.588          -9.182           20.087
 5916 (vir)     1          16.723          -5.721          -5.690         -17.015           22.326
 5917 (vir)     1          16.730          -5.159          -4.995         -15.481           22.058
 5918 (vir)     1          16.742          -4.245          -2.204         -10.894           21.186
 5919 (vir)     1          16.765          -5.306          -5.178         -15.916           22.196
 5920 (vir)     1          16.770          -4.544          -4.160         -13.475           21.541
 5921 (vir)     1          16.773          -4.283          -2.214         -10.929           21.205
 5922 (vir)     1          16.774          -4.077          -2.123         -10.687           21.261
 5923 (vir)     1          16.775          -4.152          -2.165         -10.812           21.270
 5924 (vir)     1          16.786          -5.594          -5.467         -16.471           22.196
 5925 (vir)     1          16.794          -4.299          -2.217         -10.946           21.224
 5926 (vir)     1          16.797          -5.411          -5.289         -16.156           22.252
 5927 (vir)     1          16.798          -5.784          -5.730         -17.146           22.429
 5928 (vir)     1          16.824          -5.342          -5.155         -15.796           22.123
 5929 (vir)     1          16.829          -5.313          -5.179         -15.955           22.291
 5930 (vir)     1          16.832          -4.142          -2.190         -10.856           21.356
 5931 (vir)     1          16.844          -5.201          -4.953         -15.331           22.022
 5932 (vir)     1          16.852          -4.136          -2.190         -10.850           21.376
 5933 (vir)     1          16.858          -4.455          -4.088         -13.298           21.614
 5934 (vir)     1          16.861          -4.177          -3.783         -12.586           21.487
 5935 (vir)     1          16.869          -5.417          -5.298         -16.248           22.403
 5936 (vir)     1          16.875          -4.087          -2.119         -10.692           21.360
 5937 (vir)     1          16.877          -5.547          -5.404         -16.436           22.362
 5938 (vir)     1          16.886          -4.933          -4.628         -14.641           21.966
 5939 (vir)     1          16.902          -4.132          -2.151         -10.784           21.404
 5940 (vir)     1          16.910          -5.460          -5.274         -16.124           22.299
 5941 (vir)     1          16.916          -5.289          -5.102         -15.795           22.320
 5942 (vir)     1          16.947          -5.340          -5.176         -16.016           22.446
 5943 (vir)     1          16.949          -5.819          -5.690         -17.159           22.599
 5944 (vir)     1          16.956          -4.670          -4.302         -13.606           21.590
 5945 (vir)     1          16.976          -4.612          -4.211         -13.443           21.595
 5946 (vir)     1          16.976          -4.097          -2.116         -10.696           21.459
 5947 (vir)     1          16.976          -5.549          -5.374         -16.408           22.461
 5948 (vir)     1          16.992          -4.138          -2.137         -10.769           21.486
 5949 (vir)     1          16.995          -4.762          -4.347         -14.043           21.929
 5950 (vir)     1          16.997          -5.388          -5.217         -16.131           22.523
 5951 (vir)     1          16.999          -4.555          -4.119         -13.279           21.604
 5952 (vir)     1          17.021          -4.696          -4.449         -14.149           22.025
 5953 (vir)     1          17.023          -5.503          -5.253         -16.136           22.403
 5954 (vir)     1          17.037          -5.632          -5.491         -16.774           22.688
 5955 (vir)     1          17.039          -4.453          -3.975         -13.025           21.637
 5956 (vir)     1          17.052          -4.397          -3.926         -12.941           21.669
 5957 (vir)     1          17.059          -5.249          -4.979         -15.548           22.379
 5958 (vir)     1          17.060          -4.354          -3.886         -12.869           21.690
 5959 (vir)     1          17.064          -4.300          -3.853         -12.812           21.722
 5960 (vir)     1          17.066          -4.260          -3.824         -12.761           21.743
 5961 (vir)     1          17.066          -4.271          -3.809         -12.736           21.721
 5962 (vir)     1          17.067          -4.295          -3.808         -12.736           21.700
 5963 (vir)     1          17.070          -4.312          -3.802         -12.726           21.682
 5964 (vir)     1          17.074          -4.336          -3.804         -12.739           21.673
 5965 (vir)     1          17.077          -4.107          -2.113         -10.701           21.558
 5966 (vir)     1          17.078          -5.324          -5.092         -15.898           22.560
 5967 (vir)     1          17.083          -4.349          -3.792         -12.720           21.662
 5968 (vir)     1          17.086          -4.149          -2.131         -10.767           21.574
 5969 (vir)     1          17.093          -5.529          -5.238         -16.185           22.512
 5970 (vir)     1          17.097          -4.679          -4.166         -13.625           21.877
 5971 (vir)     1          17.105          -5.430          -5.149         -15.986           22.511
 5972 (vir)     1          17.116          -4.381          -3.792         -12.745           21.688
 5973 (vir)     1          17.132          -5.517          -5.332         -16.500           22.783
 5974 (vir)     1          17.136          -5.058          -4.689         -14.916           22.304
 5975 (vir)     1          17.144          -4.400          -3.801         -12.787           21.731
 5976 (vir)     1          17.161          -5.817          -5.564         -17.019           22.799
 5977 (vir)     1          17.179          -4.118          -2.109         -10.705           21.657
 5978 (vir)     1          17.180          -4.157          -2.126         -10.768           21.664
 5979 (vir)     1          17.182          -4.444          -3.839         -12.907           21.806
 5980 (vir)     1          17.184          -5.470          -5.243         -16.320           22.790
 5981 (vir)     1          17.193          -5.651          -5.385         -16.587           22.744
 5982 (vir)     1          17.211          -5.334          -5.025         -15.807           22.659
 5983 (vir)     1          17.224          -5.404          -5.019         -15.770           22.571
 5984 (vir)     1          17.229          -4.906          -4.383         -14.247           22.187
 5985 (vir)     1          17.244          -5.125          -4.742         -15.164           22.541
 5986 (vir)     1          17.264          -5.511          -5.240         -16.383           22.896
 5987 (vir)     1          17.271          -4.167          -2.123         -10.771           21.753
 5988 (vir)     1          17.279          -4.676          -4.094         -13.605           22.114
 5989 (vir)     1          17.280          -4.128          -2.106         -10.709           21.755
 5990 (vir)     1          17.281          -5.853          -5.604         -17.143           22.966
 5991 (vir)     1          17.286          -5.713          -5.352         -16.616           22.837
 5992 (vir)     1          17.309          -5.182          -4.762         -15.277           22.641
 5993 (vir)     1          17.310          -5.545          -5.256         -16.458           22.966
 5994 (vir)     1          17.329          -4.866          -4.324         -14.186           22.325
 5995 (vir)     1          17.340          -5.726          -5.335         -16.625           22.903
 5996 (vir)     1          17.345          -5.501          -5.162         -16.269           22.951
 5997 (vir)     1          17.348          -5.420          -5.046         -15.997           22.880
 5998 (vir)     1          17.357          -5.615          -5.318         -16.408           22.832
 5999 (vir)     1          17.360          -4.181          -2.121         -10.781           21.838
 6000 (vir)     1          17.367          -5.878          -5.593         -17.165           23.061
 6001 (vir)     1          17.373          -5.610          -5.296         -16.369           22.836
 6002 (vir)     1          17.377          -5.496          -5.122         -16.014           22.773
 6003 (vir)     1          17.380          -4.137          -2.103         -10.713           21.853
 6004 (vir)     1          17.387          -5.697          -5.270         -16.508           22.929
 6005 (vir)     1          17.406          -5.372          -4.931         -15.609           22.711
 6006 (vir)     1          17.415          -5.524          -5.125         -16.089           22.854
 6007 (vir)     1          17.425          -5.610          -5.134         -16.222           22.903
 6008 (vir)     1          17.444          -5.396          -4.911         -15.639           22.776
 6009 (vir)     1          17.444          -4.198          -2.122         -10.799           21.923
 6010 (vir)     1          17.448          -5.527          -5.053         -16.034           22.901
 6011 (vir)     1          17.453          -5.400          -4.849         -15.576           22.780
 6012 (vir)     1          17.455          -5.871          -5.548         -17.109           23.144
 6013 (vir)     1          17.464          -5.461          -4.961         -15.828           22.869
 6014 (vir)     1          17.479          -4.147          -2.101         -10.717           21.948
 6015 (vir)     1          17.484          -5.731          -5.395         -16.715           23.073
 6016 (vir)     1          17.525          -4.223          -2.125         -10.827           22.004
 6017 (vir)     1          17.525          -4.983          -4.570         -14.795           22.767
 6018 (vir)     1          17.533          -5.860          -5.541         -17.074           23.205
 6019 (vir)     1          17.534          -4.756          -4.335         -14.235           22.679
 6020 (vir)     1          17.557          -5.683          -5.315         -16.612           23.171
 6021 (vir)     1          17.575          -4.156          -2.098         -10.721           22.041
 6022 (vir)     1          17.592          -5.899          -5.555         -17.156           23.293
 6023 (vir)     1          17.601          -4.251          -2.132         -10.866           22.085
 6024 (vir)     1          17.641          -5.993          -5.602         -17.351           23.397
 6025 (vir)     1          17.657          -5.924          -5.550         -17.194           23.377
 6026 (vir)     1          17.669          -4.166          -2.096         -10.723           22.129
 6027 (vir)     1          17.674          -4.285          -2.140         -10.910           22.159
 6028 (vir)     1          17.725          -5.944          -5.538         -17.218           23.462
 6029 (vir)     1          17.728          -4.214          -2.014         -10.494           21.995
 6030 (vir)     1          17.731          -6.017          -5.587         -17.367           23.495
 6031 (vir)     1          17.741          -4.311          -2.142         -10.932           22.221
 6032 (vir)     1          17.750          -4.216          -2.013         -10.493           22.014
 6033 (vir)     1          17.757          -4.176          -2.094         -10.724           22.210
 6034 (vir)     1          17.785          -4.225          -2.019         -10.515           22.056
 6035 (vir)     1          17.797          -5.962          -5.524         -17.234           23.546
 6036 (vir)     1          17.803          -4.343          -2.146         -10.960           22.274
 6037 (vir)     1          17.822          -6.028          -5.559         -17.351           23.586
 6038 (vir)     1          17.831          -4.240          -2.031         -10.563           22.122
 6039 (vir)     1          17.839          -4.183          -2.092         -10.720           22.285
 6040 (vir)     1          17.859          -4.369          -2.148         -10.980           22.322
 6041 (vir)     1          17.871          -5.977          -5.507         -17.243           23.630
 6042 (vir)     1          17.885          -4.258          -2.041         -10.603           22.189
 6043 (vir)     1          17.910          -4.409          -2.164         -11.046           22.383
 6044 (vir)     1          17.912          -6.022          -5.514         -17.292           23.668
 6045 (vir)     1          17.913          -4.188          -2.089         -10.711           22.347
 6046 (vir)     1          17.944          -5.398          -4.930         -15.858           23.474
 6047 (vir)     1          17.944          -4.265          -2.037         -10.598           22.240
 6048 (vir)     1          17.946          -5.987          -5.486         -17.239           23.712
 6049 (vir)     1          17.950          -5.323          -4.827         -15.605           23.405
 6050 (vir)     1          17.953          -4.449          -2.178         -11.102           22.429
 6051 (vir)     1          17.967          -5.399          -4.932         -15.880           23.515
 6052 (vir)     1          17.974          -4.192          -2.083         -10.690           22.390
 6053 (vir)     1          17.987          -4.478          -2.186         -11.135           22.458
 6054 (vir)     1          17.989          -5.600          -5.146         -16.441           23.684
 6055 (vir)     1          18.002          -5.977          -5.425         -17.121           23.722
 6056 (vir)     1          18.005          -4.394          -2.121         -10.906           22.397
 6057 (vir)     1          18.009          -4.134          -2.011         -10.461           22.325
 6058 (vir)     1          18.010          -4.942          -4.350         -14.448           23.167
 6059 (vir)     1          18.011          -4.134          -2.011         -10.461           22.327
 6060 (vir)     1          18.014          -4.137          -2.017         -10.481           22.341
 6061 (vir)     1          18.015          -4.378          -2.107         -10.859           22.389
 6062 (vir)     1          18.019          -4.135          -2.011         -10.464           22.337
 6063 (vir)     1          18.019          -4.159          -2.044         -10.566           22.382
 6064 (vir)     1          18.022          -5.984          -5.449         -17.196           23.785
 6065 (vir)     1          18.025          -4.538          -2.202         -11.202           22.488
 6066 (vir)     1          18.026          -4.152          -2.027         -10.514           22.360
 6067 (vir)     1          18.029          -4.138          -2.013         -10.471           22.349
 6068 (vir)     1          18.031          -5.811          -5.393         -17.091           23.919
 6069 (vir)     1          18.035          -4.562          -2.207         -11.223           22.489
 6070 (vir)     1          18.036          -4.147          -2.019         -10.489           22.359
 6071 (vir)     1          18.039          -4.582          -2.214         -11.247           22.491
 6072 (vir)     1          18.040          -4.142          -2.016         -10.482           22.363
 6073 (vir)     1          18.040          -4.594          -2.217         -11.259           22.489
 6074 (vir)     1          18.047          -4.149          -2.018         -10.486           22.367
 6075 (vir)     1          18.050          -4.151          -2.024         -10.506           22.382
 6076 (vir)     1          18.059          -4.153          -2.019         -10.491           22.379
 6077 (vir)     1          18.060          -4.166          -2.036         -10.542           22.400
 6078 (vir)     1          18.069          -4.174          -2.032         -10.533           22.395
 6079 (vir)     1          18.071          -4.159          -2.022         -10.502           22.392
 6080 (vir)     1          18.074          -5.880          -5.456         -17.281           24.019
 6081 (vir)     1          18.079          -4.171          -2.026         -10.514           22.397
 6082 (vir)     1          18.082          -4.170          -2.030         -10.526           22.408
 6083 (vir)     1          18.082          -4.273          -2.030         -10.590           22.370
 6084 (vir)     1          18.089          -4.641          -3.923         -13.427           22.953
 6085 (vir)     1          18.090          -4.173          -2.027         -10.517           22.407
 6086 (vir)     1          18.090          -4.189          -2.041         -10.559           22.419
 6087 (vir)     1          18.091          -5.970          -5.378         -17.057           23.800
 6088 (vir)     1          18.097          -5.858          -5.279         -16.817           23.777
 6089 (vir)     1          18.098          -4.188          -2.035         -10.540           22.416
 6090 (vir)     1          18.100          -4.183          -2.033         -10.537           22.421
 6091 (vir)     1          18.107          -4.189          -2.033         -10.536           22.422
 6092 (vir)     1          18.108          -4.202          -2.044         -10.568           22.430
 6093 (vir)     1          18.113          -4.200          -2.038         -10.550           22.425
 6094 (vir)     1          18.115          -4.200          -2.042         -10.561           22.434
 6095 (vir)     1          18.118          -4.210          -2.043         -10.565           22.430
 6096 (vir)     1          18.119          -5.925          -5.487         -17.389           24.097
 6097 (vir)     1          18.119          -4.203          -2.041         -10.559           22.434
 6098 (vir)     1          18.121          -4.215          -2.045         -10.569           22.430
 6099 (vir)     1          18.121          -4.212          -2.043         -10.564           22.431
 6100 (vir)     1          18.145          -4.182          -3.449         -12.166           22.680
 6101 (vir)     1          18.153          -4.018          -3.272         -11.678           22.541
 6102 (vir)     1          18.155          -3.806          -2.885         -10.630           22.094
 6103 (vir)     1          18.158          -4.285          -2.029         -10.596           22.441
 6104 (vir)     1          18.164          -5.997          -5.547         -17.575           24.194
 6105 (vir)     1          18.181          -5.964          -5.332         -16.994           23.879
 6106 (vir)     1          18.183          -4.371          -3.549         -12.471           22.734
 6107 (vir)     1          18.186          -5.681          -5.074         -16.286           23.717
 6108 (vir)     1          18.209          -6.037          -5.573         -17.669           24.268
 6109 (vir)     1          18.222          -4.052          -3.164         -11.412           22.418
 6110 (vir)     1          18.237          -4.294          -2.028         -10.607           22.522
 6111 (vir)     1          18.252          -6.069          -5.587         -17.734           24.330
 6112 (vir)     1          18.260          -5.997          -5.379         -17.125           24.007
 6113 (vir)     1          18.270          -5.923          -5.248         -16.836           23.936
 6114 (vir)     1          18.277          -4.158          -3.276         -11.728           22.572
 6115 (vir)     1          18.295          -6.106          -5.610         -17.821           24.400
 6116 (vir)     1          18.320          -4.305          -2.027         -10.617           22.605
 6117 (vir)     1          18.322          -4.536          -3.692         -12.868           22.961
 6118 (vir)     1          18.335          -6.136          -5.623         -17.881           24.457
 6119 (vir)     1          18.336          -6.014          -5.367         -17.134           24.088
 6120 (vir)     1          18.361          -5.696          -4.958         -16.163           23.869
 6121 (vir)     1          18.374          -6.146          -5.611         -17.873           24.490
 6122 (vir)     1          18.381          -4.243          -3.354         -11.952           22.736
 6123 (vir)     1          18.406          -4.314          -2.026         -10.626           22.692
 6124 (vir)     1          18.409          -6.166          -5.621         -17.923           24.545
 6125 (vir)     1          18.411          -5.907          -5.226         -16.787           24.065
 6126 (vir)     1          18.419          -5.164          -4.360         -14.619           23.514
 6127 (vir)     1          18.435          -3.923          -3.032         -10.915           22.395
 6128 (vir)     1          18.442          -6.187          -5.629         -17.961           24.587
 6129 (vir)     1          18.457          -5.221          -4.399         -14.808           23.646
 6130 (vir)     1          18.459          -4.283          -1.996         -10.535           22.715
 6131 (vir)     1          18.459          -4.281          -1.996         -10.535           22.717
 6132 (vir)     1          18.466          -4.309          -3.432         -11.974           22.700
 6133 (vir)     1          18.467          -5.549          -4.857         -15.608           23.669
 6134 (vir)     1          18.467          -4.283          -1.998         -10.539           22.726
 6135 (vir)     1          18.467          -4.284          -1.998         -10.540           22.726
 6136 (vir)     1          18.471          -5.689          -5.017         -15.937           23.702
 6137 (vir)     1          18.472          -6.168          -5.588         -17.873           24.589
 6138 (vir)     1          18.476          -5.508          -4.804         -15.513           23.677
 6139 (vir)     1          18.479          -4.286          -1.999         -10.545           22.740
 6140 (vir)     1          18.480          -4.288          -2.000         -10.548           22.739
 6141 (vir)     1          18.482          -4.913          -4.108         -13.973           23.434
 6142 (vir)     1          18.486          -5.503          -4.804         -15.413           23.593
 6143 (vir)     1          18.489          -5.790          -5.115         -16.224           23.808
 6144 (vir)     1          18.495          -4.325          -2.024         -10.635           22.781
 6145 (vir)     1          18.496          -4.288          -2.000         -10.554           22.761
 6146 (vir)     1          18.496          -4.295          -2.004         -10.556           22.753
 6147 (vir)     1          18.498          -5.951          -5.283         -17.107           24.370
 6148 (vir)     1          18.503          -5.633          -4.903         -16.064           24.032
 6149 (vir)     1          18.512          -5.803          -5.113         -16.261           23.856
 6150 (vir)     1          18.514          -5.507          -4.763         -15.504           23.748
 6151 (vir)     1          18.515          -4.300          -2.006         -10.564           22.773
 6152 (vir)     1          18.516          -6.068          -5.454         -17.539           24.533
 6153 (vir)     1          18.517          -4.297          -2.004         -10.566           22.782
 6154 (vir)     1          18.520          -4.920          -4.104         -13.691           23.187
 6155 (vir)     1          18.523          -5.089          -4.343         -14.333           23.424
 6156 (vir)     1          18.538          -4.300          -2.005         -10.574           22.806
 6157 (vir)     1          18.539          -5.630          -4.912         -15.772           23.769
 6158 (vir)     1          18.540          -4.313          -2.011         -10.579           22.795
 6159 (vir)     1          18.542          -5.539          -4.768         -15.819           24.054
 6160 (vir)     1          18.554          -5.766          -5.030         -16.127           23.885
 6161 (vir)     1          18.564          -4.322          -2.014         -10.588           22.816
 6162 (vir)     1          18.566          -4.311          -2.009         -10.589           22.836
 6163 (vir)     1          18.568          -5.827          -5.148         -16.773           24.366
 6164 (vir)     1          18.576          -5.743          -4.931         -16.227           24.129
 6165 (vir)     1          18.576          -5.272          -4.522         -14.806           23.588
 6166 (vir)     1          18.578          -5.511          -4.760         -15.778           24.086
 6167 (vir)     1          18.578          -4.782          -3.914         -13.301           23.184
 6168 (vir)     1          18.581          -5.575          -4.811         -15.609           23.805
 6169 (vir)     1          18.586          -4.337          -2.022         -10.643           22.870
 6170 (vir)     1          18.587          -5.874          -5.148         -16.560           24.125
 6171 (vir)     1          18.591          -4.321          -2.012         -10.598           22.856
 6172 (vir)     1          18.595          -4.333          -2.017         -10.603           22.848
 6173 (vir)     1          18.606          -5.772          -5.021         -16.148           23.961
 6174 (vir)     1          18.607          -6.167          -5.503         -17.716           24.653
 6175 (vir)     1          18.609          -5.891          -5.184         -16.858           24.392
 6176 (vir)     1          18.615          -5.888          -5.181         -16.853           24.399
 6177 (vir)     1          18.616          -6.264          -5.610         -18.012           24.753
 6178 (vir)     1          18.620          -5.488          -4.677         -15.287           23.742
 6179 (vir)     1          18.623          -4.343          -2.020         -10.613           22.872
 6180 (vir)     1          18.625          -4.331          -2.015         -10.616           22.895
 6181 (vir)     1          18.632          -5.200          -4.364         -14.495           23.563
 6182 (vir)     1          18.636          -5.030          -4.221         -14.107           23.492
 6183 (vir)     1          18.637          -5.080          -4.177         -14.339           23.719
 6184 (vir)     1          18.642          -5.768          -4.979         -16.088           23.984
 6185 (vir)     1          18.648          -5.693          -4.833         -16.025           24.148
 6186 (vir)     1          18.654          -4.342          -2.018         -10.625           22.918
 6187 (vir)     1          18.658          -4.358          -2.024         -10.629           22.905
 6188 (vir)     1          18.658          -5.725          -4.917         -15.964           23.980
 6189 (vir)     1          18.663          -5.299          -4.455         -14.760           23.669
 6190 (vir)     1          18.668          -5.913          -5.153         -16.674           24.275
 6191 (vir)     1          18.672          -5.541          -4.703         -15.419           23.847
 6192 (vir)     1          18.672          -5.376          -4.522         -14.947           23.721
 6193 (vir)     1          18.680          -4.347          -2.020         -10.650           22.963
 6194 (vir)     1          18.686          -5.424          -4.645         -15.211           23.829
 6195 (vir)     1          18.688          -4.247          -3.294         -11.802           22.948
 6196 (vir)     1          18.688          -4.370          -2.026         -10.639           22.931
 6197 (vir)     1          18.692          -4.356          -2.023         -10.644           22.957
 6198 (vir)     1          18.699          -5.456          -4.686         -15.370           23.926
 6199 (vir)     1          18.714          -5.594          -4.694         -15.712           24.138
 6200 (vir)     1          18.715          -5.151          -4.214         -14.506           23.855
 6201 (vir)     1          18.724          -4.367          -2.024         -10.653           22.986
 6202 (vir)     1          18.726          -4.384          -2.031         -10.656           22.967
 6203 (vir)     1          18.729          -5.206          -4.434         -14.734           23.824
 6204 (vir)     1          18.750          -5.987          -5.210         -16.883           24.436
 6205 (vir)     1          18.758          -4.392          -2.032         -10.666           23.000
 6206 (vir)     1          18.763          -4.389          -2.032         -10.672           23.014
 6207 (vir)     1          18.770          -5.571          -4.644         -15.616           24.171
 6208 (vir)     1          18.775          -4.359          -2.017         -10.657           23.056
 6209 (vir)     1          18.776          -5.292          -4.341         -14.870           24.013
 6210 (vir)     1          18.796          -4.408          -2.038         -10.682           23.032
 6211 (vir)     1          18.796          -4.399          -2.033         -10.685           23.049
 6212 (vir)     1          18.801          -5.078          -4.276         -14.320           23.767
 6213 (vir)     1          18.805          -4.098          -3.098         -11.319           22.928
 6214 (vir)     1          18.815          -5.520          -4.561         -15.455           24.188
 6215 (vir)     1          18.821          -5.198          -4.229         -14.541           23.935
 6216 (vir)     1          18.829          -4.417          -2.038         -10.696           23.070
 6217 (vir)     1          18.831          -4.425          -2.042         -10.700           23.065
 6218 (vir)     1          18.832          -6.121          -5.317         -17.232           24.626
 6219 (vir)     1          18.844          -5.471          -4.491         -15.297           24.179
 6220 (vir)     1          18.844          -5.457          -4.477         -15.266           24.177
 6221 (vir)     1          18.862          -4.436          -2.044         -10.709           23.092
 6222 (vir)     1          18.863          -4.441          -2.046         -10.719           23.095
 6223 (vir)     1          18.873          -4.370          -2.014         -10.664           23.152
 6224 (vir)     1          18.888          -5.037          -4.210         -14.159           23.800
 6225 (vir)     1          18.891          -4.449          -2.049         -10.725           23.118
 6226 (vir)     1          18.891          -4.467          -2.052         -10.735           23.108
 6227 (vir)     1          18.911          -6.197          -5.369         -17.409           24.754
 6228 (vir)     1          18.913          -4.471          -2.055         -10.742           23.129
 6229 (vir)     1          18.914          -4.489          -2.058         -10.749           23.117
 6230 (vir)     1          18.927          -4.499          -2.062         -10.758           23.124
 6231 (vir)     1          18.928          -4.512          -2.066         -10.765           23.115
 6232 (vir)     1          18.937          -3.789          -2.769         -10.383           22.762
 6233 (vir)     1          18.948          -6.220          -5.379         -17.210           24.559
 6234 (vir)     1          18.950          -4.346          -2.017         -10.689           23.275
 6235 (vir)     1          18.957          -6.187          -5.343         -17.118           24.544
 6236 (vir)     1          18.962          -5.819          -4.975         -16.151           24.319
 6237 (vir)     1          18.971          -4.382          -2.011         -10.670           23.249
 6238 (vir)     1          18.985          -6.145          -5.293         -17.132           24.680
 6239 (vir)     1          18.991          -5.430          -4.564         -15.101           24.097
 6240 (vir)     1          19.002          -5.998          -5.136         -16.671           24.539
 6241 (vir)     1          19.018          -4.302          -1.995         -10.680           23.401
 6242 (vir)     1          19.041          -5.675          -4.793         -15.714           24.287
 6243 (vir)     1          19.071          -5.258          -4.362         -14.571           24.022
 6244 (vir)     1          19.072          -4.390          -2.007         -10.676           23.350
 6245 (vir)     1          19.073          -3.781          -2.738         -10.317           22.870
 6246 (vir)     1          19.075          -6.152          -5.268         -17.183           24.838
 6247 (vir)     1          19.106          -4.309          -1.990         -10.695           23.501
 6248 (vir)     1          19.120          -5.269          -4.357         -14.642           24.136
 6249 (vir)     1          19.154          -6.152          -5.244         -17.156           24.916
 6250 (vir)     1          19.159          -5.124          -4.189         -14.130           23.976
 6251 (vir)     1          19.173          -4.402          -2.003         -10.681           23.449
 6252 (vir)     1          19.200          -4.321          -1.988         -10.710           23.601
 6253 (vir)     1          19.211          -3.787          -2.726         -10.307           23.004
 6254 (vir)     1          19.214          -5.307          -4.368         -14.771           24.311
 6255 (vir)     1          19.236          -5.982          -5.049         -16.647           24.852
 6256 (vir)     1          19.258          -4.962          -3.993         -13.652           23.954
 6257 (vir)     1          19.275          -4.413          -1.999         -10.686           23.549
 6258 (vir)     1          19.298          -4.335          -1.986         -10.723           23.700
 6259 (vir)     1          19.305          -5.928          -4.973         -16.500           24.904
 6260 (vir)     1          19.324          -5.342          -4.383         -14.834           24.433
 6261 (vir)     1          19.349          -3.803          -2.721         -10.318           23.143
 6262 (vir)     1          19.363          -4.923          -3.929         -13.550           24.061
 6263 (vir)     1          19.377          -4.424          -1.995         -10.691           23.648
 6264 (vir)     1          19.386          -6.200          -5.233         -17.236           25.190
 6265 (vir)     1          19.397          -4.348          -1.984         -10.735           23.800
 6266 (vir)     1          19.415          -5.058          -4.083         -14.020           24.294
 6267 (vir)     1          19.445          -5.908          -4.966         -16.472           25.044
 6268 (vir)     1          19.476          -4.423          -1.990         -10.689           23.753
 6269 (vir)     1          19.481          -4.979          -3.922         -13.614           24.194
 6270 (vir)     1          19.488          -3.821          -2.721         -10.343           23.289
 6271 (vir)     1          19.497          -4.365          -1.982         -10.745           23.895
 6272 (vir)     1          19.537          -5.178          -4.100         -14.221           24.478
 6273 (vir)     1          19.554          -6.238          -5.168         -17.174           25.321
 6274 (vir)     1          19.563          -4.338          -1.981         -10.629           23.873
 6275 (vir)     1          19.575          -4.872          -3.809         -13.428           24.323
 6276 (vir)     1          19.596          -4.378          -1.980         -10.755           23.993
 6277 (vir)     1          19.607          -4.148          -1.972         -10.487           23.975
 6278 (vir)     1          19.624          -3.846          -2.728         -10.392           23.442
 6279 (vir)     1          19.630          -6.327          -5.245         -17.410           25.468
 6280 (vir)     1          19.636          -4.874          -3.795         -13.315           24.281
 6281 (vir)     1          19.639          -4.180          -1.973         -10.497           23.984
 6282 (vir)     1          19.665          -4.972          -3.891         -13.725           24.526
 6283 (vir)     1          19.693          -4.392          -1.978         -10.765           24.089
 6284 (vir)     1          19.700          -5.177          -4.220         -14.662           24.965
 6285 (vir)     1          19.700          -5.178          -4.220         -14.663           24.965
 6286 (vir)     1          19.708          -6.327          -5.223         -17.377           25.535
 6287 (vir)     1          19.711          -4.365          -1.977         -10.625           23.994
 6288 (vir)     1          19.746          -4.903          -3.803         -13.351           24.391
 6289 (vir)     1          19.748          -5.038          -3.940         -13.903           24.673
 6290 (vir)     1          19.756          -4.146          -3.023         -11.235           23.821
 6291 (vir)     1          19.759          -5.770          -4.660         -15.740           25.070
 6292 (vir)     1          19.761          -5.833          -4.726         -15.949           25.151
 6293 (vir)     1          19.778          -6.107          -4.994         -16.649           25.325
 6294 (vir)     1          19.786          -6.174          -5.049         -16.927           25.490
 6295 (vir)     1          19.786          -5.575          -4.465         -15.278           25.024
 6296 (vir)     1          19.787          -4.407          -1.976         -10.775           24.180
 6297 (vir)     1          19.806          -4.422          -1.973         -10.665           24.076
 6298 (vir)     1          19.808          -6.259          -5.135         -17.034           25.448
 6299 (vir)     1          19.816          -5.390          -4.284         -14.829           24.971
 6300 (vir)     1          19.827          -5.088          -3.967         -14.000           24.773
 6301 (vir)     1          19.847          -6.396          -5.255         -17.373           25.570
 6302 (vir)     1          19.848          -5.853          -4.721         -15.983           25.258
 6303 (vir)     1          19.856          -5.284          -4.166         -14.545           24.950
 6304 (vir)     1          19.868          -5.271          -4.133         -14.424           24.887
 6305 (vir)     1          19.878          -4.372          -3.243         -11.931           24.194
 6306 (vir)     1          19.878          -4.422          -1.974         -10.786           24.268
 6307 (vir)     1          19.895          -6.493          -5.327         -17.595           25.669
 6308 (vir)     1          19.897          -4.445          -1.966         -10.698           24.184
 6309 (vir)     1          19.905          -4.472          -1.964         -10.756           24.225
 6310 (vir)     1          19.906          -4.465          -1.964         -10.745           24.221
 6311 (vir)     1          19.908          -4.854          -3.707         -13.267           24.614
 6312 (vir)     1          19.910          -5.059          -3.915         -13.829           24.765
 6313 (vir)     1          19.915          -4.459          -1.963         -10.756           24.249
 6314 (vir)     1          19.919          -4.468          -1.963         -10.755           24.242
 6315 (vir)     1          19.929          -6.425          -5.258         -17.548           25.795
 6316 (vir)     1          19.935          -4.455          -1.963         -10.749           24.267
 6317 (vir)     1          19.937          -4.479          -1.964         -10.753           24.247
 6318 (vir)     1          19.940          -5.068          -3.933         -13.956           24.895
 6319 (vir)     1          19.947          -6.554          -5.363         -17.720           25.750
 6320 (vir)     1          19.950          -4.436          -1.961         -10.754           24.307
 6321 (vir)     1          19.951          -4.974          -3.823         -13.648           24.801
 6322 (vir)     1          19.962          -4.460          -1.962         -10.756           24.296
 6323 (vir)     1          19.963          -4.438          -1.973         -10.799           24.351
 6324 (vir)     1          19.974          -4.448          -1.961         -10.755           24.320
 6325 (vir)     1          19.982          -4.417          -1.959         -10.763           24.369
 6326 (vir)     1          19.985          -4.484          -1.963         -10.727           24.265
 6327 (vir)     1          19.993          -5.078          -3.922         -13.954           24.947
 6328 (vir)     1          20.001          -6.230          -5.025         -16.827           25.574
 6329 (vir)     1          20.003          -6.378          -5.187         -17.401           25.839
 6330 (vir)     1          20.008          -4.774          -3.608         -12.977           24.603
 6331 (vir)     1          20.009          -4.900          -3.739         -13.282           24.651
 6332 (vir)     1          20.016          -4.480          -1.961         -10.712           24.287
 6333 (vir)     1          20.023          -5.164          -3.992         -14.156           25.024
 6334 (vir)     1          20.024          -4.504          -1.962         -10.739           24.298
 6335 (vir)     1          20.042          -4.455          -1.973         -10.813           24.427
 6336 (vir)     1          20.055          -4.883          -3.697         -13.315           24.790
 6337 (vir)     1          20.060          -6.647          -5.404         -17.893           25.903
 6338 (vir)     1          20.061          -4.516          -1.960         -10.736           24.321
 6339 (vir)     1          20.073          -6.078          -4.871         -16.582           25.706
 6340 (vir)     1          20.082          -4.882          -3.712         -13.391           24.879
 6341 (vir)     1          20.082          -4.493          -1.957         -10.714           24.346
 6342 (vir)     1          20.094          -5.479          -4.282         -14.963           25.295
 6343 (vir)     1          20.112          -4.475          -1.973         -10.830           24.494
 6344 (vir)     1          20.113          -4.494          -1.955         -10.706           24.370
 6345 (vir)     1          20.113          -5.084          -3.898         -13.765           24.896
 6346 (vir)     1          20.119          -6.634          -5.367         -17.828           25.946
 6347 (vir)     1          20.124          -4.517          -1.956         -10.723           24.375
 6348 (vir)     1          20.138          -5.776          -4.559         -15.766           25.569
 6349 (vir)     1          20.142          -4.611          -3.413         -12.493           24.611
 6350 (vir)     1          20.142          -5.017          -3.819         -13.718           25.025
 6351 (vir)     1          20.162          -4.519          -1.953         -10.719           24.409
 6352 (vir)     1          20.169          -5.612          -4.392         -15.239           25.404
 6353 (vir)     1          20.172          -4.498          -1.975         -10.847           24.546
 6354 (vir)     1          20.177          -6.550          -5.265         -17.587           25.949
 6355 (vir)     1          20.178          -4.497          -1.950         -10.700           24.432
 6356 (vir)     1          20.183          -4.416          -1.913         -10.477           24.331
 6357 (vir)     1          20.194          -4.420          -1.914         -10.482           24.343
 6358 (vir)     1          20.197          -5.074          -3.857         -13.861           25.126
 6359 (vir)     1          20.205          -6.289          -5.047         -17.045           25.914
 6360 (vir)     1          20.206          -5.040          -3.807         -13.677           25.036
 6361 (vir)     1          20.207          -4.502          -1.949         -10.700           24.456
 6362 (vir)     1          20.211          -4.427          -1.918         -10.507           24.373
 6363 (vir)     1          20.219          -4.515          -1.949         -10.707           24.462
 6364 (vir)     1          20.220          -4.520          -1.976         -10.854           24.578
 6365 (vir)     1          20.223          -4.856          -3.639         -13.193           24.920
 6366 (vir)     1          20.233          -6.547          -5.239         -17.548           25.994
 6367 (vir)     1          20.234          -4.428          -1.916         -10.495           24.385
 6368 (vir)     1          20.237          -4.692          -2.016         -11.042           24.570
 6369 (vir)     1          20.246          -4.684          -2.014         -11.033           24.580
 6370 (vir)     1          20.251          -4.610          -1.998         -10.963           24.606
 6371 (vir)     1          20.252          -4.516          -1.947         -10.704           24.493
 6372 (vir)     1          20.255          -5.224          -3.991         -14.267           25.307
 6373 (vir)     1          20.257          -5.301          -4.075         -14.316           25.197
 6374 (vir)     1          20.262          -4.618          -1.998         -10.966           24.612
 6375 (vir)     1          20.263          -4.497          -1.943         -10.689           24.512
 6376 (vir)     1          20.263          -4.435          -1.917         -10.502           24.413
 6377 (vir)     1          20.269          -4.643          -2.004         -10.994           24.616
 6378 (vir)     1          20.276          -6.410          -5.140         -17.352           26.079
 6379 (vir)     1          20.281          -4.952          -3.701         -13.359           24.986
 6380 (vir)     1          20.283          -4.598          -1.992         -10.945           24.639
 6381 (vir)     1          20.284          -4.629          -2.000         -10.982           24.637
 6382 (vir)     1          20.286          -5.758          -4.487         -15.559           25.600
 6383 (vir)     1          20.288          -4.510          -1.944         -10.695           24.529
 6384 (vir)     1          20.291          -5.820          -4.518         -15.604           25.557
 6385 (vir)     1          20.295          -4.579          -1.981         -10.882           24.617
 6386 (vir)     1          20.295          -4.613          -1.995         -10.964           24.652
 6387 (vir)     1          20.298          -4.469          -1.929         -10.577           24.477
 6388 (vir)     1          20.300          -4.506          -1.942         -10.693           24.545
 6389 (vir)     1          20.310          -4.566          -1.957         -10.761           24.548
 6390 (vir)     1          20.310          -5.275          -4.025         -14.376           25.385
 6391 (vir)     1          20.325          -4.535          -1.951         -10.736           24.574
 6392 (vir)     1          20.329          -4.512          -1.941         -10.691           24.567
 6393 (vir)     1          20.336          -4.451          -1.917         -10.507           24.475
 6394 (vir)     1          20.337          -4.518          -1.944         -10.706           24.582
 6395 (vir)     1          20.337          -6.183          -4.862         -16.584           25.877
 6396 (vir)     1          20.342          -6.441          -5.148         -17.405           26.160
 6397 (vir)     1          20.345          -5.303          -4.054         -14.322           25.310
 6398 (vir)     1          20.353          -5.463          -4.159         -14.656           25.388
 6399 (vir)     1          20.353          -5.128          -3.846         -13.769           25.148
 6400 (vir)     1          20.358          -4.510          -1.938         -10.684           24.595
 6401 (vir)     1          20.360          -4.535          -1.954         -10.752           24.624
 6402 (vir)     1          20.364          -5.493          -4.228         -14.917           25.561
 6403 (vir)     1          20.365          -4.510          -1.939         -10.690           24.606
 6404 (vir)     1          20.379          -4.461          -1.917         -10.511           24.513
 6405 (vir)     1          20.383          -6.143          -4.805         -16.445           25.880
 6406 (vir)     1          20.387          -4.504          -1.934         -10.675           24.624
 6407 (vir)     1          20.388          -4.504          -1.933         -10.673           24.624
 6408 (vir)     1          20.401          -4.533          -1.952         -10.749           24.666
 6409 (vir)     1          20.404          -6.342          -5.037         -17.108           26.134
 6410 (vir)     1          20.405          -4.504          -1.931         -10.668           24.638
 6411 (vir)     1          20.406          -5.640          -4.302         -15.042           25.505
 6412 (vir)     1          20.406          -5.855          -4.493         -15.536           25.594
 6413 (vir)     1          20.408          -5.144          -3.876         -13.984           25.372
 6414 (vir)     1          20.409          -4.514          -1.936         -10.688           24.646
 6415 (vir)     1          20.418          -4.507          -1.929         -10.663           24.645
 6416 (vir)     1          20.418          -4.506          -1.928         -10.660           24.644
 6417 (vir)     1          20.421          -6.170          -4.874         -16.638           26.014
 6418 (vir)     1          20.425          -5.417          -4.136         -14.663           25.536
 6419 (vir)     1          20.426          -4.466          -1.917         -10.516           24.560
 6420 (vir)     1          20.449          -4.541          -1.961         -10.791           24.737
 6421 (vir)     1          20.456          -6.323          -5.008         -17.030           26.155
 6422 (vir)     1          20.457          -5.162          -3.880         -14.026           25.441
 6423 (vir)     1          20.462          -5.282          -4.007         -14.331           25.504
 6424 (vir)     1          20.463          -6.416          -5.097         -17.277           26.227
 6425 (vir)     1          20.476          -4.476          -1.916         -10.522           24.606
 6426 (vir)     1          20.499          -4.550          -1.962         -10.805           24.792
 6427 (vir)     1          20.499          -5.226          -3.946         -14.191           25.517
 6428 (vir)     1          20.502          -5.163          -3.871         -14.013           25.481
 6429 (vir)     1          20.529          -4.483          -1.916         -10.528           24.658
 6430 (vir)     1          20.540          -5.244          -3.948         -14.218           25.566
 6431 (vir)     1          20.545          -5.141          -3.838         -13.932           25.498
 6432 (vir)     1          20.553          -4.558          -1.963         -10.818           24.850
 6433 (vir)     1          20.582          -5.253          -3.942         -14.219           25.606
 6434 (vir)     1          20.583          -4.489          -1.915         -10.537           24.716
 6435 (vir)     1          20.587          -5.139          -3.828         -13.909           25.529
 6436 (vir)     1          20.610          -4.567          -1.963         -10.825           24.906
 6437 (vir)     1          20.624          -5.273          -3.946         -14.245           25.651
 6438 (vir)     1          20.627          -5.135          -3.817         -13.882           25.557
 6439 (vir)     1          20.637          -4.491          -1.915         -10.556           24.787
 6440 (vir)     1          20.663          -4.563          -1.961         -10.814           24.953
 6441 (vir)     1          20.665          -5.136          -3.810         -13.865           25.584
 6442 (vir)     1          20.666          -5.314          -3.971         -14.327           25.707
 6443 (vir)     1          20.687          -4.497          -1.919         -10.598           24.869
 6444 (vir)     1          20.700          -5.141          -3.809         -13.864           25.613
 6445 (vir)     1          20.701          -4.522          -1.962         -10.772           24.988
 6446 (vir)     1          20.705          -5.376          -4.018         -14.462           25.772
 6447 (vir)     1          20.724          -4.513          -1.970         -10.787           25.028
 6448 (vir)     1          20.731          -4.507          -1.928         -10.660           24.956
 6449 (vir)     1          20.733          -5.154          -3.816         -13.883           25.645
 6450 (vir)     1          20.738          -5.478          -4.105         -14.697           25.852
 6451 (vir)     1          20.760          -5.205          -3.860         -14.009           25.704
 6452 (vir)     1          20.761          -4.566          -1.975         -10.851           25.071
 6453 (vir)     1          20.765          -5.668          -4.275         -15.158           25.979
 6454 (vir)     1          20.771          -4.519          -1.934         -10.689           25.006
 6455 (vir)     1          20.781          -4.546          -1.964         -10.777           25.049
 6456 (vir)     1          20.781          -4.549          -1.960         -10.765           25.036
 6457 (vir)     1          20.782          -5.243          -3.896         -14.111           25.754
 6458 (vir)     1          20.789          -5.577          -4.187         -14.925           25.950
 6459 (vir)     1          20.792          -4.557          -1.956         -10.753           25.033
 6460 (vir)     1          20.794          -4.574          -1.966         -10.790           25.044
 6461 (vir)     1          20.797          -5.290          -3.936         -14.219           25.791
 6462 (vir)     1          20.807          -4.562          -1.953         -10.748           25.040
 6463 (vir)     1          20.807          -5.613          -4.182         -14.904           25.916
 6464 (vir)     1          20.812          -6.395          -4.854         -16.705           26.269
 6465 (vir)     1          20.812          -4.518          -1.930         -10.650           25.015
 6466 (vir)     1          20.814          -5.187          -3.837         -13.929           25.718
 6467 (vir)     1          20.820          -4.576          -1.951         -10.741           25.034
 6468 (vir)     1          20.822          -4.606          -1.976         -10.883           25.123
 6469 (vir)     1          20.828          -6.539          -5.010         -17.184           26.463
 6470 (vir)     1          20.830          -4.592          -1.972         -10.810           25.076
 6471 (vir)     1          20.831          -5.145          -3.792         -13.784           25.678
 6472 (vir)     1          20.840          -4.582          -1.946         -10.729           25.039
 6473 (vir)     1          20.843          -5.230          -3.839         -13.996           25.770
 6474 (vir)     1          20.849          -5.105          -3.753         -13.665           25.657
 6475 (vir)     1          20.854          -5.597          -4.133         -14.736           25.861
 6476 (vir)     1          20.859          -4.593          -1.944         -10.722           25.044
 6477 (vir)     1          20.859          -4.501          -1.918         -10.587           25.028
 6478 (vir)     1          20.862          -5.101          -3.746         -13.636           25.651
 6479 (vir)     1          20.864          -6.961          -5.371         -18.200           26.733
 6480 (vir)     1          20.870          -5.128          -3.768         -13.691           25.665
 6481 (vir)     1          20.871          -5.601          -4.136         -14.634           25.768
 6482 (vir)     1          20.879          -5.254          -3.848         -14.002           25.779
 6483 (vir)     1          20.880          -4.599          -1.944         -10.727           25.063
 6484 (vir)     1          20.882          -6.061          -4.575         -15.935           26.181
 6485 (vir)     1          20.883          -4.611          -1.974         -10.821           25.119
 6486 (vir)     1          20.891          -4.626          -1.974         -10.895           25.186
 6487 (vir)     1          20.892          -5.247          -3.841         -14.031           25.835
 6488 (vir)     1          20.903          -6.912          -5.313         -18.061           26.738
 6489 (vir)     1          20.903          -4.609          -1.943         -10.723           25.075
 6490 (vir)     1          20.908          -5.288          -3.875         -14.129           25.875
 6491 (vir)     1          20.908          -4.485          -1.908         -10.544           25.060
 6492 (vir)     1          20.917          -4.901          -3.471         -12.701           25.246
 6493 (vir)     1          20.919          -6.394          -4.884         -16.854           26.495
 6494 (vir)     1          20.926          -4.618          -1.938         -10.709           25.078
 6495 (vir)     1          20.931          -6.686          -5.097         -17.455           26.603
 6496 (vir)     1          20.948          -4.623          -1.947         -10.743           25.121
 6497 (vir)     1          20.955          -5.294          -3.809         -13.789           25.641
 6498 (vir)     1          20.956          -4.622          -1.964         -10.796           25.166
 6499 (vir)     1          20.958          -6.467          -4.944         -17.042           26.590
 6500 (vir)     1          20.959          -4.493          -1.903         -10.532           25.095
 6501 (vir)     1          20.965          -4.639          -1.973         -10.900           25.254
 6502 (vir)     1          20.970          -7.161          -5.515         -18.662           26.957
 6503 (vir)     1          20.977          -4.628          -1.940         -10.725           25.134
 6504 (vir)     1          20.992          -6.439          -4.912         -16.971           26.613
 6505 (vir)     1          21.002          -4.634          -1.934         -10.700           25.134
 6506 (vir)     1          21.004          -7.159          -5.502         -18.642           26.984
 6507 (vir)     1          21.015          -4.519          -1.904         -10.543           25.135
 6508 (vir)     1          21.017          -4.407          -3.000         -11.339           24.949
 6509 (vir)     1          21.027          -4.635          -1.938         -10.720           25.173
 6510 (vir)     1          21.031          -6.701          -5.147         -17.673           26.856
 6511 (vir)     1          21.032          -7.151          -5.482         -18.598           26.997
 6512 (vir)     1          21.042          -4.629          -1.963         -10.806           25.256
 6513 (vir)     1          21.044          -4.656          -1.974         -10.915           25.329
 6514 (vir)     1          21.058          -4.635          -1.936         -10.717           25.204
 6515 (vir)     1          21.061          -7.255          -5.566         -18.853           27.094
 6516 (vir)     1          21.066          -4.686          -3.221         -12.123           25.282
 6517 (vir)     1          21.067          -6.719          -5.155         -17.708           26.902
 6518 (vir)     1          21.077          -4.548          -1.906         -10.559           25.183
 6519 (vir)     1          21.087          -4.642          -1.930         -10.693           25.207
 6520 (vir)     1          21.087          -7.138          -5.451         -18.538           27.036
 6521 (vir)     1          21.099          -6.769          -5.193         -17.836           26.973
 6522 (vir)     1          21.108          -7.293          -5.581         -18.921           27.155
 6523 (vir)     1          21.114          -4.638          -1.931         -10.701           25.247
 6524 (vir)     1          21.127          -4.670          -1.976         -10.936           25.417
 6525 (vir)     1          21.128          -7.302          -5.581         -18.931           27.176
 6526 (vir)     1          21.129          -6.815          -5.228         -17.951           27.037
 6527 (vir)     1          21.136          -4.630          -1.959         -10.810           25.357
 6528 (vir)     1          21.144          -7.318          -5.588         -18.959           27.197
 6529 (vir)     1          21.145          -4.374          -2.952         -11.226           25.044
 6530 (vir)     1          21.146          -4.576          -1.907         -10.572           25.235
 6531 (vir)     1          21.148          -4.637          -1.930         -10.698           25.279
 6532 (vir)     1          21.158          -6.454          -4.886         -16.944           26.763
 6533 (vir)     1          21.158          -7.330          -5.593         -18.978           27.214
 6534 (vir)     1          21.168          -7.335          -5.592         -18.981           27.223
 6535 (vir)     1          21.175          -7.344          -5.597         -18.999           27.234
 6536 (vir)     1          21.179          -4.641          -1.926         -10.688           25.300
 6537 (vir)     1          21.179          -7.348          -5.596         -19.000           27.235
 6538 (vir)     1          21.180          -6.843          -5.246         -18.023           27.114
 6539 (vir)     1          21.198          -4.282          -2.833         -11.040           25.123
 6540 (vir)     1          21.201          -6.833          -5.232         -17.990           27.126
 6541 (vir)     1          21.209          -4.640          -1.925         -10.687           25.331
 6542 (vir)     1          21.213          -4.683          -1.978         -10.953           25.505
 6543 (vir)     1          21.218          -6.842          -5.238         -18.018           27.155
 6544 (vir)     1          21.219          -4.597          -1.906         -10.580           25.295
 6545 (vir)     1          21.232          -6.847          -5.240         -18.027           27.173
 6546 (vir)     1          21.237          -4.636          -1.954         -10.810           25.457
 6547 (vir)     1          21.243          -6.845          -5.236         -18.020           27.181
 6548 (vir)     1          21.246          -4.641          -1.923         -10.678           25.360
 6549 (vir)     1          21.251          -6.907          -5.288         -18.169           27.224
 6550 (vir)     1          21.256          -6.679          -5.099         -17.636           27.115
 6551 (vir)     1          21.258          -6.762          -5.170         -17.842           27.167
 6552 (vir)     1          21.278          -4.645          -1.924         -10.693           25.402
 6553 (vir)     1          21.296          -4.609          -1.905         -10.585           25.366
 6554 (vir)     1          21.298          -3.832          -2.448          -9.752           24.771
 6555 (vir)     1          21.302          -4.692          -1.977         -10.953           25.587
 6556 (vir)     1          21.311          -4.640          -1.920         -10.673           25.424
 6557 (vir)     1          21.330          -4.233          -2.787         -10.958           25.269
 6558 (vir)     1          21.341          -4.641          -1.949         -10.810           25.561
 6559 (vir)     1          21.350          -4.632          -1.917         -10.658           25.458
 6560 (vir)     1          21.374          -4.620          -1.904         -10.591           25.442
 6561 (vir)     1          21.381          -4.661          -1.934         -10.760           25.546
 6562 (vir)     1          21.396          -4.678          -1.962         -10.881           25.637
 6563 (vir)     1          21.417          -4.632          -1.914         -10.652           25.523
 6564 (vir)     1          21.441          -4.324          -2.889         -11.342           25.569
 6565 (vir)     1          21.447          -4.645          -1.945         -10.812           25.669
 6566 (vir)     1          21.449          -4.451          -3.050         -11.860           25.808
 6567 (vir)     1          21.453          -4.625          -1.911         -10.628           25.546
 6568 (vir)     1          21.454          -4.633          -1.903         -10.600           25.519
 6569 (vir)     1          21.457          -4.861          -3.471         -13.347           26.472
 6570 (vir)     1          21.471          -4.198          -2.786         -11.006           25.493
 6571 (vir)     1          21.478          -4.685          -1.945         -10.819           25.667
 6572 (vir)     1          21.483          -4.954          -3.443         -13.118           26.205
 6573 (vir)     1          21.489          -4.661          -1.947         -10.801           25.683
 6574 (vir)     1          21.493          -4.879          -3.375         -12.906           26.144
 6575 (vir)     1          21.503          -4.626          -1.906         -10.598           25.569
 6576 (vir)     1          21.514          -4.746          -1.939         -10.928           25.758
 6577 (vir)     1          21.515          -4.749          -1.939         -10.935           25.761
 6578 (vir)     1          21.524          -4.923          -3.405         -12.994           26.191
 6579 (vir)     1          21.526          -4.642          -3.159         -12.224           25.949
 6580 (vir)     1          21.527          -4.747          -1.939         -10.932           25.772
 6581 (vir)     1          21.527          -4.738          -1.936         -10.908           25.760
 6582 (vir)     1          21.530          -4.666          -1.913         -10.722           25.674
 6583 (vir)     1          21.544          -4.727          -1.934         -10.919           25.802
 6584 (vir)     1          21.549          -4.724          -1.929         -10.859           25.755
 6585 (vir)     1          21.549          -4.650          -1.945         -10.834           25.788
 6586 (vir)     1          21.562          -4.726          -1.932         -10.911           25.815
 6587 (vir)     1          21.565          -4.733          -1.934         -10.914           25.812
 6588 (vir)     1          21.572          -4.763          -3.260         -12.541           26.090
 6589 (vir)     1          21.573          -4.743          -1.981         -11.020           25.869
 6590 (vir)     1          21.576          -4.972          -3.448         -13.123           26.279
 6591 (vir)     1          21.578          -4.716          -1.929         -10.894           25.827
 6592 (vir)     1          21.582          -4.695          -1.924         -10.891           25.854
 6593 (vir)     1          21.584          -4.854          -3.326         -12.746           26.149
 6594 (vir)     1          21.588          -4.968          -3.446         -13.110           26.284
 6595 (vir)     1          21.589          -4.689          -1.922         -10.883           25.862
 6596 (vir)     1          21.607          -4.963          -3.443         -13.091           26.292
 6597 (vir)     1          21.609          -4.778          -1.939         -10.929           25.820
 6598 (vir)     1          21.615          -4.709          -1.917         -10.743           25.733
 6599 (vir)     1          21.632          -4.922          -3.404         -12.954           26.259
 6600 (vir)     1          21.637          -3.810          -2.378          -9.582           25.031
 6601 (vir)     1          21.638          -4.879          -3.347         -12.818           26.229
 6602 (vir)     1          21.641          -4.652          -3.126         -12.122           25.985
 6603 (vir)     1          21.644          -4.674          -1.950         -10.872           25.892
 6604 (vir)     1          21.655          -4.773          -1.932         -10.868           25.819
 6605 (vir)     1          21.662          -4.954          -3.436         -13.043           26.315
 6606 (vir)     1          21.662          -4.741          -1.973         -11.003           25.951
 6607 (vir)     1          21.678          -4.779          -1.933         -10.880           25.845
 6608 (vir)     1          21.686          -4.767          -1.896         -10.701           25.724
 6609 (vir)     1          21.696          -4.952          -3.432         -13.014           26.326
 6610 (vir)     1          21.697          -4.727          -3.200         -12.363           26.133
 6611 (vir)     1          21.708          -4.735          -1.906         -10.735           25.803
 6612 (vir)     1          21.712          -4.865          -3.309         -12.700           26.238
 6613 (vir)     1          21.721          -4.716          -1.950         -10.898           25.953
 6614 (vir)     1          21.721          -4.721          -1.912         -10.734           25.822
 6615 (vir)     1          21.734          -4.949          -3.427         -12.988           26.346
 6616 (vir)     1          21.734          -4.813          -1.939         -10.933           25.915
 6617 (vir)     1          21.745          -4.728          -1.893         -10.676           25.800
 6618 (vir)     1          21.751          -4.695          -1.960         -10.952           26.048
 6619 (vir)     1          21.770          -4.875          -3.322         -12.751           26.324
 6620 (vir)     1          21.775          -4.696          -1.962         -10.957           26.074
 6621 (vir)     1          21.775          -4.949          -3.425         -12.967           26.368
 6622 (vir)     1          21.778          -4.639          -3.082         -11.984           26.041
 6623 (vir)     1          21.786          -4.717          -1.891         -10.666           25.843
 6624 (vir)     1          21.791          -4.826          -1.938         -10.938           25.966
 6625 (vir)     1          21.798          -4.721          -1.908         -10.714           25.884
 6626 (vir)     1          21.811          -4.221          -2.708         -10.660           25.543
 6627 (vir)     1          21.822          -4.580          -3.066         -11.793           25.969
 6628 (vir)     1          21.829          -4.711          -1.888         -10.654           25.884
 6629 (vir)     1          21.834          -4.686          -3.127         -12.139           26.160
 6630 (vir)     1          21.850          -4.881          -3.306         -12.699           26.362
 6631 (vir)     1          21.852          -4.820          -1.932         -10.912           26.011
 6632 (vir)     1          21.864          -4.951          -3.415         -12.916           26.414
 6633 (vir)     1          21.874          -4.761          -1.914         -10.780           25.979
 6634 (vir)     1          21.876          -4.706          -1.886         -10.646           25.930
 6635 (vir)     1          21.907          -4.870          -3.293         -12.665           26.410
 6636 (vir)     1          21.913          -4.951          -3.408         -12.885           26.439
 6637 (vir)     1          21.917          -4.790          -1.921         -10.841           26.047
 6638 (vir)     1          21.920          -4.666          -3.074         -11.961           26.142
 6639 (vir)     1          21.924          -4.708          -1.883         -10.638           25.971
 6640 (vir)     1          21.944          -4.804          -1.925         -10.874           26.089
 6641 (vir)     1          21.960          -4.882          -3.338         -12.660           26.401
 6642 (vir)     1          21.972          -4.635          -3.055         -11.912           26.194
 6643 (vir)     1          21.974          -4.704          -1.880         -10.633           26.022
 6644 (vir)     1          21.988          -4.887          -3.288         -12.646           26.459
 6645 (vir)     1          21.989          -4.752          -1.907         -10.756           26.085
 6646 (vir)     1          21.995          -3.972          -2.479          -9.909           25.453
 6647 (vir)     1          22.008          -4.843          -1.930         -10.924           26.159
 6648 (vir)     1          22.013          -4.954          -3.398         -12.843           26.504
 6649 (vir)     1          22.024          -4.716          -1.882         -10.653           26.078
 6650 (vir)     1          22.043          -4.859          -3.259         -12.558           26.483
 6651 (vir)     1          22.057          -4.814          -1.917         -10.846           26.172
 6652 (vir)     1          22.058          -4.680          -3.063         -11.924           26.239
 6653 (vir)     1          22.064          -4.740          -1.901         -10.725           26.148
 6654 (vir)     1          22.068          -4.945          -3.376         -12.765           26.511
 6655 (vir)     1          22.069          -4.862          -1.930         -10.939           26.216
 6656 (vir)     1          22.074          -4.777          -1.903         -10.769           26.163
 6657 (vir)     1          22.078          -4.782          -1.905         -10.794           26.184
 6658 (vir)     1          22.106          -4.628          -3.025         -11.808           26.261
 6659 (vir)     1          22.116          -4.896          -3.324         -12.603           26.499
 6660 (vir)     1          22.117          -4.780          -1.914         -10.814           26.238
 6661 (vir)     1          22.121          -4.873          -3.252         -12.528           26.525
 6662 (vir)     1          22.128          -4.859          -1.928         -10.932           26.273
 6663 (vir)     1          22.135          -4.715          -1.878         -10.648           26.189
 6664 (vir)     1          22.136          -4.754          -1.902         -10.747           26.227
 6665 (vir)     1          22.164          -4.832          -1.928         -10.917           26.320
 6666 (vir)     1          22.166          -4.106          -2.574         -10.204           25.690
 6667 (vir)     1          22.173          -4.848          -3.227         -12.450           26.548
 6668 (vir)     1          22.174          -4.960          -3.374         -12.753           26.592
 6669 (vir)     1          22.185          -4.847          -1.922         -10.905           26.321
 6670 (vir)     1          22.186          -4.649          -3.015         -11.760           26.282
 6671 (vir)     1          22.196          -4.772          -1.912         -10.814           26.326
 6672 (vir)     1          22.196          -4.705          -1.872         -10.627           26.246
 6673 (vir)     1          22.201          -4.787          -1.909         -10.803           26.309
 6674 (vir)     1          22.229          -4.681          -3.056         -11.896           26.389
 6675 (vir)     1          22.232          -4.929          -3.329         -12.601           26.576
 6676 (vir)     1          22.240          -4.826          -1.916         -10.865           26.364
 6677 (vir)     1          22.245          -4.832          -3.192         -12.326           26.547
 6678 (vir)     1          22.256          -4.813          -1.915         -10.855           26.382
 6679 (vir)     1          22.260          -4.705          -1.871         -10.625           26.309
 6680 (vir)     1          22.263          -4.851          -1.933         -10.948           26.427
 6681 (vir)     1          22.278          -4.852          -3.254         -12.370           26.542
 6682 (vir)     1          22.283          -4.753          -1.897         -10.770           26.403
 6683 (vir)     1          22.290          -4.808          -1.912         -10.843           26.413
 6684 (vir)     1          22.292          -4.832          -3.192         -12.324           26.592
 6685 (vir)     1          22.295          -4.609          -2.964         -11.584           26.306
 6686 (vir)     1          22.298          -4.827          -1.917         -10.875           26.429
 6687 (vir)     1          22.324          -4.814          -1.914         -10.855           26.451
 6688 (vir)     1          22.326          -4.242          -2.723         -10.667           26.029
 6689 (vir)     1          22.327          -4.824          -1.917         -10.872           26.458
 6690 (vir)     1          22.327          -4.716          -1.877         -10.657           26.391
 6691 (vir)     1          22.337          -4.759          -3.116         -12.073           26.535
 6692 (vir)     1          22.339          -4.953          -3.335         -12.619           26.670
 6693 (vir)     1          22.350          -4.740          -3.083         -11.956           26.483
 6694 (vir)     1          22.362          -4.813          -1.906         -10.823           26.466
 6695 (vir)     1          22.372          -4.770          -1.895         -10.793           26.500
 6696 (vir)     1          22.383          -4.669          -3.016         -11.741           26.439
 6697 (vir)     1          22.390          -4.785          -3.125         -12.087           26.567
 6698 (vir)     1          22.399          -4.922          -3.289         -12.466           26.653
 6699 (vir)     1          22.405          -4.765          -1.896         -10.763           26.506
 6700 (vir)     1          22.422          -4.676          -3.014         -11.722           26.454
 6701 (vir)     1          22.423          -4.769          -3.108         -12.028           26.574
 6702 (vir)     1          22.433          -4.712          -3.097         -11.860           26.484
 6703 (vir)     1          22.436          -4.706          -1.863         -10.625           26.492
 6704 (vir)     1          22.448          -4.745          -3.078         -11.925           26.550
 6705 (vir)     1          22.450          -4.706          -3.040         -11.799           26.503
 6706 (vir)     1          22.464          -4.729          -3.059         -11.857           26.533
 6707 (vir)     1          22.465          -4.718          -3.052         -11.833           26.528
 6708 (vir)     1          22.476          -4.850          -1.919         -10.923           26.630
 6709 (vir)     1          22.476          -4.561          -2.944         -11.354           26.325
 6710 (vir)     1          22.498          -4.794          -1.903         -10.822           26.622
 6711 (vir)     1          22.498          -4.914          -3.266         -12.390           26.708
 6712 (vir)     1          22.505          -4.690          -1.855         -10.593           26.553
 6713 (vir)     1          22.541          -4.709          -1.881         -10.778           26.728
 6714 (vir)     1          22.541          -4.709          -1.881         -10.778           26.728
 6715 (vir)     1          22.556          -4.917          -3.249         -12.330           26.719
 6716 (vir)     1          22.568          -4.605          -2.963         -11.414           26.414
 6717 (vir)     1          22.574          -4.688          -1.853         -10.589           26.622
 6718 (vir)     1          22.583          -4.855          -1.914         -10.920           26.733
 6719 (vir)     1          22.594          -4.811          -1.897         -10.816           26.702
 6720 (vir)     1          22.616          -4.813          -3.142         -11.976           26.637
 6721 (vir)     1          22.635          -4.802          -3.131         -11.948           26.649
 6722 (vir)     1          22.646          -4.721          -1.858         -10.619           26.686
 6723 (vir)     1          22.678          -4.049          -2.621         -10.683           26.690
 6724 (vir)     1          22.678          -4.049          -2.621         -10.683           26.691
 6725 (vir)     1          22.678          -4.701          -3.043         -11.651           26.585
 6726 (vir)     1          22.685          -4.778          -1.870         -10.709           26.747
 6727 (vir)     1          22.686          -4.858          -3.170         -12.064           26.722
 6728 (vir)     1          22.689          -4.859          -1.904         -10.894           26.820
 6729 (vir)     1          22.726          -4.795          -1.885         -10.751           26.797
 6730 (vir)     1          22.729          -4.853          -3.153         -12.000           26.723
 6731 (vir)     1          22.730          -4.732          -3.061         -11.704           26.641
 6732 (vir)     1          22.764          -4.810          -3.125         -11.903           26.732
 6733 (vir)     1          22.765          -4.740          -1.847         -10.606           26.784
 6734 (vir)     1          22.766          -4.773          -3.091         -11.794           26.696
 6735 (vir)     1          22.786          -4.732          -3.109         -11.848           26.792
 6736 (vir)     1          22.787          -4.815          -3.103         -11.829           26.697
 6737 (vir)     1          22.791          -4.835          -1.885         -10.833           26.904
 6738 (vir)     1          22.821          -4.885          -1.913         -10.904           26.926
 6739 (vir)     1          22.839          -4.737          -1.838         -10.567           26.831
 6740 (vir)     1          22.843          -4.974          -1.864         -10.771           26.776
 6741 (vir)     1          22.848          -5.010          -1.871         -10.811           26.778
 6742 (vir)     1          22.863          -4.915          -1.853         -10.712           26.807
 6743 (vir)     1          22.874          -5.019          -1.880         -10.865           26.840
 6744 (vir)     1          22.890          -4.824          -1.874         -10.803           26.995
 6745 (vir)     1          22.903          -4.848          -1.838         -10.622           26.838
 6746 (vir)     1          22.906          -5.006          -1.884         -10.896           26.912
 6747 (vir)     1          22.912          -4.742          -1.834         -10.557           26.894
 6748 (vir)     1          22.923          -4.921          -1.915         -10.941           27.028
 6749 (vir)     1          22.944          -4.999          -1.886         -10.913           26.971
 6750 (vir)     1          22.962          -4.806          -1.826         -10.561           26.891
 6751 (vir)     1          22.984          -4.827          -1.868         -10.794           27.082
 6752 (vir)     1          22.984          -4.984          -1.887         -10.922           27.036
 6753 (vir)     1          22.987          -4.768          -1.837         -10.575           26.957
 6754 (vir)     1          23.023          -4.916          -1.891         -10.854           27.070
 6755 (vir)     1          23.027          -4.967          -1.888         -10.930           27.102
 6756 (vir)     1          23.036          -4.780          -1.818         -10.521           26.959
 6757 (vir)     1          23.066          -4.825          -1.856         -10.672           27.056
 6758 (vir)     1          23.071          -4.951          -1.887         -10.932           27.165
 6759 (vir)     1          23.074          -4.847          -1.864         -10.789           27.153
 6760 (vir)     1          23.110          -4.849          -1.850         -10.678           27.089
 6761 (vir)     1          23.115          -4.904          -1.886         -10.933           27.257
 6762 (vir)     1          23.118          -4.753          -1.810         -10.494           27.048
 6763 (vir)     1          23.133          -4.343          -2.677         -10.746           26.859
 6764 (vir)     1          23.141          -4.346          -2.676         -10.746           26.865
 6765 (vir)     1          23.154          -4.337          -2.675         -10.745           26.887
 6766 (vir)     1          23.155          -4.906          -1.888         -10.838           27.199
 6767 (vir)     1          23.159          -4.904          -1.885         -10.932           27.302
 6768 (vir)     1          23.160          -4.852          -1.859         -10.783           27.232
 6769 (vir)     1          23.172          -4.332          -2.674         -10.745           26.912
 6770 (vir)     1          23.186          -4.856          -1.836         -10.620           27.114
 6771 (vir)     1          23.195          -4.335          -2.672         -10.743           26.932
 6772 (vir)     1          23.203          -4.918          -1.864         -10.821           27.243
 6773 (vir)     1          23.207          -4.824          -1.823         -10.581           27.141
 6774 (vir)     1          23.223          -4.329          -2.669         -10.742           26.966
 6775 (vir)     1          23.239          -4.868          -1.853         -10.765           27.283
 6776 (vir)     1          23.244          -4.952          -1.885         -10.845           27.253
 6777 (vir)     1          23.248          -4.849          -1.881         -10.927           27.445
 6778 (vir)     1          23.253          -4.877          -1.843         -10.669           27.202
 6779 (vir)     1          23.255          -4.340          -2.667         -10.739           26.988
 6780 (vir)     1          23.292          -4.329          -2.664         -10.737           27.037
 6781 (vir)     1          23.293          -4.860          -1.880         -10.924           27.477
 6782 (vir)     1          23.298          -4.752          -1.797         -10.455           27.203
 6783 (vir)     1          23.314          -4.897          -1.856         -10.798           27.359
 6784 (vir)     1          23.334          -4.325          -2.660         -10.740           27.089
 6785 (vir)     1          23.337          -4.898          -1.878         -10.920           27.481
 6786 (vir)     1          23.361          -4.276          -2.624         -11.120           27.581
 6787 (vir)     1          23.362          -4.815          -1.868         -10.751           27.430
 6788 (vir)     1          23.363          -4.276          -2.622         -11.148           27.613
 6789 (vir)     1          23.365          -4.767          -1.850         -10.636           27.383
 6790 (vir)     1          23.381          -4.902          -1.874         -10.906           27.511
 6791 (vir)     1          23.382          -4.324          -2.654         -10.770           27.174
 6792 (vir)     1          23.392          -4.895          -1.859         -10.788           27.426
 6793 (vir)     1          23.392          -4.759          -1.792         -10.447           27.287
 6794 (vir)     1          23.425          -4.927          -1.874         -10.912           27.536
 6795 (vir)     1          23.432          -4.338          -2.653         -10.734           27.175
 6796 (vir)     1          23.447          -4.932          -1.854         -10.815           27.477
 6797 (vir)     1          23.469          -4.900          -1.872         -10.907           27.603
 6798 (vir)     1          23.487          -4.346          -2.649         -10.727           27.219
 6799 (vir)     1          23.489          -4.754          -1.783         -10.419           27.370
 6800 (vir)     1          23.499          -4.956          -1.852         -10.823           27.513
 6801 (vir)     1          23.512          -4.888          -1.822         -10.625           27.426
 6802 (vir)     1          23.512          -4.939          -1.869         -10.900           27.604
 6803 (vir)     1          23.541          -4.934          -1.836         -10.739           27.510
 6804 (vir)     1          23.542          -4.169          -2.685         -10.362           27.050
 6805 (vir)     1          23.542          -4.182          -2.685         -10.361           27.037
 6806 (vir)     1          23.546          -4.354          -2.646         -10.719           27.266
 6807 (vir)     1          23.546          -4.164          -2.683         -10.357           27.057
 6808 (vir)     1          23.547          -4.179          -2.680         -10.349           27.037
 6809 (vir)     1          23.547          -4.872          -1.802         -10.548           27.422
 6810 (vir)     1          23.552          -4.170          -2.673         -10.333           27.041
 6811 (vir)     1          23.552          -4.168          -2.675         -10.339           27.048
 6812 (vir)     1          23.555          -4.169          -2.661         -10.303           27.028
 6813 (vir)     1          23.555          -4.943          -1.867         -10.895           27.640
 6814 (vir)     1          23.557          -4.168          -2.682         -10.362           27.069
 6815 (vir)     1          23.558          -4.977          -1.879         -10.885           27.587
 6816 (vir)     1          23.566          -4.180          -2.704         -10.427           27.110
 6817 (vir)     1          23.576          -4.988          -1.850         -10.831           27.570
 6818 (vir)     1          23.583          -4.197          -2.716         -10.471           27.141
 6819 (vir)     1          23.587          -4.773          -1.776         -10.400           27.438
 6820 (vir)     1          23.599          -4.967          -1.865         -10.890           27.656
 6821 (vir)     1          23.601          -4.992          -1.850         -10.836           27.595
 6822 (vir)     1          23.606          -4.220          -2.720         -10.531           27.197
 6823 (vir)     1          23.609          -4.831          -1.779         -10.435           27.433
 6824 (vir)     1          23.610          -4.334          -2.648         -10.699           27.327
 6825 (vir)     1          23.615          -5.003          -1.849         -10.832           27.596
 6826 (vir)     1          23.638          -4.231          -2.734         -10.558           27.231
 6827 (vir)     1          23.642          -4.976          -1.863         -10.883           27.686
 6828 (vir)     1          23.654          -5.005          -1.892         -10.951           27.708
 6829 (vir)     1          23.677          -4.364          -2.638         -10.712           27.387
 6830 (vir)     1          23.679          -4.239          -2.741         -10.603           27.302
 6831 (vir)     1          23.680          -4.841          -1.772         -10.409           27.476
 6832 (vir)     1          23.685          -4.951          -1.848         -10.809           27.695
 6833 (vir)     1          23.687          -4.803          -1.780         -10.447           27.551
 6834 (vir)     1          23.728          -4.990          -1.858         -10.870           27.750
 6835 (vir)     1          23.729          -4.249          -2.748         -10.651           27.383
 6836 (vir)     1          23.748          -4.367          -2.635         -10.709           27.455
 6837 (vir)     1          23.754          -4.825          -1.767         -10.397           27.559
 6838 (vir)     1          23.761          -5.017          -1.891         -10.965           27.818
 6839 (vir)     1          23.771          -4.989          -1.856         -10.863           27.790
 6840 (vir)     1          23.788          -4.771          -1.760         -10.359           27.615
 6841 (vir)     1          23.789          -4.280          -2.752         -10.699           27.456
 6842 (vir)     1          23.815          -4.997          -1.853         -10.856           27.821
 6843 (vir)     1          23.823          -4.367          -2.632         -10.707           27.531
 6844 (vir)     1          23.831          -4.847          -1.763         -10.391           27.611
 6845 (vir)     1          23.858          -4.997          -1.851         -10.849           27.859
 6846 (vir)     1          23.858          -4.303          -2.755         -10.747           27.548
 6847 (vir)     1          23.871          -5.024          -1.880         -10.935           27.902
 6848 (vir)     1          23.890          -4.789          -1.751         -10.337           27.687
 6849 (vir)     1          23.899          -4.528          -2.896         -11.789           28.264
 6850 (vir)     1          23.899          -4.546          -2.896         -11.789           28.246
 6851 (vir)     1          23.902          -4.980          -1.848         -10.842           27.915
 6852 (vir)     1          23.902          -4.378          -2.630         -10.706           27.600
 6853 (vir)     1          23.910          -4.865          -1.767         -10.415           27.693
 6854 (vir)     1          23.937          -4.328          -2.756         -10.795           27.648
 6855 (vir)     1          23.945          -4.982          -1.846         -10.834           27.951
 6856 (vir)     1          23.975          -4.944          -1.808         -10.629           27.851
 6857 (vir)     1          23.983          -4.389          -2.628         -10.706           27.672
 6858 (vir)     1          23.989          -4.977          -1.844         -10.827           27.995
 6859 (vir)     1          23.993          -4.801          -1.742         -10.314           27.764
 6860 (vir)     1          23.997          -4.960          -1.830         -10.708           27.915
 6861 (vir)     1          24.026          -4.335          -2.756         -10.841           27.777
 6862 (vir)     1          24.033          -4.973          -1.842         -10.820           28.038
 6863 (vir)     1          24.060          -4.892          -1.751         -10.382           27.799
 6864 (vir)     1          24.068          -4.393          -2.626         -10.707           27.756
 6865 (vir)     1          24.076          -4.974          -1.840         -10.814           28.077
 6866 (vir)     1          24.098          -4.825          -1.733         -10.289           27.829
 6867 (vir)     1          24.105          -5.031          -1.876         -10.937           28.135
 6868 (vir)     1          24.119          -4.977          -1.839         -10.810           28.113
 6869 (vir)     1          24.124          -4.356          -2.754         -10.886           27.900
 6870 (vir)     1          24.141          -4.879          -1.740         -10.339           27.861
 6871 (vir)     1          24.155          -4.398          -2.626         -10.710           27.842
 6872 (vir)     1          24.160          -4.972          -1.840         -10.809           28.156
 6873 (vir)     1          24.193          -4.968          -1.844         -10.814           28.196
 6874 (vir)     1          24.203          -4.850          -1.724         -10.264           27.893
 6875 (vir)     1          24.218          -5.039          -1.875         -10.956           28.260
 6876 (vir)     1          24.221          -4.886          -1.732         -10.318           27.921
 6877 (vir)     1          24.230          -4.384          -2.751         -10.929           28.024
 6878 (vir)     1          24.245          -4.405          -2.626         -10.715           27.928
 6879 (vir)     1          24.302          -4.886          -1.727         -10.304           27.994
 6880 (vir)     1          24.309          -4.878          -1.714         -10.238           27.954
 6881 (vir)     1          24.330          -5.129          -1.795         -10.710           28.116
 6882 (vir)     1          24.332          -5.040          -1.867         -10.939           28.364
 6883 (vir)     1          24.337          -4.406          -2.628         -10.722           28.025
 6884 (vir)     1          24.343          -4.407          -2.748         -10.970           28.158
 6885 (vir)     1          24.354          -5.067          -1.796         -10.706           28.198
 6886 (vir)     1          24.384          -4.880          -1.724         -10.304           28.084
 6887 (vir)     1          24.391          -5.034          -1.798         -10.706           28.266
 6888 (vir)     1          24.401          -4.748          -2.955         -11.856           28.554
 6889 (vir)     1          24.401          -4.743          -2.951         -11.847           28.554
 6890 (vir)     1          24.401          -4.737          -2.948         -11.841           28.558
 6891 (vir)     1          24.402          -4.733          -2.944         -11.832           28.557
 6892 (vir)     1          24.402          -4.731          -2.939         -11.821           28.554
 6893 (vir)     1          24.403          -4.712          -2.933         -11.810           28.567
 6894 (vir)     1          24.405          -4.718          -2.927         -11.797           28.556
 6895 (vir)     1          24.406          -4.715          -2.920         -11.782           28.553
 6896 (vir)     1          24.408          -4.709          -2.913         -11.766           28.553
 6897 (vir)     1          24.411          -4.700          -2.905         -11.748           28.555
 6898 (vir)     1          24.414          -4.692          -2.895         -11.729           28.555
 6899 (vir)     1          24.415          -4.922          -1.705         -10.211           27.999
 6900 (vir)     1          24.418          -4.683          -2.886         -11.708           28.557
 6901 (vir)     1          24.422          -4.673          -2.876         -11.686           28.560
 6902 (vir)     1          24.428          -4.665          -2.866         -11.664           28.561
 6903 (vir)     1          24.430          -4.425          -2.631         -10.733           28.107
 6904 (vir)     1          24.435          -4.657          -2.855         -11.641           28.565
 6905 (vir)     1          24.436          -5.023          -1.798         -10.703           28.318
 6906 (vir)     1          24.443          -4.649          -2.845         -11.619           28.567
 6907 (vir)     1          24.444          -5.003          -1.832         -10.805           28.413
 6908 (vir)     1          24.452          -4.635          -2.834         -11.595           28.578
 6909 (vir)     1          24.460          -4.436          -2.745         -11.008           28.287
 6910 (vir)     1          24.462          -4.630          -2.824         -11.571           28.580
 6911 (vir)     1          24.469          -4.903          -1.747         -10.415           28.234
 6912 (vir)     1          24.474          -4.621          -2.813         -11.547           28.587
 6913 (vir)     1          24.483          -5.020          -1.796         -10.696           28.363
 6914 (vir)     1          24.487          -4.611          -2.802         -11.522           28.596
 6915 (vir)     1          24.501          -4.601          -2.791         -11.496           28.605
 6916 (vir)     1          24.517          -4.593          -2.779         -11.469           28.613
 6917 (vir)     1          24.521          -4.985          -1.696         -10.186           28.026
 6918 (vir)     1          24.524          -4.446          -2.637         -10.750           28.192
 6919 (vir)     1          24.533          -5.013          -1.793         -10.684           28.411
 6920 (vir)     1          24.534          -4.582          -2.767         -11.440           28.624
 6921 (vir)     1          24.541          -4.896          -1.725         -10.341           28.261
 6922 (vir)     1          24.552          -4.566          -2.755         -11.409           28.641
 6923 (vir)     1          24.570          -5.013          -1.842         -10.851           28.566
 6924 (vir)     1          24.572          -4.552          -2.741         -11.376           28.655
 6925 (vir)     1          24.577          -4.459          -2.739         -11.031           28.409
 6926 (vir)     1          24.584          -5.022          -1.791         -10.679           28.451
 6927 (vir)     1          24.593          -4.545          -2.727         -11.340           28.661
 6928 (vir)     1          24.615          -4.526          -2.712         -11.301           28.678
 6929 (vir)     1          24.620          -4.458          -2.650         -10.787           28.298
 6930 (vir)     1          24.625          -5.060          -1.686         -10.156           28.036
 6931 (vir)     1          24.627          -4.851          -1.698         -10.233           28.311
 6932 (vir)     1          24.637          -5.002          -1.788         -10.669           28.516
 6933 (vir)     1          24.639          -4.508          -2.695         -11.257           28.692
 6934 (vir)     1          24.663          -4.489          -2.677         -11.207           28.704
 6935 (vir)     1          24.684          -5.037          -1.855         -10.927           28.719
 6936 (vir)     1          24.686          -4.486          -2.718         -10.995           28.477
 6937 (vir)     1          24.688          -4.463          -2.657         -11.151           28.719
 6938 (vir)     1          24.691          -4.994          -1.784         -10.658           28.570
 6939 (vir)     1          24.712          -4.839          -1.687         -10.195           28.380
 6940 (vir)     1          24.713          -4.439          -2.634         -11.087           28.727
 6941 (vir)     1          24.719          -4.481          -2.686         -10.889           28.441
 6942 (vir)     1          24.728          -5.023          -1.676         -10.131           28.160
 6943 (vir)     1          24.738          -4.407          -2.608         -11.012           28.735
 6944 (vir)     1          24.746          -4.985          -1.780         -10.645           28.626
 6945 (vir)     1          24.762          -4.364          -2.578         -10.924           28.743
 6946 (vir)     1          24.782          -4.499          -2.698         -10.937           28.522
 6947 (vir)     1          24.785          -4.312          -2.545         -10.820           28.747
 6948 (vir)     1          24.797          -4.815          -1.678         -10.165           28.469
 6949 (vir)     1          24.799          -5.041          -1.851         -10.930           28.837
 6950 (vir)     1          24.802          -4.977          -1.776         -10.635           28.684
 6951 (vir)     1          24.804          -4.250          -2.509         -10.700           28.745
 6952 (vir)     1          24.819          -4.187          -2.472         -10.566           28.725
 6953 (vir)     1          24.820          -4.527          -2.729         -11.014           28.578
 6954 (vir)     1          24.827          -5.196          -1.667         -10.105           28.068
 6955 (vir)     1          24.828          -4.108          -2.442         -10.431           28.708
 6956 (vir)     1          24.830          -3.897          -2.442         -10.344           28.836
 6957 (vir)     1          24.832          -4.103          -2.475         -10.362           28.617
 6958 (vir)     1          24.840          -4.100          -2.523         -10.443           28.661
 6959 (vir)     1          24.855          -4.027          -2.576         -10.534           28.786
 6960 (vir)     1          24.860          -4.957          -1.772         -10.624           28.754
 6961 (vir)     1          24.868          -4.510          -2.698         -10.930           28.590
 6962 (vir)     1          24.880          -4.099          -2.628         -10.629           28.780
 6963 (vir)     1          24.883          -4.787          -1.669         -10.136           28.564
 6964 (vir)     1          24.913          -4.562          -2.754         -11.082           28.679
 6965 (vir)     1          24.913          -4.251          -2.676         -10.718           28.703
 6966 (vir)     1          24.915          -5.034          -1.844         -10.916           28.953
 6967 (vir)     1          24.918          -4.940          -1.768         -10.612           28.822
 6968 (vir)     1          24.921          -4.981          -1.659         -10.081           28.362
 6969 (vir)     1          24.945          -4.538          -2.711         -10.957           28.653
 6970 (vir)     1          24.955          -4.345          -2.720         -10.799           28.689
 6971 (vir)     1          24.971          -4.773          -1.661         -10.112           28.650
 6972 (vir)     1          24.978          -4.918          -1.764         -10.599           28.895
 6973 (vir)     1          24.991          -4.588          -2.769         -11.111           28.745
 6974 (vir)     1          25.005          -4.387          -2.759         -10.872           28.731
 6975 (vir)     1          25.008          -4.803          -1.651         -10.060           28.614
 6976 (vir)     1          25.010          -4.554          -2.732         -11.002           28.726
 6977 (vir)     1          25.031          -5.008          -1.829         -10.865           29.059
 6978 (vir)     1          25.039          -4.905          -1.759         -10.587           28.961
 6979 (vir)     1          25.050          -4.601          -2.777         -11.116           28.789
 6980 (vir)     1          25.059          -4.595          -2.754         -11.052           28.762
 6981 (vir)     1          25.060          -4.449          -2.797         -10.941           28.755
 6982 (vir)     1          25.061          -4.774          -1.660         -10.119           28.747
 6983 (vir)     1          25.086          -4.796          -1.645         -10.043           28.688
 6984 (vir)     1          25.087          -4.596          -2.779         -11.110           28.822
 6985 (vir)     1          25.089          -4.608          -2.772         -11.091           28.800
 6986 (vir)     1          25.101          -4.875          -1.755         -10.573           29.045
 6987 (vir)     1          25.121          -4.503          -2.833         -11.008           28.793
 6988 (vir)     1          25.142          -4.866          -1.732         -10.455           29.000
 6989 (vir)     1          25.153          -4.846          -1.639         -10.029           28.696
 6990 (vir)     1          25.157          -4.878          -1.740         -10.481           29.020
 6991 (vir)     1          25.165          -4.857          -1.750         -10.560           29.118
 6992 (vir)     1          25.185          -4.552          -2.870         -11.076           28.839
 6993 (vir)     1          25.207          -4.852          -1.635         -10.016           28.737
 6994 (vir)     1          25.229          -4.835          -1.746         -10.548           29.198
 6995 (vir)     1          25.239          -4.731          -1.634         -10.033           28.907
 6996 (vir)     1          25.247          -4.791          -1.632         -10.008           28.832
 6997 (vir)     1          25.251          -4.607          -2.907         -11.146           28.883
 6998 (vir)     1          25.269          -5.024          -1.820         -10.852           29.277
 6999 (vir)     1          25.271          -4.635          -1.630         -10.003           29.009
 7000 (vir)     1          25.295          -4.827          -1.741         -10.536           29.263
 7001 (vir)     1          25.319          -4.652          -2.946         -11.220           28.941
 7002 (vir)     1          25.333          -4.666          -1.612          -9.947           29.002
 7003 (vir)     1          25.362          -4.792          -1.736         -10.523           29.357
 7004 (vir)     1          25.385          -5.039          -1.823         -10.881           29.405
 7005 (vir)     1          25.387          -4.725          -2.986         -11.298           28.975
 7006 (vir)     1          25.428          -4.666          -1.597          -9.890           29.055
 7007 (vir)     1          25.431          -4.759          -1.731         -10.509           29.450
 7008 (vir)     1          25.453          -4.780          -3.026         -11.380           29.027
 7009 (vir)     1          25.500          -4.749          -1.726         -10.496           29.522
 7010 (vir)     1          25.502          -5.057          -1.818         -10.878           29.505
 7011 (vir)     1          25.517          -4.838          -3.064         -11.465           29.080
 7012 (vir)     1          25.523          -4.628          -1.582          -9.837           29.149
 7013 (vir)     1          25.526          -4.742          -2.956         -11.509           29.336
 7014 (vir)     1          25.526          -4.743          -2.957         -11.509           29.335
 7015 (vir)     1          25.567          -4.880          -2.955         -11.722           29.455
 7016 (vir)     1          25.569          -4.880          -2.955         -11.716           29.449
 7017 (vir)     1          25.571          -4.730          -1.721         -10.483           29.603
 7018 (vir)     1          25.575          -4.892          -3.081         -11.566           29.167
 7019 (vir)     1          25.598          -4.855          -2.932         -11.670           29.481
 7020 (vir)     1          25.605          -4.837          -2.950         -11.641           29.459
 7021 (vir)     1          25.618          -4.616          -1.568          -9.784           29.218
 7022 (vir)     1          25.620          -5.073          -1.813         -10.869           29.603
 7023 (vir)     1          25.630          -4.920          -3.088         -11.612           29.234
 7024 (vir)     1          25.643          -4.711          -1.715         -10.470           29.685
 7025 (vir)     1          25.646          -4.822          -2.910         -11.581           29.495
 7026 (vir)     1          25.656          -4.767          -2.943         -11.600           29.547
 7027 (vir)     1          25.687          -4.973          -3.128         -11.634           29.220
 7028 (vir)     1          25.711          -4.501          -1.554          -9.731           29.388
 7029 (vir)     1          25.712          -4.782          -2.948         -11.552           29.533
 7030 (vir)     1          25.712          -4.732          -2.890         -11.547           29.637
 7031 (vir)     1          25.716          -4.690          -1.710         -10.456           29.772
 7032 (vir)     1          25.738          -5.083          -1.806         -10.856           29.705
 7033 (vir)     1          25.743          -4.982          -3.123         -11.642           29.280
 7034 (vir)     1          25.761          -4.922          -3.133         -11.689           29.396
 7035 (vir)     1          25.769          -4.874          -3.136         -11.696           29.455
 7036 (vir)     1          25.769          -5.018          -3.135         -11.702           29.317
 7037 (vir)     1          25.781          -4.748          -2.817         -11.390           29.606
 7038 (vir)     1          25.790          -4.675          -1.705         -10.443           29.853
 7039 (vir)     1          25.801          -4.871          -2.946         -11.539           29.523
 7040 (vir)     1          25.801          -4.541          -1.540          -9.681           29.401
 7041 (vir)     1          25.803          -4.907          -3.089         -11.592           29.398
 7042 (vir)     1          25.808          -5.100          -3.222         -11.782           29.269
 7043 (vir)     1          25.825          -5.496          -3.213         -11.835           28.952
 7044 (vir)     1          25.835          -5.104          -3.214         -11.798           29.315
 7045 (vir)     1          25.851          -5.133          -3.236         -11.824           29.307
 7046 (vir)     1          25.857          -5.095          -1.797         -10.832           29.796
 7047 (vir)     1          25.863          -5.158          -3.252         -11.848           29.300
 7048 (vir)     1          25.865          -4.686          -1.699         -10.429           29.909
 7049 (vir)     1          25.872          -4.684          -2.836         -11.419           29.770
 7050 (vir)     1          25.876          -4.740          -2.902         -11.215           29.450
 7051 (vir)     1          25.877          -4.720          -2.827         -11.315           29.644
 7052 (vir)     1          25.887          -4.528          -1.529          -9.642           29.472
 7053 (vir)     1          25.896          -5.299          -3.302         -11.987           29.282
 7054 (vir)     1          25.941          -4.658          -1.694         -10.416           30.006
 7055 (vir)     1          25.959          -4.652          -2.725         -11.160           29.742
 7056 (vir)     1          25.963          -4.641          -2.778         -11.307           29.851
 7057 (vir)     1          25.964          -4.560          -1.528          -9.648           29.523
 7058 (vir)     1          25.971          -5.306          -3.318         -11.999           29.346
 7059 (vir)     1          25.977          -5.089          -1.779         -10.768           29.876
 7060 (vir)     1          25.988          -4.512          -2.640         -10.754           29.589
 7061 (vir)     1          26.019          -4.664          -1.688         -10.402           30.069
 7062 (vir)     1          26.033          -4.415          -1.503          -9.541           29.656
 7063 (vir)     1          26.046          -4.657          -2.725         -11.187           29.851
 7064 (vir)     1          26.049          -5.324          -3.314         -11.980           29.391
 7065 (vir)     1          26.066          -4.569          -2.683         -11.093           29.907
 7066 (vir)     1          26.080          -4.419          -2.596         -10.794           29.859
 7067 (vir)     1          26.089          -4.405          -1.493          -9.507           29.697
 7068 (vir)     1          26.095          -5.151          -1.787         -10.819           29.976
 7069 (vir)     1          26.097          -4.683          -1.683         -10.389           30.121
 7070 (vir)     1          26.131          -4.392          -1.487          -9.483           29.735
 7071 (vir)     1          26.146          -5.406          -3.343         -11.988           29.386
 7072 (vir)     1          26.151          -4.544          -2.654         -11.075           30.028
 7073 (vir)     1          26.156          -4.485          -2.719         -10.998           29.950
 7074 (vir)     1          26.157          -4.357          -1.483          -9.466           29.783
 7075 (vir)     1          26.166          -4.539          -2.618         -10.850           29.859
 7076 (vir)     1          26.176          -4.688          -1.677         -10.375           30.186
 7077 (vir)     1          26.215          -5.160          -1.781         -10.807           30.081
 7078 (vir)     1          26.241          -4.541          -2.604         -10.906           30.002
 7079 (vir)     1          26.251          -5.440          -3.373         -12.026           29.464
 7080 (vir)     1          26.256          -4.716          -1.671         -10.362           30.231
 7081 (vir)     1          26.280          -4.486          -2.576         -10.908           30.126
 7082 (vir)     1          26.284          -4.713          -2.760         -10.975           29.787
 7083 (vir)     1          26.336          -5.194          -1.774         -10.792           30.160
 7084 (vir)     1          26.337          -4.724          -1.665         -10.348           30.296
 7085 (vir)     1          26.355          -5.371          -3.284         -11.863           29.563
 7086 (vir)     1          26.360          -4.515          -2.543         -10.862           30.164
 7087 (vir)     1          26.399          -4.462          -2.519         -10.641           30.059
 7088 (vir)     1          26.419          -4.760          -1.660         -10.334           30.334
 7089 (vir)     1          26.421          -4.949          -2.798         -11.221           29.894
 7090 (vir)     1          26.444          -5.210          -3.088         -11.653           29.799
 7091 (vir)     1          26.456          -4.599          -2.471         -10.887           30.273
 7092 (vir)     1          26.457          -5.222          -1.767         -10.777           30.244
 7093 (vir)     1          26.457          -4.444          -2.497         -10.582           30.099
 7094 (vir)     1          26.491          -4.486          -2.495         -10.776           30.286
 7095 (vir)     1          26.501          -4.804          -1.654         -10.321           30.364
 7096 (vir)     1          26.509          -4.628          -2.497         -10.951           30.335
 7097 (vir)     1          26.518          -4.770          -2.699         -11.058           30.107
 7098 (vir)     1          26.540          -5.438          -3.358         -11.918           29.662
 7099 (vir)     1          26.559          -4.458          -2.474         -10.736           30.363
 7100 (vir)     1          26.574          -4.554          -2.540         -10.796           30.277
 7101 (vir)     1          26.578          -5.262          -1.760         -10.761           30.316
 7102 (vir)     1          26.583          -4.828          -1.648         -10.307           30.414
 7103 (vir)     1          26.586          -4.624          -2.723         -10.779           30.019
 7104 (vir)     1          26.591          -4.627          -2.494         -10.962           30.433
 7105 (vir)     1          26.606          -4.455          -2.465         -10.717           30.403
 7106 (vir)     1          26.637          -5.473          -3.377         -11.871           29.658
 7107 (vir)     1          26.654          -4.636          -2.517         -10.859           30.360
 7108 (vir)     1          26.656          -4.455          -2.453         -10.720           30.468
 7109 (vir)     1          26.667          -4.879          -1.642         -10.293           30.439
 7110 (vir)     1          26.685          -4.319          -2.446         -10.643           30.562
 7111 (vir)     1          26.689          -4.659          -2.503         -10.997           30.524
 7112 (vir)     1          26.701          -5.309          -1.753         -10.743           30.382
 7113 (vir)     1          26.711          -4.454          -2.443         -10.713           30.527
 7114 (vir)     1          26.715          -5.675          -3.555         -12.154           29.638
 7115 (vir)     1          26.717          -4.377          -2.424         -10.247           30.163
 7116 (vir)     1          26.746          -4.646          -2.518         -10.891           30.473
 7117 (vir)     1          26.750          -4.897          -1.636         -10.279           30.496
 7118 (vir)     1          26.793          -4.636          -2.508         -10.922           30.571
 7119 (vir)     1          26.800          -5.700          -3.575         -12.161           29.686
 7120 (vir)     1          26.815          -5.594          -1.735         -10.709           30.194
 7121 (vir)     1          26.833          -4.959          -1.630         -10.265           30.509
 7122 (vir)     1          26.845          -4.637          -2.593         -11.010           30.625
 7123 (vir)     1          26.859          -4.230          -2.839         -10.976           30.766
 7124 (vir)     1          26.886          -5.421          -3.113         -11.339           29.692
 7125 (vir)     1          26.908          -4.694          -2.533         -10.941           30.623
 7126 (vir)     1          26.917          -4.951          -1.624         -10.250           30.593
 7127 (vir)     1          26.939          -5.670          -3.541         -12.084           29.812
 7128 (vir)     1          26.946          -5.469          -1.738         -10.710           30.450
 7129 (vir)     1          26.963          -4.721          -2.523         -11.090           30.809
 7130 (vir)     1          26.980          -4.368          -2.321         -10.105           30.396
 7131 (vir)     1          26.992          -4.512          -1.921          -9.922           30.481
 7132 (vir)     1          26.997          -5.658          -3.545         -12.066           29.859
 7133 (vir)     1          27.001          -5.000          -1.618         -10.236           30.619
 7134 (vir)     1          27.001          -4.540          -1.910          -9.924           30.475
 7135 (vir)     1          27.018          -4.489          -1.936          -9.935           30.529
 7136 (vir)     1          27.020          -4.731          -2.560         -10.910           30.639
 7137 (vir)     1          27.033          -4.525          -1.936          -9.957           30.529
 7138 (vir)     1          27.042          -5.637          -3.527         -12.029           29.908
 7139 (vir)     1          27.063          -4.492          -1.949          -9.959           30.580
 7140 (vir)     1          27.071          -5.532          -1.730         -10.692           30.500
 7141 (vir)     1          27.078          -5.532          -3.423         -11.926           30.048
 7142 (vir)     1          27.080          -4.455          -1.988         -10.011           30.648
 7143 (vir)     1          27.084          -5.005          -1.612         -10.220           30.688
 7144 (vir)     1          27.089          -4.772          -2.552         -11.209           30.974
 7145 (vir)     1          27.105          -5.540          -3.447         -11.913           30.031
 7146 (vir)     1          27.115          -4.790          -2.599         -10.916           30.641
 7147 (vir)     1          27.123          -5.529          -3.450         -11.917           30.061
 7148 (vir)     1          27.123          -4.470          -1.979         -10.000           30.674
 7149 (vir)     1          27.133          -5.511          -3.435         -11.896           30.083
 7150 (vir)     1          27.140          -4.418          -2.033         -10.059           30.748
 7151 (vir)     1          27.167          -5.019          -1.605         -10.205           30.747
 7152 (vir)     1          27.193          -4.474          -2.407         -10.199           30.511
 7153 (vir)     1          27.196          -5.685          -1.723         -10.673           30.461
 7154 (vir)     1          27.197          -4.489          -2.014         -10.053           30.747
 7155 (vir)     1          27.215          -4.504          -2.052         -10.088           30.747
 7156 (vir)     1          27.218          -4.789          -2.602         -10.963           30.791
 7157 (vir)     1          27.225          -4.644          -2.439         -11.081           31.223
 7158 (vir)     1          27.250          -5.032          -1.599         -10.189           30.807
 7159 (vir)     1          27.286          -4.443          -2.038         -10.111           30.917
 7160 (vir)     1          27.304          -4.597          -2.077         -10.099           30.728
 7161 (vir)     1          27.314          -4.814          -2.610         -10.975           30.866
 7162 (vir)     1          27.323          -5.805          -1.715         -10.654           30.456
 7163 (vir)     1          27.332          -5.063          -1.592         -10.172           30.849
 7164 (vir)     1          27.352          -4.747          -2.494         -11.159           31.271
 7165 (vir)     1          27.391          -4.638          -2.115         -10.097           30.735
 7166 (vir)     1          27.393          -4.531          -2.054         -10.170           30.978
 7167 (vir)     1          27.400          -4.814          -2.583         -11.085           31.088
 7168 (vir)     1          27.414          -5.017          -1.586         -10.154           30.965
 7169 (vir)     1          27.450          -5.922          -1.707         -10.634           30.455
 7170 (vir)     1          27.456          -4.842          -2.631         -11.081           31.065
 7171 (vir)     1          27.485          -4.630          -2.102         -10.170           30.923
 7172 (vir)     1          27.495          -5.057          -1.579         -10.135           30.994
 7173 (vir)     1          27.511          -4.622          -2.568         -10.751           31.072
 7174 (vir)     1          27.514          -4.770          -2.464         -11.239           31.518
 7175 (vir)     1          27.516          -4.522          -2.078         -10.228           31.143
 7176 (vir)     1          27.554          -4.629          -2.462         -10.376           30.839
 7177 (vir)     1          27.574          -5.059          -1.572         -10.115           31.059
 7178 (vir)     1          27.578          -6.059          -1.698         -10.613           30.434
 7179 (vir)     1          27.582          -4.878          -2.685         -11.138           31.156
 7180 (vir)     1          27.607          -4.556          -2.095         -10.265           31.222
 7181 (vir)     1          27.622          -4.887          -2.666         -11.141           31.210
 7182 (vir)     1          27.643          -4.741          -2.134         -10.254           31.021
 7183 (vir)     1          27.653          -5.030          -1.565         -10.094           31.153
 7184 (vir)     1          27.658          -4.787          -2.461         -11.280           31.689
 7185 (vir)     1          27.660          -4.927          -2.729         -11.184           31.187
 7186 (vir)     1          27.691          -4.943          -2.740         -11.216           31.223
 7187 (vir)     1          27.708          -5.948          -1.690         -10.591           30.661
 7188 (vir)     1          27.712          -4.969          -2.766         -11.237           31.213
 7189 (vir)     1          27.728          -4.992          -2.786         -11.265           31.215
 7190 (vir)     1          27.730          -5.024          -1.557         -10.072           31.221
 7191 (vir)     1          27.739          -5.014          -2.808         -11.293           31.210
 7192 (vir)     1          27.743          -4.746          -2.213         -10.230           31.014
 7193 (vir)     1          27.746          -5.045          -2.836         -11.327           31.192
 7194 (vir)     1          27.750          -4.632          -2.112         -10.347           31.352
 7195 (vir)     1          27.752          -5.092          -2.872         -11.368           31.156
 7196 (vir)     1          27.757          -5.146          -2.917         -11.416           31.110
 7197 (vir)     1          27.762          -5.212          -2.966         -11.468           31.053
 7198 (vir)     1          27.768          -5.274          -3.015         -11.520           30.998
 7199 (vir)     1          27.775          -5.333          -3.060         -11.566           30.948
 7200 (vir)     1          27.780          -5.382          -3.097         -11.604           30.905
 7201 (vir)     1          27.784          -5.413          -3.121         -11.627           30.877
 7202 (vir)     1          27.796          -4.783          -2.398         -11.324           31.939
 7203 (vir)     1          27.807          -4.987          -1.549         -10.047           31.318
 7204 (vir)     1          27.838          -5.764          -1.682         -10.569           30.961
 7205 (vir)     1          27.853          -4.818          -2.160         -10.366           31.240
 7206 (vir)     1          27.881          -4.924          -1.541         -10.022           31.437
 7207 (vir)     1          27.890          -4.561          -2.357         -10.042           31.013
 7208 (vir)     1          27.901          -4.821          -2.152         -10.412           31.339
 7209 (vir)     1          27.934          -4.806          -2.379         -11.343           32.092
 7210 (vir)     1          27.954          -4.936          -1.533          -9.994           31.479
 7211 (vir)     1          27.970          -5.631          -1.673         -10.544           31.210
 7212 (vir)     1          28.003          -4.800          -2.161         -10.479           31.522
 7213 (vir)     1          28.023          -4.901          -2.284         -10.372           31.210
 7214 (vir)     1          28.025          -4.821          -1.524          -9.964           31.644
 7215 (vir)     1          28.072          -4.831          -2.365         -11.360           32.235
 7216 (vir)     1          28.094          -4.789          -1.515          -9.933           31.722
 7217 (vir)     1          28.103          -5.479          -1.664         -10.516           31.475
 7218 (vir)     1          28.110          -4.866          -2.256         -10.511           31.499
 7219 (vir)     1          28.128          -4.942          -2.545         -10.805           31.447
 7220 (vir)     1          28.139          -4.941          -2.545         -10.809           31.463
 7221 (vir)     1          28.159          -4.938          -2.538         -10.806           31.488
 7222 (vir)     1          28.160          -4.768          -1.506          -9.900           31.786
 7223 (vir)     1          28.164          -4.770          -2.229         -10.589           31.754
 7224 (vir)     1          28.182          -4.947          -2.522         -10.794           31.507
 7225 (vir)     1          28.206          -4.846          -2.352         -11.374           32.383
 7226 (vir)     1          28.209          -4.926          -2.528         -10.812           31.567
 7227 (vir)     1          28.222          -4.626          -1.497          -9.866           31.965
 7228 (vir)     1          28.226          -4.738          -2.387         -10.148           31.248
 7229 (vir)     1          28.236          -5.274          -1.656         -10.477           31.783
 7230 (vir)     1          28.239          -4.934          -2.539         -10.807           31.574
 7231 (vir)     1          28.259          -5.016          -2.318         -10.693           31.618
 7232 (vir)     1          28.281          -4.631          -1.487          -9.831           31.995
 7233 (vir)     1          28.281          -5.030          -2.390         -10.578           31.440
 7234 (vir)     1          28.283          -4.976          -2.453         -10.775           31.628
 7235 (vir)     1          28.311          -4.949          -2.486         -10.810           31.685
 7236 (vir)     1          28.336          -4.675          -1.478          -9.797           31.979
 7237 (vir)     1          28.338          -4.879          -2.341         -11.388           32.506
 7238 (vir)     1          28.350          -4.918          -2.529         -10.844           31.746
 7239 (vir)     1          28.362          -5.047          -2.361         -10.727           31.681
 7240 (vir)     1          28.368          -5.025          -1.657         -10.380           32.065
 7241 (vir)     1          28.384          -4.575          -1.470          -9.765           32.104
 7242 (vir)     1          28.398          -4.992          -2.478         -10.819           31.746
 7243 (vir)     1          28.415          -4.997          -2.301         -10.728           31.846
 7244 (vir)     1          28.426          -4.518          -1.462          -9.735           32.181
 7245 (vir)     1          28.427          -5.000          -2.528         -10.847           31.747
 7246 (vir)     1          28.432          -5.903          -3.370         -12.032           31.190
 7247 (vir)     1          28.433          -5.965          -3.422         -12.062           31.108
 7248 (vir)     1          28.460          -4.351          -1.456          -9.710           32.364
 7249 (vir)     1          28.461          -4.605          -1.829          -9.760           31.787
 7250 (vir)     1          28.468          -4.940          -2.388         -11.438           32.577
 7251 (vir)     1          28.471          -4.947          -2.514         -10.878           31.888
 7252 (vir)     1          28.479          -4.505          -1.885          -9.748           31.837
 7253 (vir)     1          28.485          -4.202          -1.451          -9.691           32.524
 7254 (vir)     1          28.485          -5.061          -2.426         -10.769           31.768
 7255 (vir)     1          28.500          -4.119          -1.448          -9.679           32.612
 7256 (vir)     1          28.504          -5.098          -2.328         -10.794           31.873
 7257 (vir)     1          28.519          -5.022          -2.496         -10.883           31.883
 7258 (vir)     1          28.528          -4.846          -1.712         -10.381           32.351
 7259 (vir)     1          28.543          -4.913          -2.430         -10.319           31.520
 7260 (vir)     1          28.557          -5.049          -2.526         -10.904           31.887
 7261 (vir)     1          28.568          -5.241          -2.359         -10.841           31.809
 7262 (vir)     1          28.572          -5.132          -2.395         -10.850           31.896
 7263 (vir)     1          28.592          -4.930          -2.327         -11.396           32.731
 7264 (vir)     1          28.605          -4.977          -2.536         -10.939           32.031
 7265 (vir)     1          28.651          -4.957          -2.542         -10.960           32.112
 7266 (vir)     1          28.656          -4.850          -1.641         -10.467           32.632
 7267 (vir)     1          28.700          -4.967          -2.544         -10.980           32.169
 7268 (vir)     1          28.711          -4.958          -2.313         -11.418           32.857
 7269 (vir)     1          28.751          -4.973          -2.545         -10.999           32.232
 7270 (vir)     1          28.795          -4.660          -1.625         -10.443           32.953
 7271 (vir)     1          28.804          -4.984          -2.544         -11.019           32.294
 7272 (vir)     1          28.827          -4.984          -2.305         -11.427           32.965
 7273 (vir)     1          28.835          -5.064          -2.473         -10.476           31.773
 7274 (vir)     1          28.859          -4.991          -2.543         -11.038           32.363
 7275 (vir)     1          28.916          -5.003          -2.540         -11.056           32.429
 7276 (vir)     1          28.936          -4.545          -1.614         -10.417           33.194
 7277 (vir)     1          28.940          -5.023          -2.301         -11.422           33.039
 7278 (vir)     1          28.974          -5.012          -2.536         -11.074           32.500
 7279 (vir)     1          29.033          -5.025          -2.530         -11.091           32.570
 7280 (vir)     1          29.043          -5.053          -2.311         -11.389           33.069
 7281 (vir)     1          29.079          -4.510          -1.603         -10.392           33.358
 7282 (vir)     1          29.094          -5.032          -2.522         -11.109           32.649
 7283 (vir)     1          29.099          -5.238          -2.498         -10.690           32.053
 7284 (vir)     1          29.149          -5.081          -2.295         -11.441           33.214
 7285 (vir)     1          29.156          -5.048          -2.513         -11.127           32.722
 7286 (vir)     1          29.218          -5.056          -2.503         -11.147           32.806
 7287 (vir)     1          29.224          -4.440          -1.593         -10.367           33.557
 7288 (vir)     1          29.249          -5.118          -2.295         -11.432           33.268
 7289 (vir)     1          29.278          -5.069          -2.492         -11.169           32.887
 7290 (vir)     1          29.304          -5.004          -2.309         -10.991           32.982
 7291 (vir)     1          29.308          -4.753          -2.194         -10.949           33.310
 7292 (vir)     1          29.312          -5.025          -2.323         -10.978           32.941
 7293 (vir)     1          29.323          -4.758          -2.199         -10.962           33.328
 7294 (vir)     1          29.325          -4.759          -2.202         -10.962           33.326
 7295 (vir)     1          29.336          -5.071          -2.478         -11.188           32.976
 7296 (vir)     1          29.349          -4.874          -2.248         -10.916           33.144
 7297 (vir)     1          29.353          -4.765          -2.206         -10.978           33.359
 7298 (vir)     1          29.355          -5.146          -2.340         -11.240           33.109
 7299 (vir)     1          29.371          -4.339          -1.582         -10.342           33.791
 7300 (vir)     1          29.377          -4.782          -2.199         -10.967           33.364
 7301 (vir)     1          29.389          -5.079          -2.460         -11.201           33.051
 7302 (vir)     1          29.392          -4.811          -2.224         -11.030           33.386
 7303 (vir)     1          29.418          -4.980          -2.288         -11.258           33.408
 7304 (vir)     1          29.422          -4.771          -2.194         -10.946           33.403
 7305 (vir)     1          29.429          -4.669          -2.262         -10.724           33.222
 7306 (vir)     1          29.431          -4.725          -2.304         -10.836           33.238
 7307 (vir)     1          29.434          -5.011          -2.388         -11.107           33.142
 7308 (vir)     1          29.445          -4.951          -2.241         -11.141           33.393
 7309 (vir)     1          29.463          -4.997          -2.343         -11.049           33.172
 7310 (vir)     1          29.471          -4.831          -2.211         -11.009           33.438
 7311 (vir)     1          29.471          -5.073          -2.409         -11.159           33.149
 7312 (vir)     1          29.474          -4.780          -2.319         -10.850           33.225
 7313 (vir)     1          29.475          -4.885          -2.270         -11.140           33.459
 7314 (vir)     1          29.480          -5.063          -2.395         -11.148           33.170
 7315 (vir)     1          29.519          -4.300          -1.572         -10.317           33.964
 7316 (vir)     1          29.526          -5.259          -2.441         -11.123           32.948
 7317 (vir)     1          29.526          -5.049          -2.239         -11.211           33.449
 7318 (vir)     1          29.529          -4.748          -2.322         -10.740           33.199
 7319 (vir)     1          29.531          -4.887          -2.230         -11.094           33.508
 7320 (vir)     1          29.534          -5.061          -2.352         -10.983           33.103
 7321 (vir)     1          29.591          -4.953          -2.288         -11.206           33.556
 7322 (vir)     1          29.597          -4.872          -2.224         -11.062           33.564
 7323 (vir)     1          29.612          -5.076          -2.272         -11.223           33.487
 7324 (vir)     1          29.615          -4.698          -2.313         -10.622           33.226
 7325 (vir)     1          29.658          -5.036          -2.301         -11.274           33.595
 7326 (vir)     1          29.664          -4.842          -2.220         -10.990           33.592
 7327 (vir)     1          29.669          -4.333          -1.562         -10.292           34.066
 7328 (vir)     1          29.670          -5.307          -2.386         -11.315           33.293
 7329 (vir)     1          29.715          -5.199          -2.388         -10.999           33.126
 7330 (vir)     1          29.731          -5.279          -2.373         -11.381           33.460
 7331 (vir)     1          29.733          -4.690          -2.326         -10.578           33.294
 7332 (vir)     1          29.735          -4.977          -2.275         -11.193           33.676
 7333 (vir)     1          29.760          -5.079          -2.240         -11.151           33.592
 7334 (vir)     1          29.799          -5.167          -2.326         -11.345           33.651
 7335 (vir)     1          29.806          -5.061          -2.305         -11.272           33.712
 7336 (vir)     1          29.821          -4.221          -1.551         -10.267           34.315
 7337 (vir)     1          29.841          -5.031          -2.208         -11.091           33.693
 7338 (vir)     1          29.850          -5.625          -2.544         -11.223           32.904
 7339 (vir)     1          29.872          -5.314          -2.347         -11.439           33.650
 7340 (vir)     1          29.873          -4.742          -2.352         -10.612           33.391
 7341 (vir)     1          29.877          -5.102          -2.325         -11.307           33.758
 7342 (vir)     1          29.921          -5.069          -2.231         -11.121           33.742
 7343 (vir)     1          29.937          -5.581          -2.356         -11.510           33.510
 7344 (vir)     1          29.939          -5.396          -2.408         -11.484           33.619
 7345 (vir)     1          29.963          -5.245          -2.402         -11.151           33.467
 7346 (vir)     1          29.974          -4.213          -1.541         -10.242           34.462
 7347 (vir)     1          29.991          -5.371          -2.415         -11.478           33.683
 7348 (vir)     1          30.004          -4.951          -2.246         -11.040           33.846
 7349 (vir)     1          30.021          -4.828          -2.372         -10.679           33.500
 7350 (vir)     1          30.045          -4.979          -2.262         -11.103           33.907
 7351 (vir)     1          30.056          -5.308          -2.453         -11.400           33.695
 7352 (vir)     1          30.084          -5.092          -2.341         -11.185           33.836
 7353 (vir)     1          30.114          -5.021          -2.177         -11.048           33.964
 7354 (vir)     1          30.129          -4.143          -1.530         -10.216           34.672
 7355 (vir)     1          30.141          -5.450          -2.524         -11.391           33.558
 7356 (vir)     1          30.161          -5.110          -2.392         -11.301           33.960
 7357 (vir)     1          30.168          -4.888          -2.382         -10.749           33.646
 7358 (vir)     1          30.169          -5.008          -2.137         -11.025           34.050
 7359 (vir)     1          30.210          -5.011          -2.121         -11.032           34.110
 7360 (vir)     1          30.225          -5.365          -2.495         -11.493           33.858
 7361 (vir)     1          30.229          -5.016          -2.168         -11.093           34.138
 7362 (vir)     1          30.243          -5.091          -2.362         -11.334           34.123
 7363 (vir)     1          30.247          -5.320          -2.443         -11.561           34.045
 7364 (vir)     1          30.278          -5.417          -2.449         -11.614           34.027
 7365 (vir)     1          30.286          -4.474          -1.519         -10.191           34.484
 7366 (vir)     1          30.309          -4.944          -2.384         -10.812           33.793
 7367 (vir)     1          30.317          -5.179          -2.421         -11.527           34.245
 7368 (vir)     1          30.328          -5.631          -2.566         -11.558           33.690
 7369 (vir)     1          30.341          -5.579          -2.508         -11.607           33.860
 7370 (vir)     1          30.385          -4.817          -2.341         -10.952           34.179
 7371 (vir)     1          30.387          -5.026          -2.325         -10.921           33.958
 7372 (vir)     1          30.389          -5.396          -2.453         -11.674           34.214
 7373 (vir)     1          30.405          -5.735          -2.575         -11.652           33.749
 7374 (vir)     1          30.414          -5.356          -2.532         -11.547           34.072
 7375 (vir)     1          30.420          -4.819          -2.357         -10.961           34.205
 7376 (vir)     1          30.435          -5.026          -2.295         -10.886           33.999
 7377 (vir)     1          30.444          -4.454          -1.508         -10.166           34.648
 7378 (vir)     1          30.453          -5.051          -2.384         -10.924           33.942
 7379 (vir)     1          30.457          -5.752          -2.544         -11.741           33.902
 7380 (vir)     1          30.470          -5.807          -2.573         -11.741           33.831
 7381 (vir)     1          30.490          -5.048          -2.394         -11.104           34.152
 7382 (vir)     1          30.498          -5.325          -2.523         -11.560           34.210
 7383 (vir)     1          30.504          -5.226          -2.257         -10.839           33.860
 7384 (vir)     1          30.519          -5.924          -2.610         -11.777           33.762
 7385 (vir)     1          30.527          -5.858          -2.578         -11.805           33.895
 7386 (vir)     1          30.572          -5.959          -2.629         -11.833           33.817
 7387 (vir)     1          30.572          -6.018          -2.645         -11.823           33.732
 7388 (vir)     1          30.577          -5.248          -2.449         -11.249           34.129
 7389 (vir)     1          30.580          -5.072          -2.362         -10.929           34.076
 7390 (vir)     1          30.588          -5.310          -2.250         -10.830           33.859
 7391 (vir)     1          30.594          -5.389          -2.524         -11.675           34.356
 7392 (vir)     1          30.604          -4.462          -1.497         -10.141           34.785
 7393 (vir)     1          30.613          -6.086          -2.653         -11.902           33.776
 7394 (vir)     1          30.616          -5.959          -2.647         -11.838           33.847
 7395 (vir)     1          30.643          -6.120          -2.678         -11.942           33.787
 7396 (vir)     1          30.644          -6.180          -2.688         -11.936           33.711
 7397 (vir)     1          30.662          -6.201          -2.698         -11.967           33.731
 7398 (vir)     1          30.663          -6.222          -2.700         -11.966           33.706
 7399 (vir)     1          30.680          -5.379          -2.507         -11.396           34.190
 7400 (vir)     1          30.680          -5.368          -2.232         -10.839           33.920
 7401 (vir)     1          30.698          -5.272          -2.528         -11.660           34.558
 7402 (vir)     1          30.709          -5.077          -2.364         -10.972           34.241
 7403 (vir)     1          30.765          -4.626          -1.486         -10.115           34.768
 7404 (vir)     1          30.782          -5.416          -2.239         -10.881           34.008
 7405 (vir)     1          30.794          -5.504          -2.566         -11.536           34.261
 7406 (vir)     1          30.800          -5.327          -2.552         -11.713           34.634
 7407 (vir)     1          30.832          -5.084          -2.350         -11.000           34.398
 7408 (vir)     1          30.890          -5.481          -2.257         -10.941           34.093
 7409 (vir)     1          30.900          -5.340          -2.565         -11.751           34.746
 7410 (vir)     1          30.916          -5.646          -2.624         -11.671           34.317
 7411 (vir)     1          30.928          -4.672          -1.475         -10.090           34.870
 7412 (vir)     1          30.951          -5.109          -2.332         -11.020           34.529
 7413 (vir)     1          30.993          -5.367          -2.546         -11.729           34.809
 7414 (vir)     1          31.002          -5.490          -2.281         -11.012           34.244
 7415 (vir)     1          31.040          -5.771          -2.680         -11.796           34.385
 7416 (vir)     1          31.065          -5.131          -2.314         -11.037           34.657
 7417 (vir)     1          31.069          -5.222          -2.371         -11.370           34.845
 7418 (vir)     1          31.091          -4.900          -1.464         -10.064           34.792
 7419 (vir)     1          31.106          -4.984          -2.122         -10.808           34.808
 7420 (vir)     1          31.116          -5.563          -2.309         -11.094           34.339
 7421 (vir)     1          31.129          -5.096          -2.282         -11.139           34.892
 7422 (vir)     1          31.163          -5.867          -2.721         -11.895           34.470
 7423 (vir)     1          31.176          -5.155          -2.298         -11.053           34.777
 7424 (vir)     1          31.183          -5.406          -2.582         -11.824           35.018
 7425 (vir)     1          31.229          -5.614          -2.351         -11.216           34.480
 7426 (vir)     1          31.248          -5.324          -2.325         -11.617           35.216
 7427 (vir)     1          31.249          -5.495          -2.632         -11.964           35.087
 7428 (vir)     1          31.252          -5.325          -2.326         -11.617           35.218
 7429 (vir)     1          31.256          -5.038          -1.453         -10.039           34.805
 7430 (vir)     1          31.256          -5.340          -2.333         -11.625           35.209
 7431 (vir)     1          31.264          -5.341          -2.329         -11.621           35.215
 7432 (vir)     1          31.269          -5.509          -2.436         -11.700           35.024
 7433 (vir)     1          31.279          -5.684          -2.550         -11.809           34.854
 7434 (vir)     1          31.281          -5.208          -2.295         -11.194           34.972
 7435 (vir)     1          31.285          -5.327          -2.323         -11.517           35.152
 7436 (vir)     1          31.299          -5.486          -2.400         -11.706           35.119
 7437 (vir)     1          31.311          -5.765          -2.632         -11.987           34.901
 7438 (vir)     1          31.313          -5.401          -2.341         -11.640           35.211
 7439 (vir)     1          31.327          -5.467          -2.406         -11.631           35.086
 7440 (vir)     1          31.343          -5.534          -2.366         -11.439           34.882
 7441 (vir)     1          31.348          -5.455          -2.363         -11.657           35.187
 7442 (vir)     1          31.361          -5.545          -2.349         -11.257           34.725
 7443 (vir)     1          31.361          -5.541          -2.347         -11.254           34.727
 7444 (vir)     1          31.364          -5.703          -2.577         -11.862           34.947
 7445 (vir)     1          31.368          -5.542          -2.346         -11.257           34.738
 7446 (vir)     1          31.369          -5.544          -2.364         -11.303           34.763
 7447 (vir)     1          31.375          -5.415          -2.334         -11.518           35.144
 7448 (vir)     1          31.376          -5.565          -2.353         -11.168           34.626
 7449 (vir)     1          31.378          -5.541          -2.343         -11.260           34.753
 7450 (vir)     1          31.379          -5.519          -2.340         -11.251           34.770
 7451 (vir)     1          31.382          -5.674          -2.505         -11.775           34.978
 7452 (vir)     1          31.386          -5.549          -2.347         -11.161           34.651
 7453 (vir)     1          31.386          -5.253          -2.291         -11.205           35.047
 7454 (vir)     1          31.392          -5.544          -2.341         -11.268           34.775
 7455 (vir)     1          31.392          -5.534          -2.334         -11.242           34.767
 7456 (vir)     1          31.401          -5.536          -2.345         -11.187           34.708
 7457 (vir)     1          31.408          -5.557          -2.371         -11.357           34.837
 7458 (vir)     1          31.408          -5.808          -2.588         -11.916           34.928
 7459 (vir)     1          31.409          -5.533          -2.336         -11.273           34.812
 7460 (vir)     1          31.410          -5.588          -2.425         -11.444           34.843
 7461 (vir)     1          31.422          -5.041          -1.442         -10.014           34.953
 7462 (vir)     1          31.424          -5.460          -2.367         -11.645           35.241
 7463 (vir)     1          31.424          -5.570          -2.417         -11.443           34.881
 7464 (vir)     1          31.426          -5.507          -2.315         -11.217           34.822
 7465 (vir)     1          31.427          -5.545          -2.342         -11.312           34.852
 7466 (vir)     1          31.436          -5.520          -2.339         -11.228           34.805
 7467 (vir)     1          31.437          -5.479          -2.482         -11.646           35.123
 7468 (vir)     1          31.445          -5.500          -2.304         -11.198           34.839
 7469 (vir)     1          31.447          -5.510          -2.322         -11.272           34.887
 7470 (vir)     1          31.456          -5.498          -2.313         -11.191           34.836
 7471 (vir)     1          31.462          -5.519          -2.371         -11.355           34.926
 7472 (vir)     1          31.464          -5.461          -2.364         -11.510           35.150
 7473 (vir)     1          31.464          -5.545          -2.381         -11.433           34.970
 7474 (vir)     1          31.467          -5.532          -2.318         -11.282           34.899
 7475 (vir)     1          31.471          -5.531          -2.430         -11.692           35.202
 7476 (vir)     1          31.475          -5.472          -2.326         -11.257           34.935
 7477 (vir)     1          31.478          -5.487          -2.301         -11.212           34.902
 7478 (vir)     1          31.482          -5.235          -2.274         -11.164           35.138
 7479 (vir)     1          31.484          -5.463          -2.276         -11.151           34.896
 7480 (vir)     1          31.484          -5.456          -2.271         -11.129           34.886
 7481 (vir)     1          31.491          -5.430          -2.260         -11.103           34.904
 7482 (vir)     1          31.492          -5.430          -2.256         -11.097           34.902
 7483 (vir)     1          31.497          -5.547          -2.378         -11.476           35.048
 7484 (vir)     1          31.505          -5.542          -2.413         -11.550           35.100
 7485 (vir)     1          31.507          -5.897          -2.622         -11.948           34.936
 7486 (vir)     1          31.514          -5.504          -2.400         -11.631           35.241
 7487 (vir)     1          31.527          -5.867          -2.649         -11.881           34.891
 7488 (vir)     1          31.529          -5.657          -2.468         -11.710           35.114
 7489 (vir)     1          31.534          -5.492          -2.395         -11.561           35.208
 7490 (vir)     1          31.550          -5.647          -2.432         -11.633           35.103
 7491 (vir)     1          31.552          -5.639          -2.447         -11.665           35.130
 7492 (vir)     1          31.563          -5.581          -2.407         -11.623           35.198
 7493 (vir)     1          31.571          -5.640          -2.443         -11.671           35.159
 7494 (vir)     1          31.574          -5.173          -2.243         -11.082           35.240
 7495 (vir)     1          31.588          -5.720          -1.430          -9.989           34.427
 7496 (vir)     1          31.596          -5.667          -2.446         -11.707           35.191
 7497 (vir)     1          31.606          -5.578          -2.402         -11.650           35.276
 7498 (vir)     1          31.609          -6.353          -2.939         -12.349           34.667
 7499 (vir)     1          31.633          -5.573          -2.396         -11.679           35.343
 7500 (vir)     1          31.641          -5.660          -2.446         -11.703           35.237
 7501 (vir)     1          31.661          -5.640          -2.411         -11.696           35.306
 7502 (vir)     1          31.662          -5.179          -2.236         -11.075           35.322
 7503 (vir)     1          31.672          -5.599          -2.385         -11.694           35.383
 7504 (vir)     1          31.693          -5.634          -2.361         -11.676           35.373
 7505 (vir)     1          31.693          -6.409          -2.965         -12.421           34.740
 7506 (vir)     1          31.701          -5.650          -2.405         -11.659           35.305
 7507 (vir)     1          31.715          -5.630          -2.359         -11.608           35.334
 7508 (vir)     1          31.726          -5.581          -2.310         -11.588           35.422
 7509 (vir)     1          31.730          -5.676          -2.219         -11.530           35.365
 7510 (vir)     1          31.734          -5.690          -2.225         -11.623           35.443
 7511 (vir)     1          31.739          -5.327          -2.242         -11.143           35.312
 7512 (vir)     1          31.747          -5.514          -2.263         -11.489           35.460
 7513 (vir)     1          31.755          -5.768          -1.419          -9.964           34.532
 7514 (vir)     1          31.757          -5.532          -2.336         -11.519           35.408
 7515 (vir)     1          31.761          -5.832          -2.408         -11.830           35.351
 7516 (vir)     1          31.772          -5.557          -2.221         -11.371           35.366
 7517 (vir)     1          31.777          -6.330          -2.856         -12.317           34.908
 7518 (vir)     1          31.779          -5.444          -2.251         -11.385           35.469
 7519 (vir)     1          31.796          -5.393          -2.235         -11.388           35.556
 7520 (vir)     1          31.803          -5.663          -2.294         -11.593           35.438
 7521 (vir)     1          31.815          -5.480          -2.239         -11.162           35.258
 7522 (vir)     1          31.828          -5.358          -2.268         -11.344           35.547
 7523 (vir)     1          31.831          -5.640          -2.280         -11.626           35.538
 7524 (vir)     1          31.840          -5.301          -2.189         -11.292           35.641
 7525 (vir)     1          31.844          -6.595          -3.049         -12.592           34.792
 7526 (vir)     1          31.860          -5.548          -2.262         -11.235           35.285
 7527 (vir)     1          31.878          -5.729          -2.301         -11.736           35.583
 7528 (vir)     1          31.888          -5.373          -2.260         -11.319           35.575
 7529 (vir)     1          31.894          -5.321          -2.168         -11.226           35.631
 7530 (vir)     1          31.895          -5.435          -2.299         -11.177           35.338
 7531 (vir)     1          31.904          -6.671          -3.093         -12.684           34.824
 7532 (vir)     1          31.922          -5.738          -2.310         -11.740           35.614
 7533 (vir)     1          31.923          -6.004          -1.408          -9.939           34.449
 7534 (vir)     1          31.944          -5.725          -2.303         -11.315           35.232
 7535 (vir)     1          31.955          -5.321          -2.156         -11.185           35.663
 7536 (vir)     1          31.955          -5.357          -2.254         -11.306           35.649
 7537 (vir)     1          31.957          -6.702          -3.081         -12.670           34.844
 7538 (vir)     1          31.963          -5.538          -2.399         -11.292           35.318
 7539 (vir)     1          31.967          -5.753          -2.320         -11.722           35.617
 7540 (vir)     1          32.002          -6.767          -3.108         -12.786           34.914
 7541 (vir)     1          32.011          -5.835          -2.358         -11.850           35.668
 7542 (vir)     1          32.018          -5.331          -2.150         -11.161           35.698
 7543 (vir)     1          32.018          -5.704          -2.536         -11.480           35.258
 7544 (vir)     1          32.026          -5.349          -2.241         -11.284           35.720
 7545 (vir)     1          32.041          -5.820          -2.436         -11.406           35.191
 7546 (vir)     1          32.042          -6.844          -3.143         -12.867           34.923
 7547 (vir)     1          32.057          -5.827          -2.347         -11.837           35.719
 7548 (vir)     1          32.066          -5.960          -2.572         -11.575           35.109
 7549 (vir)     1          32.077          -6.910          -3.153         -12.913           34.928
 7550 (vir)     1          32.080          -5.369          -2.157         -11.144           35.698
 7551 (vir)     1          32.083          -6.160          -2.848         -11.979           35.055
 7552 (vir)     1          32.090          -6.225          -1.396          -9.914           34.383
 7553 (vir)     1          32.097          -5.292          -2.207         -11.232           35.830
 7554 (vir)     1          32.100          -6.001          -2.599         -11.974           35.474
 7555 (vir)     1          32.103          -6.124          -2.693         -12.027           35.313
 7556 (vir)     1          32.108          -6.851          -3.146         -12.828           34.939
 7557 (vir)     1          32.109          -6.560          -3.049         -12.433           34.934
 7558 (vir)     1          32.135          -6.944          -3.161         -12.999           35.029
 7559 (vir)     1          32.137          -5.426          -2.201         -11.123           35.633
 7560 (vir)     1          32.145          -5.882          -2.369         -11.875           35.769
 7561 (vir)     1          32.159          -6.623          -2.893         -12.529           35.171
 7562 (vir)     1          32.159          -5.321          -2.151         -11.108           35.795
 7563 (vir)     1          32.165          -6.113          -2.523         -11.756           35.285
 7564 (vir)     1          32.182          -6.788          -2.989         -12.816           35.221
 7565 (vir)     1          32.183          -5.522          -2.291         -11.157           35.527
 7566 (vir)     1          32.190          -6.016          -2.448         -12.021           35.749
 7567 (vir)     1          32.198          -5.250          -2.180         -11.069           35.836
 7568 (vir)     1          32.207          -6.826          -3.017         -12.893           35.258
 7569 (vir)     1          32.231          -6.680          -2.911         -12.767           35.408
 7570 (vir)     1          32.232          -5.869          -2.336         -11.863           35.889
 7571 (vir)     1          32.237          -5.392          -2.230         -11.151           35.767
 7572 (vir)     1          32.238          -5.325          -2.140         -11.129           35.901
 7573 (vir)     1          32.258          -6.614          -1.385          -9.889           34.148
 7574 (vir)     1          32.261          -6.439          -2.747         -12.541           35.617
 7575 (vir)     1          32.268          -5.880          -2.346         -11.697           35.738
 7576 (vir)     1          32.278          -5.764          -2.298         -11.585           35.801
 7577 (vir)     1          32.287          -5.280          -2.102         -11.157           36.063
 7578 (vir)     1          32.290          -5.291          -2.163         -11.057           35.892
 7579 (vir)     1          32.298          -6.155          -2.514         -12.118           35.747
 7580 (vir)     1          32.311          -5.855          -2.329         -11.852           35.979
 7581 (vir)     1          32.331          -5.166          -2.109         -10.955           36.010
 7582 (vir)     1          32.333          -5.894          -2.367         -11.914           35.985
 7583 (vir)     1          32.337          -5.228          -2.084         -11.177           36.202
 7584 (vir)     1          32.349          -5.842          -2.318         -11.834           36.023
 7585 (vir)     1          32.355          -5.144          -2.072         -10.894           36.033
 7586 (vir)     1          32.374          -5.595          -2.213         -11.615           36.180
 7587 (vir)     1          32.379          -5.774          -2.264         -11.602           35.943
 7588 (vir)     1          32.386          -5.225          -2.076         -11.231           36.316
 7589 (vir)     1          32.393          -5.755          -2.274         -11.524           35.888
 7590 (vir)     1          32.413          -5.589          -2.206         -11.582           36.201
 7591 (vir)     1          32.418          -5.495          -2.149         -11.407           36.180
 7592 (vir)     1          32.425          -7.284          -1.374          -9.865           33.631
 7593 (vir)     1          32.429          -5.421          -2.119         -11.399           36.288
 7594 (vir)     1          32.432          -5.216          -2.080         -11.277           36.414
 7595 (vir)     1          32.451          -5.808          -2.299         -11.790           36.134
 7596 (vir)     1          32.477          -5.212          -2.090         -11.315           36.491
 7597 (vir)     1          32.478          -5.797          -2.295         -11.769           36.156
 7598 (vir)     1          32.504          -5.834          -2.298         -11.788           36.159
 7599 (vir)     1          32.504          -5.720          -2.246         -11.321           35.859
 7600 (vir)     1          32.516          -5.726          -2.178         -11.648           36.260
 7601 (vir)     1          32.520          -5.216          -2.107         -11.347           36.545
 7602 (vir)     1          32.528          -5.806          -2.290         -11.747           36.179
 7603 (vir)     1          32.545          -5.601          -2.117         -11.474           36.302
 7604 (vir)     1          32.549          -5.756          -2.270         -11.705           36.227
 7605 (vir)     1          32.560          -5.229          -2.132         -11.369           36.568
 7606 (vir)     1          32.570          -5.711          -2.253         -11.658           36.263
 7607 (vir)     1          32.572          -5.510          -2.094         -11.394           36.362
 7608 (vir)     1          32.588          -5.642          -2.220         -11.579           36.305
 7609 (vir)     1          32.591          -7.200          -1.363          -9.840           33.869
 7610 (vir)     1          32.596          -5.490          -2.108         -11.388           36.386
 7611 (vir)     1          32.598          -5.238          -2.163         -11.371           36.567
 7612 (vir)     1          32.606          -5.535          -2.172         -11.473           36.372
 7613 (vir)     1          32.611          -5.591          -2.182         -11.331           36.169
 7614 (vir)     1          32.617          -5.757          -2.203         -11.427           36.083
 7615 (vir)     1          32.623          -5.436          -2.103         -11.325           36.408
 7616 (vir)     1          32.629          -5.539          -2.160         -11.434           36.365
 7617 (vir)     1          32.631          -5.564          -2.194         -11.344           36.217
 7618 (vir)     1          32.638          -5.388          -2.074         -11.255           36.431
 7619 (vir)     1          32.641          -5.511          -2.153         -11.404           36.381
 7620 (vir)     1          32.651          -5.370          -2.066         -11.224           36.438
 7621 (vir)     1          32.652          -5.477          -2.135         -11.354           36.393
 7622 (vir)     1          32.657          -5.765          -2.219         -11.293           35.967
 7623 (vir)     1          32.660          -5.433          -2.119         -11.310           36.417
 7624 (vir)     1          32.660          -5.322          -2.069         -11.215           36.484
 7625 (vir)     1          32.665          -5.394          -2.103         -11.269           36.437
 7626 (vir)     1          32.666          -5.350          -2.074         -11.215           36.457
 7627 (vir)     1          32.668          -5.369          -2.091         -11.238           36.447
 7628 (vir)     1          32.668          -5.342          -2.081         -11.220           36.466
 7629 (vir)     1          32.674          -5.790          -2.232         -11.241           35.893
 7630 (vir)     1          32.715          -5.696          -2.218         -11.323           36.123
 7631 (vir)     1          32.757          -6.988          -1.352          -9.816           34.233
 7632 (vir)     1          32.801          -5.692          -2.204         -11.336           36.240
 7633 (vir)     1          32.870          -5.794          -2.201         -11.345           36.220
 7634 (vir)     1          32.921          -6.900          -1.341          -9.793           34.473
 7635 (vir)     1          32.938          -5.962          -2.195         -11.321           36.102
 7636 (vir)     1          32.951          -5.644          -2.217         -11.929           37.019
 7637 (vir)     1          32.963          -5.725          -2.215         -11.807           36.830
 7638 (vir)     1          32.978          -5.721          -2.211         -11.655           36.701
 7639 (vir)     1          32.994          -5.580          -2.207         -11.502           36.709
 7640 (vir)     1          33.009          -5.507          -2.204         -11.367           36.665
 7641 (vir)     1          33.020          -5.922          -2.174         -11.275           36.199
 7642 (vir)     1          33.023          -5.466          -2.203         -11.256           36.609
 7643 (vir)     1          33.036          -5.432          -2.205         -11.172           36.571
 7644 (vir)     1          33.049          -5.405          -2.208         -11.113           36.549
 7645 (vir)     1          33.062          -5.542          -2.213         -11.076           36.383
 7646 (vir)     1          33.076          -5.544          -2.218         -11.056           36.369
 7647 (vir)     1          33.083          -6.780          -1.330          -9.769           34.742
 7648 (vir)     1          33.090          -5.525          -2.223         -11.050           36.393
 7649 (vir)     1          33.106          -5.370          -2.226         -11.057           36.567
 7650 (vir)     1          33.112          -5.902          -2.144         -11.232           36.298
 7651 (vir)     1          33.122          -5.431          -2.228         -11.070           36.533
 7652 (vir)     1          33.137          -5.935          -2.154         -11.360           36.408
 7653 (vir)     1          33.137          -5.952          -2.154         -11.362           36.393
 7654 (vir)     1          33.137          -5.425          -2.228         -11.070           36.555
 7655 (vir)     1          33.145          -5.925          -2.153         -11.361           36.428
 7656 (vir)     1          33.146          -5.927          -2.153         -11.368           36.434
 7657 (vir)     1          33.153          -5.428          -2.228         -11.040           36.537
 7658 (vir)     1          33.158          -5.926          -2.151         -11.358           36.439
 7659 (vir)     1          33.159          -5.941          -2.151         -11.377           36.444
 7660 (vir)     1          33.171          -5.382          -2.230         -10.994           36.553
 7661 (vir)     1          33.176          -5.941          -2.149         -11.359           36.445
 7662 (vir)     1          33.178          -5.919          -2.150         -11.398           36.507
 7663 (vir)     1          33.191          -5.311          -2.235         -10.961           36.606
 7664 (vir)     1          33.199          -5.910          -2.138         -11.351           36.501
 7665 (vir)     1          33.199          -5.949          -2.146         -11.348           36.451
 7666 (vir)     1          33.208          -5.853          -2.123         -11.272           36.503
 7667 (vir)     1          33.215          -5.302          -2.240         -10.946           36.619
 7668 (vir)     1          33.227          -5.881          -2.145         -11.440           36.640
 7669 (vir)     1          33.228          -5.942          -2.142         -11.324           36.468
 7670 (vir)     1          33.242          -5.410          -2.244         -10.942           36.531
 7671 (vir)     1          33.244          -6.890          -1.319          -9.746           34.780
 7672 (vir)     1          33.256          -5.875          -2.143         -11.462           36.700
 7673 (vir)     1          33.259          -5.937          -2.139         -11.343           36.526
 7674 (vir)     1          33.271          -5.338          -2.247         -10.944           36.630
 7675 (vir)     1          33.275          -6.220          -2.456         -11.551           36.151
 7676 (vir)     1          33.280          -6.184          -2.449         -11.551           36.197
 7677 (vir)     1          33.287          -6.194          -2.440         -11.556           36.208
 7678 (vir)     1          33.288          -5.875          -2.141         -11.452           36.723
 7679 (vir)     1          33.294          -6.089          -2.289         -11.379           36.295
 7680 (vir)     1          33.297          -5.943          -2.163         -11.378           36.569
 7681 (vir)     1          33.300          -5.924          -2.245         -11.363           36.493
 7682 (vir)     1          33.302          -5.405          -2.250         -10.948           36.595
 7683 (vir)     1          33.308          -6.219          -2.417         -11.549           36.221
 7684 (vir)     1          33.320          -6.178          -2.408         -11.561           36.294
 7685 (vir)     1          33.323          -5.869          -2.146         -11.463           36.770
 7686 (vir)     1          33.333          -6.279          -2.410         -11.573           36.216
 7687 (vir)     1          33.335          -5.431          -2.252         -10.955           36.607
 7688 (vir)     1          33.337          -6.084          -2.207         -11.449           36.495
 7689 (vir)     1          33.348          -6.377          -2.363         -11.528           36.135
 7690 (vir)     1          33.359          -6.258          -2.403         -11.560           36.258
 7691 (vir)     1          33.362          -5.907          -2.134         -11.428           36.750
 7692 (vir)     1          33.370          -5.449          -2.255         -10.964           36.629
 7693 (vir)     1          33.374          -6.320          -2.404         -11.567           36.217
 7694 (vir)     1          33.375          -5.904          -2.085         -11.288           36.674
 7695 (vir)     1          33.381          -6.070          -2.251         -11.402           36.462
 7696 (vir)     1          33.393          -6.138          -2.280         -11.471           36.447
 7697 (vir)     1          33.401          -6.371          -2.396         -11.547           36.181
 7698 (vir)     1          33.402          -6.836          -1.308          -9.723           34.980
 7699 (vir)     1          33.405          -5.937          -2.125         -11.355           36.699
 7700 (vir)     1          33.406          -5.465          -2.260         -10.980           36.661
 7701 (vir)     1          33.418          -6.388          -2.398         -11.533           36.165
 7702 (vir)     1          33.421          -5.893          -2.197         -11.531           36.862
 7703 (vir)     1          33.435          -6.404          -2.343         -11.493           36.180
 7704 (vir)     1          33.443          -5.561          -2.275         -11.023           36.630
 7705 (vir)     1          33.447          -6.488          -2.379         -11.508           36.089
 7706 (vir)     1          33.451          -5.880          -2.061         -11.198           36.707
 7707 (vir)     1          33.455          -5.882          -2.094         -11.200           36.679
 7708 (vir)     1          33.466          -5.836          -2.177         -11.553           37.006
 7709 (vir)     1          33.467          -5.758          -2.383         -11.475           36.801
 7710 (vir)     1          33.471          -6.318          -2.593         -11.998           36.558
 7711 (vir)     1          33.472          -6.343          -2.631         -12.122           36.620
 7712 (vir)     1          33.478          -5.883          -2.442         -11.553           36.706
 7713 (vir)     1          33.479          -7.344          -2.534         -11.920           35.521
 7714 (vir)     1          33.479          -7.260          -2.534         -11.920           35.606
 7715 (vir)     1          33.483          -6.327          -2.607         -12.066           36.614
 7716 (vir)     1          33.485          -6.025          -2.538         -11.847           36.769
 7717 (vir)     1          33.487          -5.755          -2.367         -11.466           36.830
 7718 (vir)     1          33.489          -7.411          -2.523         -11.899           35.455
 7719 (vir)     1          33.490          -7.149          -2.529         -11.918           35.730
 7720 (vir)     1          33.497          -6.096          -2.574         -11.998           36.825
 7721 (vir)     1          33.499          -6.008          -2.302         -11.478           36.667
 7722 (vir)     1          33.501          -6.222          -2.568         -11.986           36.698
 7723 (vir)     1          33.504          -7.205          -2.515         -11.894           35.679
 7724 (vir)     1          33.504          -5.949          -2.101         -11.251           36.706
 7725 (vir)     1          33.506          -7.086          -2.523         -11.918           35.815
 7726 (vir)     1          33.509          -5.819          -1.989         -11.022           36.724
 7727 (vir)     1          33.514          -5.867          -2.201         -11.520           36.967
 7728 (vir)     1          33.516          -6.031          -2.454         -11.606           36.637
 7729 (vir)     1          33.519          -6.202          -2.530         -11.911           36.697
 7730 (vir)     1          33.524          -5.919          -2.366         -11.409           36.648
 7731 (vir)     1          33.525          -7.021          -2.504         -11.881           35.881
 7732 (vir)     1          33.526          -6.116          -2.486         -11.775           36.699
 7733 (vir)     1          33.528          -6.546          -2.520         -11.928           36.389
 7734 (vir)     1          33.546          -6.415          -2.436         -11.711           36.405
 7735 (vir)     1          33.546          -6.142          -2.513         -11.883           36.774
 7736 (vir)     1          33.548          -5.930          -2.355         -11.362           36.625
 7737 (vir)     1          33.550          -5.826          -1.937         -10.943           36.729
 7738 (vir)     1          33.551          -5.705          -2.123         -11.502           37.226
 7739 (vir)     1          33.552          -6.187          -2.500         -11.856           36.720
 7740 (vir)     1          33.553          -6.842          -2.509         -11.928           36.130
 7741 (vir)     1          33.556          -5.888          -2.409         -11.547           36.807
 7742 (vir)     1          33.557          -6.803          -1.298          -9.700           35.156
 7743 (vir)     1          33.558          -6.102          -2.118         -11.270           36.607
 7744 (vir)     1          33.573          -5.945          -2.294         -11.315           36.649
 7745 (vir)     1          33.574          -5.863          -1.924         -10.915           36.702
 7746 (vir)     1          33.575          -6.587          -2.396         -11.650           36.242
 7747 (vir)     1          33.578          -6.196          -2.568         -12.079           36.894
 7748 (vir)     1          33.580          -6.827          -2.502         -11.927           36.179
 7749 (vir)     1          33.585          -5.915          -2.392         -11.550           36.829
 7750 (vir)     1          33.586          -5.711          -2.159         -11.320           37.036
 7751 (vir)     1          33.595          -6.114          -2.477         -11.790           36.794
 7752 (vir)     1          33.604          -5.781          -2.164         -11.324           36.982
 7753 (vir)     1          33.605          -6.663          -2.377         -11.617           36.183
 7754 (vir)     1          33.606          -5.749          -2.103         -11.187           36.941
 7755 (vir)     1          33.607          -6.015          -2.484         -11.896           37.004
 7756 (vir)     1          33.611          -6.933          -2.494         -11.916           36.100
 7757 (vir)     1          33.621          -5.753          -2.159         -11.209           36.917
 7758 (vir)     1          33.622          -5.849          -2.401         -11.604           36.976
 7759 (vir)     1          33.632          -6.471          -2.365         -11.671           36.468
 7760 (vir)     1          33.639          -6.189          -2.442         -11.789           36.796
 7761 (vir)     1          33.641          -6.230          -2.453         -11.770           36.728
 7762 (vir)     1          33.645          -6.593          -2.414         -11.735           36.371
 7763 (vir)     1          33.650          -6.078          -2.329         -11.770           37.012
 7764 (vir)     1          33.653          -6.080          -2.377         -11.529           36.725
 7765 (vir)     1          33.656          -5.785          -2.395         -11.630           37.105
 7766 (vir)     1          33.663          -6.483          -2.324         -11.595           36.451
 7767 (vir)     1          33.667          -6.292          -2.153         -11.307           36.529
 7768 (vir)     1          33.672          -6.771          -2.444         -11.816           36.274
 7769 (vir)     1          33.680          -5.924          -2.247         -11.365           36.874
 7770 (vir)     1          33.683          -6.132          -2.475         -11.949           37.025
 7771 (vir)     1          33.691          -6.140          -2.445         -11.624           36.731
 7772 (vir)     1          33.691          -5.924          -2.379         -11.567           36.955
 7773 (vir)     1          33.694          -6.540          -2.369         -11.663           36.447
 7774 (vir)     1          33.696          -6.149          -2.320         -11.833           37.060
 7775 (vir)     1          33.703          -6.423          -2.294         -11.565           36.551
 7776 (vir)     1          33.709          -6.415          -1.288          -9.678           35.684
 7777 (vir)     1          33.711          -6.280          -2.314         -11.519           36.635
 7778 (vir)     1          33.715          -5.916          -2.403         -11.766           37.162
 7779 (vir)     1          33.718          -6.201          -2.178         -11.329           36.667
 7780 (vir)     1          33.724          -6.178          -2.400         -11.544           36.691
 7781 (vir)     1          33.725          -6.073          -2.134         -11.265           36.782
 7782 (vir)     1          33.730          -6.057          -2.348         -11.585           36.911
 7783 (vir)     1          33.736          -5.959          -2.257         -11.744           37.264
 7784 (vir)     1          33.737          -6.263          -2.469         -11.924           36.930
 7785 (vir)     1          33.739          -6.054          -2.131         -11.260           36.813
 7786 (vir)     1          33.743          -6.236          -2.322         -11.521           36.706
 7787 (vir)     1          33.746          -6.075          -2.144         -11.253           36.780
 7788 (vir)     1          33.747          -5.901          -2.363         -11.653           37.136
 7789 (vir)     1          33.761          -6.081          -2.352         -11.537           36.866
 7790 (vir)     1          33.764          -6.563          -2.236         -11.347           36.313
 7791 (vir)     1          33.768          -6.006          -2.367         -11.659           37.055
 7792 (vir)     1          33.773          -6.427          -2.521         -12.049           36.874
 7793 (vir)     1          33.780          -5.922          -2.210         -11.683           37.331
 7794 (vir)     1          33.781          -5.978          -2.345         -11.600           37.059
 7795 (vir)     1          33.788          -5.921          -2.330         -11.540           37.078
 7796 (vir)     1          33.800          -5.936          -2.347         -11.633           37.150
 7797 (vir)     1          33.802          -6.041          -2.309         -11.547           36.999
 7798 (vir)     1          33.804          -6.488          -2.481         -11.959           36.794
 7799 (vir)     1          33.806          -6.107          -2.289         -11.375           36.785
 7800 (vir)     1          33.816          -6.150          -2.376         -11.739           37.030
 7801 (vir)     1          33.827          -5.912          -2.174         -11.644           37.386
 7802 (vir)     1          33.828          -5.942          -2.294         -11.491           37.084
 7803 (vir)     1          33.831          -5.981          -2.359         -11.684           37.175
 7804 (vir)     1          33.831          -6.317          -2.386         -11.759           36.887
 7805 (vir)     1          33.843          -6.150          -2.395         -11.833           37.131
 7806 (vir)     1          33.844          -6.028          -2.282         -11.555           37.088
 7807 (vir)     1          33.848          -6.071          -2.314         -11.378           36.842
 7808 (vir)     1          33.857          -6.537          -1.278          -9.656           35.699
 7809 (vir)     1          33.861          -5.910          -2.353         -11.624           37.221
 7810 (vir)     1          33.865          -6.254          -2.404         -11.832           37.039
 7811 (vir)     1          33.876          -5.956          -2.158         -11.653           37.416
 7812 (vir)     1          33.887          -6.010          -2.270         -11.552           37.158
 7813 (vir)     1          33.889          -5.413          -2.339         -11.554           37.691
 7814 (vir)     1          33.892          -5.996          -2.328         -11.366           36.934
 7815 (vir)     1          33.894          -6.552          -2.491         -12.058           36.909
 7816 (vir)     1          33.916          -6.396          -2.378         -11.597           36.739
 7817 (vir)     1          33.925          -5.902          -2.117         -11.744           37.651
 7818 (vir)     1          33.931          -6.065          -2.293         -11.481           37.055
 7819 (vir)     1          33.933          -6.647          -2.507         -12.169           36.949
 7820 (vir)     1          33.936          -6.116          -2.341         -11.347           36.826
 7821 (vir)     1          33.941          -6.486          -2.441         -11.685           36.699
 7822 (vir)     1          33.963          -6.610          -2.519         -11.806           36.639
 7823 (vir)     1          33.972          -5.785          -2.076         -11.845           37.955
 7824 (vir)     1          33.975          -6.695          -2.542         -12.193           36.932
 7825 (vir)     1          33.979          -5.850          -2.314         -11.392           37.207
 7826 (vir)     1          33.980          -6.235          -2.584         -11.959           37.121
 7827 (vir)     1          33.981          -6.080          -2.350         -11.330           36.881
 7828 (vir)     1          33.990          -6.337          -2.693         -12.095           37.055
 7829 (vir)     1          33.994          -7.128          -2.744         -12.118           36.240
 7830 (vir)     1          33.997          -7.301          -2.767         -12.153           36.083
 7831 (vir)     1          33.999          -6.327          -2.771         -12.269           37.170
 7832 (vir)     1          34.000          -6.956          -2.708         -12.048           36.384
 7833 (vir)     1          34.001          -6.366          -1.268          -9.634           36.001
 7834 (vir)     1          34.015          -5.807          -2.073         -11.833           37.968
 7835 (vir)     1          34.022          -6.550          -2.486         -12.116           37.103
 7836 (vir)     1          34.023          -6.813          -2.578         -11.589           36.221
 7837 (vir)     1          34.026          -6.122          -2.352         -11.325           36.877
 7838 (vir)     1          34.029          -5.953          -2.299         -11.383           37.160
 7839 (vir)     1          34.051          -6.507          -2.635         -12.003           36.911
 7840 (vir)     1          34.052          -7.036          -2.597         -12.116           36.535
 7841 (vir)     1          34.057          -5.802          -2.058         -11.832           38.029
 7842 (vir)     1          34.062          -6.555          -2.467         -11.508           36.549
 7843 (vir)     1          34.065          -6.657          -2.483         -12.109           37.034
 7844 (vir)     1          34.072          -6.137          -2.333         -11.330           36.932
 7845 (vir)     1          34.076          -5.983          -2.292         -11.320           37.121
 7846 (vir)     1          34.096          -5.797          -2.043         -11.829           38.086
 7847 (vir)     1          34.102          -6.449          -2.428         -11.310           36.535
 7848 (vir)     1          34.102          -6.662          -2.456         -12.147           37.132
 7849 (vir)     1          34.111          -5.444          -2.242         -11.250           37.674
 7850 (vir)     1          34.124          -6.121          -2.323         -11.415           37.095
 7851 (vir)     1          34.134          -5.906          -2.088         -11.752           37.892
 7852 (vir)     1          34.135          -6.681          -2.449         -12.157           37.162
 7853 (vir)     1          34.141          -6.397          -1.258          -9.613           36.099
 7854 (vir)     1          34.145          -6.430          -2.409         -11.263           36.568
 7855 (vir)     1          34.158          -6.034          -2.288         -11.435           37.272
 7856 (vir)     1          34.164          -6.703          -2.444         -12.134           37.150
 7857 (vir)     1          34.168          -6.008          -2.126         -11.683           37.717
 7858 (vir)     1          34.185          -6.644          -2.439         -11.904           37.007
 7859 (vir)     1          34.190          -6.106          -2.233         -11.549           37.400
 7860 (vir)     1          34.190          -6.440          -2.400         -11.457           36.807
 7861 (vir)     1          34.199          -6.133          -2.215         -11.589           37.439
 7862 (vir)     1          34.207          -6.771          -2.446         -12.176           37.166
 7863 (vir)     1          34.219          -5.937          -2.053         -11.762           37.991
 7864 (vir)     1          34.224          -6.765          -2.443         -12.163           37.179
 7865 (vir)     1          34.231          -6.361          -2.381         -11.245           36.733
 7866 (vir)     1          34.233          -6.349          -2.395         -11.339           36.827
 7867 (vir)     1          34.238          -6.750          -2.442         -12.107           37.154
 7868 (vir)     1          34.240          -5.976          -2.040         -11.782           38.006
 7869 (vir)     1          34.247          -6.371          -2.441         -11.828           37.263
 7870 (vir)     1          34.249          -6.747          -2.429         -12.111           37.184
 7871 (vir)     1          34.256          -6.036          -2.055         -11.769           37.933
 7872 (vir)     1          34.258          -6.734          -2.425         -12.106           37.205
 7873 (vir)     1          34.263          -6.640          -2.397         -11.951           37.178
 7874 (vir)     1          34.267          -6.100          -2.096         -11.728           37.800
 7875 (vir)     1          34.270          -6.640          -2.388         -12.040           37.282
 7876 (vir)     1          34.271          -6.572          -2.374         -11.731           37.055
 7877 (vir)     1          34.275          -6.345          -2.370         -11.433           36.993
 7878 (vir)     1          34.275          -6.537          -2.348         -11.749           37.140
 7879 (vir)     1          34.276          -6.461          -2.306         -11.889           37.398
 7880 (vir)     1          34.276          -6.477          -1.249          -9.592           36.141
 7881 (vir)     1          34.276          -6.152          -2.086         -11.752           37.790
 7882 (vir)     1          34.280          -6.290          -2.272         -11.688           37.406
 7883 (vir)     1          34.282          -6.267          -2.117         -11.730           37.628
 7884 (vir)     1          34.284          -6.188          -2.163         -11.603           37.535
 7885 (vir)     1          34.286          -6.279          -2.118         -11.742           37.630
 7886 (vir)     1          34.288          -6.299          -2.130         -11.737           37.596
 7887 (vir)     1          34.288          -6.333          -2.135         -11.738           37.558
 7888 (vir)     1          34.293          -6.045          -2.091         -11.447           37.604
 7889 (vir)     1          34.293          -6.365          -2.422         -11.579           37.085
 7890 (vir)     1          34.305          -5.867          -2.001         -11.210           37.647
 7891 (vir)     1          34.311          -6.455          -2.400         -11.425           36.882
 7892 (vir)     1          34.320          -6.308          -2.401         -11.512           37.123
 7893 (vir)     1          34.326          -5.740          -1.936         -11.105           37.755
 7894 (vir)     1          34.337          -6.386          -2.422         -11.424           36.953
 7895 (vir)     1          34.345          -6.384          -2.383         -11.339           36.917
 7896 (vir)     1          34.353          -5.649          -1.902         -10.974           37.776
 7897 (vir)     1          34.368          -6.957          -2.391         -11.618           36.639
 7898 (vir)     1          34.377          -6.364          -2.422         -11.362           36.953
 7899 (vir)     1          34.381          -6.288          -2.345         -11.217           36.965
 7900 (vir)     1          34.389          -5.599          -1.894         -10.882           37.778
 7901 (vir)     1          34.405          -6.566          -1.240          -9.571           36.170
 7902 (vir)     1          34.416          -6.881          -2.388         -11.643           36.790
 7903 (vir)     1          34.416          -6.405          -2.420         -11.357           36.949
 7904 (vir)     1          34.423          -6.211          -2.328         -11.121           37.005
 7905 (vir)     1          34.432          -5.473          -1.907         -10.853           37.905
 7906 (vir)     1          34.453          -6.371          -2.415         -11.389           37.056
 7907 (vir)     1          34.460          -6.702          -2.392         -11.608           36.974
 7908 (vir)     1          34.469          -6.149          -2.325         -11.067           37.061
 7909 (vir)     1          34.481          -5.366          -1.930         -10.862           38.047
 7910 (vir)     1          34.490          -6.244          -2.408         -11.450           37.288
 7911 (vir)     1          34.498          -6.758          -2.399         -11.553           36.895
 7912 (vir)     1          34.517          -6.156          -2.325         -11.038           37.074
 7913 (vir)     1          34.524          -6.699          -2.400         -11.521           36.945
 7914 (vir)     1          34.528          -6.736          -1.231          -9.551           36.112
 7915 (vir)     1          34.532          -6.533          -2.404         -11.517           37.111
 7916 (vir)     1          34.533          -5.209          -1.959         -10.892           38.258
 7917 (vir)     1          34.555          -6.652          -2.396         -11.570           37.077
 7918 (vir)     1          34.560          -6.544          -2.406         -11.511           37.121
 7919 (vir)     1          34.567          -6.181          -2.326         -11.023           37.084
 7920 (vir)     1          34.581          -6.551          -2.395         -11.590           37.225
 7921 (vir)     1          34.583          -6.562          -2.405         -11.528           37.144
 7922 (vir)     1          34.590          -6.253          -1.993         -10.934           37.278
 7923 (vir)     1          34.599          -6.602          -2.396         -11.592           37.193
 7924 (vir)     1          34.600          -6.528          -2.403         -11.553           37.223
 7925 (vir)     1          34.611          -6.564          -2.398         -11.587           37.236
 7926 (vir)     1          34.611          -6.583          -2.400         -11.575           37.203
 7927 (vir)     1          34.619          -6.140          -2.326         -11.016           37.169
 7928 (vir)     1          34.645          -6.462          -1.222          -9.531           36.491
 7929 (vir)     1          34.650          -6.255          -2.032         -10.983           37.347
 7930 (vir)     1          34.672          -6.127          -2.324         -11.015           37.236
 7931 (vir)     1          34.713          -6.371          -2.079         -11.034           37.297
 7932 (vir)     1          34.728          -6.145          -2.318         -11.023           37.287
 7933 (vir)     1          34.754          -6.514          -1.214          -9.512           36.538
 7934 (vir)     1          34.778          -6.334          -2.156         -11.067           37.354
 7935 (vir)     1          34.785          -5.806          -2.286         -11.057           37.749
 7936 (vir)     1          34.837          -8.205          -2.893         -11.883           35.622
 7937 (vir)     1          34.839          -6.580          -2.353         -11.838           37.745
 7938 (vir)     1          34.839           3.183          -2.353         -11.838           47.508
 7939 (vir)     1          34.842          -6.106          -2.342         -11.034           37.427
 7940 (vir)     1          34.847          -6.722          -2.232         -11.257           37.150
 7941 (vir)     1          34.849          -8.240          -2.914         -11.912           35.607
 7942 (vir)     1          34.856          -6.568          -1.207          -9.493           36.575
 7943 (vir)     1          34.868          -8.085          -2.855         -11.855           35.784
 7944 (vir)     1          34.890          -7.934          -2.824         -11.813           35.945
 7945 (vir)     1          34.905          -6.237          -2.378         -11.076           37.366
 7946 (vir)     1          34.919          -6.845          -2.254         -11.313           37.132
 7947 (vir)     1          34.925          -8.014          -2.859         -11.875           35.926
 7948 (vir)     1          34.950          -6.961          -1.200          -9.476           36.264
 7949 (vir)     1          34.968          -6.224          -2.373         -11.066           37.438
 7950 (vir)     1          34.968          -7.899          -2.826         -11.857           36.100
 7951 (vir)     1          34.987          -6.946          -2.311         -11.384           37.114
 7952 (vir)     1          35.022          -7.744          -2.741         -11.793           36.330
 7953 (vir)     1          35.033          -6.260          -2.379         -11.096           37.490
 7954 (vir)     1          35.034          -6.882          -1.193          -9.460           36.418
 7955 (vir)     1          35.056          -7.135          -2.440         -11.514           36.995
 7956 (vir)     1          35.086          -7.493          -2.611         -11.695           36.676
 7957 (vir)     1          35.101          -6.226          -2.378         -11.115           37.610
 7958 (vir)     1          35.109          -6.839          -1.187          -9.444           36.527
 7959 (vir)     1          35.127          -7.250          -2.529         -11.614           36.961
 7960 (vir)     1          35.158          -7.383          -2.528         -11.642           36.889
 7961 (vir)     1          35.169          -6.344          -2.364         -11.111           37.571
 7962 (vir)     1          35.174          -6.843          -1.182          -9.431           36.580
 7963 (vir)     1          35.201          -7.332          -2.564         -11.677           36.982
 7964 (vir)     1          35.228          -7.202          -1.178          -9.419           36.268
 7965 (vir)     1          35.236          -7.366          -2.511         -11.651           37.010
 7966 (vir)     1          35.237          -6.379          -2.344         -11.098           37.611
 7967 (vir)     1          35.271          -7.342          -1.174          -9.410           36.165
 7968 (vir)     1          35.279          -7.401          -2.566         -11.716           37.028
 7969 (vir)     1          35.296          -7.113          -2.542         -11.972           37.613
 7970 (vir)     1          35.296          -7.080          -2.542         -11.982           37.656
 7971 (vir)     1          35.301          -6.329          -2.326         -11.091           37.737
 7972 (vir)     1          35.302          -7.534          -1.172          -9.403           35.999
 7973 (vir)     1          35.306          -7.008          -2.533         -11.959           37.724
 7974 (vir)     1          35.308          -7.065          -2.532         -11.997           37.709
 7975 (vir)     1          35.317          -7.441          -2.528         -11.693           37.040
 7976 (vir)     1          35.320          -7.880          -1.170          -9.398           35.668
 7977 (vir)     1          35.322          -6.986          -2.517         -11.938           37.758
 7978 (vir)     1          35.328          -7.001          -2.514         -12.021           37.833
 7979 (vir)     1          35.343          -6.911          -2.497         -11.916           37.851
 7980 (vir)     1          35.354          -6.954          -2.491         -12.045           37.953
 7981 (vir)     1          35.361          -7.385          -2.550         -11.731           37.157
 7982 (vir)     1          35.361          -6.397          -2.310         -11.090           37.745
 7983 (vir)     1          35.368          -6.906          -2.473         -11.900           37.889
 7984 (vir)     1          35.385          -6.911          -2.465         -12.052           38.062
 7985 (vir)     1          35.397          -6.760          -2.445         -11.904           38.096
 7986 (vir)     1          35.402          -7.432          -2.550         -11.729           37.149
 7987 (vir)     1          35.414          -6.368          -2.307         -11.115           37.855
 7988 (vir)     1          35.421          -6.893          -2.442         -11.984           38.071
 7989 (vir)     1          35.430          -6.656          -2.405         -11.985           38.354
 7990 (vir)     1          35.445          -7.306          -2.507         -11.671           37.302
 7991 (vir)     1          35.458          -6.795          -2.425         -11.843           38.080
 7992 (vir)     1          35.458          -6.371          -2.301         -11.154           37.940
 7993 (vir)     1          35.468          -6.565          -2.343         -12.140           38.700
 7994 (vir)     1          35.489          -6.363          -2.269         -11.087           37.943
 7995 (vir)     1          35.491          -7.506          -2.601         -11.820           37.203
 7996 (vir)     1          35.493          -6.708          -2.404         -11.798           38.180
 7997 (vir)     1          35.508          -6.325          -2.261         -11.084           38.006
 7998 (vir)     1          35.509          -6.411          -2.256         -12.194           39.035
 7999 (vir)     1          35.528          -6.429          -2.383         -11.785           38.500
 8000 (vir)     1          35.533          -7.487          -2.519         -11.747           37.274
 8001 (vir)     1          35.544          -6.232          -2.136         -12.209           39.385
 8002 (vir)     1          35.562          -6.305          -2.364         -11.778           38.670
 8003 (vir)     1          35.584          -7.606          -2.628         -11.880           37.230
 8004 (vir)     1          35.596          -6.205          -2.347         -11.770           38.814
 8005 (vir)     1          35.620          -7.607          -2.528         -11.772           37.258
 8006 (vir)     1          35.627          -6.281          -2.330         -11.752           38.768
 8007 (vir)     1          35.647          -6.386          -2.303         -11.443           38.401
 8008 (vir)     1          35.648          -6.356          -2.296         -11.460           38.455
 8009 (vir)     1          35.652          -6.248          -2.295         -11.634           38.743
 8010 (vir)     1          35.656          -6.315          -2.303         -11.438           38.476
 8011 (vir)     1          35.663          -6.452          -2.301         -11.593           38.502
 8012 (vir)     1          35.669          -6.294          -2.296         -11.612           38.692
 8013 (vir)     1          35.672          -6.375          -2.312         -11.420           38.405
 8014 (vir)     1          35.677          -7.612          -2.784         -12.290           37.571
 8015 (vir)     1          35.681          -7.640          -2.641         -11.926           37.326
 8016 (vir)     1          35.688          -6.294          -2.269         -11.733           38.857
 8017 (vir)     1          35.689          -6.319          -2.262         -11.623           38.732
 8018 (vir)     1          35.694          -6.368          -2.361         -11.345           38.310
 8019 (vir)     1          35.709          -7.726          -2.549         -11.805           37.239
 8020 (vir)     1          35.710          -6.310          -2.254         -11.737           38.883
 8021 (vir)     1          35.711          -6.197          -2.248         -11.652           38.917
 8022 (vir)     1          35.722          -7.432          -2.687         -12.308           37.911
 8023 (vir)     1          35.724          -6.677          -2.369         -11.405           38.083
 8024 (vir)     1          35.733          -6.323          -2.230         -11.737           38.917
 8025 (vir)     1          35.733          -6.368          -2.261         -11.600           38.704
 8026 (vir)     1          35.752          -6.323          -2.228         -11.743           38.944
 8027 (vir)     1          35.754          -6.321          -2.221         -11.749           38.961
 8028 (vir)     1          35.763          -6.207          -2.388         -11.291           38.459
 8029 (vir)     1          35.773          -6.471          -2.206         -11.774           38.869
 8030 (vir)     1          35.774          -6.623          -2.315         -11.803           38.639
 8031 (vir)     1          35.778          -7.186          -2.552         -12.237           38.276
 8032 (vir)     1          35.781          -7.641          -2.642         -11.961           37.458
 8033 (vir)     1          35.791          -6.434          -2.207         -11.753           38.902
 8034 (vir)     1          35.792          -6.404          -2.200         -11.786           38.973
 8035 (vir)     1          35.798          -7.830          -2.580         -11.847           37.235
 8036 (vir)     1          35.806          -6.373          -2.427         -11.204           38.210
 8037 (vir)     1          35.808          -6.451          -2.191         -11.783           38.949
 8038 (vir)     1          35.808          -6.504          -2.196         -11.781           38.889
 8039 (vir)     1          35.822          -6.522          -2.184         -11.794           38.909
 8040 (vir)     1          35.822          -6.434          -2.189         -11.781           38.980
 8041 (vir)     1          35.833          -6.414          -2.183         -11.790           39.027
 8042 (vir)     1          35.834          -6.485          -2.196         -11.821           38.973
 8043 (vir)     1          35.838          -7.259          -2.574         -12.337           38.341
 8044 (vir)     1          35.843          -6.459          -2.177         -11.801           39.007
 8045 (vir)     1          35.843          -6.414          -2.178         -11.792           39.042
 8046 (vir)     1          35.848          -6.514          -2.358         -11.381           38.357
 8047 (vir)     1          35.849          -6.559          -2.174         -11.803           38.919
 8048 (vir)     1          35.850          -6.424          -2.270         -11.572           38.728
 8049 (vir)     1          35.852          -6.372          -2.171         -11.803           39.111
 8050 (vir)     1          35.852          -6.531          -2.173         -11.799           38.947
 8051 (vir)     1          35.883          -7.631          -2.639         -11.989           37.602
 8052 (vir)     1          35.888          -7.955          -2.618         -11.895           37.211
 8053 (vir)     1          35.889          -6.156          -2.473         -11.113           38.374
 8054 (vir)     1          35.901          -7.261          -2.566         -12.378           38.453
 8055 (vir)     1          35.925          -6.229          -2.479         -11.101           38.317
 8056 (vir)     1          35.952          -6.309          -2.482         -11.091           38.252
 8057 (vir)     1          35.967          -7.255          -2.547         -12.389           38.555
 8058 (vir)     1          35.969          -6.216          -2.484         -11.084           38.354
 8059 (vir)     1          35.980          -8.096          -2.660         -11.949           37.172
 8060 (vir)     1          35.987          -7.644          -2.636         -12.014           37.721
 8061 (vir)     1          36.035          -7.263          -2.536         -12.396           38.633
 8062 (vir)     1          36.072          -8.224          -2.705         -12.007           37.150
 8063 (vir)     1          36.091          -7.772          -2.639         -12.042           37.722
 8064 (vir)     1          36.104          -7.291          -2.534         -12.395           38.674
 8065 (vir)     1          36.165          -8.351          -2.750         -12.070           37.134
 8066 (vir)     1          36.172          -7.422          -2.559         -12.379           38.569
 8067 (vir)     1          36.194          -7.835          -2.657         -12.078           37.781
 8068 (vir)     1          36.232          -7.813          -2.687         -12.329           38.061
 8069 (vir)     1          36.259          -8.438          -2.791         -12.136           37.165
 8070 (vir)     1          36.271          -8.468          -2.879         -12.307           37.231
 8071 (vir)     1          36.296          -8.085          -2.703         -12.135           37.642
 8072 (vir)     1          36.302          -8.264          -2.822         -12.380           37.596
 8073 (vir)     1          36.352          -8.520          -2.822         -12.203           37.213
 8074 (vir)     1          36.353          -7.625          -2.611         -12.447           38.564
 8075 (vir)     1          36.393          -8.429          -2.796         -12.230           37.398
 8076 (vir)     1          36.421          -7.429          -2.522         -12.454           38.924
 8077 (vir)     1          36.444          -8.531          -2.833         -12.263           37.343
 8078 (vir)     1          36.483          -8.943          -2.947         -12.387           36.980
 8079 (vir)     1          36.491          -9.032          -2.997         -12.114           36.577
 8080 (vir)     1          36.495          -7.421          -2.503         -12.437           39.008
 8081 (vir)     1          36.509          -8.932          -2.980         -12.123           36.720
 8082 (vir)     1          36.534          -8.554          -2.836         -12.317           37.461
 8083 (vir)     1          36.536          -8.950          -2.979         -12.108           36.714
 8084 (vir)     1          36.563          -9.609          -3.148         -12.614           36.419
 8085 (vir)     1          36.572          -7.407          -2.487         -12.445           39.124
 8086 (vir)     1          36.573          -8.910          -2.973         -12.106           36.797
 8087 (vir)     1          36.613          -8.795          -2.896         -12.389           37.310
 8088 (vir)     1          36.618          -8.921          -2.967         -12.113           36.843
 8089 (vir)     1          36.628         -10.388          -3.394         -12.919           35.765
 8090 (vir)     1          36.649          -7.499          -2.506         -12.455           39.099
 8091 (vir)     1          36.656          -9.916          -3.176         -12.448           36.012
 8092 (vir)     1          36.658          -9.593          -3.078         -12.416           36.403
 8093 (vir)     1          36.670         -11.140          -3.641         -13.232           35.120
 8094 (vir)     1          36.671          -8.993          -2.966         -12.137           36.849
 8095 (vir)     1          36.688          -9.430          -3.055         -12.436           36.639
 8096 (vir)     1          36.689          -9.585          -3.083         -12.418           36.439
 8097 (vir)     1          36.716          -8.509          -2.841         -12.532           37.897
 8098 (vir)     1          36.732          -9.745          -3.148         -12.566           36.405
 8099 (vir)     1          36.733          -8.289          -2.760         -12.187           37.871
 8100 (vir)     1          36.741          -9.331          -3.004         -12.396           36.802
 8101 (vir)     1          36.756          -9.394          -3.080         -12.652           36.933
 8102 (vir)     1          36.761         -10.105          -3.276         -12.763           36.142
 8103 (vir)     1          36.783          -9.951          -3.189         -12.562           36.205
 8104 (vir)     1          36.788          -8.925          -2.959         -12.548           37.452
 8105 (vir)     1          36.807          -8.816          -2.868         -12.370           37.493
 8106 (vir)     1          36.808          -8.285          -2.698         -12.181           38.005
 8107 (vir)     1          36.831          -9.487          -3.032         -12.371           36.684
 8108 (vir)     1          36.839          -8.147          -2.693         -12.362           38.362
 8109 (vir)     1          36.887          -8.326          -2.729         -12.135           37.967
 8110 (vir)     1          36.887          -8.436          -2.748         -12.295           37.998
 8111 (vir)     1          36.901          -9.420          -3.017         -12.365           36.830
 8112 (vir)     1          36.909          -7.791          -2.562         -12.318           38.873
 8113 (vir)     1          36.970          -8.240          -2.703         -12.137           38.164
 8114 (vir)     1          36.976          -8.321          -2.674         -12.264           38.244
 8115 (vir)     1          36.980          -9.444          -3.011         -12.377           36.901
 8116 (vir)     1          36.986          -7.758          -2.547         -12.281           38.962
 8117 (vir)     1          37.056          -7.727          -2.524         -12.259           39.063
 8118 (vir)     1          37.065          -9.568          -3.001         -12.384           36.881
 8119 (vir)     1          37.067          -8.172          -2.625         -12.249           38.518
 8120 (vir)     1          37.067          -8.229          -2.701         -12.141           38.279
 8121 (vir)     1          37.098          -6.127          -2.028         -11.073           40.016
 8122 (vir)     1          37.113          -6.666          -2.164         -11.289           39.572
 8123 (vir)     1          37.137          -7.136          -2.313         -11.537           39.225
 8124 (vir)     1          37.137          -7.370          -2.377         -12.358           39.749
 8125 (vir)     1          37.157          -9.529          -2.986         -12.381           37.022
 8126 (vir)     1          37.158          -8.923          -2.841         -12.048           37.442
 8127 (vir)     1          37.160          -8.105          -2.599         -12.248           38.705
 8128 (vir)     1          37.169          -7.621          -2.464         -11.771           38.855
 8129 (vir)     1          37.193         -10.232          -3.447         -13.200           36.713
 8130 (vir)     1          37.197         -10.212          -3.445         -13.194           36.734
 8131 (vir)     1          37.202         -10.172          -3.423         -13.173           36.780
 8132 (vir)     1          37.207          -7.988          -2.590         -11.966           38.595
 8133 (vir)     1          37.211         -10.218          -3.436         -13.176           36.732
 8134 (vir)     1          37.214          -7.972          -2.596         -12.533           39.179
 8135 (vir)     1          37.221          -9.729          -3.241         -13.016           37.266
 8136 (vir)     1          37.231         -10.202          -3.424         -13.151           36.756
 8137 (vir)     1          37.242         -10.044          -3.342         -13.011           36.866
 8138 (vir)     1          37.245          -8.086          -2.604         -12.140           38.695
 8139 (vir)     1          37.254          -9.589          -2.977         -12.391           37.080
 8140 (vir)     1          37.256          -8.290          -2.656         -12.246           38.556
 8141 (vir)     1          37.256         -10.184          -3.397         -13.111           36.787
 8142 (vir)     1          37.257          -9.205          -2.997         -12.336           37.391
 8143 (vir)     1          37.275         -10.044          -3.326         -12.966           36.871
 8144 (vir)     1          37.285          -9.265          -3.042         -12.832           37.810
 8145 (vir)     1          37.295          -8.404          -2.736         -12.217           38.371
 8146 (vir)     1          37.296          -8.492          -2.764         -12.631           38.671
 8147 (vir)     1          37.309         -10.156          -3.357         -13.031           36.827
 8148 (vir)     1          37.328         -10.074          -3.305         -12.963           36.912
 8149 (vir)     1          37.341          -8.180          -2.585         -12.305           38.881
 8150 (vir)     1          37.344          -8.689          -2.813         -12.319           38.162
 8151 (vir)     1          37.350          -9.783          -3.190         -12.896           37.273
 8152 (vir)     1          37.357          -9.467          -2.943         -12.386           37.332
 8153 (vir)     1          37.361          -9.326          -2.987         -12.335           37.384
 8154 (vir)     1          37.371          -7.994          -2.569         -12.472           39.279
 8155 (vir)     1          37.385          -9.814          -3.194         -12.749           37.126
 8156 (vir)     1          37.396          -8.804          -2.849         -12.390           38.133
 8157 (vir)     1          37.410         -10.054          -3.241         -12.885           37.001
 8158 (vir)     1          37.426          -8.252          -2.594         -12.324           38.905
 8159 (vir)     1          37.433          -8.727          -2.794         -12.586           38.498
 8160 (vir)     1          37.450          -8.911          -2.880         -12.451           38.109
 8161 (vir)     1          37.454          -8.930          -2.847         -12.618           38.296
 8162 (vir)     1          37.462          -9.364          -2.882         -12.377           37.592
 8163 (vir)     1          37.466          -9.434          -3.026         -12.466           37.472
 8164 (vir)     1          37.490          -9.371          -2.947         -12.396           37.568
 8165 (vir)     1          37.502          -8.875          -2.861         -12.458           38.225
 8166 (vir)     1          37.514          -8.684          -2.705         -12.401           38.527
 8167 (vir)     1          37.517          -7.886          -2.491         -12.376           39.516
 8168 (vir)     1          37.520          -9.868          -3.136         -12.744           37.261
 8169 (vir)     1          37.558          -9.009          -2.902         -12.509           38.157
 8170 (vir)     1          37.562          -8.712          -2.701         -12.360           38.508
 8171 (vir)     1          37.571          -9.738          -3.066         -12.675           37.442
 8172 (vir)     1          37.581          -8.331          -2.597         -12.371           39.025
 8173 (vir)     1          37.592          -8.701          -2.708         -12.099           38.282
 8174 (vir)     1          37.604          -9.336          -2.863         -12.431           37.836
 8175 (vir)     1          37.613          -9.157          -2.944         -12.556           38.068
 8176 (vir)     1          37.627          -9.465          -2.947         -12.525           37.741
 8177 (vir)     1          37.643          -8.281          -2.573         -12.364           39.153
 8178 (vir)     1          37.644          -8.240          -2.543         -12.349           39.211
 8179 (vir)     1          37.667          -9.197          -2.951         -12.578           38.096
 8180 (vir)     1          37.677          -8.997          -2.766         -12.423           38.337
 8181 (vir)     1          37.703          -8.375          -2.580         -12.338           39.085
 8182 (vir)     1          37.712          -9.985          -3.000         -12.474           37.201
 8183 (vir)     1          37.714          -8.288          -2.541         -12.380           39.265
 8184 (vir)     1          37.715          -9.168          -2.811         -12.099           37.834
 8185 (vir)     1          37.720          -9.184          -2.926         -12.563           38.173
 8186 (vir)     1          37.738          -8.834          -2.676         -12.367           38.595
 8187 (vir)     1          37.760          -8.394          -2.549         -12.284           39.102
 8188 (vir)     1          37.771          -9.176          -2.920         -12.588           38.262
 8189 (vir)     1          37.778          -8.449          -2.591         -12.423           39.160
 8190 (vir)     1          37.796          -8.641          -2.606         -12.295           38.843
 8191 (vir)     1          37.811          -8.458          -2.565         -12.242           39.030
 8192 (vir)     1          37.822          -9.050          -2.862         -12.567           38.478
 8193 (vir)     1          37.823          -8.859          -2.694         -12.402           38.672
 8194 (vir)     1          37.833          -8.813          -2.679         -12.079           38.420
 8195 (vir)     1          37.843          -9.689          -2.937         -12.521           37.739
 8196 (vir)     1          37.849          -8.634          -2.601         -12.215           38.829
 8197 (vir)     1          37.859          -8.312          -2.477         -12.190           39.260
 8198 (vir)     1          37.873          -8.934          -2.788         -12.528           38.678
 8199 (vir)     1          37.880          -8.488          -2.605         -12.451           39.238
 8200 (vir)     1          37.891          -8.416          -2.483         -12.171           39.163
 8201 (vir)     1          37.899          -8.237          -2.434         -12.143           39.371
 8202 (vir)     1          37.914          -8.909          -2.765         -12.536           38.777
 8203 (vir)     1          37.923          -8.598          -2.632         -12.475           39.169
 8204 (vir)     1          37.925          -8.383          -2.440         -12.124           39.226
 8205 (vir)     1          37.928          -8.191          -2.414         -12.110           39.432
 8206 (vir)     1          37.946          -8.254          -2.409         -12.091           39.374
 8207 (vir)     1          37.947          -8.242          -2.396         -12.088           39.397
 8208 (vir)     1          37.951          -8.743          -2.696         -12.510           39.023
 8209 (vir)     1          37.954          -8.698          -2.646         -12.465           39.075
 8210 (vir)     1          37.957          -9.102          -2.775         -12.083           38.164
 8211 (vir)     1          37.967         -10.101          -2.980         -12.508           37.394
 8212 (vir)     1          37.976          -8.653          -2.641         -12.489           39.170
 8213 (vir)     1          37.976          -8.828          -2.695         -12.488           38.941
 8214 (vir)     1          38.081          -9.439          -2.786         -12.109           37.964
 8215 (vir)     1          38.097         -10.634          -3.041         -12.495           36.918
 8216 (vir)     1          38.205          -9.330          -2.794         -12.149           38.230
 8217 (vir)     1          38.231         -10.622          -3.039         -12.511           37.080
 8218 (vir)     1          38.318          -9.675          -2.847         -12.308           38.105
 8219 (vir)     1          38.352          -9.785          -2.886         -12.515           38.196
 8220 (vir)     1          38.366         -10.674          -3.035         -12.531           37.188
 8221 (vir)     1          38.371          -9.599          -2.828         -12.391           38.335
 8222 (vir)     1          38.468          -9.531          -2.780         -12.209           38.366
 8223 (vir)     1          38.498         -10.667          -3.014         -12.558           37.375
 8224 (vir)     1          38.587          -9.513          -2.821         -12.336           38.588
 8225 (vir)     1          38.590          -9.429          -2.849         -12.620           38.931
 8226 (vir)     1          38.605          -8.922          -2.923         -12.656           39.417
 8227 (vir)     1          38.610          -9.050          -2.888         -12.559           39.232
 8228 (vir)     1          38.618          -9.229          -2.798         -12.640           39.231
 8229 (vir)     1          38.675         -10.417          -2.942         -12.605           37.922
 8230 (vir)     1          38.691          -8.678          -2.599         -12.539           39.952
 8231 (vir)     1          38.692          -8.575          -2.559         -12.532           40.090
 8232 (vir)     1          38.714          -8.542          -2.528         -12.534           40.179
 8233 (vir)     1          38.715          -8.782          -2.636         -12.551           39.848
 8234 (vir)     1          38.716          -9.996          -2.790         -12.278           38.207
 8235 (vir)     1          38.739          -8.579          -2.527         -12.537           40.170
 8236 (vir)     1          38.755          -8.613          -2.546         -12.554           40.150
 8237 (vir)     1          38.777          -8.976          -2.698         -12.568           39.671
 8238 (vir)     1          38.780          -8.625          -2.516         -12.552           40.191
 8239 (vir)     1          38.801         -10.849          -2.971         -12.621           37.603
 8240 (vir)     1          38.805          -8.562          -2.497         -12.566           40.312
 8241 (vir)     1          38.821          -8.703          -2.522         -12.594           40.191
 8242 (vir)     1          38.836          -8.636          -2.500         -12.609           40.310
 8243 (vir)     1          38.838         -10.083          -2.797         -12.322           38.281
 8244 (vir)     1          38.841          -9.063          -2.615         -12.788           39.951
 8245 (vir)     1          38.844          -8.930          -2.581         -12.714           40.046
 8246 (vir)     1          38.846          -8.861          -2.565         -12.690           40.111
 8247 (vir)     1          38.849          -8.968          -2.588         -12.746           40.040
 8248 (vir)     1          38.854          -8.890          -2.564         -12.706           40.106
 8249 (vir)     1          38.854          -8.747          -2.527         -12.658           40.238
 8250 (vir)     1          38.857          -8.829          -2.554         -12.667           40.142
 8251 (vir)     1          38.858          -8.831          -2.547         -12.689           40.168
 8252 (vir)     1          38.865          -9.339          -2.811         -12.606           39.321
 8253 (vir)     1          38.927         -11.108          -3.070         -12.691           37.440
 8254 (vir)     1          38.957         -10.406          -2.803         -12.370           38.118
 8255 (vir)     1          38.978          -9.832          -2.942         -12.601           38.804
 8256 (vir)     1          38.992         -10.009          -3.105         -12.778           38.656
 8257 (vir)     1          39.021          -9.957          -3.058         -12.724           38.730
 8258 (vir)     1          39.074         -10.712          -2.810         -12.419           37.972
 8259 (vir)     1          39.101         -11.443          -3.056         -12.690           37.293
 8260 (vir)     1          39.131          -9.973          -2.931         -12.536           38.763
 8261 (vir)     1          39.188         -10.861          -2.816         -12.469           37.981
 8262 (vir)     1          39.234         -11.933          -3.061         -12.716           36.957
 8263 (vir)     1          39.298         -10.958          -2.821         -12.519           38.038
 8264 (vir)     1          39.305         -10.107          -2.949         -12.520           38.769
 8265 (vir)     1          39.371         -12.080          -3.068         -12.753           36.975
 8266 (vir)     1          39.403         -11.225          -2.824         -12.568           37.923
 8267 (vir)     1          39.444         -11.408          -3.213         -12.941           37.765
 8268 (vir)     1          39.468         -11.804          -3.277         -13.040           37.427
 8269 (vir)     1          39.504         -11.272          -2.819         -12.609           38.022
 8270 (vir)     1          39.508         -12.203          -3.086         -12.792           37.011
 8271 (vir)     1          39.526          -7.980          -1.839         -11.723           41.431
 8272 (vir)     1          39.526          -7.786          -1.835         -11.719           41.625
 8273 (vir)     1          39.532          -8.043          -1.842         -11.724           41.371
 8274 (vir)     1          39.532          -8.206          -1.826         -11.704           41.204
 8275 (vir)     1          39.540          -6.863          -1.810         -11.679           42.546
 8276 (vir)     1          39.541          -8.065          -1.850         -11.727           41.352
 8277 (vir)     1          39.549         -10.788          -3.016         -12.587           38.333
 8278 (vir)     1          39.551          -5.744          -1.801         -11.661           43.667
 8279 (vir)     1          39.554          -8.302          -1.849         -11.715           41.118
 8280 (vir)     1          39.565          -5.911          -1.824         -11.678           43.508
 8281 (vir)     1          39.570          -5.767          -1.805         -11.648           43.645
 8282 (vir)     1          39.583          -6.006          -1.934         -11.787           43.431
 8283 (vir)     1          39.587          -6.285          -1.735         -11.551           43.118
 8284 (vir)     1          39.600         -10.977          -2.742         -12.577           38.457
 8285 (vir)     1          39.605          -6.938          -1.738         -11.537           42.467
 8286 (vir)     1          39.612          -6.397          -1.937         -11.775           43.053
 8287 (vir)     1          39.626          -6.944          -1.788         -11.584           42.478
 8288 (vir)     1          39.638          -7.046          -1.707         -11.470           42.355
 8289 (vir)     1          39.644         -12.398          -3.082         -12.812           36.977
 8290 (vir)     1          39.657          -7.007          -1.670         -11.407           42.388
 8291 (vir)     1          39.661          -7.021          -2.053         -11.879           42.466
 8292 (vir)     1          39.675          -7.145          -1.720         -11.453           42.263
 8293 (vir)     1          39.686          -9.588          -2.426         -12.253           39.924
 8294 (vir)     1          39.688          -8.052          -1.951         -11.699           41.383
 8295 (vir)     1          39.699          -7.050          -1.647         -11.337           42.338
 8296 (vir)     1          39.705          -7.106          -1.647         -11.329           42.281
 8297 (vir)     1          39.723          -8.333          -2.291         -12.131           41.229
 8298 (vir)     1          39.750         -11.650          -2.999         -12.677           37.778
 8299 (vir)     1          39.765         -10.035          -2.625         -12.509           39.613
 8300 (vir)     1          39.793          -9.331          -2.461         -12.326           40.327
 8301 (vir)     1          39.799         -11.341          -2.981         -12.582           38.059
 8302 (vir)     1          39.833          -9.908          -2.600         -12.501           39.826
 8303 (vir)     1          39.854          -9.639          -2.505         -12.399           40.109
 8304 (vir)     1          39.873          -9.840          -2.549         -12.465           39.949
 8305 (vir)     1          39.891         -12.581          -3.073         -12.876           37.113
 8306 (vir)     1          40.001         -10.345          -2.739         -12.609           39.527
 8307 (vir)     1          40.003         -10.359          -2.739         -12.615           39.520
 8308 (vir)     1          40.015         -12.724          -3.073         -12.909           37.128
 8309 (vir)     1          40.029         -10.834          -2.860         -12.460           38.795
 8310 (vir)     1          40.138         -12.539          -3.030         -12.869           37.438
 8311 (vir)     1          40.189         -11.570          -2.922         -12.763           38.460
 8312 (vir)     1          40.331         -12.170          -2.973         -12.752           37.940
 8313 (vir)     1          40.339         -12.439          -3.010         -12.864           37.754
 8314 (vir)     1          40.358         -10.620          -3.052         -13.005           39.691
 8315 (vir)     1          40.372         -10.591          -3.059         -13.024           39.746
 8316 (vir)     1          40.418         -12.446          -2.985         -12.882           37.869
 8317 (vir)     1          40.444         -10.793          -3.081         -13.189           39.759
 8318 (vir)     1          40.516         -10.734          -3.083         -13.258           39.958
 8319 (vir)     1          40.544         -11.815          -2.886         -12.578           38.420
 8320 (vir)     1          40.590         -10.687          -3.066         -13.251           40.089
 8321 (vir)     1          40.662         -10.611          -3.102         -13.359           40.308
 8322 (vir)     1          40.738         -10.538          -3.106         -13.396           40.490
 8323 (vir)     1          40.738           4.073          -3.398         -13.146           54.559
 8324 (vir)     1          40.767           3.882          -3.382         -12.890           54.156
 8325 (vir)     1          40.768         -11.894          -2.794         -12.278           38.358
 8326 (vir)     1          40.800         -10.580          -3.363         -13.186           40.042
 8327 (vir)     1          40.815         -10.365          -3.113         -13.427           40.765
 8328 (vir)     1          40.871         -11.815          -3.337         -13.265           38.984
 8329 (vir)     1          40.891         -10.383          -3.117         -13.453           40.845
 8330 (vir)     1          40.957         -11.392          -3.325         -13.309           39.549
 8331 (vir)     1          40.967         -10.361          -3.124         -13.479           40.961
 8332 (vir)     1          40.992         -10.404          -3.243         -12.665           40.010
 8333 (vir)     1          41.038         -10.268          -3.079         -13.347           41.038
 8334 (vir)     1          41.052         -11.852          -3.294         -13.157           39.063
 8335 (vir)     1          41.069         -12.636          -2.817         -12.292           37.908
 8336 (vir)     1          41.114         -11.117          -3.133         -13.521           40.385
 8337 (vir)     1          41.117         -11.296          -3.309         -13.355           39.868
 8338 (vir)     1          41.185         -11.029          -3.138         -13.529           40.547
 8339 (vir)     1          41.200         -11.190          -3.303         -13.375           40.082
 8340 (vir)     1          41.249         -11.035          -3.140         -13.551           40.625
 8341 (vir)     1          41.262         -11.469          -3.283         -13.319           39.828
 8342 (vir)     1          41.314         -11.066          -3.149         -13.576           40.675
 8343 (vir)     1          41.343         -11.167          -3.289         -13.422           40.308
 8344 (vir)     1          41.357           3.913          -3.181         -12.727           54.816
 8345 (vir)     1          41.368         -11.289          -3.129         -13.516           40.466
 8346 (vir)     1          41.426         -11.230          -3.159         -13.614           40.651
 8347 (vir)     1          41.426         -11.780          -3.248         -13.221           39.619
 8348 (vir)     1          41.437         -10.420          -2.829         -12.319           40.506
 8349 (vir)     1          41.472         -11.204          -3.266         -13.444           40.445
 8350 (vir)     1          41.480          -9.913          -3.119         -13.432           41.880
 8351 (vir)     1          41.517          -8.934          -3.169         -13.650           43.064
 8352 (vir)     1          41.540         -11.061          -3.249         -13.433           40.662
 8353 (vir)     1          41.555          -8.028          -3.171         -13.652           44.007
 8354 (vir)     1          41.583          -6.949          -3.178         -13.685           45.142
 8355 (vir)     1          41.588         -11.113          -3.233         -13.436           40.678
 8356 (vir)     1          41.608          -6.588          -3.182         -13.699           45.537
 8357 (vir)     1          41.615           3.886          -3.845         -13.870           55.525
 8358 (vir)     1          41.624           3.947          -3.842         -13.867           55.596
 8359 (vir)     1          41.626          -4.889          -3.186         -13.715           47.266
 8360 (vir)     1          41.638          -3.639          -3.189         -13.726           48.536
 8361 (vir)     1          41.639           3.931          -3.838         -13.863           55.594
 8362 (vir)     1          41.645          -2.529          -3.190         -13.733           49.659
 8363 (vir)     1          41.650           4.727          -3.215         -13.466           56.627
 8364 (vir)     1          41.659           3.902          -3.831         -13.857           55.586
 8365 (vir)     1          41.684           3.907          -3.773         -13.806           55.624
 8366 (vir)     1          41.688         -11.670          -3.238         -13.370           40.150
 8367 (vir)     1          41.715           3.875          -3.814         -13.840           55.615
 8368 (vir)     1          41.750          -2.075          -3.167         -13.470           49.977
 8369 (vir)     1          41.750           3.804          -3.741         -13.751           55.565
 8370 (vir)     1          41.757           4.130          -3.212         -13.051           55.727
 8371 (vir)     1          41.792           3.718          -3.789         -13.815           55.537
 8372 (vir)     1          41.815         -11.363          -3.133         -13.246           40.565
 8373 (vir)     1          41.839           3.805          -3.772         -13.795           55.667
 8374 (vir)     1          41.840          -4.039          -3.108         -13.459           48.152
 8375 (vir)     1          41.868          -6.189          -2.743         -11.933           44.868
 8376 (vir)     1          41.890           3.743          -3.756         -13.782           55.659
 8377 (vir)     1          41.891          -4.413          -3.069         -13.407           47.816
 8378 (vir)     1          41.923          -3.907          -3.040         -13.435           48.411
 8379 (vir)     1          41.946           3.748          -3.737         -13.761           55.718
 8380 (vir)     1          41.969          -4.801          -2.993         -13.420           47.595
 8381 (vir)     1          41.998          -4.322          -3.040         -13.427           48.063
 8382 (vir)     1          42.007           3.773          -3.642         -13.708           55.846
 8383 (vir)     1          42.043          -3.988          -2.908         -13.404           48.551
 8384 (vir)     1          42.068          -3.462          -2.923         -13.304           48.987
 8385 (vir)     1          42.071           3.658          -3.691         -13.715           55.754
 8386 (vir)     1          42.115          -3.726          -2.805         -13.379           48.963
 8387 (vir)     1          42.121         -12.270          -3.035         -13.114           39.930
 8388 (vir)     1          42.141           3.673          -3.627         -13.639           55.825
 8389 (vir)     1          42.163          -2.413          -2.804         -13.232           50.179
 8390 (vir)     1          42.185         -12.798          -2.648         -13.358           40.097
 8391 (vir)     1          42.210           3.607          -3.624         -13.656           55.849
 8392 (vir)     1          42.271          -2.670          -2.879         -13.281           50.004
 8393 (vir)     1          42.279           3.965          -3.226         -13.410           56.427
 8394 (vir)     1          42.288           3.766          -3.409         -13.525           56.169
 8395 (vir)     1          42.323         -10.807          -2.759         -11.958           40.715
 8396 (vir)     1          42.331          -2.105          -2.858         -13.325           50.693
 8397 (vir)     1          42.355           3.933          -3.200         -13.436           56.524
 8398 (vir)     1          42.365           3.976          -3.287         -13.428           56.483
 8399 (vir)     1          42.413           3.582          -3.136         -13.209           56.068
 8400 (vir)     1          42.417           0.036          -2.836         -13.340           52.957
 8401 (vir)     1          42.430          -3.956          -1.655          -9.557           46.377
 8402 (vir)     1          42.430          -3.906          -1.655          -9.557           46.426
 8403 (vir)     1          42.438           3.609          -3.489         -13.530           56.088
 8404 (vir)     1          42.476         -11.433          -2.850         -13.316           41.509
 8405 (vir)     1          42.490           3.411          -3.805         -14.033           56.129
 8406 (vir)     1          42.490           3.450          -3.805         -14.033           56.169
 8407 (vir)     1          42.499           3.401          -3.803         -14.031           56.128
 8408 (vir)     1          42.499           3.445          -3.803         -14.032           56.173
 8409 (vir)     1          42.511           3.576          -3.497         -13.506           56.095
 8410 (vir)     1          42.511           4.677          -2.815         -13.313           57.686
 8411 (vir)     1          42.513           3.430          -3.800         -14.028           56.171
 8412 (vir)     1          42.513           3.410          -3.800         -14.030           56.153
 8413 (vir)     1          42.532           3.393          -3.795         -14.024           56.154
 8414 (vir)     1          42.532           3.414          -3.795         -14.027           56.177
 8415 (vir)     1          42.556           3.392          -3.789         -14.018           56.177
 8416 (vir)     1          42.556           3.365          -3.789         -14.022           56.155
 8417 (vir)     1          42.571           2.667          -2.785         -13.332           55.786
 8418 (vir)     1          42.574           3.364          -3.256         -13.323           56.005
 8419 (vir)     1          42.582           3.532          -3.460         -13.470           56.123
 8420 (vir)     1          42.585           3.268          -3.780         -14.008           56.081
 8421 (vir)     1          42.586           3.321          -3.781         -14.016           56.142
 8422 (vir)     1          42.619           3.319          -3.771         -13.999           56.166
 8423 (vir)     1          42.620           3.294          -3.768         -14.004           56.150
 8424 (vir)     1          42.632         -12.259          -2.901         -13.368           40.840
 8425 (vir)     1          42.645           3.494          -3.423         -13.439           56.155
 8426 (vir)     1          42.657           3.275          -3.751         -13.972           56.154
 8427 (vir)     1          42.659           3.226          -3.752         -13.988           56.121
 8428 (vir)     1          42.664           4.019          -3.018         -13.342           57.007
 8429 (vir)     1          42.701           3.568          -3.398         -13.426           56.297
 8430 (vir)     1          42.701           3.196          -3.704         -13.926           56.119
 8431 (vir)     1          42.701           3.228          -3.740         -13.962           56.151
 8432 (vir)     1          42.701           3.463          -3.260         -13.436           56.339
 8433 (vir)     1          42.725           2.602          -2.959         -13.372           55.741
 8434 (vir)     1          42.742           3.258          -3.510         -13.528           56.019
 8435 (vir)     1          42.746           3.566          -3.404         -13.435           56.343
 8436 (vir)     1          42.747           3.104          -3.631         -13.842           56.061
 8437 (vir)     1          42.762           3.315          -3.440         -13.479           56.116
 8438 (vir)     1          42.768           3.000          -3.132         -12.758           55.394
 8439 (vir)     1          42.775           3.941          -3.073         -13.415           57.058
 8440 (vir)     1          42.781           3.428          -3.418         -13.471           56.262
 8441 (vir)     1          42.792           3.399          -3.501         -13.497           56.187
 8442 (vir)     1          42.794           3.186          -3.687         -13.891           56.184
 8443 (vir)     1          42.803           3.347          -3.346         -13.488           56.292
 8444 (vir)     1          42.816           3.457          -3.267         -13.516           56.522
 8445 (vir)     1          42.828           3.147          -3.851         -14.129           56.254
 8446 (vir)     1          42.846           4.022          -3.023         -13.477           57.322
 8447 (vir)     1          42.868           3.041          -3.832         -14.125           56.202
 8448 (vir)     1          42.878           3.061          -3.886         -14.197           56.250
 8449 (vir)     1          42.887           4.191          -2.945         -13.457           57.590
 8450 (vir)     1          42.929           3.080          -3.763         -14.018           56.264
 8451 (vir)     1          42.930           4.180          -2.949         -13.459           57.620
 8452 (vir)     1          42.931           2.968          -3.793         -14.071           56.177
 8453 (vir)     1          42.971           4.099          -2.974         -13.469           57.564
 8454 (vir)     1          42.986           2.857          -3.738         -14.028           56.134
 8455 (vir)     1          42.998           2.955          -3.746         -13.988           56.196
 8456 (vir)     1          43.008           3.998          -3.011         -13.484           57.479
 8457 (vir)     1          43.041           3.675          -3.185         -13.504           57.035
 8458 (vir)     1          43.044           3.319          -3.407         -13.452           56.408
 8459 (vir)     1          43.046           3.507          -3.269         -13.442           56.725
 8460 (vir)     1          43.050           2.944          -3.596         -13.733           56.131
 8461 (vir)     1          43.058           2.802          -3.738         -14.031           56.153
 8462 (vir)     1          43.073           3.798          -3.084         -13.505           57.292
 8463 (vir)     1          43.098           3.725          -3.125         -13.522           57.220
 8464 (vir)     1          43.104           2.624          -3.604         -13.803           55.928
 8465 (vir)     1          43.119           3.603          -3.167         -13.537           57.093
 8466 (vir)     1          43.135           2.857          -3.680         -13.881           56.193
 8467 (vir)     1          43.136           3.536          -3.208         -13.551           57.014
 8468 (vir)     1          43.148           3.476          -3.249         -13.562           56.936
 8469 (vir)     1          43.153           3.334          -3.383         -13.560           56.665
 8470 (vir)     1          43.154           3.315          -3.390         -13.561           56.639
 8471 (vir)     1          43.155           3.406          -3.302         -13.575           56.835
 8472 (vir)     1          43.158           3.254          -3.371         -13.560           56.601
 8473 (vir)     1          43.158           3.312          -3.355         -13.579           56.694
 8474 (vir)     1          43.159           3.401          -3.321         -13.575           56.814
 8475 (vir)     1          43.159           2.708          -3.541         -13.582           55.908
 8476 (vir)     1          43.164           3.077          -3.818         -14.164           56.588
 8477 (vir)     1          43.164           3.020          -3.889         -14.259           56.554
 8478 (vir)     1          43.166           3.381          -3.426         -13.621           56.743
 8479 (vir)     1          43.175           3.121          -3.787         -14.121           56.631
 8480 (vir)     1          43.176           3.031          -3.865         -14.224           56.567
 8481 (vir)     1          43.182           3.277          -3.491         -13.721           56.688
 8482 (vir)     1          43.193           2.552          -3.687         -13.998           56.056
 8483 (vir)     1          43.193           3.057          -3.808         -14.144           56.586
 8484 (vir)     1          43.197           3.025          -3.798         -14.121           56.545
 8485 (vir)     1          43.201           3.261          -3.529         -13.767           56.700
 8486 (vir)     1          43.218           3.062          -3.847         -14.209           56.643
 8487 (vir)     1          43.228           3.022          -3.736         -14.041           56.556
 8488 (vir)     1          43.229           2.616          -3.623         -13.750           55.973
 8489 (vir)     1          43.234           3.209          -3.521         -13.703           56.625
 8490 (vir)     1          43.247           3.036          -3.829         -14.182           56.636
 8491 (vir)     1          43.262           2.613          -3.606         -13.714           55.982
 8492 (vir)     1          43.264           3.137          -3.715         -14.031           56.716
 8493 (vir)     1          43.276           2.480          -3.660         -13.913           56.009
 8494 (vir)     1          43.285           3.006          -3.646         -13.875           56.520
 8495 (vir)     1          43.286           2.939          -3.776         -14.084           56.533
 8496 (vir)     1          43.301           3.151          -3.643         -13.907           56.717
 8497 (vir)     1          43.327           3.077          -3.765         -14.114           56.753
 8498 (vir)     1          43.336           2.809          -3.672         -13.912           56.385
 8499 (vir)     1          43.343           2.499          -3.686         -14.035           56.192
 8500 (vir)     1          43.351           2.919          -3.590         -13.776           56.456
 8501 (vir)     1          43.364           3.107          -3.761         -14.121           56.832
 8502 (vir)     1          43.384           2.795          -3.593         -13.776           56.363
 8503 (vir)     1          43.391           2.813          -3.594         -13.780           56.389
 8504 (vir)     1          43.401           3.132          -3.751         -14.117           56.899
 8505 (vir)     1          43.422           2.517          -3.684         -14.043           56.298
 8506 (vir)     1          43.439           3.129          -3.745         -14.117           56.939
 8507 (vir)     1          43.478           3.124          -3.742         -14.119           56.979
 8508 (vir)     1          43.502           3.238          -3.488         -13.652           56.904
 8509 (vir)     1          43.505           2.445          -3.667         -14.025           56.309
 8510 (vir)     1          43.510           3.177          -3.630         -13.931           56.988
 8511 (vir)     1          43.518           3.144          -3.740         -14.120           57.042
 8512 (vir)     1          43.557           3.177          -3.738         -14.119           57.115
 8513 (vir)     1          43.578           3.020          -3.647         -13.960           56.911
 8514 (vir)     1          43.593           3.091          -3.722         -14.084           57.046
 8515 (vir)     1          43.602           2.323          -3.630         -13.991           56.286
 8516 (vir)     1          43.606           2.278          -3.618         -13.828           56.093
 8517 (vir)     1          43.607           2.360          -3.635         -13.863           56.194
 8518 (vir)     1          43.628           3.273          -3.749         -14.129           57.281
 8519 (vir)     1          43.641           2.766          -3.572         -13.848           56.683
 8520 (vir)     1          43.651           3.349          -3.757         -14.138           57.381
 8521 (vir)     1          43.676           2.556          -3.590         -13.868           56.509
 8522 (vir)     1          43.724           2.716          -3.349         -13.459           56.551
 8523 (vir)     1          43.733           2.935          -3.642         -14.002           57.028
 8524 (vir)     1          43.779           2.256          -3.627         -14.014           56.423
 8525 (vir)     1          43.808           3.970          -2.770         -13.430           58.439
 8526 (vir)     1          43.811           3.251          -3.307         -13.786           57.541
 8527 (vir)     1          43.819           3.609          -3.037         -13.606           57.997
 8528 (vir)     1          43.830           3.925          -2.798         -13.449           58.406
 8529 (vir)     1          43.850           3.842          -2.867         -13.496           58.321
 8530 (vir)     1          43.867           3.733          -2.952         -13.559           58.207
 8531 (vir)     1          43.872           2.432          -3.616         -14.062           56.750
 8532 (vir)     1          43.872           2.432          -3.616         -14.062           56.751
 8533 (vir)     1          43.876           2.183          -3.564         -13.978           56.473
 8534 (vir)     1          43.888           2.963          -3.444         -13.866           57.272
 8535 (vir)     1          43.897           3.736          -2.911         -13.525           58.248
 8536 (vir)     1          43.920           2.996          -3.057         -13.394           57.254
 8537 (vir)     1          43.933           3.089          -3.218         -13.649           57.453
 8538 (vir)     1          43.948           3.414          -3.182         -13.727           57.906
 8539 (vir)     1          43.973           3.255          -3.324         -13.825           57.729
 8540 (vir)     1          43.977           2.684          -3.283         -13.709           57.086
 8541 (vir)     1          43.993           2.991          -3.190         -13.681           57.476
 8542 (vir)     1          44.023           2.107          -3.585         -14.107           56.653
 8543 (vir)     1          44.023           3.531          -3.082         -13.650           58.123
 8544 (vir)     1          44.028           3.160          -3.447         -13.927           57.669
 8545 (vir)     1          44.046           2.248          -3.486         -13.898           56.707
 8546 (vir)     1          44.052           2.164          -3.594         -14.112           56.734
 8547 (vir)     1          44.061           3.467          -3.157         -13.704           58.076
 8548 (vir)     1          44.077           3.162          -3.297         -13.797           57.740
 8549 (vir)     1          44.092           2.197          -3.601         -14.117           56.805
 8550 (vir)     1          44.098           3.146          -3.352         -13.848           57.740
 8551 (vir)     1          44.108           3.242          -3.292         -13.814           57.872
 8552 (vir)     1          44.118           2.422          -3.252         -13.491           56.779
 8553 (vir)     1          44.133           3.147          -3.344         -13.846           57.782
 8554 (vir)     1          44.138           2.201          -3.608         -14.123           56.854
 8555 (vir)     1          44.140           3.304          -3.269         -13.793           57.969
 8556 (vir)     1          44.149           2.178          -3.546         -13.994           56.776
 8557 (vir)     1          44.165           3.262          -3.402         -13.901           57.926
 8558 (vir)     1          44.167           3.301          -3.267         -13.788           57.989
 8559 (vir)     1          44.186           2.212          -3.613         -14.129           56.915
 8560 (vir)     1          44.187           3.323          -3.330         -13.844           58.025
 8561 (vir)     1          44.188           3.256          -3.414         -13.916           57.947
 8562 (vir)     1          44.202           3.306          -3.355         -13.864           58.017
 8563 (vir)     1          44.203           3.303          -3.392         -13.896           58.010
 8564 (vir)     1          44.211           3.291          -3.382         -13.888           58.009
 8565 (vir)     1          44.212           3.316          -3.391         -13.896           58.033
 8566 (vir)     1          44.234           1.944          -3.496         -13.951           56.633
 8567 (vir)     1          44.234           2.526          -3.277         -13.569           57.052
 8568 (vir)     1          44.237           2.272          -3.617         -14.135           57.028
 8569 (vir)     1          44.288           2.206          -3.621         -14.141           57.015
 8570 (vir)     1          44.309           1.949          -3.458         -13.919           56.719
 8571 (vir)     1          44.319           2.427          -3.308         -13.678           57.116
 8572 (vir)     1          44.340           2.171          -3.624         -14.146           57.033
 8573 (vir)     1          44.370           2.012          -3.415         -13.882           56.850
 8574 (vir)     1          44.378           2.188          -3.336         -13.764           56.994
 8575 (vir)     1          44.390           2.188          -3.626         -14.150           57.103
 8576 (vir)     1          44.410           2.051          -3.379         -13.853           56.936
 8577 (vir)     1          44.413           2.120          -3.357         -13.821           56.997
 8578 (vir)     1          44.441           2.181          -3.628         -14.153           57.147
 8579 (vir)     1          44.489           2.166          -3.627         -14.152           57.181
 8580 (vir)     1          44.535           2.173          -3.615         -14.139           57.232
 8581 (vir)     1          44.576           2.208          -3.521         -14.012           57.275
 8582 (vir)     1          44.589           2.253          -3.422         -13.792           57.212
 8583 (vir)     1          44.593           2.211          -3.530         -13.900           57.175
 8584 (vir)     1          44.601           2.667          -3.253         -13.652           57.666
 8585 (vir)     1          44.601           2.667          -3.253         -13.652           57.666
 8586 (vir)     1          44.607           2.482          -3.585         -13.971           57.475
 8587 (vir)     1          44.607           2.496          -3.600         -13.976           57.479
 8588 (vir)     1          44.622           2.266          -3.627         -14.011           57.273
 8589 (vir)     1          44.626           2.512          -3.584         -14.020           57.575
 8590 (vir)     1          44.627           2.427          -3.561         -13.965           57.459
 8591 (vir)     1          44.648           2.540          -3.541         -13.975           57.622
 8592 (vir)     1          44.654           2.492          -3.549         -13.991           57.588
 8593 (vir)     1          44.670           2.196          -3.624         -14.005           57.247
 8594 (vir)     1          44.675           2.434          -3.538         -13.986           57.557
 8595 (vir)     1          44.678           2.577          -3.493         -13.956           57.717
 8596 (vir)     1          44.698           2.547          -3.469         -13.957           57.733
 8597 (vir)     1          44.707           2.523          -3.474         -13.944           57.699
 8598 (vir)     1          44.723           2.373          -3.519         -13.984           57.561
 8599 (vir)     1          44.724           2.378          -3.505         -13.999           57.597
 8600 (vir)     1          44.732           2.347          -3.507         -13.930           57.501
 8601 (vir)     1          44.743           2.554          -3.396         -13.916           57.817
 8602 (vir)     1          44.755           2.606          -3.350         -13.859           57.870
 8603 (vir)     1          44.767           2.532          -3.358         -13.896           57.837
 8604 (vir)     1          44.776           2.336          -3.434         -13.887           57.564
 8605 (vir)     1          44.783           2.261          -3.521         -14.010           57.533
 8606 (vir)     1          44.784           2.343          -3.461         -13.946           57.613
 8607 (vir)     1          44.794           2.448          -3.346         -13.874           57.770
 8608 (vir)     1          44.802           2.498          -3.296         -13.855           57.859
 8609 (vir)     1          44.813           2.508          -3.274         -13.833           57.879
 8610 (vir)     1          44.821           2.428          -3.300         -13.859           57.808
 8611 (vir)     1          44.832           2.462          -3.264         -13.830           57.859
 8612 (vir)     1          44.835           2.141          -3.485         -13.981           57.471
 8613 (vir)     1          44.844           2.280          -3.353         -13.890           57.661
 8614 (vir)     1          44.844           1.929          -3.640         -14.041           57.175
 8615 (vir)     1          44.850           2.375          -3.267         -13.830           57.789
 8616 (vir)     1          44.856           2.460          -2.985         -13.273           57.604
 8617 (vir)     1          44.856           2.437          -2.985         -13.273           57.582
 8618 (vir)     1          44.860           2.301          -3.283         -13.845           57.723
 8619 (vir)     1          44.868           2.353          -3.279         -13.838           57.780
 8620 (vir)     1          44.878           2.300          -3.288         -13.848           57.738
 8621 (vir)     1          44.885           2.209          -3.334         -13.864           57.623
 8622 (vir)     1          44.891           1.940          -3.567         -13.998           57.262
 8623 (vir)     1          44.893           2.140          -3.368         -13.905           57.569
 8624 (vir)     1          44.897           1.986          -3.569         -14.032           57.346
 8625 (vir)     1          44.901           2.202          -3.310         -13.858           57.650
 8626 (vir)     1          44.906           2.203          -3.306         -13.852           57.654
 8627 (vir)     1          44.910           2.188          -3.306         -13.852           57.644
 8628 (vir)     1          44.912           2.183          -3.306         -13.850           57.639
 8629 (vir)     1          44.939           1.856          -3.663         -14.099           57.231
 8630 (vir)     1          44.943           1.777          -3.656         -14.049           57.114
 8631 (vir)     1          44.977           1.802          -3.667         -14.077           57.189
 8632 (vir)     1          44.981           1.765          -3.672         -14.085           57.158
 8633 (vir)     1          45.003           1.753          -3.674         -14.078           57.161
 8634 (vir)     1          45.004           1.736          -3.677         -14.088           57.151
 8635 (vir)     1          45.126           2.614          -2.973         -13.288           58.056
 8636 (vir)     1          45.126           2.601          -2.975         -13.291           58.044
 8637 (vir)     1          45.176           3.883          -2.852         -13.050           59.257
 8638 (vir)     1          45.177           3.818          -2.843         -13.038           59.189
 8639 (vir)     1          45.207           3.876          -2.859         -13.059           59.284
 8640 (vir)     1          45.210           3.721          -2.865         -13.068           59.134
 8641 (vir)     1          45.256           3.783          -2.841         -13.029           59.227
 8642 (vir)     1          45.258           3.274          -2.911         -13.133           58.755
 8643 (vir)     1          45.306           2.375          -3.011         -13.314           57.985
 8644 (vir)     1          45.311           2.105          -3.026         -13.389           57.779
 8645 (vir)     1          45.314           2.218          -2.991         -13.305           57.846
 8646 (vir)     1          45.328           3.621          -2.837         -13.017           59.129
 8647 (vir)     1          45.335           2.066          -3.061         -13.405           57.745
 8648 (vir)     1          45.342           2.149          -3.014         -13.385           57.862
 8649 (vir)     1          45.363           2.364          -2.961         -13.291           58.058
 8650 (vir)     1          45.378           1.958          -3.091         -13.444           57.689
 8651 (vir)     1          45.395           2.255          -2.978         -13.308           57.980
 8652 (vir)     1          45.409           2.428          -3.002         -13.301           58.137
 8653 (vir)     1          45.418           1.326          -3.527         -13.918           57.134
 8654 (vir)     1          45.418           1.362          -3.527         -13.918           57.170
 8655 (vir)     1          45.425           2.661          -2.895         -13.218           58.410
 8656 (vir)     1          45.437           1.920          -3.109         -13.471           57.719
 8657 (vir)     1          45.469           2.037          -3.019         -13.398           57.885
 8658 (vir)     1          45.478           3.126          -2.839         -13.043           58.807
 8659 (vir)     1          45.500           2.333          -2.988         -13.342           58.187
 8660 (vir)     1          45.508           1.912          -3.105         -13.481           57.795
 8661 (vir)     1          45.529           1.967          -3.028         -13.428           57.897
 8662 (vir)     1          45.573           2.117          -2.993         -13.352           58.049
 8663 (vir)     1          45.582           2.001          -3.120         -13.491           57.955
 8664 (vir)     1          45.590           1.840          -3.004         -13.446           57.872
 8665 (vir)     1          45.597           3.209          -2.876         -13.093           59.023
 8666 (vir)     1          45.651           1.662          -3.081         -13.480           57.712
 8667 (vir)     1          45.658           2.058          -3.054         -13.502           58.164
 8668 (vir)     1          45.663           3.148          -2.877         -13.133           59.066
 8669 (vir)     1          45.689           2.526          -2.994         -13.329           58.550
 8670 (vir)     1          45.711           1.722          -3.090         -13.498           57.841
 8671 (vir)     1          45.728           2.067          -3.022         -13.483           58.257
 8672 (vir)     1          45.761           1.927          -3.039         -13.355           58.005
 8673 (vir)     1          45.767           2.671          -2.991         -13.314           58.762
 8674 (vir)     1          45.773           2.807          -2.918         -13.237           58.899
 8675 (vir)     1          45.791           2.220          -2.987         -13.454           58.478
 8676 (vir)     1          45.813           1.607          -3.103         -13.479           57.796
 8677 (vir)     1          45.847           2.170          -2.966         -13.493           58.545
 8678 (vir)     1          45.851           1.495          -3.123         -13.527           57.751
 8679 (vir)     1          45.863           1.339          -3.296         -13.563           57.469
 8680 (vir)     1          45.863           1.485          -3.296         -13.562           57.615
 8681 (vir)     1          45.865           1.338          -3.306         -13.573           57.471
 8682 (vir)     1          45.865           1.477          -3.305         -13.572           57.610
 8683 (vir)     1          45.869           1.302          -3.318         -13.588           57.440
 8684 (vir)     1          45.869           1.443          -3.321         -13.590           57.581
 8685 (vir)     1          45.873           1.325          -3.333         -13.604           57.469
 8686 (vir)     1          45.873           1.353          -3.346         -13.618           57.498
 8687 (vir)     1          45.877           1.281          -3.371         -13.646           57.434
 8688 (vir)     1          45.878           1.312          -3.357         -13.632           57.465
 8689 (vir)     1          45.883           1.260          -3.382         -13.661           57.421
 8690 (vir)     1          45.883           1.297          -3.405         -13.685           57.459
 8691 (vir)     1          45.888           1.194          -3.441         -13.726           57.367
 8692 (vir)     1          45.888           1.230          -3.411         -13.694           57.401
 8693 (vir)     1          45.893           1.515          -3.124         -13.546           57.829
 8694 (vir)     1          45.893           1.219          -3.437         -13.725           57.400
 8695 (vir)     1          45.893           1.136          -3.485         -13.775           57.320
 8696 (vir)     1          45.897           1.135          -3.500         -13.794           57.327
 8697 (vir)     1          45.898           1.090          -3.510         -13.806           57.284
 8698 (vir)     1          45.901           2.043          -2.996         -13.523           58.471
 8699 (vir)     1          45.901           1.043          -3.554         -13.856           57.245
 8700 (vir)     1          45.901           1.057          -3.535         -13.835           57.259
 8701 (vir)     1          45.903           1.025          -3.567         -13.871           57.232
 8702 (vir)     1          45.904           1.069          -3.525         -13.825           57.273
 8703 (vir)     1          45.908           1.255          -3.306         -13.591           57.448
 8704 (vir)     1          45.921           1.422          -3.129         -13.405           57.620
 8705 (vir)     1          45.932           1.515          -3.115         -13.569           57.902
 8706 (vir)     1          45.941           1.447          -3.059         -13.332           57.662
 8707 (vir)     1          45.950           1.786          -3.045         -13.534           58.225
 8708 (vir)     1          45.967           1.528          -3.016         -13.287           57.765
 8709 (vir)     1          45.974           1.591          -3.078         -13.582           58.070
 8710 (vir)     1          45.989           1.574          -3.088         -13.549           58.024
 8711 (vir)     1          45.999           1.549          -3.015         -13.287           57.820
 8712 (vir)     1          46.005           1.949          -3.397         -13.787           58.344
 8713 (vir)     1          46.005           1.945          -3.388         -13.758           58.322
 8714 (vir)     1          46.017           1.714          -3.047         -13.573           58.257
 8715 (vir)     1          46.021           1.480          -3.103         -13.567           57.964
 8716 (vir)     1          46.022           1.906          -3.370         -13.773           58.331
 8717 (vir)     1          46.023           1.841          -3.328         -13.687           58.224
 8718 (vir)     1          46.039           1.672          -3.052         -13.291           57.950
 8719 (vir)     1          46.046           1.836          -3.343         -13.737           58.276
 8720 (vir)     1          46.050           1.563          -3.100         -13.575           58.087
 8721 (vir)     1          46.051           1.866          -3.251         -13.579           58.245
 8722 (vir)     1          46.055           1.634          -3.058         -13.561           58.192
 8723 (vir)     1          46.069           1.770          -3.247         -13.607           58.198
 8724 (vir)     1          46.076           1.564          -3.079         -13.574           58.135
 8725 (vir)     1          46.082           1.554          -3.086         -13.557           58.107
 8726 (vir)     1          46.087           1.819          -3.287         -13.764           58.383
 8727 (vir)     1          46.100           1.629          -3.093         -13.554           58.190
 8728 (vir)     1          46.102           1.622          -3.060         -13.557           58.222
 8729 (vir)     1          46.112           1.628          -3.075         -13.552           58.218
 8730 (vir)     1          46.112           1.803          -3.253         -13.744           58.406
 8731 (vir)     1          46.114           1.712          -3.092         -13.539           58.273
 8732 (vir)     1          46.132           1.922          -3.028         -13.578           58.604
 8733 (vir)     1          46.138           1.778          -3.237         -13.750           58.429
 8734 (vir)     1          46.158           2.720          -3.023         -13.614           59.469
 8735 (vir)     1          46.164           1.761          -3.193         -13.677           58.409
 8736 (vir)     1          46.175           1.721          -3.083         -13.412           58.225
 8737 (vir)     1          46.183         -10.406          -3.022         -13.651           46.405
 8738 (vir)     1          46.186           1.615          -2.992         -13.284           58.093
 8739 (vir)     1          46.192           1.762          -3.188         -13.724           58.490
 8740 (vir)     1          46.202         -11.059          -3.022         -13.676           45.797
 8741 (vir)     1          46.214          -8.852          -3.022         -13.690           48.031
 8742 (vir)     1          46.218           1.776          -3.178         -13.721           58.537
 8743 (vir)     1          46.242           1.763          -3.175         -13.721           58.551
 8744 (vir)     1          46.265           1.715          -3.151         -13.696           58.524
 8745 (vir)     1          46.286           1.762          -3.171         -13.710           58.587
 8746 (vir)     1          46.295           1.440          -3.005         -13.444           58.174
 8747 (vir)     1          46.312           1.615          -3.128         -13.615           58.414
 8748 (vir)     1          46.319           1.687          -3.156         -13.600           58.450
 8749 (vir)     1          46.331           1.863          -3.076         -13.366           58.483
 8750 (vir)     1          46.339           1.682          -3.212         -13.731           58.539
 8751 (vir)     1          46.349           1.642          -3.200         -13.702           58.493
 8752 (vir)     1          46.360           1.686          -3.258         -13.757           58.545
 8753 (vir)     1          46.365           1.604          -3.230         -13.712           58.452
 8754 (vir)     1          46.374           1.685          -3.306         -13.778           58.530
 8755 (vir)     1          46.376           1.547          -3.252         -13.705           58.376
 8756 (vir)     1          46.382           1.645          -3.351         -13.796           58.472
 8757 (vir)     1          46.383           1.599          -3.295         -13.727           58.413
 8758 (vir)     1          46.386           1.592          -3.356         -13.773           58.395
 8759 (vir)     1          46.386           1.658          -3.389         -13.810           58.465
 8760 (vir)     1          46.388           1.612          -3.418         -13.820           58.403
 8761 (vir)     1          46.388           1.636          -3.396         -13.801           58.429
 8762 (vir)     1          46.389           1.647          -3.405         -13.815           58.446
 8763 (vir)     1          46.391           1.507          -3.311         -13.712           58.299
 8764 (vir)     1          46.436           1.277          -3.142         -13.583           58.153
 8765 (vir)     1          46.477           1.280          -3.134         -13.543           58.166
 8766 (vir)     1          46.495           1.531          -3.094         -13.658           58.590
 8767 (vir)     1          46.497           1.651          -3.007         -13.268           58.410
 8768 (vir)     1          46.504           2.106          -3.013         -13.463           59.060
 8769 (vir)     1          46.538           1.501          -3.091         -13.689           58.637
 8770 (vir)     1          46.589           1.432          -3.090         -13.724           58.655
 8771 (vir)     1          46.600           2.143          -2.981         -12.998           58.760
 8772 (vir)     1          46.614           2.787          -2.998         -13.365           59.768
 8773 (vir)     1          46.645           1.505          -3.078         -13.733           58.805
 8774 (vir)     1          46.668           0.711          -2.729         -12.861           57.511
 8775 (vir)     1          46.699           1.815          -3.044         -13.682           59.152
 8776 (vir)     1          46.729           3.773          -3.007         -13.372           60.869
 8777 (vir)     1          46.744           1.577          -3.062         -13.732           58.991
 8778 (vir)     1          46.786           1.664          -3.056         -13.725           59.118
 8779 (vir)     1          46.820           1.876          -3.069         -13.737           59.363
 8780 (vir)     1          46.828          -7.999          -2.998         -13.352           49.182
 8781 (vir)     1          46.839          -0.941          -3.434         -14.017           56.480
 8782 (vir)     1          46.841          -1.238          -3.425         -14.008           56.186
 8783 (vir)     1          46.843          -1.577          -3.407         -13.992           55.851
 8784 (vir)     1          46.846          -1.943          -3.391         -13.976           55.488
 8785 (vir)     1          46.848         -10.473          -3.248         -13.868           46.996
 8786 (vir)     1          46.851           2.752          -3.231         -13.852           60.224
 8787 (vir)     1          46.854          -5.441          -3.337         -13.927           52.004
 8788 (vir)     1          46.861          -0.389          -3.274         -13.875           57.073
 8789 (vir)     1          46.865           2.113          -3.256         -13.860           59.582
 8790 (vir)     1          46.873           1.536          -3.226         -13.832           59.016
 8791 (vir)     1          46.874           1.659          -3.132         -13.770           59.172
 8792 (vir)     1          46.884           1.376          -3.136         -13.768           58.891
 8793 (vir)     1          46.888           1.447          -3.151         -13.777           58.960
 8794 (vir)     1          46.898           1.357          -3.110         -13.746           58.891
 8795 (vir)     1          46.899           1.476          -3.059         -13.717           59.033
 8796 (vir)     1          46.909           1.468          -3.057         -13.711           59.031
 8797 (vir)     1          46.911           1.556          -3.042         -13.703           59.127
 8798 (vir)     1          46.919           1.559          -3.013         -13.685           59.150
 8799 (vir)     1          46.921           1.516          -3.022         -13.690           59.104
 8800 (vir)     1          46.928           1.673          -2.988         -13.671           59.283
 8801 (vir)     1          46.928           1.637          -2.997         -13.675           59.243
 8802 (vir)     1          46.932           1.683          -2.977         -13.664           59.302
 8803 (vir)     1          46.932           1.596          -2.980         -13.666           59.213
 8804 (vir)     1          46.935           3.730          -2.863         -12.644           60.446
 8805 (vir)     1          46.944          -2.916          -3.037         -13.449           54.440
 8806 (vir)     1          47.053          -2.857          -3.057         -13.459           54.598
 8807 (vir)     1          47.075          -3.077          -2.331         -12.018           53.685
 8808 (vir)     1          47.142          -2.276          -3.080         -13.500           55.286
 8809 (vir)     1          47.230          -2.641          -3.113         -13.538           55.014
 8810 (vir)     1          47.293          -3.018          -3.036         -13.247           54.486
 8811 (vir)     1          47.330         -11.576          -2.904         -12.816           45.666
 8812 (vir)     1          47.366          -2.151          -3.172         -13.573           55.617
 8813 (vir)     1          47.422          -1.870          -3.196         -13.562           55.919
 8814 (vir)     1          47.441           1.255          -3.329         -13.265           58.632
 8815 (vir)     1          47.449           1.192          -3.328         -13.268           58.582
 8816 (vir)     1          47.460           0.728          -3.303         -13.336           58.220
 8817 (vir)     1          47.467           0.576          -3.253         -13.510           58.301
 8818 (vir)     1          47.479           1.120          -3.324         -13.277           58.552
 8819 (vir)     1          47.501           1.017          -3.321         -13.289           58.485
 8820 (vir)     1          47.509          -1.765          -3.256         -13.554           56.042
 8821 (vir)     1          47.529           0.746          -3.317         -13.313           58.271
 8822 (vir)     1          47.545          -2.129          -3.273         -13.493           55.636
 8823 (vir)     1          47.562           0.469          -3.309         -13.371           58.093
 8824 (vir)     1          47.585           2.414          -3.290         -13.462           60.172
 8825 (vir)     1          47.601           0.153          -3.306         -13.412           57.860
 8826 (vir)     1          47.620          -1.945          -3.253         -13.379           55.800
 8827 (vir)     1          47.643           0.062          -3.304         -13.426           57.827
 8828 (vir)     1          47.668          -8.318          -2.093         -11.549           48.806
 8829 (vir)     1          47.669          -0.515          -3.289         -13.456           57.321
 8830 (vir)     1          47.675          -3.357          -2.944         -12.803           54.177
 8831 (vir)     1          47.688          -0.053          -3.301         -13.411           57.745
 8832 (vir)     1          47.722          -1.137          -3.218         -13.385           56.752
 8833 (vir)     1          47.738           1.423          -3.286         -13.341           59.215
 8834 (vir)     1          47.761          -0.759          -3.272         -13.475           57.206
 8835 (vir)     1          47.789          -0.165          -3.286         -13.370           57.707
 8836 (vir)     1          47.796          -1.393          -2.990         -13.495           56.907
 8837 (vir)     1          47.796          -1.430          -2.993         -13.495           56.868
 8838 (vir)     1          47.813          -0.900          -3.256         -13.488           57.145
 8839 (vir)     1          47.846          -0.125          -3.273         -13.332           57.780
 8840 (vir)     1          47.858          -0.909          -3.242         -13.461           57.168
 8841 (vir)     1          47.897          -0.583          -3.225         -13.298           57.387
 8842 (vir)     1          47.908          -0.988          -3.234         -13.480           57.167
 8843 (vir)     1          47.950          -0.907          -3.145         -13.243           57.141
 8844 (vir)     1          47.963          -0.413          -3.238         -13.326           57.637
 8845 (vir)     1          47.964          -1.606          -3.057         -13.127           56.427
 8846 (vir)     1          47.999          -1.078          -3.208         -13.444           57.156
 8847 (vir)     1          48.028          -1.108          -3.167         -13.342           57.095
 8848 (vir)     1          48.044          -0.788          -3.202         -13.335           57.389
 8849 (vir)     1          48.060          -1.188          -3.174         -13.392           57.090
 8850 (vir)     1          48.082          -0.931          -3.167         -13.295           57.279
 8851 (vir)     1          48.089          -1.363          -3.157         -13.416           56.985
 8852 (vir)     1          48.105          -1.387          -3.147         -13.404           56.975
 8853 (vir)     1          48.139          -0.993          -3.170         -13.318           57.293
 8854 (vir)     1          48.147          -1.137          -3.075         -13.098           57.033
 8855 (vir)     1          48.185          -1.565          -3.113         -13.315           56.822
 8856 (vir)     1          48.201          -1.036          -3.194         -13.392           57.363
 8857 (vir)     1          48.236          -1.083          -3.174         -13.302           57.281
 8858 (vir)     1          48.245          -1.556          -3.067         -13.144           56.766
 8859 (vir)     1          48.276          -1.277          -3.114         -13.190           57.074
 8860 (vir)     1          48.282          -1.338          -3.094         -13.166           57.016
 8861 (vir)     1          48.335          -2.307          -2.034         -11.502           55.497
 8862 (vir)     1          48.379          -6.068          -2.639         -13.035           52.706
 8863 (vir)     1          48.408          -3.224          -2.638         -13.022           55.568
 8864 (vir)     1          48.450          -2.430          -2.659         -13.060           56.421
 8865 (vir)     1          48.510          -2.159          -2.668         -13.065           56.748
 8866 (vir)     1          48.579          -1.752          -2.691         -13.099           57.235
 8867 (vir)     1          48.662          -1.564          -2.708         -13.118           57.508
 8868 (vir)     1          48.748          -1.771          -2.724         -13.128           57.382
 8869 (vir)     1          48.850          -1.604          -2.752         -13.169           57.662
 8870 (vir)     1          48.859          -2.585          -3.012         -13.204           56.466
 8871 (vir)     1          48.859          -2.589          -3.012         -13.204           56.462
 8872 (vir)     1          48.929          -2.670          -2.544         -12.693           56.409
 8873 (vir)     1          48.997          -4.434          -2.327         -12.238           54.475
 8874 (vir)     1          49.059          -1.839          -2.794         -13.209           57.634
 8875 (vir)     1          49.176          -2.040          -2.791         -13.181           57.527
 8876 (vir)     1          49.276          -1.929          -2.819         -13.214           57.742
 8877 (vir)     1          49.395          -1.970          -2.844         -13.246           57.827
 8878 (vir)     1          49.461          -3.337          -2.502         -12.597           56.219
 8879 (vir)     1          49.522          -2.306          -2.984         -13.189           57.420
 8880 (vir)     1          49.525          -2.295          -2.984         -13.172           57.418
 8881 (vir)     1          49.540          -2.938          -2.584         -12.764           56.782
 8882 (vir)     1          49.542          -2.397          -2.970         -13.238           57.413
 8883 (vir)     1          49.557          -2.315          -2.965         -13.200           57.477
 8884 (vir)     1          49.575          -2.432          -2.972         -13.253           57.425
 8885 (vir)     1          49.603          -2.415          -2.969         -13.227           57.446
 8886 (vir)     1          49.614          -2.145          -2.862         -13.249           57.855
 8887 (vir)     1          49.628          -2.465          -2.956         -13.248           57.455
 8888 (vir)     1          49.666          -2.482          -2.994         -13.293           57.483
 8889 (vir)     1          49.699          -2.456          -2.919         -13.210           57.535
 8890 (vir)     1          49.732          -2.319          -2.854         -13.230           57.789
 8891 (vir)     1          49.741          -2.581          -3.031         -13.385           57.513
 8892 (vir)     1          49.789          -2.513          -2.868         -13.151           57.560
 8893 (vir)     1          49.800          -2.874          -2.689         -12.943           57.179
 8894 (vir)     1          49.822          -2.726          -3.064         -13.470           57.502
 8895 (vir)     1          49.859          -2.500          -3.080         -13.413           57.692
 8896 (vir)     1          49.859          -2.477          -3.078         -13.410           57.714
 8897 (vir)     1          49.874          -2.694          -2.844         -13.144           57.479
 8898 (vir)     1          49.875          -2.429          -3.090         -13.427           57.784
 8899 (vir)     1          49.883          -2.743          -2.919         -13.214           57.435
 8900 (vir)     1          49.898          -2.549          -2.828         -13.107           57.628
 8901 (vir)     1          49.905          -2.552          -3.012         -13.345           57.686
 8902 (vir)     1          49.906          -2.563          -3.000         -13.319           57.660
 8903 (vir)     1          49.907          -2.794          -3.087         -13.537           57.563
 8904 (vir)     1          49.925          -2.481          -3.004         -13.366           57.807
 8905 (vir)     1          49.943          -2.524          -2.980         -13.338           57.778
 8906 (vir)     1          49.950          -2.485          -3.086         -13.436           57.815
 8907 (vir)     1          49.985          -2.642          -3.020         -13.360           57.682
 8908 (vir)     1          49.991          -2.824          -3.100         -13.585           57.652
 8909 (vir)     1          49.995          -2.613          -3.010         -13.363           57.734
 8910 (vir)     1          50.022          -2.608          -3.058         -13.424           57.780
 8911 (vir)     1          50.022          -2.699          -2.840         -13.147           57.631
 8912 (vir)     1          50.038          -2.650          -2.806         -13.163           57.745
 8913 (vir)     1          50.055          -2.399          -3.147         -13.539           58.049
 8914 (vir)     1          50.075          -2.832          -3.075         -13.560           57.729
 8915 (vir)     1          50.080          -3.027          -2.691         -12.984           57.345
 8916 (vir)     1          50.091          -2.888          -2.958         -13.318           57.562
 8917 (vir)     1          50.117          -2.367          -3.256         -13.680           58.174
 8918 (vir)     1          50.131          -2.843          -3.091         -13.598           57.795
 8919 (vir)     1          50.136          -2.609          -2.725         -13.082           57.884
 8920 (vir)     1          50.170          -3.135          -2.764         -13.096           57.368
 8921 (vir)     1          50.173          -3.100          -2.727         -13.065           57.411
 8922 (vir)     1          50.182          -2.304          -3.310         -13.763           58.331
 8923 (vir)     1          50.185          -2.752          -2.837         -13.154           57.749
 8924 (vir)     1          50.198          -2.651          -2.670         -13.035           57.911
 8925 (vir)     1          50.202          -2.732          -3.168         -13.736           58.038
 8926 (vir)     1          50.229          -2.775          -2.756         -13.117           57.816
 8927 (vir)     1          50.247          -2.407          -3.302         -13.760           58.299
 8928 (vir)     1          50.257          -2.636          -3.199         -13.777           58.200
 8929 (vir)     1          50.279          -3.075          -2.854         -13.204           57.554
 8930 (vir)     1          50.286          -1.714          -3.497         -14.054           59.130
 8931 (vir)     1          50.293          -2.545          -3.237         -13.817           58.329
 8932 (vir)     1          50.294          -1.709          -3.488         -14.047           59.145
 8933 (vir)     1          50.306          -1.787          -3.454         -14.015           59.081
 8934 (vir)     1          50.315          -2.481          -3.283         -13.746           58.297
 8935 (vir)     1          50.317          -2.046          -3.399         -13.976           58.848
 8936 (vir)     1          50.325          -2.178          -3.332         -13.922           58.737
 8937 (vir)     1          50.330          -2.031          -3.396         -13.976           58.879
 8938 (vir)     1          50.337          -2.374          -3.204         -13.724           58.482
 8939 (vir)     1          50.339          -2.176          -3.364         -13.953           58.752
 8940 (vir)     1          50.344          -2.608          -2.957         -13.314           58.093
 8941 (vir)     1          50.349          -3.044          -2.924         -13.286           57.667
 8942 (vir)     1          50.384          -2.536          -3.254         -13.716           58.309
 8943 (vir)     1          50.421          -2.970          -2.993         -13.375           57.833
 8944 (vir)     1          50.451          -2.660          -3.196         -13.642           58.238
 8945 (vir)     1          50.487          -3.043          -2.988         -13.358           57.815
 8946 (vir)     1          50.494          -3.001          -2.880         -13.171           57.784
 8947 (vir)     1          50.514          -2.653          -3.226         -13.678           58.313
 8948 (vir)     1          50.541          -3.532          -2.837         -13.122           57.294
 8949 (vir)     1          50.545          -3.630          -2.784         -13.021           57.152
 8950 (vir)     1          50.549          -3.773          -2.812         -13.073           57.038
 8951 (vir)     1          50.571          -2.478          -3.332         -13.825           58.586
 8952 (vir)     1          50.576          -3.265          -2.799         -13.074           57.586
 8953 (vir)     1          50.579          -3.395          -2.794         -13.062           57.453
 8954 (vir)     1          50.585          -2.950          -2.783         -12.976           57.828
 8955 (vir)     1          50.591          -2.841          -2.781         -12.975           57.944
 8956 (vir)     1          50.599          -2.951          -2.777         -12.974           57.845
 8957 (vir)     1          50.606          -3.877          -2.744         -13.007           56.993
 8958 (vir)     1          50.611          -2.993          -2.775         -12.984           57.827
 8959 (vir)     1          50.612          -2.856          -3.055         -13.437           58.137
 8960 (vir)     1          50.624          -2.818          -2.764         -12.970           58.012
 8961 (vir)     1          50.627          -2.390          -3.403         -13.928           58.762
 8962 (vir)     1          50.640          -2.904          -2.757         -12.970           57.948
 8963 (vir)     1          50.656          -3.497          -2.727         -12.958           57.389
 8964 (vir)     1          50.662          -3.994          -2.716         -12.984           56.936
 8965 (vir)     1          50.676          -2.963          -2.738         -12.966           57.941
 8966 (vir)     1          50.680          -2.381          -3.457         -14.007           58.849
 8967 (vir)     1          50.691          -2.998          -3.105         -13.490           58.077
 8968 (vir)     1          50.696          -3.253          -2.729         -12.967           57.681
 8969 (vir)     1          50.704          -4.118          -2.664         -12.941           56.864
 8970 (vir)     1          50.716          -3.371          -2.718         -12.972           57.600
 8971 (vir)     1          50.729          -2.321          -3.509         -14.082           58.981
 8972 (vir)     1          50.731          -3.703          -2.695         -12.958           57.292
 8973 (vir)     1          50.739          -3.863          -2.672         -12.955           57.159
 8974 (vir)     1          50.748          -3.491          -2.699         -12.968           57.527
 8975 (vir)     1          50.758          -3.903          -2.671         -12.962           57.146
 8976 (vir)     1          50.761          -3.586          -2.693         -12.972           57.454
 8977 (vir)     1          50.768          -3.835          -2.701         -13.000           57.231
 8978 (vir)     1          50.768          -3.875          -2.684         -12.971           57.180
 8979 (vir)     1          50.772          -3.414          -3.051         -13.275           57.582
 8980 (vir)     1          50.773          -2.289          -3.520         -14.099           59.062
 8981 (vir)     1          50.811          -2.221          -3.561         -14.156           59.185
 8982 (vir)     1          50.838          -3.565          -3.130         -13.194           57.338
 8983 (vir)     1          50.843          -2.216          -3.572         -14.172           59.228
 8984 (vir)     1          50.864          -3.256          -3.174         -13.186           57.620
 8985 (vir)     1          50.869          -2.207          -3.580         -14.184           59.266
 8986 (vir)     1          50.887          -2.209          -3.586         -14.193           59.285
 8987 (vir)     1          50.890          -3.514          -3.144         -13.162           57.394
 8988 (vir)     1          50.898          -2.200          -3.590         -14.198           59.306
 8989 (vir)     1          50.940          -3.418          -3.110         -13.135           57.546
 8990 (vir)     1          51.009          -3.402          -3.070         -13.109           57.647
 8991 (vir)     1          51.095          -3.199          -3.040         -13.102           57.958
 8992 (vir)     1          51.187          -3.309          -3.022         -13.118           57.974
 8993 (vir)     1          51.250          -3.349          -3.019         -13.169           58.051
 8994 (vir)     1          51.270          -3.293          -3.015         -13.167           58.129
 8995 (vir)     1          51.299          -3.445          -3.219         -13.964           58.599
 8996 (vir)     1          51.299          -3.518          -3.225         -13.962           58.519
 8997 (vir)     1          51.304          -3.427          -3.205         -13.965           58.636
 8998 (vir)     1          51.305          -3.549          -3.205         -13.952           58.504
 8999 (vir)     1          51.309          -3.615          -3.173         -13.967           58.487
 9000 (vir)     1          51.309          -3.312          -3.070         -13.360           58.288
 9001 (vir)     1          51.311          -3.309          -3.178         -13.745           58.569
 9002 (vir)     1          51.322          -3.410          -3.275         -13.943           58.581
 9003 (vir)     1          51.345          -3.248          -3.305         -13.938           58.730
 9004 (vir)     1          51.377          -3.166          -3.328         -13.927           58.810
 9005 (vir)     1          51.397          -3.414          -3.026         -13.159           58.116
 9006 (vir)     1          51.420          -3.062          -3.351         -13.929           58.935
 9007 (vir)     1          51.472          -3.071          -3.368         -13.923           58.956
 9008 (vir)     1          51.485          -3.380          -3.046         -13.198           58.257
 9009 (vir)     1          51.533          -3.037          -3.372         -13.905           59.029
 9010 (vir)     1          51.557          -3.432          -2.972         -13.113           58.266
 9011 (vir)     1          51.591          -3.125          -3.141         -13.423           58.747
 9012 (vir)     1          51.594          -3.184          -3.022         -13.124           58.514
 9013 (vir)     1          51.607          -3.178          -3.203         -13.563           58.789
 9014 (vir)     1          51.648          -3.520          -3.039         -13.205           58.294
 9015 (vir)     1          51.672          -3.182          -3.377         -13.877           58.989
 9016 (vir)     1          51.702          -3.495          -3.132         -13.295           58.371
 9017 (vir)     1          51.752          -3.269          -3.378         -13.865           58.971
 9018 (vir)     1          51.753          -3.445          -2.898         -13.042           58.452
 9019 (vir)     1          51.754          -3.520          -3.092         -13.227           58.368
 9020 (vir)     1          51.784          -5.160          -2.729         -12.922           56.818
 9021 (vir)     1          51.784          -5.159          -2.729         -12.922           56.819
 9022 (vir)     1          51.787          -3.659          -3.110         -13.286           58.303
 9023 (vir)     1          51.834          -3.773          -3.163         -13.350           58.248
 9024 (vir)     1          51.835          -3.292          -3.343         -13.793           58.993
 9025 (vir)     1          51.861          -3.708          -3.200         -13.386           58.338
 9026 (vir)     1          51.908          -3.726          -3.273         -13.540           58.448
 9027 (vir)     1          51.914          -3.560          -3.318         -13.709           58.745
 9028 (vir)     1          51.915          -3.808          -3.158         -13.321           58.270
 9029 (vir)     1          51.957          -3.862          -3.210         -13.389           58.274
 9030 (vir)     1          51.965          -3.934          -3.272         -13.470           58.229
 9031 (vir)     1          51.993          -3.760          -3.311         -13.568           58.490
 9032 (vir)     1          52.000          -3.677          -3.171         -13.322           58.474
 9033 (vir)     1          52.001          -3.614          -3.343         -13.729           58.773
 9034 (vir)     1          52.005          -3.850          -3.207         -13.383           58.331
 9035 (vir)     1          52.023          -4.155          -3.322         -13.523           58.068
 9036 (vir)     1          52.029          -3.889          -3.331         -13.528           58.337
 9037 (vir)     1          52.040          -3.949          -3.352         -13.550           58.289
 9038 (vir)     1          52.044          -3.928          -3.359         -13.556           58.314
 9039 (vir)     1          52.050          -3.939          -3.370         -13.567           58.309
 9040 (vir)     1          52.052          -3.962          -3.374         -13.572           58.288
 9041 (vir)     1          52.054          -3.945          -3.378         -13.575           58.306
 9042 (vir)     1          52.085          -3.500          -3.368         -13.801           59.018
 9043 (vir)     1          52.157          -3.800          -3.312         -13.666           58.711
 9044 (vir)     1          52.173          -4.127          -2.798         -12.892           58.141
 9045 (vir)     1          52.192          -3.659          -3.250         -13.474           58.757
 9046 (vir)     1          52.245          -3.858          -3.320         -13.717           58.784
 9047 (vir)     1          52.317          -3.900          -3.338         -13.709           58.787
 9048 (vir)     1          52.321          -4.018          -3.213         -13.419           58.509
 9049 (vir)     1          52.381          -4.177          -3.319         -13.647           58.533
 9050 (vir)     1          52.385          -3.859          -3.277         -13.543           58.792
 9051 (vir)     1          52.386          -4.202          -3.317         -13.688           58.556
 9052 (vir)     1          52.386          -4.202          -3.317         -13.688           58.556
 9053 (vir)     1          52.419          -4.675          -2.942         -13.258           58.060
 9054 (vir)     1          52.430          -4.713          -2.938         -13.253           58.031
 9055 (vir)     1          52.447          -4.727          -2.932         -13.244           58.032
 9056 (vir)     1          52.471          -4.715          -2.922         -13.231           58.065
 9057 (vir)     1          52.502          -4.789          -2.909         -13.214           58.018
 9058 (vir)     1          52.519          -4.236          -2.663         -12.767           58.388
 9059 (vir)     1          52.541          -4.839          -2.894         -13.194           58.002
 9060 (vir)     1          52.588          -4.978          -2.876         -13.170           57.904
 9061 (vir)     1          52.643          -5.104          -2.857         -13.145           57.827
 9062 (vir)     1          52.653          -3.950          -3.226         -13.551           59.029
 9063 (vir)     1          52.699          -4.087          -3.073         -13.337           58.876
 9064 (vir)     1          52.707          -5.085          -2.839         -13.120           57.903
 9065 (vir)     1          52.778          -5.177          -2.839         -13.111           57.873
 9066 (vir)     1          52.805          -4.194          -3.408         -13.851           59.054
 9067 (vir)     1          52.805          -4.150          -3.409         -13.851           59.098
 9068 (vir)     1          52.810          -4.182          -3.404         -13.844           59.068
 9069 (vir)     1          52.811          -4.068          -3.408         -13.845           59.180
 9070 (vir)     1          52.817          -4.265          -3.266         -13.550           58.836
 9071 (vir)     1          52.818          -4.166          -3.396         -13.824           59.080
 9072 (vir)     1          52.820          -4.466          -3.151         -13.333           58.536
 9073 (vir)     1          52.826          -4.690          -3.095         -13.150           58.191
 9074 (vir)     1          52.827          -4.076          -3.388         -13.790           59.153
 9075 (vir)     1          52.829          -4.154          -3.325         -13.683           59.034
 9076 (vir)     1          52.839          -3.933          -3.409         -13.760           59.257
 9077 (vir)     1          52.840          -3.831          -3.424         -13.707           59.292
 9078 (vir)     1          52.844          -4.417          -3.256         -13.646           58.817
 9079 (vir)     1          52.850          -4.119          -3.259         -13.532           59.004
 9080 (vir)     1          52.865          -4.529          -3.214         -13.584           58.706
 9081 (vir)     1          52.865          -4.579          -3.153         -13.562           58.695
 9082 (vir)     1          52.882          -4.693          -3.082         -13.433           58.540
 9083 (vir)     1          52.890          -4.461          -3.232         -13.680           58.877
 9084 (vir)     1          52.903          -4.459          -3.180         -13.572           58.837
 9085 (vir)     1          52.918          -4.548          -3.207         -13.672           58.835
 9086 (vir)     1          52.927          -4.807          -3.116         -13.463           58.467
 9087 (vir)     1          52.945          -4.618          -3.158         -13.619           58.789
 9088 (vir)     1          52.947          -4.935          -3.063         -13.409           58.358
 9089 (vir)     1          52.968          -4.901          -3.067         -13.491           58.490
 9090 (vir)     1          52.968          -4.893          -3.120         -13.564           58.519
 9091 (vir)     1          52.984          -4.921          -3.060         -13.483           58.486
 9092 (vir)     1          52.985          -4.152          -2.563         -12.627           58.897
 9093 (vir)     1          52.990          -4.872          -3.132         -13.617           58.603
 9094 (vir)     1          53.001          -4.782          -3.115         -13.590           58.693
 9095 (vir)     1          53.008          -5.053          -3.122         -13.626           58.459
 9096 (vir)     1          53.016          -4.993          -3.118         -13.618           58.523
 9097 (vir)     1          53.022          -5.028          -3.109         -13.626           58.511
 9098 (vir)     1          53.027          -5.031          -3.106         -13.623           58.512
 9099 (vir)     1          53.031          -5.077          -3.098         -13.626           58.482
 9100 (vir)     1          53.034          -5.084          -3.096         -13.625           58.479
 9101 (vir)     1          53.036          -5.136          -3.091         -13.628           58.437
 9102 (vir)     1          53.037          -5.143          -3.091         -13.631           58.433
 9103 (vir)     1          53.053          -3.842          -3.417         -13.781           59.575
 9104 (vir)     1          53.053          -5.530          -3.008         -13.410           57.925
 9105 (vir)     1          53.057          -5.377          -2.962         -13.399           58.118
 9106 (vir)     1          53.060          -3.801          -3.416         -13.799           59.643
 9107 (vir)     1          53.080          -5.742          -2.810         -13.167           57.695
 9108 (vir)     1          53.102          -6.282          -2.825         -13.279           57.274
 9109 (vir)     1          53.130          -6.191          -2.734         -13.088           57.293
 9110 (vir)     1          53.130          -4.024          -3.412         -13.799           59.494
 9111 (vir)     1          53.133          -4.091          -3.374         -13.685           59.352
 9112 (vir)     1          53.134          -5.037          -3.125         -13.564           58.536
 9113 (vir)     1          53.184          -5.296          -2.939         -13.245           58.194
 9114 (vir)     1          53.207          -6.484          -2.709         -13.113           57.126
 9115 (vir)     1          53.217          -4.155          -3.405         -13.786           59.443
 9116 (vir)     1          53.232          -5.394          -2.968         -13.284           58.153
 9117 (vir)     1          53.245          -5.778          -2.838         -13.170           57.799
 9118 (vir)     1          53.250          -4.019          -3.338         -13.615           59.509
 9119 (vir)     1          53.316          -4.290          -3.392         -13.758           59.392
 9120 (vir)     1          53.318          -5.239          -2.903         -13.095           58.272
 9121 (vir)     1          53.346          -6.406          -2.752         -13.083           57.271
 9122 (vir)     1          53.363          -5.701          -2.941         -13.252           57.974
 9123 (vir)     1          53.366          -4.767          -2.721         -12.857           58.735
 9124 (vir)     1          53.372          -5.901          -2.840         -13.140           57.772
 9125 (vir)     1          53.407          -4.324          -3.366         -13.685           59.402
 9126 (vir)     1          53.439          -4.282          -3.380         -13.677           59.454
 9127 (vir)     1          53.489          -6.186          -2.777         -13.074           57.600
 9128 (vir)     1          53.497          -5.742          -2.875         -13.163           58.043
 9129 (vir)     1          53.511          -6.176          -2.773         -13.066           57.628
 9130 (vir)     1          53.525          -5.347          -2.941         -12.934           58.171
 9131 (vir)     1          53.539          -4.511          -3.359         -13.694           59.363
 9132 (vir)     1          53.611          -5.706          -2.917         -13.135           58.123
 9133 (vir)     1          53.613          -4.286          -3.364         -13.621           59.584
 9134 (vir)     1          53.618          -6.004          -2.843         -13.120           57.890
 9135 (vir)     1          53.658          -5.785          -2.885         -13.142           58.130
 9136 (vir)     1          53.665          -4.720          -2.913         -13.133           59.165
 9137 (vir)     1          53.675          -5.596          -2.950         -13.204           58.333
 9138 (vir)     1          53.682          -4.834          -3.259         -13.561           59.149
 9139 (vir)     1          53.721          -6.226          -2.807         -13.058           57.746
 9140 (vir)     1          53.802          -4.380          -3.348         -13.607           59.681
 9141 (vir)     1          53.834          -6.670          -2.647         -12.887           57.404
 9142 (vir)     1          53.845          -5.085          -3.293         -13.557           59.024
 9143 (vir)     1          53.918          -4.865          -2.954         -13.222           59.321
 9144 (vir)     1          53.930           5.518          -2.623         -12.267           69.092
 9145 (vir)     1          53.997          -4.587          -3.310         -13.578           59.677
 9146 (vir)     1          54.018          -7.095          -2.637         -12.977           57.263
 9147 (vir)     1          54.056          -5.419          -3.217         -13.412           58.833
 9148 (vir)     1          54.139          -4.965          -3.077         -13.370           59.468
 9149 (vir)     1          54.194          -4.796          -3.220         -13.500           59.678
 9150 (vir)     1          54.225           6.668          -2.603         -12.958           71.248
 9151 (vir)     1          54.336          -5.264          -3.218         -13.410           59.264
 9152 (vir)     1          54.347          -5.339          -3.074         -13.302           59.236
 9153 (vir)     1          54.377           3.851          -2.297         -11.911           67.842
 9154 (vir)     1          54.402          -5.198          -3.074         -13.333           59.462
 9155 (vir)     1          54.458          -1.127          -2.585         -12.943           63.689
 9156 (vir)     1          54.531          -4.985          -3.344         -13.656           59.858
 9157 (vir)     1          54.598          -5.538          -2.946         -13.264           59.379
 9158 (vir)     1          54.697          -1.099          -2.444         -12.722           63.877
 9159 (vir)     1          54.711          -4.969          -3.385         -13.710           60.067
 9160 (vir)     1          54.737           4.873          -2.284         -12.269           69.595
 9161 (vir)     1          54.782           7.080          -2.834         -12.749           71.776
 9162 (vir)     1          54.819          -5.820          -2.883         -13.215           59.330
 9163 (vir)     1          54.884          -5.109          -3.374         -13.694           60.096
 9164 (vir)     1          54.898           5.338          -2.149         -12.310           70.397
 9165 (vir)     1          54.980           6.041          -2.505         -12.844           71.361
 9166 (vir)     1          54.995           4.892          -2.061         -12.221           70.047
 9167 (vir)     1          55.009          -2.263          -2.045         -12.289           62.989
 9168 (vir)     1          55.022          -1.558          -2.088         -12.469           63.846
 9169 (vir)     1          55.041          -5.091          -3.414         -13.767           60.302
 9170 (vir)     1          55.049          -6.007          -2.841         -13.172           59.373
 9171 (vir)     1          55.123          -0.810          -2.160         -12.575           64.728
 9172 (vir)     1          55.197          -5.111          -3.411         -13.776           60.451
 9173 (vir)     1          55.237           5.971          -2.487         -12.873           71.594
 9174 (vir)     1          55.268          -6.320          -2.794         -13.111           59.264
 9175 (vir)     1          55.290          -0.928          -2.266         -12.691           64.787
 9176 (vir)     1          55.330          -5.483          -3.346         -13.669           60.170
 9177 (vir)     1          55.441           5.975          -2.581         -12.383           71.218
 9178 (vir)     1          55.465          -5.442          -3.394         -13.789           60.418
 9179 (vir)     1          55.472          -1.130          -2.298         -12.708           64.753
 9180 (vir)     1          55.529           5.900          -2.465         -12.873           71.838
 9181 (vir)     1          55.530          -6.463          -2.789         -13.144           59.421
 9182 (vir)     1          55.596          -5.421          -3.418         -13.814           60.571
 9183 (vir)     1          55.707          -0.973          -2.280         -12.684           65.137
 9184 (vir)     1          55.708          -5.507          -3.446         -13.866           60.621
 9185 (vir)     1          55.780          -6.596          -2.856         -13.220           59.549
 9186 (vir)     1          55.792           5.779          -2.452         -12.852           71.972
 9187 (vir)     1          55.820          -5.774          -3.291         -13.697           60.453
 9188 (vir)     1          55.903          -5.644          -3.455         -13.896           60.699
 9189 (vir)     1          55.950           6.024          -2.275         -12.652           72.351
 9190 (vir)     1          55.986          -5.549          -3.458         -13.907           60.887
 9191 (vir)     1          56.021          -7.284          -2.647         -12.971           59.061
 9192 (vir)     1          56.043           5.617          -2.369         -12.753           72.043
 9193 (vir)     1          56.054          -5.610          -3.445         -13.893           60.893
 9194 (vir)     1          56.113          -5.710          -3.465         -13.928           60.866
 9195 (vir)     1          56.157          -5.721          -3.457         -13.918           60.896
 9196 (vir)     1          56.172           5.708          -2.256         -12.572           72.196
 9197 (vir)     1          56.190          -5.696          -3.468         -13.939           60.965
 9198 (vir)     1          56.208          -5.763          -3.465         -13.936           60.916
 9199 (vir)     1          56.274           2.863          -2.261         -11.935           68.810
 9200 (vir)     1          56.290           5.583          -2.296         -12.681           72.259
 9201 (vir)     1          56.302          -7.537          -2.618         -12.986           59.133
 9202 (vir)     1          56.363           5.394          -2.287         -12.598           72.069
 9203 (vir)     1          56.562           5.750          -2.278         -12.671           72.705
 9204 (vir)     1          56.576           5.195          -2.387         -12.764           72.148
 9205 (vir)     1          56.586           6.412          -2.555         -12.882           73.326
 9206 (vir)     1          56.821           6.105          -2.539         -12.900           73.287
 9207 (vir)     1          56.826           4.972          -2.455         -12.895           72.238
 9208 (vir)     1          56.852           5.647          -2.273         -12.664           72.890
 9209 (vir)     1          57.094           4.949          -2.479         -12.964           72.527
 9210 (vir)     1          57.107           5.902          -2.524         -12.914           73.399
 9211 (vir)     1          57.150           5.376          -2.269         -12.657           72.913
 9212 (vir)     1          57.179           3.670          -2.155         -11.955           70.649
 9213 (vir)     1          57.366           4.889          -2.483         -13.002           72.775
 9214 (vir)     1          57.417           5.375          -2.388         -12.604           73.008
 9215 (vir)     1          57.448           5.120          -2.268         -12.650           72.951
 9216 (vir)     1          57.596           5.630          -2.493         -12.919           73.653
 9217 (vir)     1          57.636           4.745          -2.475         -13.025           72.930
 9218 (vir)     1          57.743           4.987          -2.267         -12.646           73.109
 9219 (vir)     1          57.852           5.661          -2.494         -12.945           73.964
 9220 (vir)     1          57.900           4.749          -2.463         -13.040           73.226
 9221 (vir)     1          57.980           5.464          -2.409         -12.766           73.801
 9222 (vir)     1          58.027           4.974          -2.269         -12.643           73.375
 9223 (vir)     1          58.154           4.478          -2.434         -13.029           73.227
 9224 (vir)     1          58.217           5.366          -2.506         -13.020           74.098
 9225 (vir)     1          58.264           4.144          -2.058         -11.911           72.261
 9226 (vir)     1          58.284           4.077          -2.135         -12.432           72.658
 9227 (vir)     1          58.344           5.138          -1.655         -11.693           73.521
 9228 (vir)     1          58.361           5.462          -1.576         -11.662           73.910
 9229 (vir)     1          58.399           4.407          -2.416         -13.034           73.424
 9230 (vir)     1          58.431           5.120          -2.446         -12.893           73.998
 9231 (vir)     1          58.531           4.516          -2.253         -12.597           73.391
 9232 (vir)     1          58.631           4.959          -2.399         -12.849           74.041
 9233 (vir)     1          58.635           4.401          -2.372         -13.001           73.666
 9234 (vir)     1          58.679           1.887          -1.668         -11.864           70.762
 9235 (vir)     1          58.721           2.836          -1.528         -11.350           71.379
 9236 (vir)     1          58.744           4.623          -2.258         -12.608           73.717
 9237 (vir)     1          58.854           4.690          -2.347         -12.781           73.977
 9238 (vir)     1          58.863           4.309          -2.362         -13.023           73.833
 9239 (vir)     1          58.898           4.543          -2.294         -12.655           73.801
 9240 (vir)     1          58.995           4.451          -2.311         -12.674           73.808
 9241 (vir)     1          59.049           4.051          -2.168         -12.716           73.648
 9242 (vir)     1          59.062           4.253          -2.229         -12.530           73.617
 9243 (vir)     1          59.088           3.663          -1.973         -11.901           72.679
 9244 (vir)     1          59.119           2.392          -1.808         -12.139           71.841
 9245 (vir)     1          59.248           4.312          -2.290         -12.957           74.227
 9246 (vir)     1          59.250           4.317          -2.217         -12.627           73.977
 9247 (vir)     1          59.399           2.759          -1.545         -11.433           72.045
 9248 (vir)     1          59.432           4.607          -2.318         -13.046           74.767
 9249 (vir)     1          59.590           4.257          -2.162         -12.734           74.419
 9250 (vir)     1          59.622           4.013          -1.628         -11.728           73.735
 9251 (vir)     1          59.659           3.999          -2.196         -12.509           73.971
 9252 (vir)     1          59.707           4.140          -2.317         -12.747           74.278
 9253 (vir)     1          59.725           4.526          -2.277         -13.032           75.005
 9254 (vir)     1          59.841           3.875          -2.027         -12.122           73.811
 9255 (vir)     1          59.847           4.615          -2.265         -13.033           75.231
 9256 (vir)     1          59.939           4.556          -2.218         -12.969           75.246
 9257 (vir)     1          60.022           4.752          -2.241         -13.028           75.561
 9258 (vir)     1          60.032           1.091          -1.681         -11.999           71.441
 9259 (vir)     1          60.079           4.605          -2.200         -12.965           75.449
 9260 (vir)     1          60.110           4.716          -2.228         -13.024           75.621
 9261 (vir)     1          60.118           4.069          -2.387         -12.804           74.604
 9262 (vir)     1          60.258           4.009          -2.320         -12.737           74.683
 9263 (vir)     1          60.308           3.800          -2.008         -12.182           74.281
 9264 (vir)     1          60.419           3.815          -2.219         -12.596           74.611
 9265 (vir)     1          60.488           0.907          -1.291         -10.759           70.863
 9266 (vir)     1          60.533           3.665          -2.217         -12.623           74.603
 9267 (vir)     1          60.598           5.270          -1.602         -11.895           76.161
 9268 (vir)     1          60.671           3.638          -2.189         -12.603           74.723
 9269 (vir)     1          60.679           3.134          -2.016         -12.290           74.087
 9270 (vir)     1          60.800           3.473          -2.138         -12.538           74.673
 9271 (vir)     1          60.863           3.403          -2.096         -12.481           74.651
 9272 (vir)     1          60.940           3.365          -2.045         -12.406           74.665
 9273 (vir)     1          60.969           3.358          -2.100         -12.511           74.739
 9274 (vir)     1          61.052           3.294          -2.078         -12.491           74.759
 9275 (vir)     1          61.057           3.284          -2.035         -12.418           74.724
 9276 (vir)     1          61.118           3.203          -2.054         -12.465           74.732
 9277 (vir)     1          61.127           3.299          -2.040         -12.443           74.829
 9278 (vir)     1          61.162           3.104          -2.040         -12.451           74.677
 9279 (vir)     1          61.165           3.368          -2.038         -12.448           74.943
 9280 (vir)     1          61.200          -6.978          -1.585         -11.887           64.523
 9281 (vir)     1          61.565           1.054          -1.242         -10.767           72.144
 9282 (vir)     1          61.840           2.927          -1.563         -11.862           75.065
 9283 (vir)     1          62.240           2.809          -2.061         -12.372           75.359
 9284 (vir)     1          62.240           1.845          -2.061         -12.372           74.395
 9285 (vir)     1          62.507           2.738          -1.542         -11.852           75.555
 9286 (vir)     1          62.657           0.879          -1.224         -10.896           73.207
 9287 (vir)     1          63.220           2.567          -1.529         -11.857           76.115
 9288 (vir)     1          63.649           0.866          -1.227         -11.091           74.380
 9289 (vir)     1          63.960           2.339          -1.506         -11.839           76.632
 9290 (vir)     1          64.478           0.356          -1.267         -11.361           74.928
 9291 (vir)     1          64.725           2.049          -1.474         -11.801           77.101
 9292 (vir)     1          65.140           0.601          -1.301         -11.562           76.001
 9293 (vir)     1          65.333           2.696          -1.828         -12.197           78.397
 9294 (vir)     1          65.335           1.138          -1.819         -12.177           76.831
 9295 (vir)     1          65.428           2.097          -1.838         -12.219           77.906
 9296 (vir)     1          65.443           2.748          -1.809         -12.163           78.545
 9297 (vir)     1          65.495           1.797          -1.390         -11.684           77.585
 9298 (vir)     1          65.578           2.848          -1.832         -12.215           78.809
 9299 (vir)     1          65.623           1.482          -1.825         -12.205           77.485
 9300 (vir)     1          65.771           1.624          -1.325         -11.677           77.747
 9301 (vir)     1          65.796           2.794          -1.778         -12.121           78.933
 9302 (vir)     1          65.848           1.488          -1.876         -12.318           77.778
 9303 (vir)     1          66.093           1.639          -1.902         -12.378           78.208
 9304 (vir)     1          66.117           2.247          -1.703         -12.014           78.675
 9305 (vir)     1          66.208           0.619          -1.251         -11.589           77.166
 9306 (vir)     1          66.371           2.413          -1.868         -12.330           79.247
 9307 (vir)     1          66.490           2.606          -1.744         -12.234           79.586
 9308 (vir)     1          66.510           2.073          -1.394         -11.840           79.030
 9309 (vir)     1          66.581           3.887          -1.217         -12.298           81.549
 9310 (vir)     1          66.582           3.994          -1.243         -12.325           81.657
 9311 (vir)     1          66.583           3.030          -1.272         -12.427           80.769
 9312 (vir)     1          66.594           3.278          -1.272         -12.457           81.058
 9313 (vir)     1          66.609           3.638          -1.255         -12.380           81.371
 9314 (vir)     1          66.615           3.418          -1.249         -12.286           81.069
 9315 (vir)     1          66.615           3.763          -1.239         -12.341           81.481
 9316 (vir)     1          66.634           3.199          -1.283         -12.483           81.032
 9317 (vir)     1          66.668           3.397          -1.370         -12.408           81.103
 9318 (vir)     1          66.669           3.063          -1.293         -12.498           80.936
 9319 (vir)     1          66.671           4.815          -1.198         -12.218           82.507
 9320 (vir)     1          66.683           3.746          -1.255         -12.363           81.537
 9321 (vir)     1          66.727           3.882          -1.327         -12.140           81.422
 9322 (vir)     1          66.739           3.304          -1.242         -12.306           81.107
 9323 (vir)     1          66.751           3.318          -1.307         -12.410           81.172
 9324 (vir)     1          66.783           3.105          -1.311         -12.571           81.149
 9325 (vir)     1          66.788           2.946          -1.398         -12.182           80.519
 9326 (vir)     1          66.834           4.187          -1.590         -12.310           81.742
 9327 (vir)     1          66.853           2.770          -1.281         -12.346           80.687
 9328 (vir)     1          66.856           3.667          -1.459         -12.321           81.385
 9329 (vir)     1          66.859           5.735          -1.238         -12.291           83.647
 9330 (vir)     1          66.890           3.219          -1.293         -12.328           81.144
 9331 (vir)     1          66.950           2.788          -1.264         -12.285           80.758
 9332 (vir)     1          66.979           7.115          -1.189         -12.119           85.024
 9333 (vir)     1          67.002           3.463          -1.354         -12.527           81.638
 9334 (vir)     1          67.018           0.610          -1.255         -12.149           78.522
 9335 (vir)     1          67.044           3.540          -1.335         -12.650           81.899
 9336 (vir)     1          67.076           1.987          -1.253         -11.991           79.801
 9337 (vir)     1          67.101           5.734          -1.161         -12.057           83.730
 9338 (vir)     1          67.123           4.478          -1.231         -12.228           82.598
 9339 (vir)     1          67.161           2.468          -1.782         -12.428           80.273
 9340 (vir)     1          67.178           3.278          -1.476         -12.610           81.590
 9341 (vir)     1          67.179           1.996          -1.247         -11.949           79.877
 9342 (vir)     1          67.238           3.272          -1.335         -12.622           81.796
 9343 (vir)     1          67.261           6.040          -1.153         -12.041           84.190
 9344 (vir)     1          67.274           2.301          -1.592         -12.522           80.505
 9345 (vir)     1          67.288           4.186          -1.236         -12.213           82.451
 9346 (vir)     1          67.354           1.856          -1.350         -11.857           79.718
 9347 (vir)     1          67.404           2.263          -1.319         -12.452           80.800
 9348 (vir)     1          67.406           6.538          -1.169         -12.036           84.810
 9349 (vir)     1          67.408           2.480          -1.284         -11.863           80.467
 9350 (vir)     1          67.450           4.568          -1.245         -12.233           83.005
 9351 (vir)     1          67.481           2.413          -1.485         -12.320           80.729
 9352 (vir)     1          67.508           1.020          -1.257         -12.055           79.327
 9353 (vir)     1          67.581           3.053          -1.277         -12.334           81.691
 9354 (vir)     1          67.596           0.837          -1.240         -12.193           79.387
 9355 (vir)     1          67.601           1.687          -1.574         -11.977           79.692
 9356 (vir)     1          67.635           4.841          -1.235         -12.168           83.410
 9357 (vir)     1          67.674           3.007          -1.371         -12.747           82.056
 9358 (vir)     1          67.697           1.584          -1.252         -11.931           79.960
 9359 (vir)     1          67.768           5.303          -1.146         -11.991           83.916
 9360 (vir)     1          67.792           2.655          -1.857         -12.526           81.116
 9361 (vir)     1          67.816           3.250          -1.250         -11.924           81.739
 9362 (vir)     1          67.821           4.717          -1.237         -12.145           83.447
 9363 (vir)     1          67.851           2.874          -1.354         -12.538           81.908
 9364 (vir)     1          67.941           5.697          -1.130         -11.943           84.451
 9365 (vir)     1          67.949           2.886          -1.381         -12.775           82.230
 9366 (vir)     1          67.998           4.727          -1.239         -12.117           83.604
 9367 (vir)     1          68.069           0.873          -1.238         -11.911           79.615
 9368 (vir)     1          68.093           2.863          -1.419         -12.583           82.120
 9369 (vir)     1          68.104           2.412          -1.256         -11.939           81.199
 9370 (vir)     1          68.116           5.341          -1.126         -11.926           84.257
 9371 (vir)     1          68.147           3.315          -1.900         -12.561           82.123
 9372 (vir)     1          68.178           4.467          -1.242         -12.115           83.518
 9373 (vir)     1          68.249           2.818          -1.391         -12.796           82.472
 9374 (vir)     1          68.272           5.393          -1.149         -11.905           84.420
 9375 (vir)     1          68.278           1.546          -1.358         -11.778           80.244
 9376 (vir)     1          68.343           5.082          -1.246         -12.096           84.275
 9377 (vir)     1          68.351           0.738          -1.433         -11.982           79.637
 9378 (vir)     1          68.357           1.172          -1.249         -11.947           80.227
 9379 (vir)     1          68.365           1.377          -1.242         -11.889           80.389
 9380 (vir)     1          68.401           2.716          -1.411         -12.641           82.346
 9381 (vir)     1          68.432           5.950          -1.128         -11.917           85.171
 9382 (vir)     1          68.494           4.439          -1.249         -12.097           83.781
 9383 (vir)     1          68.531           1.099          -1.246         -11.948           80.332
 9384 (vir)     1          68.537           1.262          -1.238         -11.915           80.477
 9385 (vir)     1          68.549           2.908          -1.687         -12.298           82.067
 9386 (vir)     1          68.573           5.342          -1.206         -11.940           84.648
 9387 (vir)     1          68.576           2.694          -1.403         -12.836           82.702
 9388 (vir)     1          68.624           4.483          -1.251         -12.089           83.945
 9389 (vir)     1          68.686           5.803          -1.119         -11.882           85.252
 9390 (vir)     1          68.728           2.701          -1.421         -12.661           82.669
 9391 (vir)     1          68.729           4.395          -1.253         -12.084           83.955
 9392 (vir)     1          68.781           5.748          -1.119         -11.880           85.290
 9393 (vir)     1          68.807           4.772          -1.255         -12.081           84.405
 9394 (vir)     1          68.844           3.190          -1.802         -12.535           82.766
 9395 (vir)     1          68.851           5.685          -1.159         -11.915           85.292
 9396 (vir)     1          68.854           4.268          -1.256         -12.079           83.945
 9397 (vir)     1          68.892           5.553          -1.117         -11.870           85.199
 9398 (vir)     1          68.931           2.627          -1.419         -12.888           83.027
 9399 (vir)     1          69.061           2.489          -1.489         -12.670           82.731
 9400 (vir)     1          69.226           1.478          -1.346         -11.771           81.130
 9401 (vir)     1          69.245           2.458          -1.853         -12.621           82.470
 9402 (vir)     1          69.292           1.128          -1.315         -11.804           80.909
 9403 (vir)     1          69.324           2.622          -1.428         -12.913           83.431
 9404 (vir)     1          69.427           2.365          -1.495         -12.697           82.994
 9405 (vir)     1          69.594           1.535          -1.265         -11.853           81.717
 9406 (vir)     1          69.637           1.743          -1.518         -12.180           82.042
 9407 (vir)     1          69.668           2.497          -1.557         -12.269           82.877
 9408 (vir)     1          69.745           1.531          -1.290         -11.887           81.873
 9409 (vir)     1          69.750           2.239          -1.436         -12.928           83.482
 9410 (vir)     1          69.805           2.008          -1.483         -12.634           82.963
 9411 (vir)     1          69.884           1.776          -1.341         -11.977           82.296
 9412 (vir)     1          69.987           1.599          -1.599         -12.300           82.287
 9413 (vir)     1          70.056           1.260          -1.423         -12.135           82.028
 9414 (vir)     1          70.167           1.997          -1.369         -12.159           82.954
 9415 (vir)     1          70.210           1.941          -1.495         -12.629           83.286
 9416 (vir)     1          70.219           0.841          -1.395         -12.011           81.676
 9417 (vir)     1          70.219           1.922          -1.361         -11.986           82.767
 9418 (vir)     1          70.231           1.782          -1.400         -12.553           83.166
 9419 (vir)     1          70.446           1.723          -1.385         -12.027           82.811
 9420 (vir)     1          70.462           1.881          -1.748         -12.601           83.197
 9421 (vir)     1          70.599           1.641          -1.487         -12.522           83.276
 9422 (vir)     1          70.697           1.758          -1.448         -12.910           83.918
 9423 (vir)     1          70.711           1.352          -1.489         -12.220           82.794
 9424 (vir)     1          70.863           1.276          -1.629         -12.383           82.892
 9425 (vir)     1          70.939           1.284          -1.497         -12.433           83.160
 9426 (vir)     1          71.007           1.040          -1.298         -12.040           82.789
 9427 (vir)     1          71.073           1.539          -1.625         -12.560           83.547
 9428 (vir)     1          71.099           1.460          -1.350         -11.944           83.152
 9429 (vir)     1          71.178           1.378          -1.439         -12.132           83.248
 9430 (vir)     1          71.200           1.248          -1.446         -12.748           83.750
 9431 (vir)     1          71.335           1.247          -1.643         -12.638           83.577
 9432 (vir)     1          71.425           0.828          -1.470         -12.197           82.980
 9433 (vir)     1          71.466           0.995          -1.416         -12.398           83.443
 9434 (vir)     1          71.481           1.317          -1.645         -12.572           83.724
 9435 (vir)     1          71.546           2.134          -1.362         -12.086           84.404
 9436 (vir)     1          71.636          -0.205          -1.386         -12.223           82.268
 9437 (vir)     1          71.676           0.824          -1.495         -12.272           83.276
 9438 (vir)     1          71.748           1.302          -1.619         -12.625           84.055
 9439 (vir)     1          71.870           1.236          -1.451         -12.949           84.604
 9440 (vir)     1          71.901           1.485          -1.670         -12.563           84.278
 9441 (vir)     1          72.134           1.407          -1.610         -12.571           84.503
 9442 (vir)     1          72.157           0.702          -1.481         -12.332           83.710
 9443 (vir)     1          72.193           1.845          -1.475         -12.284           84.847
 9444 (vir)     1          72.315           1.315          -1.264         -11.764           84.131
 9445 (vir)     1          72.412           1.258          -1.693         -12.551           84.527
 9446 (vir)     1          72.472           1.094          -1.458         -12.983           85.090
 9447 (vir)     1          72.478           1.300          -1.556         -12.499           84.721
 9448 (vir)     1          72.740           0.902          -1.544         -12.417           84.515
 9449 (vir)     1          72.762           1.409          -1.701         -12.527           84.998
 9450 (vir)     1          72.856           0.855          -1.423         -12.106           84.394
 9451 (vir)     1          72.883           1.018          -1.482         -12.170           84.589
 9452 (vir)     1          72.903           0.815          -1.526         -12.279           84.471
 9453 (vir)     1          72.964           1.193          -1.539         -12.324           84.941
 9454 (vir)     1          73.129           0.461          -1.464         -12.996           85.121
 9455 (vir)     1          73.149           1.298          -1.572         -12.380           85.256
 9456 (vir)     1          73.233           0.482          -1.474         -12.307           84.548
 9457 (vir)     1          73.333           0.738          -1.235         -11.736           84.571
 9458 (vir)     1          73.496           1.151          -1.552         -12.384           85.479
 9459 (vir)     1          73.770           2.175          -1.690         -12.625           86.880
 9460 (vir)     1          73.833           0.564          -1.466         -12.996           85.926
 9461 (vir)     1          74.036           0.915          -1.279         -12.196           85.868
 9462 (vir)     1          74.233           1.707          -1.761         -12.705           86.885
 9463 (vir)     1          74.383           1.133          -1.211         -11.733           86.038
 9464 (vir)     1          74.576          -0.572          -1.468         -12.998           85.534
 9465 (vir)     1          74.671           1.477          -1.759         -12.717           87.106
 9466 (vir)     1          74.721           0.378          -1.194         -12.249           86.154
 9467 (vir)     1          75.094           1.487          -1.739         -12.715           87.557
 9468 (vir)     1          75.348          -3.832          -1.469         -13.007           83.054
 9469 (vir)     1          75.403          -0.271          -1.331         -12.449           86.251
 9470 (vir)     1          75.446           1.139          -1.187         -11.735           87.132
 9471 (vir)     1          75.518          -2.341          -1.573         -12.608           84.212
 9472 (vir)     1          75.855           1.409          -1.718         -12.735           88.281
 9473 (vir)     1          76.130           0.608          -1.169         -12.402           87.970
 9474 (vir)     1          76.135           1.025          -1.472         -13.029           88.717
 9475 (vir)     1          76.208           1.414          -1.719         -12.745           88.648
 9476 (vir)     1          76.511           1.140          -1.164         -11.738           88.226
 9477 (vir)     1          76.524           1.388          -1.708         -12.748           88.951
 9478 (vir)     1          76.766           0.943          -1.366         -12.573           88.915
 9479 (vir)     1          76.817           0.554          -1.486         -12.632           88.517
 9480 (vir)     1          76.910           1.968          -1.477         -13.069           90.471
 9481 (vir)     1          77.028           1.367          -1.696         -12.758           89.458
 9482 (vir)     1          77.214           1.374          -1.691         -12.762           89.658
 9483 (vir)     1          77.346           1.359          -1.676         -12.759           89.787
 9484 (vir)     1          77.411           1.257          -1.152         -12.494           90.009
 9485 (vir)     1          77.429           1.302          -1.686         -12.766           89.810
 9486 (vir)     1          77.573           1.098          -1.142         -11.746           89.275
 9487 (vir)     1          77.635           1.961          -1.485         -13.128           91.240
 9488 (vir)     1          77.989           2.122          -1.131         -12.512           91.493
 9489 (vir)     1          78.258           2.422          -1.497         -13.204           92.387
 9490 (vir)     1          78.519           2.190          -1.120         -12.523           92.113
 9491 (vir)     1          78.621           0.951          -1.120         -11.751           90.203
 9492 (vir)     1          78.723           2.434          -1.508         -13.265           92.914
 9493 (vir)     1          78.988           1.838          -1.109         -12.522           92.239
 9494 (vir)     1          79.000           2.426          -1.509         -13.279           93.196
 9495 (vir)     1          79.117           2.058          -1.503         -13.256           92.929
 9496 (vir)     1          79.135           1.996          -1.485         -13.201           92.848
 9497 (vir)     1          79.152           2.377          -1.456         -13.138           93.211
 9498 (vir)     1          79.244           2.299          -1.426         -13.090           93.208
 9499 (vir)     1          79.380           1.591          -1.097         -12.512           92.386
 9500 (vir)     1          79.422           2.203          -1.393         -13.044           93.275
 9501 (vir)     1          79.649           0.766          -1.099         -11.761           91.076
 9502 (vir)     1          79.680           1.556          -1.086         -12.496           92.647
 9503 (vir)     1          79.682           1.703          -1.364         -13.009           93.030
 9504 (vir)     1          79.868           1.295          -1.078         -12.483           92.568
 9505 (vir)     1          80.009           1.561          -1.335         -12.975           93.210
 9506 (vir)     1          80.382           1.864          -1.308         -12.941           93.879
 9507 (vir)     1          80.646           1.030          -1.079         -11.769           92.366
 9508 (vir)     1          80.781           0.112          -1.281         -12.904           92.516
 9509 (vir)     1          81.182          -0.322          -1.254         -12.858           92.465
 9510 (vir)     1          81.416           1.703          -1.380         -12.933           94.672
 9511 (vir)     1          81.422           1.580          -1.397         -12.953           94.557
 9512 (vir)     1          81.559           0.284          -1.218         -12.754           93.379
 9513 (vir)     1          81.569           1.081          -1.364         -12.906           94.192
 9514 (vir)     1          81.577           1.657          -1.419         -12.969           94.785
 9515 (vir)     1          81.606           1.289          -1.067         -11.824           93.651
 9516 (vir)     1          81.845           1.540          -1.437         -12.997           94.945
 9517 (vir)     1          81.856           0.943          -1.346         -12.889           94.342
 9518 (vir)     1          81.887           0.756          -1.196         -12.735           94.182
 9519 (vir)     1          82.117           0.465          -1.169         -12.671           94.085
 9520 (vir)     1          82.216           1.322          -1.453         -13.028           95.113
 9521 (vir)     1          82.267           1.043          -1.332         -12.881           94.859
 9522 (vir)     1          82.510           1.125          -1.044         -11.788           94.380
 9523 (vir)     1          82.673           1.216          -1.466         -13.063           95.485
 9524 (vir)     1          82.770           1.028          -1.322         -12.886           95.362
 9525 (vir)     1          83.147           1.043          -1.303         -12.671           95.558
 9526 (vir)     1          83.153           1.002          -1.307         -12.687           95.536
 9527 (vir)     1          83.203           1.045          -1.477         -13.102           95.874
 9528 (vir)     1          83.326           0.743          -1.316         -12.907           95.660
 9529 (vir)     1          83.363           2.395          -1.031         -11.810           96.537
 9530 (vir)     1          83.797           0.737          -1.485         -13.146           96.195
 9531 (vir)     1          83.898           1.984          -1.312         -12.944           97.514
 9532 (vir)     1          84.109           0.325          -1.298         -12.440           95.577
 9533 (vir)     1          84.132           0.913          -1.286         -12.457           96.215
 9534 (vir)     1          84.137           1.158          -1.017         -11.815           96.093
 9535 (vir)     1          84.446           1.036          -1.492         -13.195           97.185
 9536 (vir)     1          84.454           3.162          -1.311         -12.996           99.300
 9537 (vir)     1          84.474          -0.818          -1.332         -12.570           94.893
 9538 (vir)     1          84.478           2.248          -1.284         -12.568           98.010
 9539 (vir)     1          84.834           1.030          -1.002         -11.820           96.682
 9540 (vir)     1          84.883           1.895          -1.289         -12.691           98.180
 9541 (vir)     1          84.970           2.408          -1.313         -13.059           99.123
 9542 (vir)     1          85.018          -0.848          -1.355         -12.717           95.532
 9543 (vir)     1          85.146           0.919          -1.496         -13.246           97.816
 9544 (vir)     1          85.286           1.629          -1.314         -12.826           98.427
 9545 (vir)     1          85.427           2.251          -1.319         -13.131           99.490
 9546 (vir)     1          85.442           0.822          -0.989         -11.822           97.097
 9547 (vir)     1          85.532           1.886          -1.322         -12.965           99.061
 9548 (vir)     1          85.742           2.804          -1.431         -13.639          100.753
 9549 (vir)     1          85.800           2.050          -1.338         -13.217           99.729
 9550 (vir)     1          85.814           1.169          -1.396         -12.894           98.480
 9551 (vir)     1          85.836           1.387          -1.358         -13.274           99.140
 9552 (vir)     1          85.863           2.665          -1.409         -13.561          100.679
 9553 (vir)     1          85.908           1.070          -1.487         -13.294           98.785
 9554 (vir)     1          85.952           0.862          -0.980         -11.830           97.664
 9555 (vir)     1          86.034           2.597          -1.375         -13.423          100.679
 9556 (vir)     1          86.049           1.231          -1.354         -13.292           99.218
 9557 (vir)     1          86.116           2.078          -1.333         -13.290          100.151
 9558 (vir)     1          86.198           2.139          -1.349         -13.316          100.304
 9559 (vir)     1          86.206           1.463          -1.343         -13.284           99.610
 9560 (vir)     1          86.307           1.820          -1.339         -13.285          100.072
 9561 (vir)     1          86.310           1.480          -1.338         -13.280           99.732
 9562 (vir)     1          86.345           1.975          -1.347         -13.390          100.364
 9563 (vir)     1          86.356           0.753          -0.973         -11.835           97.972
 9564 (vir)     1          86.449           2.093          -1.414         -13.747          100.875
 9565 (vir)     1          86.502           1.952          -1.371         -13.535          100.619
 9566 (vir)     1          86.508           2.033          -1.403         -13.702          100.840
 9567 (vir)     1          86.594           2.020          -1.379         -13.595          100.831
 9568 (vir)     1          86.605           2.004          -1.369         -13.549          100.789
 9569 (vir)     1          86.623           0.882          -1.423         -12.968           99.051
 9570 (vir)     1          86.650           0.725          -0.968         -11.839           98.246
 9571 (vir)     1          86.669           1.997          -1.364         -13.535          100.836
 9572 (vir)     1          86.672           1.978          -1.364         -13.531          100.816
 9573 (vir)     1          86.697           0.800          -1.503         -13.366           99.360
 9574 (vir)     1          86.827           0.764          -0.965         -11.841           98.468
 9575 (vir)     1          87.532           0.858          -1.439         -13.074          100.025
 9576 (vir)     1          87.535           0.786          -1.506         -13.426          100.242
 9577 (vir)     1          88.419           0.725          -1.506         -13.492          101.130
 9578 (vir)     1          88.515           0.833          -1.451         -13.179          101.076
 9579 (vir)     1          89.345           0.675          -1.505         -13.561          102.077
 9580 (vir)     1          89.557           0.758          -1.462         -13.284          102.136
 9581 (vir)     1          90.315           0.666          -1.503         -13.634          103.111
 9582 (vir)     1          90.648           0.573          -1.471         -13.389          103.139
 9583 (vir)     1          91.326           0.635          -1.501         -13.709          104.169
 9584 (vir)     1          91.783           0.630          -1.480         -13.495          104.428
 9585 (vir)     1          92.379           0.605          -1.498         -13.787          105.273
 9586 (vir)     1          92.957           0.557          -1.488         -13.603          105.629
 9587 (vir)     1          93.472           0.562          -1.495         -13.869          106.408
 9588 (vir)     1          94.168           0.551          -1.496         -13.713          106.936
 9589 (vir)     1          94.605           0.518          -1.491         -13.953          107.585
 9590 (vir)     1          95.412           0.530          -1.504         -13.826          108.264
 9591 (vir)     1          95.777           0.502          -1.487         -14.040          108.831
 9592 (vir)     1          96.689           0.514          -1.512         -13.941          109.632
 9593 (vir)     1          96.984           0.470          -1.483         -14.130          110.101
 9594 (vir)     1          97.995           0.501          -1.519         -14.058          111.036
 9595 (vir)     1          98.225           0.268          -1.478         -14.222          111.237
 9596 (vir)     1          99.330           0.486          -1.527         -14.179          112.469
 9597 (vir)     1          99.497           0.427          -1.474         -14.316          112.766
 9598 (vir)     1         100.693           0.444          -1.534         -14.303          113.906
 9599 (vir)     1         100.797           0.382          -1.469         -14.412          114.121
 9600 (vir)     1         102.083           0.444          -1.542         -14.429          115.414
 9601 (vir)     1         102.118           0.421          -1.465         -14.510          115.585
 9602 (vir)     1         103.458           0.337          -1.460         -14.609          116.943
 9603 (vir)     1         103.498           0.426          -1.550         -14.558          116.932
 9604 (vir)     1         104.809           0.118          -1.456         -14.708          118.179
 9605 (vir)     1         104.939           0.414          -1.557         -14.689          118.485
 9606 (vir)     1         106.164           0.296          -1.451         -14.808          119.816
 9607 (vir)     1         106.403           0.394          -1.565         -14.824          120.055
 9608 (vir)     1         107.516           0.593          -1.447         -14.908          121.569
 9609 (vir)     1         107.889           0.390          -1.572         -14.960          121.667
 9610 (vir)     1         108.856           0.354          -1.443         -15.006          122.773
 9611 (vir)     1         109.397           0.373          -1.580         -15.099          123.289
 9612 (vir)     1         110.176           0.220          -1.440         -15.103          124.059
 9613 (vir)     1         110.925           0.363          -1.588         -15.240          124.941
 9614 (vir)     1         111.463           0.282          -1.436         -15.197          125.506
 9615 (vir)     1         112.472           0.352          -1.595         -15.383          126.611
 9616 (vir)     1         112.709           0.262          -1.433         -15.288          126.825
 9617 (vir)     1         113.901           0.249          -1.430         -15.375          128.094
 9618 (vir)     1         114.034           0.346          -1.602         -15.528          128.305
 9619 (vir)     1         115.027           0.269          -1.427         -15.456          129.325
 9620 (vir)     1         115.611           0.331          -1.610         -15.674          130.006
 9621 (vir)     1         116.076           0.263          -1.424         -15.533          130.447
 9622 (vir)     1         117.036           0.277          -1.422         -15.602          131.493
 9623 (vir)     1         117.198           0.327          -1.617         -15.821          131.729
 9624 (vir)     1         117.895           0.307          -1.420         -15.664          132.446
 9625 (vir)     1         118.643           0.265          -1.419         -15.718          133.208
 9626 (vir)     1         118.793           0.314          -1.624         -15.969          133.451
 9627 (vir)     1         119.270           0.272          -1.417         -15.763          133.888
 9628 (vir)     1         119.766           0.273          -1.416         -15.799          134.422
 9629 (vir)     1         120.126           0.286          -1.415         -15.824          134.821
 9630 (vir)     1         120.343           0.266          -1.415         -15.840          135.034
 9631 (vir)     1         120.391           0.313          -1.631         -16.117          135.190
 9632 (vir)     1         121.988           0.301          -1.638         -16.265          136.916
 9633 (vir)     1         123.577           0.312          -1.645         -16.412          138.657
 9634 (vir)     1         125.153           0.317          -1.651         -16.558          140.377
 9635 (vir)     1         126.708           0.279          -1.658         -16.702          142.032
 9636 (vir)     1         128.234           0.237          -1.664         -16.843          143.650
 9637 (vir)     1         129.720           0.306          -1.670         -16.981          145.337
 9638 (vir)     1         131.158           0.283          -1.676         -17.113          146.879
 9639 (vir)     1         132.535           0.304          -1.681         -17.240          148.398
 9640 (vir)     1         133.839           0.326          -1.687         -17.361          149.839
 9641 (vir)     1         135.056           0.302          -1.691         -17.473          151.140
 9642 (vir)     1         136.175           0.331          -1.696         -17.576          152.386
 9643 (vir)     1         137.179           0.325          -1.700         -17.668          153.474
 9644 (vir)     1         138.058           0.295          -1.703         -17.749          154.399
 9645 (vir)     1         138.796           0.281          -1.706         -17.817          155.188
 9646 (vir)     1         139.384           0.265          -1.709         -17.871          155.812
 9647 (vir)     1         139.810           0.257          -1.710         -17.911          156.268
 9648 (vir)     1         140.069           0.264          -1.711         -17.934          156.557
 
