 
  kpoint:       1             coordinate:     0.0000    0.0000    0.0000
 
    n           k   ϵ_nk^DFT (eV)     Σ^c_nk (eV)     Σ^x_nk (eV)    v_nk^xc (eV)   ϵ_nk^G0W0 (eV)
 
    1 (occ)     1        -266.689          -7.012         -91.572         -61.083         -304.191
    2 (occ)     1        -266.689          -7.012         -91.572         -61.083         -304.191
    3 (occ)     1        -266.689          -7.026         -91.574         -61.085         -304.204
    4 (occ)     1        -266.689          -7.026         -91.574         -61.085         -304.204
    5 (occ)     1        -266.663          -7.655         -91.553         -61.073         -304.798
    6 (occ)     1        -266.663          -7.655         -91.553         -61.073         -304.798
    7 (occ)     1        -266.649          -7.853         -91.621         -61.069         -305.054
    8 (occ)     1        -266.649          -7.855         -91.622         -61.071         -305.055
    9 (occ)     1        -266.648          -7.856         -91.623         -61.072         -305.055
   10 (occ)     1        -266.647          -7.858         -91.624         -61.073         -305.056
   11 (occ)     1        -266.647          -7.859         -91.626         -61.076         -305.056
   12 (occ)     1        -266.646          -7.863         -91.618         -61.068         -305.058
   13 (occ)     1        -266.645          -7.858         -91.631         -61.080         -305.054
   14 (occ)     1        -266.645          -7.869         -91.611         -61.063         -305.061
   15 (occ)     1        -266.644          -7.872         -91.610         -61.064         -305.063
   16 (occ)     1        -266.643          -7.867         -91.620         -61.072         -305.058
   17 (occ)     1        -266.643          -7.862         -91.626         -61.077         -305.054
   18 (occ)     1        -266.642          -7.869         -91.620         -61.073         -305.059
   19 (occ)     1        -266.642          -7.877         -91.614         -61.069         -305.065
   20 (occ)     1        -266.641          -7.883         -91.617         -61.073         -305.069
   21 (occ)     1        -266.640          -7.881         -91.614         -61.069         -305.066
   22 (occ)     1        -266.640          -7.882         -91.614         -61.070         -305.066
   23 (occ)     1        -266.638          -7.862         -91.623         -61.076         -305.047
   24 (occ)     1        -266.638          -7.862         -91.623         -61.076         -305.047
   25 (occ)     1        -266.637          -7.871         -91.616         -61.071         -305.054
   26 (occ)     1        -266.637          -7.871         -91.616         -61.071         -305.054
   27 (occ)     1        -266.633          -7.877         -91.610         -61.068         -305.052
   28 (occ)     1        -266.633          -7.877         -91.610         -61.068         -305.052
   29 (occ)     1        -266.632          -7.843         -91.623         -61.074         -305.024
   30 (occ)     1        -266.632          -7.843         -91.623         -61.074         -305.024
   31 (occ)     1        -266.628          -7.901         -91.631         -61.067         -305.093
   32 (occ)     1        -266.628          -7.900         -91.634         -61.070         -305.092
   33 (occ)     1        -266.627          -7.899         -91.636         -61.072         -305.090
   34 (occ)     1        -266.626          -7.897         -91.639         -61.075         -305.087
   35 (occ)     1        -266.626          -7.702         -91.655         -61.082         -304.901
   36 (occ)     1        -266.626          -7.888         -91.638         -61.074         -305.078
   37 (occ)     1        -266.625          -7.715         -91.650         -61.079         -304.912
   38 (occ)     1        -266.625          -7.891         -91.648         -61.083         -305.081
   39 (occ)     1        -266.625          -7.660         -91.657         -61.083         -304.858
   40 (occ)     1        -266.625          -7.722         -91.645         -61.075         -304.916
   41 (occ)     1        -266.625          -7.754         -91.627         -61.063         -304.942
   42 (occ)     1        -266.625          -7.763         -91.636         -61.070         -304.953
   43 (occ)     1        -266.624          -7.697         -91.650         -61.079         -304.893
   44 (occ)     1        -266.624          -7.730         -91.646         -61.077         -304.923
   45 (occ)     1        -266.624          -7.870         -91.614         -61.071         -305.037
   46 (occ)     1        -266.624          -7.870         -91.614         -61.071         -305.037
   47 (occ)     1        -266.624          -7.806         -91.642         -61.078         -304.994
   48 (occ)     1        -266.624          -7.755         -91.640         -61.074         -304.945
   49 (occ)     1        -266.624          -7.808         -91.647         -61.083         -304.996
   50 (occ)     1        -266.623          -7.834         -91.648         -61.081         -305.024
   51 (occ)     1        -266.623          -7.839         -91.647         -61.081         -305.029
   52 (occ)     1        -266.623          -7.855         -91.648         -61.086         -305.040
   53 (occ)     1        -266.623          -7.721         -91.648         -61.078         -304.914
   54 (occ)     1        -266.623          -7.728         -91.647         -61.078         -304.920
   55 (occ)     1        -266.623          -7.866         -91.652         -61.089         -305.051
   56 (occ)     1        -266.622          -7.839         -91.665         -61.098         -305.028
   57 (occ)     1        -266.622          -7.735         -91.652         -61.082         -304.928
   58 (occ)     1        -266.622          -7.740         -91.650         -61.081         -304.931
   59 (occ)     1        -266.621          -7.858         -91.650         -61.088         -305.042
   60 (occ)     1        -266.621          -7.856         -91.656         -61.092         -305.041
   61 (occ)     1        -266.621          -7.742         -91.641         -61.073         -304.931
   62 (occ)     1        -266.621          -7.743         -91.641         -61.073         -304.932
   63 (occ)     1        -266.620          -7.828         -91.651         -61.083         -305.016
   64 (occ)     1        -266.620          -7.829         -91.651         -61.083         -305.016
   65 (occ)     1        -266.620          -7.691         -91.641         -61.077         -304.875
   66 (occ)     1        -266.620          -7.595         -91.564         -61.078         -304.701
   67 (occ)     1        -266.620          -7.595         -91.564         -61.078         -304.701
   68 (occ)     1        -266.619          -7.711         -91.635         -61.072         -304.893
   69 (occ)     1        -266.619          -7.831         -91.666         -61.098         -305.018
   70 (occ)     1        -266.619          -7.831         -91.666         -61.098         -305.018
   71 (occ)     1        -266.619          -7.581         -91.573         -61.081         -304.692
   72 (occ)     1        -266.619          -7.581         -91.573         -61.081         -304.692
   73 (occ)     1        -266.619          -7.722         -91.632         -61.071         -304.902
   74 (occ)     1        -266.619          -7.762         -91.638         -61.073         -304.945
   75 (occ)     1        -266.619          -7.762         -91.638         -61.073         -304.945
   76 (occ)     1        -266.618          -7.759         -91.639         -61.081         -304.936
   77 (occ)     1        -266.618          -7.763         -91.634         -61.077         -304.938
   78 (occ)     1        -266.618          -7.723         -91.632         -61.071         -304.901
   79 (occ)     1        -266.618          -7.716         -91.641         -61.074         -304.902
   80 (occ)     1        -266.618          -7.722         -91.640         -61.073         -304.907
   81 (occ)     1        -266.617          -7.769         -91.632         -61.075         -304.943
   82 (occ)     1        -266.617          -7.746         -91.629         -61.070         -304.922
   83 (occ)     1        -266.617          -7.756         -91.631         -61.074         -304.930
   84 (occ)     1        -266.617          -7.703         -91.631         -61.071         -304.880
   85 (occ)     1        -266.616          -7.805         -91.626         -61.072         -304.976
   86 (occ)     1        -266.616          -7.736         -91.631         -61.073         -304.910
   87 (occ)     1        -266.616          -7.850         -91.624         -61.071         -305.018
   88 (occ)     1        -266.616          -7.842         -91.657         -61.093         -305.022
   89 (occ)     1        -266.615          -7.844         -91.658         -61.093         -305.024
   90 (occ)     1        -266.615          -7.817         -91.633         -61.074         -304.991
   91 (occ)     1        -266.615          -7.832         -91.623         -61.071         -304.999
   92 (occ)     1        -266.615          -7.831         -91.618         -61.066         -304.998
   93 (occ)     1        -266.615          -7.825         -91.643         -61.081         -305.002
   94 (occ)     1        -266.615          -7.790         -91.638         -61.078         -304.965
   95 (occ)     1        -266.615          -7.781         -91.630         -61.074         -304.953
   96 (occ)     1        -266.615          -7.845         -91.621         -61.070         -305.011
   97 (occ)     1        -266.614          -7.798         -91.622         -61.069         -304.966
   98 (occ)     1        -266.614          -7.794         -91.624         -61.071         -304.962
   99 (occ)     1        -266.614          -7.821         -91.623         -61.071         -304.987
  100 (occ)     1        -266.614          -7.843         -91.618         -61.069         -305.006
  101 (occ)     1        -266.614          -7.808         -91.623         -61.071         -304.974
  102 (occ)     1        -266.614          -7.810         -91.623         -61.071         -304.976
  103 (occ)     1        -266.614          -7.741         -91.641         -61.078         -304.918
  104 (occ)     1        -266.614          -7.743         -91.641         -61.078         -304.920
  105 (occ)     1        -266.613          -7.822         -91.623         -61.071         -304.988
  106 (occ)     1        -266.613          -7.822         -91.623         -61.070         -304.988
  107 (occ)     1        -266.613          -7.525         -91.565         -61.067         -304.636
  108 (occ)     1        -266.613          -7.525         -91.565         -61.067         -304.636
  109 (occ)     1        -266.613          -7.834         -91.620         -61.069         -304.998
  110 (occ)     1        -266.613          -7.834         -91.620         -61.069         -304.998
  111 (occ)     1        -266.613          -7.740         -91.632         -61.072         -304.913
  112 (occ)     1        -266.613          -7.740         -91.632         -61.072         -304.913
  113 (occ)     1        -266.612          -7.833         -91.621         -61.068         -304.998
  114 (occ)     1        -266.612          -7.833         -91.621         -61.068         -304.998
  115 (occ)     1        -266.612          -7.559         -91.559         -61.072         -304.658
  116 (occ)     1        -266.612          -7.559         -91.559         -61.072         -304.658
  117 (occ)     1        -266.612          -7.852         -91.619         -61.069         -305.014
  118 (occ)     1        -266.612          -7.852         -91.619         -61.069         -305.014
  119 (occ)     1        -266.611          -7.756         -91.625         -61.069         -304.923
  120 (occ)     1        -266.611          -7.756         -91.625         -61.069         -304.923
  121 (occ)     1        -266.610          -7.775         -91.626         -61.072         -304.938
  122 (occ)     1        -266.610          -7.775         -91.626         -61.072         -304.938
  123 (occ)     1        -266.609          -7.859         -91.644         -61.086         -305.026
  124 (occ)     1        -266.609          -7.859         -91.644         -61.086         -305.026
  125 (occ)     1        -266.609          -7.806         -91.630         -61.082         -304.963
  126 (occ)     1        -266.609          -7.806         -91.630         -61.082         -304.963
  127 (occ)     1        -266.608          -7.842         -91.621         -61.070         -305.001
  128 (occ)     1        -266.608          -7.842         -91.621         -61.070         -305.001
  129 (occ)     1        -266.608          -7.858         -91.619         -61.069         -305.015
  130 (occ)     1        -266.608          -7.858         -91.619         -61.069         -305.015
  131 (occ)     1        -266.607          -7.708         -91.638         -61.078         -304.876
  132 (occ)     1        -266.607          -7.708         -91.638         -61.078         -304.876
  133 (occ)     1        -266.606          -7.674         -91.631         -61.077         -304.835
  134 (occ)     1        -266.606          -7.674         -91.631         -61.077         -304.835
  135 (occ)     1        -266.605          -7.844         -91.621         -61.097         -304.974
  136 (occ)     1        -266.605          -7.844         -91.621         -61.097         -304.974
  137 (occ)     1        -266.605          -7.785         -91.620         -61.071         -304.939
  138 (occ)     1        -266.605          -7.785         -91.620         -61.071         -304.939
  139 (occ)     1        -266.605          -7.789         -91.622         -61.072         -304.944
  140 (occ)     1        -266.605          -7.789         -91.622         -61.072         -304.944
  141 (occ)     1        -266.601          -7.781         -91.619         -61.070         -304.931
  142 (occ)     1        -266.601          -7.781         -91.619         -61.070         -304.931
  143 (occ)     1        -266.601          -7.811         -91.619         -61.071         -304.959
  144 (occ)     1        -266.601          -7.811         -91.619         -61.071         -304.959
  145 (occ)     1        -266.599          -7.804         -91.601         -61.067         -304.937
  146 (occ)     1        -266.599          -7.804         -91.601         -61.067         -304.937
  147 (occ)     1        -266.598          -7.821         -91.608         -61.070         -304.957
  148 (occ)     1        -266.598          -7.821         -91.608         -61.070         -304.957
  149 (occ)     1        -266.594          -7.815         -91.548         -61.069         -304.888
  150 (occ)     1        -266.594          -7.815         -91.548         -61.069         -304.888
  151 (occ)     1        -266.580          -7.561         -91.591         -61.075         -304.658
  152 (occ)     1        -266.580          -7.561         -91.591         -61.075         -304.658
  153 (occ)     1        -266.580          -7.572         -91.592         -61.077         -304.666
  154 (occ)     1        -266.580          -7.572         -91.592         -61.077         -304.666
  155 (occ)     1        -266.387          -8.533         -91.555         -61.085         -305.390
  156 (occ)     1        -266.387          -8.533         -91.555         -61.085         -305.390
  157 (occ)     1        -266.382          -6.218         -91.559         -61.087         -303.072
  158 (occ)     1        -266.382          -6.218         -91.559         -61.087         -303.072
  159 (occ)     1        -266.381          -6.470         -91.564         -61.094         -303.322
  160 (occ)     1        -266.381          -6.470         -91.564         -61.094         -303.322
  161 (occ)     1        -266.346          -6.407         -91.567         -61.092         -303.228
  162 (occ)     1        -266.346          -6.407         -91.567         -61.092         -303.228
  163 (occ)     1        -266.346          -6.407         -91.568         -61.092         -303.228
  164 (occ)     1        -266.346          -6.407         -91.568         -61.092         -303.228
  165 (occ)     1        -266.330          -6.937         -91.644         -61.096         -303.815
  166 (occ)     1        -266.330          -6.937         -91.645         -61.097         -303.815
  167 (occ)     1        -266.330          -6.938         -91.645         -61.097         -303.815
  168 (occ)     1        -266.330          -6.938         -91.646         -61.098         -303.815
  169 (occ)     1        -266.329          -6.938         -91.646         -61.099         -303.815
  170 (occ)     1        -266.329          -6.939         -91.647         -61.099         -303.815
  171 (occ)     1        -266.329          -6.939         -91.649         -61.102         -303.816
  172 (occ)     1        -266.328          -6.939         -91.649         -61.101         -303.815
  173 (occ)     1        -266.328          -6.939         -91.648         -61.101         -303.815
  174 (occ)     1        -266.328          -6.939         -91.648         -61.101         -303.814
  175 (occ)     1        -266.328          -6.939         -91.650         -61.102         -303.815
  176 (occ)     1        -266.328          -6.939         -91.650         -61.102         -303.815
  177 (occ)     1        -266.326          -6.939         -91.648         -61.101         -303.812
  178 (occ)     1        -266.326          -6.939         -91.648         -61.101         -303.812
  179 (occ)     1        -266.326          -6.939         -91.648         -61.101         -303.812
  180 (occ)     1        -266.326          -6.939         -91.648         -61.101         -303.812
  181 (occ)     1        -266.323          -6.938         -91.647         -61.100         -303.808
  182 (occ)     1        -266.323          -6.938         -91.648         -61.100         -303.808
  183 (occ)     1        -266.323          -6.938         -91.648         -61.100         -303.808
  184 (occ)     1        -266.323          -6.938         -91.648         -61.100         -303.808
  185 (occ)     1        -266.322          -6.936         -91.599         -61.063         -303.794
  186 (occ)     1        -266.322          -6.937         -91.601         -61.065         -303.794
  187 (occ)     1        -266.321          -6.937         -91.602         -61.066         -303.794
  188 (occ)     1        -266.321          -6.937         -91.604         -61.069         -303.793
  189 (occ)     1        -266.320          -6.938         -91.606         -61.070         -303.793
  190 (occ)     1        -266.320          -6.937         -91.607         -61.072         -303.792
  191 (occ)     1        -266.319          -6.938         -91.610         -61.075         -303.793
  192 (occ)     1        -266.319          -6.937         -91.612         -61.077         -303.791
  193 (occ)     1        -266.319          -6.938         -91.610         -61.075         -303.792
  194 (occ)     1        -266.319          -6.938         -91.612         -61.077         -303.791
  195 (occ)     1        -266.318          -6.937         -91.611         -61.076         -303.791
  196 (occ)     1        -266.318          -6.937         -91.612         -61.077         -303.790
  197 (occ)     1        -266.317          -6.938         -91.613         -61.077         -303.791
  198 (occ)     1        -266.317          -6.938         -91.613         -61.077         -303.791
  199 (occ)     1        -266.317          -6.937         -91.624         -61.085         -303.793
  200 (occ)     1        -266.317          -6.937         -91.624         -61.085         -303.793
  201 (occ)     1        -266.317          -6.934         -91.640         -61.097         -303.794
  202 (occ)     1        -266.317          -6.934         -91.640         -61.097         -303.794
  203 (occ)     1        -266.317          -6.936         -91.631         -61.091         -303.793
  204 (occ)     1        -266.317          -6.936         -91.631         -61.091         -303.793
  205 (occ)     1        -266.314          -6.937         -91.609         -61.074         -303.786
  206 (occ)     1        -266.314          -6.937         -91.609         -61.074         -303.786
  207 (occ)     1        -266.313          -6.937         -91.610         -61.075         -303.785
  208 (occ)     1        -266.313          -6.937         -91.610         -61.075         -303.785
  209 (occ)     1        -266.308          -6.932         -91.605         -61.073         -303.772
  210 (occ)     1        -266.308          -6.932         -91.605         -61.073         -303.772
  211 (occ)     1        -266.308          -6.931         -91.606         -61.074         -303.771
  212 (occ)     1        -266.308          -6.931         -91.606         -61.074         -303.771
  213 (occ)     1        -266.304          -6.898         -91.623         -61.097         -303.727
  214 (occ)     1        -266.304          -6.898         -91.623         -61.097         -303.727
  215 (occ)     1        -266.304          -6.898         -91.623         -61.098         -303.727
  216 (occ)     1        -266.304          -6.898         -91.623         -61.098         -303.727
  217 (occ)     1        -266.293          -6.913         -91.595         -61.076         -303.725
  218 (occ)     1        -266.293          -6.913         -91.595         -61.076         -303.725
  219 (occ)     1        -266.292          -6.912         -91.596         -61.077         -303.724
  220 (occ)     1        -266.292          -6.912         -91.596         -61.077         -303.724
  221 (occ)     1        -266.217          -6.810         -91.579         -61.087         -303.519
  222 (occ)     1        -266.217          -6.810         -91.579         -61.087         -303.519
  223 (occ)     1        -266.217          -6.810         -91.579         -61.087         -303.519
  224 (occ)     1        -266.217          -6.810         -91.579         -61.087         -303.519
  225 (occ)     1         -23.076           8.366         -26.790         -17.010          -24.490
  226 (occ)     1         -23.056           8.341         -26.783         -17.012          -24.487
  227 (occ)     1         -23.028           8.313         -26.772         -17.013          -24.474
  228 (occ)     1         -22.991           8.284         -26.757         -17.015          -24.449
  229 (occ)     1         -22.944           8.254         -26.738         -17.018          -24.410
  230 (occ)     1         -22.886           8.223         -26.716         -17.022          -24.357
  231 (occ)     1         -22.818           8.189         -26.689         -17.026          -24.293
  232 (occ)     1         -22.739           8.150         -26.659         -17.030          -24.217
  233 (occ)     1         -22.649           8.108         -26.625         -17.035          -24.130
  234 (occ)     1         -22.548           8.062         -26.587         -17.041          -24.031
  235 (occ)     1         -22.437           8.011         -26.545         -17.048          -23.922
  236 (occ)     1         -22.315           7.956         -26.499         -17.055          -23.803
  237 (occ)     1         -22.224           8.024         -26.503         -17.054          -23.649
  238 (occ)     1         -22.203           8.001         -26.497         -17.055          -23.643
  239 (occ)     1         -22.184           7.897         -26.449         -17.063          -23.673
  240 (occ)     1         -22.174           7.976         -26.486         -17.057          -23.627
  241 (occ)     1         -22.135           7.949         -26.471         -17.060          -23.598
  242 (occ)     1         -22.086           7.921         -26.453         -17.063          -23.555
  243 (occ)     1         -22.044           7.833         -26.396         -17.073          -23.534
  244 (occ)     1         -22.027           7.891         -26.430         -17.067          -23.499
  245 (occ)     1         -21.957           7.858         -26.404         -17.071          -23.432
  246 (occ)     1         -21.900           7.769         -26.343         -17.084          -23.389
  247 (occ)     1         -21.878           7.822         -26.374         -17.077          -23.353
  248 (occ)     1         -21.788           7.782         -26.341         -17.083          -23.264
  249 (occ)     1         -21.773           7.740         -26.299         -17.103          -23.229
  250 (occ)     1         -21.688           7.738         -26.304         -17.090          -23.164
  251 (occ)     1         -21.579           7.691         -26.264         -17.098          -23.054
  252 (occ)     1         -21.476           7.648         -26.186         -17.095          -22.919
  253 (occ)     1         -21.462           7.640         -26.220         -17.107          -22.935
  254 (occ)     1         -21.338           7.585         -26.174         -17.118          -22.810
  255 (occ)     1         -21.317           7.546         -26.123         -17.105          -22.788
  256 (occ)     1         -21.213           7.526         -26.128         -17.130          -22.684
  257 (occ)     1         -21.133           7.460         -26.054         -17.119          -22.608
  258 (occ)     1         -21.098           7.472         -26.086         -17.145          -22.566
  259 (occ)     1         -21.028           7.476         -26.059         -17.163          -22.448
  260 (occ)     1         -20.936           7.377         -25.981         -17.133          -22.407
  261 (occ)     1         -20.801           7.387         -25.978         -17.076          -22.316
  262 (occ)     1         -20.782           7.366         -25.972         -17.078          -22.311
  263 (occ)     1         -20.755           7.337         -25.961         -17.082          -22.298
  264 (occ)     1         -20.731           7.297         -25.910         -17.146          -22.197
  265 (occ)     1         -20.719           7.315         -25.949         -17.083          -22.270
  266 (occ)     1         -20.674           7.291         -25.933         -17.089          -22.226
  267 (occ)     1         -20.622           7.262         -25.913         -17.093          -22.180
  268 (occ)     1         -20.560           7.235         -25.891         -17.100          -22.116
  269 (occ)     1         -20.530           7.227         -25.842         -17.166          -21.980
  270 (occ)     1         -20.513           7.319         -25.871         -17.139          -21.925
  271 (occ)     1         -20.494           7.209         -25.867         -17.110          -22.042
  272 (occ)     1         -20.437           7.210         -25.843         -17.136          -21.934
  273 (occ)     1         -20.375           7.236         -25.820         -17.154          -21.806
  274 (occ)     1         -20.321           7.023         -25.785         -17.112          -21.972
  275 (occ)     1         -20.317           6.988         -25.765         -17.127          -21.968
  276 (occ)     1         -20.204           7.153         -25.757         -17.169          -21.639
  277 (occ)     1         -20.115           7.107         -25.730         -17.155          -21.582
  278 (occ)     1         -20.082           7.062         -25.720         -17.149          -21.591
  279 (occ)     1         -20.015           7.072         -25.688         -17.184          -21.447
  280 (occ)     1         -19.963           6.998         -25.682         -17.157          -21.490
  281 (occ)     1         -19.958           7.027         -25.663         -17.189          -21.404
  282 (occ)     1         -19.846           6.945         -25.638         -17.172          -21.367
  283 (occ)     1         -19.813           6.989         -25.615         -17.201          -21.240
  284 (occ)     1         -19.784           6.935         -25.616         -17.189          -21.276
  285 (occ)     1         -19.706           6.921         -25.593         -17.193          -21.184
  286 (occ)     1         -19.694           6.903         -25.569         -17.220          -21.140
  287 (occ)     1         -19.603           6.904         -25.540         -17.217          -21.022
  288 (occ)     1         -19.461           6.830         -25.495         -17.262          -20.865
  289 (occ)     1         -19.387           6.818         -25.464         -17.232          -20.801
  290 (occ)     1         -19.205           6.740         -25.430         -17.299          -20.596
  291 (occ)     1         -19.176           6.729         -25.389         -17.241          -20.595
  292 (occ)     1         -19.062           6.769         -25.509         -17.289          -20.514
  293 (occ)     1         -19.011           6.623         -25.342         -17.124          -20.606
  294 (occ)     1         -19.002           6.634         -25.331         -17.221          -20.478
  295 (occ)     1         -18.996           6.605         -25.342         -17.128          -20.604
  296 (occ)     1         -18.976           6.592         -25.340         -17.138          -20.587
  297 (occ)     1         -18.975           6.680         -25.445         -17.309          -20.431
  298 (occ)     1         -18.954           6.566         -25.337         -17.146          -20.579
  299 (occ)     1         -18.931           6.572         -25.335         -17.162          -20.532
  300 (occ)     1         -18.928           6.589         -25.327         -17.185          -20.481
  301 (occ)     1         -18.919           6.665         -25.401         -17.337          -20.319
  302 (occ)     1         -18.821           6.622         -25.429         -17.319          -20.309
  303 (occ)     1         -18.692           6.352         -25.370         -17.261          -20.450
  304 (occ)     1         -18.690           6.355         -25.376         -17.258          -20.453
  305 (occ)     1         -18.662           6.565         -25.339         -17.403          -20.033
  306 (occ)     1         -18.655           6.555         -25.389         -17.345          -20.145
  307 (occ)     1         -18.586           6.509         -25.382         -17.314          -20.146
  308 (occ)     1         -18.559           6.469         -25.398         -17.328          -20.161
  309 (occ)     1         -18.491           6.492         -25.323         -17.353          -19.970
  310 (occ)     1         -18.486           6.420         -25.444         -17.369          -20.140
  311 (occ)     1         -18.476           6.488         -25.352         -17.378          -19.962
  312 (occ)     1         -18.416           6.394         -25.471         -17.413          -20.080
  313 (occ)     1         -18.403           6.484         -25.331         -17.473          -19.777
  314 (occ)     1         -18.363           6.387         -25.511         -17.456          -20.031
  315 (occ)     1         -18.305           6.369         -25.571         -17.509          -19.998
  316 (occ)     1         -18.288           6.424         -25.298         -17.421          -19.741
  317 (occ)     1         -18.287           6.423         -25.324         -17.424          -19.764
  318 (occ)     1         -18.259           6.365         -25.541         -17.523          -19.911
  319 (occ)     1         -18.243           6.405         -25.642         -17.576          -19.904
  320 (occ)     1         -18.164           6.414         -25.351         -17.542          -19.558
  321 (occ)     1         -18.093           6.368         -25.334         -17.506          -19.552
  322 (occ)     1         -18.048           6.338         -25.142         -17.430          -19.422
  323 (occ)     1         -17.964           6.386         -25.443         -17.668          -19.353
  324 (occ)     1         -17.916           6.316         -25.345         -17.564          -19.382
  325 (occ)     1         -17.801           6.255         -25.095         -17.481          -19.160
  326 (occ)     1         -17.750           6.223         -25.224         -17.505          -19.246
  327 (occ)     1         -17.583           6.162         -25.182         -17.520          -19.083
  328 (occ)     1         -17.558           6.177         -25.078         -17.549          -18.911
  329 (occ)     1         -17.436           6.102         -25.116         -17.511          -18.939
  330 (occ)     1         -17.337           6.120         -25.106         -17.641          -18.682
  331 (occ)     1         -17.315           6.048         -25.025         -17.473          -18.819
  332 (occ)     1         -17.227           6.002         -24.903         -17.404          -18.724
  333 (occ)     1         -17.174           6.110         -25.175         -17.747          -18.492
  334 (occ)     1         -17.174           5.973         -24.778         -17.327          -18.653
  335 (occ)     1         -17.155           5.964         -24.646         -17.246          -18.591
  336 (occ)     1         -16.795           5.541         -24.352         -17.086          -18.520
  337 (occ)     1         -16.793           5.531         -24.390         -17.100          -18.553
  338 (occ)     1         -16.679           5.804         -23.294         -16.772          -17.396
  339 (occ)     1         -16.519           5.708         -23.257         -16.788          -17.281
  340 (occ)     1         -16.485           5.634         -22.911         -16.374          -17.388
  341 (occ)     1         -16.423           5.595         -22.936         -16.410          -17.353
  342 (occ)     1         -16.330           5.553         -22.967         -16.463          -17.280
  343 (occ)     1         -16.285           5.617         -23.259         -16.851          -17.076
  344 (occ)     1         -16.210           5.510         -22.997         -16.525          -17.172
  345 (occ)     1         -16.190           5.720         -23.806         -17.213          -17.063
  346 (occ)     1         -16.089           5.505         -23.269         -16.699          -17.155
  347 (occ)     1         -16.088           5.504         -23.259         -16.692          -17.150
  348 (occ)     1         -16.068           5.466         -23.025         -16.593          -17.033
  349 (occ)     1         -16.051           5.490         -23.357         -16.785          -17.132
  350 (occ)     1         -16.044           5.477         -23.277         -16.721          -17.123
  351 (occ)     1         -16.021           5.621         -23.826         -17.259          -16.967
  352 (occ)     1         -16.021           5.511         -23.317         -16.892          -16.935
  353 (occ)     1         -15.994           5.468         -23.447         -16.872          -17.100
  354 (occ)     1         -15.970           5.413         -23.140         -16.684          -17.013
  355 (occ)     1         -15.909           5.389         -23.196         -16.719          -16.996
  356 (occ)     1         -15.907           5.422         -23.050         -16.667          -16.869
  357 (occ)     1         -15.899           5.522         -23.712         -17.148          -16.940
  358 (occ)     1         -15.842           5.529         -23.985         -17.333          -16.964
  359 (occ)     1         -15.833           5.360         -23.183         -16.746          -16.910
  360 (occ)     1         -15.805           5.523         -23.788         -17.286          -16.783
  361 (occ)     1         -15.789           5.565         -24.219         -17.521          -16.922
  362 (occ)     1         -15.757           5.317         -23.079         -16.710          -16.809
  363 (occ)     1         -15.731           5.383         -23.104         -16.768          -16.685
  364 (occ)     1         -15.687           5.301         -23.006         -16.697          -16.695
  365 (occ)     1         -15.664           5.435         -23.220         -17.009          -16.440
  366 (occ)     1         -15.628           5.304         -22.971         -16.716          -16.579
  367 (occ)     1         -15.595           5.333         -22.949         -16.719          -16.492
  368 (occ)     1         -15.583           5.399         -23.497         -17.134          -16.546
  369 (occ)     1         -15.533           5.380         -23.374         -17.041          -16.486
  370 (occ)     1         -15.391           5.317         -23.264         -17.027          -16.310
  371 (occ)     1         -15.328           5.335         -23.129         -17.063          -16.059
  372 (occ)     1         -15.314           5.365         -23.548         -17.259          -16.238
  373 (occ)     1         -15.235           5.325         -23.321         -17.142          -16.088
  374 (occ)     1         -14.978           5.229         -23.031         -17.109          -15.670
  375 (occ)     1         -14.971           5.061         -23.281         -17.084          -16.107
  376 (occ)     1         -14.941           5.044         -23.123         -17.004          -16.016
  377 (occ)     1         -14.687           5.107         -23.305         -17.168          -15.716
  378 (occ)     1         -14.661           5.070         -23.055         -17.026          -15.620
  379 (occ)     1         -14.619           5.120         -22.921         -17.150          -15.270
  380 (occ)     1         -14.509           5.024         -23.264         -17.192          -15.557
  381 (occ)     1         -14.489           5.001         -23.013         -17.061          -15.441
  382 (occ)     1         -14.483           4.902         -22.533         -16.468          -15.645
  383 (occ)     1         -14.407           4.858         -22.514         -16.494          -15.569
  384 (occ)     1         -14.321           4.953         -23.034         -17.128          -15.274
  385 (occ)     1         -14.320           4.944         -23.109         -17.132          -15.353
  386 (occ)     1         -14.302           4.819         -22.495         -16.550          -15.429
  387 (occ)     1         -14.255           5.002         -22.792         -17.167          -14.878
  388 (occ)     1         -14.175           4.926         -23.110         -17.217          -15.142
  389 (occ)     1         -14.167           4.768         -22.448         -16.565          -15.283
  390 (occ)     1         -14.142           4.869         -22.917         -17.044          -15.146
  391 (occ)     1         -14.074           4.935         -23.244         -17.329          -15.053
  392 (occ)     1         -14.017           4.727         -22.413         -16.613          -15.090
  393 (occ)     1         -13.977           4.799         -22.718         -16.952          -14.944
  394 (occ)     1         -13.912           4.905         -22.695         -17.210          -14.493
  395 (occ)     1         -13.854           4.657         -22.336         -16.641          -14.892
  396 (occ)     1         -13.826           4.739         -22.532         -16.873          -14.746
  397 (occ)     1         -13.734           4.676         -22.328         -16.782          -14.603
  398 (occ)     1         -13.692           4.659         -21.661         -16.326          -14.367
  399 (occ)     1         -13.686           4.646         -21.220         -16.043          -14.217
  400 (occ)     1         -13.643           4.744         -20.602         -15.852          -13.649
  401 (occ)     1         -13.624           4.567         -20.581         -15.604          -14.035
  402 (occ)     1         -13.570           4.656         -22.207         -16.756          -14.365
  403 (occ)     1         -13.551           4.679         -20.644         -15.907          -13.609
  404 (occ)     1         -13.543           4.519         -20.568         -15.608          -13.984
  405 (occ)     1         -13.476           4.643         -22.113         -16.745          -14.201
  406 (occ)     1         -13.448           4.478         -20.551         -15.626          -13.894
  407 (occ)     1         -13.447           4.683         -21.962         -16.744          -13.983
  408 (occ)     1         -13.441           4.594         -22.143         -16.665          -14.325
  409 (occ)     1         -13.418           4.656         -22.026         -16.725          -14.063
  410 (occ)     1         -13.394           4.644         -21.083         -16.255          -13.579
  411 (occ)     1         -13.334           4.429         -20.438         -15.591          -13.752
  412 (occ)     1         -13.252           4.519         -22.110         -16.701          -14.142
  413 (occ)     1         -13.233           4.543         -20.905         -16.165          -13.430
  414 (occ)     1         -13.201           4.391         -20.382         -15.608          -13.583
  415 (occ)     1         -13.108           4.585         -22.081         -16.919          -13.686
  416 (occ)     1         -13.043           4.357         -20.357         -15.663          -13.381
  417 (occ)     1         -13.042           4.516         -22.140         -16.902          -13.763
  418 (occ)     1         -13.015           4.471         -20.868         -16.212          -13.200
  419 (occ)     1         -12.901           4.408         -22.001         -16.738          -13.756
  420 (occ)     1         -12.858           4.323         -20.368         -15.756          -13.146
  421 (occ)     1         -12.811           4.367         -21.234         -16.390          -13.288
  422 (occ)     1         -12.707           4.537         -22.126         -17.194          -13.102
  423 (occ)     1         -12.650           4.427         -21.607         -16.741          -13.089
  424 (occ)     1         -12.646           4.288         -20.414         -15.886          -12.886
  425 (occ)     1         -12.539           4.358         -21.527         -16.674          -13.033
  426 (occ)     1         -12.457           4.358         -21.271         -16.644          -12.726
  427 (occ)     1         -12.412           4.249         -20.492         -16.044          -12.610
  428 (occ)     1         -12.374           4.375         -21.830         -16.991          -12.839
  429 (occ)     1         -12.328           4.349         -21.939         -17.055          -12.863
  430 (occ)     1         -12.220           4.204         -21.590         -16.379          -13.227
  431 (occ)     1         -12.216           4.311         -20.965         -16.591          -12.281
  432 (occ)     1         -12.205           4.239         -21.774         -16.837          -12.903
  433 (occ)     1         -12.171           4.213         -20.639         -16.245          -12.351
  434 (occ)     1         -12.148           4.161         -21.552         -16.407          -13.132
  435 (occ)     1         -12.089           4.215         -21.914         -16.937          -12.851
  436 (occ)     1         -12.083           4.278         -20.412         -16.123          -12.093
  437 (occ)     1         -12.049           4.136         -21.488         -16.450          -12.951
  438 (occ)     1         -12.009           4.314         -21.511         -17.022          -12.184
  439 (occ)     1         -11.996           4.219         -20.604         -16.268          -12.114
  440 (occ)     1         -11.987           4.199         -21.029         -16.468          -12.349
  441 (occ)     1         -11.958           4.174         -20.805         -16.322          -12.267
  442 (occ)     1         -11.930           4.212         -20.896         -16.536          -12.078
  443 (occ)     1         -11.881           4.070         -20.585         -16.044          -12.353
  444 (occ)     1         -11.865           4.175         -20.504         -16.287          -11.907
  445 (occ)     1         -11.858           3.929         -20.998         -16.200          -12.727
  446 (occ)     1         -11.819           3.961         -21.160         -16.344          -12.674
  447 (occ)     1         -11.811           4.028         -20.513         -15.981          -12.314
  448 (occ)     1         -11.751           4.010         -20.462         -15.975          -12.229
  449 (occ)     1         -11.705           4.134         -20.546         -16.394          -11.722
  450 (occ)     1         -11.700           4.195         -21.041         -16.798          -11.748
  451 (occ)     1         -11.679           3.956         -20.319         -15.840          -12.202
  452 (occ)     1         -11.649           4.209         -21.388         -16.987          -11.842
  453 (occ)     1         -11.600           3.952         -20.320         -15.911          -12.058
  454 (occ)     1         -11.530           3.907         -20.197         -15.806          -12.014
  455 (occ)     1         -11.523           4.093         -20.579         -16.497          -11.512
  456 (occ)     1         -11.441           3.980         -20.845         -16.286          -12.020
  457 (occ)     1         -11.440           3.870         -20.132         -15.782          -11.920
  458 (occ)     1         -11.425           4.110         -20.671         -16.652          -11.334
  459 (occ)     1         -11.415           4.023         -20.603         -16.271          -11.725
  460 (occ)     1         -11.340           3.849         -20.152         -15.878          -11.765
  461 (occ)     1         -11.330           4.048         -20.598         -16.588          -11.291
  462 (occ)     1         -11.289           3.908         -20.852         -16.360          -11.873
  463 (occ)     1         -11.256           3.862         -20.094         -15.874          -11.615
  464 (occ)     1         -11.194           3.941         -20.689         -16.393          -11.549
  465 (occ)     1         -11.167           4.030         -20.675         -16.771          -11.041
  466 (occ)     1         -11.153           3.842         -20.471         -16.195          -11.587
  467 (occ)     1         -11.135           3.993         -20.610         -16.648          -11.105
  468 (occ)     1         -11.133           3.998         -20.829         -16.672          -11.292
  469 (occ)     1         -11.113           3.403         -17.163         -13.511          -11.361
  470 (occ)     1         -11.113           3.403         -17.163         -13.511          -11.361
  471 (occ)     1         -11.108           3.887         -20.646         -16.419          -11.448
  472 (occ)     1         -11.030           3.747         -20.049         -15.872          -11.459
  473 (occ)     1         -11.011           3.962         -20.918         -16.810          -11.158
  474 (occ)     1         -10.991           3.834         -20.857         -16.487          -11.527
  475 (occ)     1         -10.975           3.949         -20.463         -16.571          -10.919
  476 (occ)     1         -10.952           4.048         -16.552         -13.229          -10.227
  477 (occ)     1         -10.944           3.911         -20.629         -16.694          -10.969
  478 (occ)     1         -10.922           4.017         -16.549         -13.237          -10.218
  479 (occ)     1         -10.903           3.969         -20.628         -16.632          -10.930
  480 (occ)     1         -10.895           3.927         -20.420         -16.486          -10.903
  481 (occ)     1         -10.878           3.976         -16.542         -13.248          -10.195
  482 (occ)     1         -10.865           3.925         -20.400         -16.551          -10.789
  483 (occ)     1         -10.855           3.819         -20.347         -16.394          -10.989
  484 (occ)     1         -10.818           3.939         -16.527         -13.260          -10.145
  485 (occ)     1         -10.792           3.904         -20.850         -16.693          -11.045
  486 (occ)     1         -10.743           3.898         -16.505         -13.273          -10.077
  487 (occ)     1         -10.727           3.972         -20.639         -16.872          -10.522
  488 (occ)     1         -10.655           3.858         -16.476         -13.286           -9.987
  489 (occ)     1         -10.648           3.860         -20.776         -16.719          -10.845
  490 (occ)     1         -10.641           3.866         -20.452         -16.716          -10.510
  491 (occ)     1         -10.597           3.891         -20.391         -16.658          -10.439
  492 (occ)     1         -10.554           3.917         -20.613         -16.877          -10.373
  493 (occ)     1         -10.552           3.815         -16.441         -13.300           -9.878
  494 (occ)     1         -10.528           3.905         -20.579         -16.821          -10.381
  495 (occ)     1         -10.488           3.926         -20.451         -16.709          -10.304
  496 (occ)     1         -10.478           3.964         -20.268         -16.616          -10.167
  497 (occ)     1         -10.474           3.946         -20.316         -16.651          -10.193
  498 (occ)     1         -10.440           3.868         -20.487         -16.902          -10.157
  499 (occ)     1         -10.436           3.770         -16.402         -13.315           -9.753
  500 (occ)     1         -10.384           3.889         -20.532         -16.962          -10.065
  501 (occ)     1         -10.362           3.927         -20.321         -16.729          -10.026
  502 (occ)     1         -10.328           3.844         -20.273         -16.694          -10.063
  503 (occ)     1         -10.307           3.725         -16.357         -13.331           -9.609
  504 (occ)     1         -10.296           3.670         -20.374         -16.620          -10.380
  505 (occ)     1         -10.263           3.684         -20.308         -16.607          -10.280
  506 (occ)     1         -10.255           3.760         -20.375         -16.587          -10.283
  507 (occ)     1         -10.254           3.749         -20.278         -16.745          -10.039
  508 (occ)     1         -10.218           3.848         -20.512         -16.992           -9.889
  509 (occ)     1         -10.180           3.897         -20.421         -17.018           -9.686
  510 (occ)     1         -10.167           3.835         -19.959         -16.354           -9.936
  511 (occ)     1         -10.165           3.674         -16.306         -13.348           -9.449
  512 (occ)     1         -10.129           3.730         -20.180         -16.329          -10.251
  513 (occ)     1         -10.125           3.718         -20.310         -16.391          -10.326
  514 (occ)     1         -10.114           3.772         -19.994         -16.380           -9.956
  515 (occ)     1         -10.103           3.846         -20.518         -17.045           -9.730
  516 (occ)     1         -10.102           3.844         -20.340         -16.933           -9.666
  517 (occ)     1         -10.084           3.722         -20.469         -16.629          -10.201
  518 (occ)     1         -10.074           3.700         -20.145         -16.377          -10.141
  519 (occ)     1         -10.052           3.669         -20.467         -16.513          -10.338
  520 (occ)     1         -10.035           3.731         -19.993         -16.425           -9.871
  521 (occ)     1         -10.017           3.802         -20.489         -17.034           -9.670
  522 (occ)     1         -10.010           3.627         -16.250         -13.366           -9.266
  523 (occ)     1         -10.004           3.689         -20.112         -16.443           -9.984
  524 (occ)     1         -10.001           3.834         -20.448         -17.048           -9.567
  525 (occ)     1          -9.975           3.608         -20.613         -16.595          -10.385
  526 (occ)     1          -9.955           3.706         -16.109         -13.270           -9.088
  527 (occ)     1          -9.940           3.694         -20.028         -16.495           -9.779
  528 (occ)     1          -9.931           3.675         -16.102         -13.272           -9.086
  529 (occ)     1          -9.931           3.594         -20.704         -16.577          -10.463
  530 (occ)     1          -9.926           3.673         -20.027         -16.434           -9.846
  531 (occ)     1          -9.896           3.646         -16.090         -13.276           -9.064
  532 (occ)     1          -9.896           3.635         -20.351         -16.522          -10.089
  533 (occ)     1          -9.849           3.618         -16.073         -13.281           -9.023
  534 (occ)     1          -9.842           3.567         -16.188         -13.386           -9.077
  535 (occ)     1          -9.835           3.663         -20.078         -16.569           -9.681
  536 (occ)     1          -9.834           3.662         -19.975         -16.468           -9.679
  537 (occ)     1          -9.790           3.586         -16.050         -13.287           -8.967
  538 (occ)     1          -9.744           3.606         -20.092         -16.553           -9.677
  539 (occ)     1          -9.731           3.639         -19.952         -16.509           -9.535
  540 (occ)     1          -9.718           3.559         -16.022         -13.295           -8.886
  541 (occ)     1          -9.713           3.592         -20.165         -16.490           -9.795
  542 (occ)     1          -9.687           3.633         -20.262         -16.723           -9.592
  543 (occ)     1          -9.677           3.617         -20.239         -16.678           -9.622
  544 (occ)     1          -9.662           3.512         -16.120         -13.408           -8.863
  545 (occ)     1          -9.644           3.550         -19.896         -16.334           -9.656
  546 (occ)     1          -9.643           3.548         -19.697         -16.077           -9.714
  547 (occ)     1          -9.634           3.523         -15.989         -13.304           -8.795
  548 (occ)     1          -9.620           3.612         -19.936         -16.556           -9.388
  549 (occ)     1          -9.590           3.587         -20.212         -16.718           -9.498
  550 (occ)     1          -9.577           3.538         -20.125         -16.616           -9.549
  551 (occ)     1          -9.564           3.587         -20.135         -16.748           -9.364
  552 (occ)     1          -9.546           3.544         -20.058         -16.497           -9.562
  553 (occ)     1          -9.536           3.488         -15.951         -13.315           -8.684
  554 (occ)     1          -9.532           3.526         -19.831         -16.281           -9.556
  555 (occ)     1          -9.512           3.585         -20.162         -16.785           -9.305
  556 (occ)     1          -9.503           3.581         -19.924         -16.608           -9.239
  557 (occ)     1          -9.503           3.553         -20.163         -16.743           -9.369
  558 (occ)     1          -9.469           3.453         -16.045         -13.430           -8.631
  559 (occ)     1          -9.454           3.552         -20.029         -16.628           -9.302
  560 (occ)     1          -9.427           3.544         -20.044         -16.675           -9.252
  561 (occ)     1          -9.427           3.451         -15.908         -13.327           -8.556
  562 (occ)     1          -9.406           3.448         -19.914         -16.476           -9.396
  563 (occ)     1          -9.365           3.501         -19.867         -16.440           -9.290
  564 (occ)     1          -9.363           3.620         -20.079         -16.919           -8.902
  565 (occ)     1          -9.344           3.549         -20.091         -16.700           -9.185
  566 (occ)     1          -9.305           3.408         -15.860         -13.341           -8.416
  567 (occ)     1          -9.271           3.565         -19.971         -16.839           -8.838
  568 (occ)     1          -9.237           3.346         -15.979         -13.465           -8.405
  569 (occ)     1          -9.230           3.399         -19.665         -16.164           -9.332
  570 (occ)     1          -9.212           3.456         -19.981         -16.471           -9.265
  571 (occ)     1          -9.193           3.603         -20.006         -16.942           -8.655
  572 (occ)     1          -9.177           3.462         -20.016         -16.781           -8.950
  573 (occ)     1          -9.171           3.363         -15.809         -13.357           -8.260
  574 (occ)     1          -9.084           3.270         -15.943         -13.491           -8.265
  575 (occ)     1          -9.031           3.348         -19.640         -16.241           -9.082
  576 (occ)     1          -9.029           3.370         -19.894         -16.389           -9.164
  577 (occ)     1          -9.025           3.308         -15.756         -13.374           -8.099
  578 (occ)     1          -8.983           3.402         -19.962         -16.809           -8.733
  579 (occ)     1          -8.870           3.251         -15.701         -13.393           -7.926
  580 (occ)     1          -8.847           3.208         -15.815         -13.507           -7.946
  581 (occ)     1          -8.840           3.294         -19.812         -16.360           -8.997
  582 (occ)     1          -8.809           3.352         -19.917         -16.841           -8.533
  583 (occ)     1          -8.807           3.311         -19.684         -16.423           -8.757
  584 (occ)     1          -8.706           3.185         -15.645         -13.413           -7.754
  585 (occ)     1          -8.701           3.353         -19.513         -16.381           -8.479
  586 (occ)     1          -8.660           3.309         -19.878         -16.869           -8.360
  587 (occ)     1          -8.657           3.226         -19.733         -16.366           -8.798
  588 (occ)     1          -8.616           3.108         -15.720         -13.532           -7.697
  589 (occ)     1          -8.584           3.301         -19.537         -16.489           -8.332
  590 (occ)     1          -8.581           3.261         -19.745         -16.541           -8.523
  591 (occ)     1          -8.543           3.120         -15.597         -13.435           -7.585
  592 (occ)     1          -8.540           3.276         -19.844         -16.895           -8.213
  593 (occ)     1          -8.476           3.178         -19.666         -16.462           -8.502
  594 (occ)     1          -8.448           3.251         -19.813         -16.914           -8.097
  595 (occ)     1          -8.440           3.258         -19.543         -16.579           -8.146
  596 (occ)     1          -8.415           3.106         -15.566         -13.462           -7.413
  597 (occ)     1          -8.391           3.172         -19.743         -16.461           -8.501
  598 (occ)     1          -8.388           2.993         -15.612         -13.536           -7.471
  599 (occ)     1          -8.385           3.238         -19.759         -16.907           -7.998
  600 (occ)     1          -8.379           3.346         -19.685         -16.908           -7.810
  601 (occ)     1          -8.362           3.301         -19.674         -16.900           -7.834
  602 (occ)     1          -8.359           3.028         -15.415         -13.370           -7.376
  603 (occ)     1          -8.345           3.246         -19.770         -16.949           -7.919
  604 (occ)     1          -8.343           3.284         -19.705         -16.933           -7.831
  605 (occ)     1          -8.338           2.991         -15.407         -13.370           -7.384
  606 (occ)     1          -8.331           3.262         -19.725         -16.943           -7.850
  607 (occ)     1          -8.329           3.246         -19.745         -16.946           -7.883
  608 (occ)     1          -8.304           2.964         -15.400         -13.383           -7.358
  609 (occ)     1          -8.282           3.217         -19.538         -16.652           -7.951
  610 (occ)     1          -8.276           3.175         -19.666         -16.731           -8.036
  611 (occ)     1          -8.268           2.924         -15.390         -13.387           -7.348
  612 (occ)     1          -8.249           3.105         -19.701         -16.414           -8.432
  613 (occ)     1          -8.210           2.895         -15.366         -13.399           -7.282
  614 (occ)     1          -8.181           2.879         -15.431         -13.466           -7.267
  615 (occ)     1          -8.140           3.067         -19.678         -16.425           -8.326
  616 (occ)     1          -8.118           3.176         -19.527         -16.715           -7.754
  617 (occ)     1          -8.116           2.877         -15.409         -13.494           -7.154
  618 (occ)     1          -8.082           2.819         -15.322         -13.424           -7.161
  619 (occ)     1          -8.081           3.107         -19.691         -16.574           -8.090
  620 (occ)     1          -8.038           3.104         -19.677         -16.817           -7.794
  621 (occ)     1          -8.026           3.083         -19.674         -16.432           -8.186
  622 (occ)     1          -8.015           2.858         -15.283         -13.518           -6.922
  623 (occ)     1          -7.986           2.786         -15.293         -13.452           -7.041
  624 (occ)     1          -7.952           3.133         -19.513         -16.772           -7.559
  625 (occ)     1          -7.951           2.776         -15.346         -13.500           -7.021
  626 (occ)     1          -7.876           2.800         -15.306         -13.520           -6.862
  627 (occ)     1          -7.847           2.761         -15.272         -13.488           -6.870
  628 (occ)     1          -7.836           3.117         -19.703         -17.113           -7.309
  629 (occ)     1          -7.831           2.750         -15.222         -13.536           -6.767
  630 (occ)     1          -7.786           3.091         -19.499         -16.824           -7.370
  631 (occ)     1          -7.642           3.085         -19.701         -17.225           -7.033
  632 (occ)     1          -7.625           3.050         -19.486         -16.874           -7.188
  633 (occ)     1          -7.618           2.637         -15.133         -13.562           -6.553
  634 (occ)     1          -7.611           2.545         -15.100         -13.557           -6.609
  635 (occ)     1          -7.593           2.554         -15.124         -13.574           -6.589
  636 (occ)     1          -7.471           3.056         -19.690         -17.312           -6.794
  637 (occ)     1          -7.470           3.010         -19.476         -16.921           -7.016
  638 (occ)     1          -7.456           2.471         -15.079         -13.612           -6.451
  639 (occ)     1          -7.434           2.457         -15.048         -13.570           -6.455
  640 (occ)     1          -7.390           2.514         -15.029         -13.592           -6.313
  641 (occ)     1          -7.327           3.032         -19.676         -17.382           -6.589
  642 (occ)     1          -7.324           2.974         -19.470         -16.967           -6.854
  643 (occ)     1          -7.273           2.361         -14.970         -13.590           -6.292
  644 (occ)     1          -7.261           2.399         -15.031         -13.652           -6.241
  645 (occ)     1          -7.210           3.015         -19.661         -17.436           -6.419
  646 (occ)     1          -7.191           2.942         -19.468         -17.011           -6.706
  647 (occ)     1          -7.152           2.382         -14.913         -13.625           -6.058
  648 (occ)     1          -7.121           3.008         -19.646         -17.476           -6.282
  649 (occ)     1          -7.102           2.255         -14.908         -13.648           -6.107
  650 (occ)     1          -7.092           2.341         -14.937         -13.609           -6.078
  651 (occ)     1          -7.072           2.916         -19.469         -17.052           -6.573
  652 (occ)     1          -7.060           3.012         -19.634         -17.504           -6.179
  653 (occ)     1          -7.028           3.039         -19.628         -17.521           -6.095
  654 (occ)     1          -6.970           2.896         -19.474         -17.089           -6.458
  655 (occ)     1          -6.924           2.183         -14.890         -13.760           -5.872
  656 (occ)     1          -6.905           2.243         -14.787         -13.658           -5.791
  657 (occ)     1          -6.888           2.885         -19.480         -17.121           -6.362
  658 (occ)     1          -6.830           2.886         -19.487         -17.146           -6.285
  659 (occ)     1          -6.798           2.912         -19.492         -17.161           -6.217
  660 (occ)     1          -6.732           2.104         -14.818         -13.819           -5.627
  661 (occ)     1          -6.654           2.103         -14.655         -13.687           -5.519
  662 (occ)     1          -6.620           2.068         -14.700         -13.800           -5.450
  663 (occ)     1          -6.561           2.004         -14.703         -13.804           -5.455
  664 (occ)     1          -6.412           1.979         -14.529         -13.693           -5.269
  665 (occ)     1          -6.406           1.938         -14.648         -13.872           -5.244
  666 (occ)     1          -6.377           1.901         -14.598         -13.819           -5.255
  667 (occ)     1          -6.367           1.966         -14.421         -13.571           -5.252
  668 (occ)     1          -6.356           1.939         -14.426         -13.577           -5.265
  669 (occ)     1          -6.342           1.909         -14.433         -13.587           -5.280
  670 (occ)     1          -6.326           1.885         -14.444         -13.600           -5.285
  671 (occ)     1          -6.308           1.863         -14.456         -13.615           -5.287
  672 (occ)     1          -6.288           1.871         -14.472         -13.635           -5.254
  673 (occ)     1          -6.282           1.916         -14.486         -13.647           -5.204
  674 (occ)     1          -6.212           1.717         -14.520         -13.715           -5.301
  675 (occ)     1          -6.203           1.716         -14.539         -13.714           -5.312
  676 (occ)     1          -6.186           1.793         -14.499         -13.855           -5.038
  677 (occ)     1          -6.177           1.816         -14.560         -13.931           -4.989
  678 (occ)     1          -6.140           1.777         -14.496         -13.825           -5.034
  679 (occ)     1          -6.123           1.784         -14.531         -13.833           -5.038
  680 (occ)     1          -6.092           1.758         -14.561         -13.864           -5.032
  681 (occ)     1          -6.075           1.766         -14.527         -13.880           -4.956
  682 (occ)     1          -6.053           1.685         -14.412         -13.885           -4.896
  683 (occ)     1          -6.049           1.761         -14.604         -13.914           -4.978
  684 (occ)     1          -6.032           1.729         -14.593         -13.927           -4.969
  685 (occ)     1          -6.029           1.784         -14.623         -13.942           -4.926
  686 (occ)     1          -5.994           1.683         -14.406         -13.902           -4.815
  687 (occ)     1          -5.958           1.699         -14.464         -13.988           -4.735
  688 (occ)     1          -5.823           1.527         -14.158         -13.887           -4.567
  689 (occ)     1          -5.809           1.579         -14.322         -13.949           -4.604
  690 (occ)     1          -5.765           1.596         -14.380         -14.067           -4.482
  691 (occ)     1          -5.640           1.488         -14.246         -13.963           -4.435
  692 (occ)     1          -5.633           1.537         -14.338         -14.165           -4.269
  693 (occ)     1          -5.565           1.364         -13.992         -13.926           -4.266
  694 (occ)     1          -5.480           1.408         -14.160         -13.942           -4.290
  695 (occ)     1          -5.308           1.193         -13.822         -13.976           -3.961
  696 (occ)     1          -5.305           1.308         -14.050         -13.948           -4.100
  697 (occ)     1          -5.127           1.195         -13.921         -13.958           -3.895
  698 (occ)     1          -5.063           1.025         -13.656         -14.031           -3.663
  699 (occ)     1          -4.950           1.073         -13.774         -13.962           -3.690
  700 (occ)     1          -4.842           0.876         -13.505         -14.090           -3.381
  701 (occ)     1          -4.781           0.947         -13.613         -13.957           -3.491
  702 (occ)     1          -4.660           0.762         -13.383         -14.148           -3.132
  703 (occ)     1          -4.622           0.820         -13.442         -13.942           -3.302
  704 (occ)     1          -4.542           0.709         -13.302         -14.196           -2.940
  705 (occ)     1          -4.480           0.697         -13.265         -13.918           -3.130
  706 (occ)     1          -4.363           0.588         -13.089         -13.886           -2.977
  707 (occ)     1          -4.278           0.505         -12.924         -13.852           -2.845
  708 (occ)     1          -4.234           0.478         -12.777         -13.824           -2.709
  709 (vir)     1          -2.632          -1.183          -9.061         -14.192            1.317
  710 (vir)     1          -2.566          -1.209          -8.940         -14.125            1.411
  711 (vir)     1          -2.472          -1.273          -8.758         -14.026            1.522
  712 (vir)     1          -2.392          -1.334          -8.683         -13.929            1.520
  713 (vir)     1          -2.359          -1.361          -8.534         -13.901            1.647
  714 (vir)     1          -2.266          -1.375          -8.574         -13.922            1.707
  715 (vir)     1          -2.233          -1.459          -8.282         -13.753            1.779
  716 (vir)     1          -2.101          -1.557          -8.009         -13.582            1.914
  717 (vir)     1          -2.083          -1.476          -8.412         -13.914            1.943
  718 (vir)     1          -1.969          -1.647          -7.730         -13.395            2.049
  719 (vir)     1          -1.856          -1.619          -8.216         -13.905            2.214
  720 (vir)     1          -1.841          -1.721          -7.480         -13.227            2.186
  721 (vir)     1          -1.716          -1.782          -7.321         -13.147            2.329
  722 (vir)     1          -1.600          -1.785          -8.001         -13.891            2.505
  723 (vir)     1          -1.598          -1.854          -7.369         -13.300            2.480
  724 (vir)     1          -1.502          -1.991          -7.592         -13.668            2.583
  725 (vir)     1          -1.468          -1.922          -7.380         -13.403            2.633
  726 (vir)     1          -1.352          -2.069          -6.535         -12.671            2.716
  727 (vir)     1          -1.324          -1.966          -7.674         -13.769            2.805
  728 (vir)     1          -1.322          -2.053          -7.400         -13.550            2.774
  729 (vir)     1          -1.321          -2.043          -6.651         -12.798            2.783
  730 (vir)     1          -1.300          -2.003          -7.229         -13.338            2.807
  731 (vir)     1          -1.278          -2.045          -6.569         -12.746            2.855
  732 (vir)     1          -1.220          -2.056          -6.600         -12.813            2.937
  733 (vir)     1          -1.150          -2.080          -6.632         -12.892            3.030
  734 (vir)     1          -1.113          -2.091          -7.049         -13.249            2.997
  735 (vir)     1          -1.095          -2.156          -7.289         -13.561            3.022
  736 (vir)     1          -1.069          -2.115          -6.678         -12.994            3.133
  737 (vir)     1          -1.037          -2.133          -7.552         -13.837            3.115
  738 (vir)     1          -0.979          -2.156          -6.743         -13.124            3.246
  739 (vir)     1          -0.913          -2.184          -6.893         -13.192            3.202
  740 (vir)     1          -0.884          -2.206          -6.788         -13.241            3.363
  741 (vir)     1          -0.842          -2.262          -7.139         -13.538            3.294
  742 (vir)     1          -0.786          -2.260          -6.860         -13.393            3.487
  743 (vir)     1          -0.745          -2.283          -7.446         -13.929            3.454
  744 (vir)     1          -0.693          -2.294          -6.807         -13.222            3.428
  745 (vir)     1          -0.684          -2.341          -6.769         -13.363            3.569
  746 (vir)     1          -0.597          -2.349          -6.906         -13.406            3.554
  747 (vir)     1          -0.592          -2.386          -6.948         -13.646            3.720
  748 (vir)     1          -0.504          -2.450          -7.008         -13.793            3.830
  749 (vir)     1          -0.445          -2.473          -7.069         -13.726            3.739
  750 (vir)     1          -0.432          -2.435          -6.810         -13.378            3.700
  751 (vir)     1          -0.423          -2.507          -7.058         -13.891            3.902
  752 (vir)     1          -0.376          -2.444          -6.836         -13.453            3.797
  753 (vir)     1          -0.362          -2.571          -7.140         -14.085            4.012
  754 (vir)     1          -0.314          -2.627          -7.190         -14.196            4.065
  755 (vir)     1          -0.289          -2.688          -7.223         -14.271            4.071
  756 (vir)     1          -0.178          -1.232          -1.565          -4.829            1.855
  757 (vir)     1          -0.178          -1.232          -1.565          -4.829            1.855
  758 (vir)     1          -0.142          -2.615          -6.844         -13.610            4.009
  759 (vir)     1          -0.134          -2.590          -6.901         -13.661            4.035
  760 (vir)     1          -0.133          -2.472          -5.804         -12.318            3.909
  761 (vir)     1          -0.086          -1.471          -1.836          -5.306            1.912
  762 (vir)     1          -0.060          -1.455          -1.824          -5.286            1.947
  763 (vir)     1          -0.053          -1.457          -1.777          -5.234            1.947
  764 (vir)     1          -0.033          -1.432          -1.770          -5.224            1.990
  765 (vir)     1          -0.021          -1.443          -1.811          -5.264            1.990
  766 (vir)     1          -0.003          -1.411          -1.759          -5.209            2.036
  767 (vir)     1           0.030          -1.435          -1.798          -5.246            2.043
  768 (vir)     1           0.038          -1.398          -1.746          -5.190            2.084
  769 (vir)     1           0.077          -2.570          -6.052         -12.720            4.174
  770 (vir)     1           0.089          -1.393          -1.733          -5.171            2.134
  771 (vir)     1           0.092          -1.429          -1.787          -5.231            2.107
  772 (vir)     1           0.151          -1.394          -1.722          -5.154            2.189
  773 (vir)     1           0.157          -2.755          -6.630         -13.522            4.294
  774 (vir)     1           0.164          -1.425          -1.778          -5.220            2.181
  775 (vir)     1           0.177          -2.706          -6.619         -13.498            4.350
  776 (vir)     1           0.224          -1.398          -1.711          -5.137            2.253
  777 (vir)     1           0.246          -1.423          -1.769          -5.211            2.265
  778 (vir)     1           0.308          -1.404          -1.700          -5.122            2.327
  779 (vir)     1           0.313          -2.674          -6.054         -12.802            4.387
  780 (vir)     1           0.338          -1.425          -1.762          -5.205            2.356
  781 (vir)     1           0.403          -1.410          -1.689          -5.107            2.411
  782 (vir)     1           0.441          -1.428          -1.756          -5.199            2.456
  783 (vir)     1           0.442          -2.765          -6.256         -13.202            4.622
  784 (vir)     1           0.454          -2.879          -6.419         -13.417            4.574
  785 (vir)     1           0.507          -1.414          -1.677          -5.093            2.508
  786 (vir)     1           0.553          -1.435          -1.750          -5.195            2.564
  787 (vir)     1           0.599          -2.793          -6.084         -12.899            4.620
  788 (vir)     1           0.620          -1.418          -1.668          -5.081            2.615
  789 (vir)     1           0.666          -2.821          -6.018         -12.994            4.822
  790 (vir)     1           0.675          -1.441          -1.744          -5.192            2.681
  791 (vir)     1           0.740          -1.422          -1.662          -5.079            2.734
  792 (vir)     1           0.750          -2.990          -6.213         -13.300            4.846
  793 (vir)     1           0.804          -1.448          -1.739          -5.190            2.808
  794 (vir)     1           0.868          -1.430          -1.665          -5.088            2.862
  795 (vir)     1           0.874          -2.868          -5.834         -12.811            4.984
  796 (vir)     1           0.911          -2.858          -5.955         -12.791            4.889
  797 (vir)     1           0.940          -1.455          -1.734          -5.191            2.943
  798 (vir)     1           1.004          -1.441          -1.675          -5.112            2.999
  799 (vir)     1           1.041          -3.094          -6.011         -13.164            5.100
  800 (vir)     1           1.079          -2.809          -5.180         -11.849            4.939
  801 (vir)     1           1.080          -1.461          -1.731          -5.197            3.085
  802 (vir)     1           1.149          -1.457          -1.691          -5.144            3.145
  803 (vir)     1           1.217          -1.463          -1.713          -5.185            3.225
  804 (vir)     1           1.222          -2.599          -4.751         -10.866            4.737
  805 (vir)     1           1.252          -2.929          -5.391         -12.284            5.216
  806 (vir)     1           1.302          -1.474          -1.713          -5.184            3.299
  807 (vir)     1           1.326          -3.167          -5.794         -12.970            5.336
  808 (vir)     1           1.338          -1.418          -1.563          -4.967            3.323
  809 (vir)     1           1.414          -2.739          -4.816         -11.244            5.102
  810 (vir)     1           1.419          -1.281          -1.208          -4.417            3.346
  811 (vir)     1           1.462          -1.490          -1.747          -5.238            3.463
  812 (vir)     1           1.474          -1.293          -1.269          -4.512            3.424
  813 (vir)     1           1.484          -2.703          -4.704         -10.951            5.028
  814 (vir)     1           1.544          -1.542          -1.856          -5.442            3.588
  815 (vir)     1           1.563          -2.741          -4.601         -10.935            5.156
  816 (vir)     1           1.595          -3.091          -5.319         -12.246            5.431
  817 (vir)     1           1.629          -1.405          -1.700          -5.124            3.648
  818 (vir)     1           1.677          -2.096          -2.947          -7.857            4.490
  819 (vir)     1           1.684          -1.502          -1.916          -5.479            3.744
  820 (vir)     1           1.687          -1.536          -1.565          -5.235            3.821
  821 (vir)     1           1.690          -1.208          -0.815          -3.812            3.479
  822 (vir)     1           1.695          -1.747          -2.135          -6.288            4.102
  823 (vir)     1           1.719          -1.856          -2.333          -6.656            4.187
  824 (vir)     1           1.721          -1.279          -1.030          -4.211            3.623
  825 (vir)     1           1.730          -1.539          -1.561          -5.229            3.859
  826 (vir)     1           1.751          -1.268          -1.051          -4.276            3.708
  827 (vir)     1           1.756          -2.313          -3.479          -8.809            4.773
  828 (vir)     1           1.816          -1.318          -1.191          -4.517            3.824
  829 (vir)     1           1.859          -1.616          -1.713          -5.598            4.128
  830 (vir)     1           1.951          -1.933          -2.761          -7.565            4.821
  831 (vir)     1           1.954          -1.446          -1.392          -4.820            3.936
  832 (vir)     1           1.954          -1.893          -2.689          -7.413            4.785
  833 (vir)     1           1.964          -1.371          -1.258          -4.669            4.004
  834 (vir)     1           1.966          -2.553          -3.553          -9.236            5.096
  835 (vir)     1           2.000          -2.861          -4.605         -10.982            5.517
  836 (vir)     1           2.037          -1.406          -1.428          -4.856            4.059
  837 (vir)     1           2.087          -1.570          -1.643          -5.444            4.318
  838 (vir)     1           2.101          -1.516          -1.455          -4.931            4.062
  839 (vir)     1           2.158          -1.930          -2.337          -6.829            4.721
  840 (vir)     1           2.194          -1.492          -1.625          -5.178            4.255
  841 (vir)     1           2.243          -2.827          -4.187         -10.455            5.684
  842 (vir)     1           2.258          -2.618          -3.656          -9.478            5.462
  843 (vir)     1           2.272          -3.132          -4.628         -11.439            5.951
  844 (vir)     1           2.276          -1.496          -1.518          -5.034            4.295
  845 (vir)     1           2.295          -3.244          -4.945         -11.985            6.091
  846 (vir)     1           2.316          -1.486          -1.425          -5.035            4.440
  847 (vir)     1           2.324          -2.381          -3.155          -8.514            5.302
  848 (vir)     1           2.341          -3.079          -4.551         -11.268            5.979
  849 (vir)     1           2.351          -1.490          -1.090          -4.583            4.354
  850 (vir)     1           2.374          -3.750          -5.868         -13.947            6.702
  851 (vir)     1           2.377          -1.474          -1.079          -4.570            4.395
  852 (vir)     1           2.381          -1.527          -1.660          -5.284            4.478
  853 (vir)     1           2.383          -1.478          -1.047          -4.526            4.384
  854 (vir)     1           2.400          -3.821          -5.894         -14.025            6.710
  855 (vir)     1           2.404          -1.450          -1.047          -4.527            4.434
  856 (vir)     1           2.422          -1.473          -1.140          -4.645            4.453
  857 (vir)     1           2.435          -1.430          -1.045          -4.528            4.488
  858 (vir)     1           2.446          -2.253          -2.931          -8.060            5.323
  859 (vir)     1           2.464          -1.468          -1.402          -4.932            4.526
  860 (vir)     1           2.470          -1.469          -1.372          -4.942            4.571
  861 (vir)     1           2.471          -1.456          -1.086          -4.583            4.512
  862 (vir)     1           2.481          -1.445          -1.186          -4.698            4.549
  863 (vir)     1           2.498          -3.199          -4.605         -11.469            6.163
  864 (vir)     1           2.526          -1.890          -2.193          -6.606            5.049
  865 (vir)     1           2.531          -1.410          -1.043          -4.532            4.610
  866 (vir)     1           2.546          -1.449          -1.078          -4.574            4.594
  867 (vir)     1           2.587          -1.534          -1.636          -5.292            4.709
  868 (vir)     1           2.601          -1.410          -1.047          -4.543            4.686
  869 (vir)     1           2.629          -1.546          -1.529          -5.274            4.827
  870 (vir)     1           2.646          -1.467          -1.219          -4.759            4.719
  871 (vir)     1           2.662          -1.468          -1.384          -4.948            4.758
  872 (vir)     1           2.671          -3.024          -4.338         -10.836            6.145
  873 (vir)     1           2.692          -1.710          -1.766          -5.795            5.012
  874 (vir)     1           2.693          -1.446          -1.228          -4.772            4.791
  875 (vir)     1           2.730          -1.447          -1.129          -4.651            4.806
  876 (vir)     1           2.734          -3.007          -4.157         -10.640            6.209
  877 (vir)     1           2.779          -1.412          -1.051          -4.560            4.875
  878 (vir)     1           2.786          -1.833          -2.081          -6.416            5.288
  879 (vir)     1           2.828          -1.559          -1.769          -5.501            5.001
  880 (vir)     1           2.858          -1.431          -1.078          -4.593            4.942
  881 (vir)     1           2.868          -1.708          -1.750          -5.791            5.201
  882 (vir)     1           2.870          -2.312          -2.922          -8.127            5.762
  883 (vir)     1           2.881          -1.515          -1.575          -5.235            5.027
  884 (vir)     1           2.895          -1.416          -1.051          -4.569            4.996
  885 (vir)     1           2.979          -2.996          -4.115         -10.535            6.404
  886 (vir)     1           2.999          -1.426          -1.080          -4.607            5.100
  887 (vir)     1           3.027          -1.425          -1.076          -4.612            5.139
  888 (vir)     1           3.051          -1.579          -1.875          -5.682            5.279
  889 (vir)     1           3.064          -1.967          -2.168          -6.668            5.597
  890 (vir)     1           3.079          -1.528          -1.535          -5.243            5.259
  891 (vir)     1           3.140          -1.430          -1.093          -4.641            5.259
  892 (vir)     1           3.194          -2.593          -3.181          -8.922            6.342
  893 (vir)     1           3.207          -1.409          -1.133          -4.668            5.333
  894 (vir)     1           3.229          -2.066          -2.338          -7.121            5.946
  895 (vir)     1           3.232          -1.534          -1.632          -5.391            5.456
  896 (vir)     1           3.247          -1.866          -1.921          -6.201            5.661
  897 (vir)     1           3.324          -1.542          -1.689          -5.473            5.567
  898 (vir)     1           3.352          -1.398          -1.028          -4.554            5.480
  899 (vir)     1           3.359          -1.499          -1.406          -5.093            5.547
  900 (vir)     1           3.387          -3.180          -4.230         -10.959            6.936
  901 (vir)     1           3.451          -3.158          -3.941         -10.650            7.002
  902 (vir)     1           3.458          -1.519          -1.501          -5.246            5.684
  903 (vir)     1           3.471          -1.900          -1.954          -6.319            5.935
  904 (vir)     1           3.482          -1.959          -1.995          -6.473            6.000
  905 (vir)     1           3.510          -1.517          -1.555          -5.334            5.771
  906 (vir)     1           3.544          -1.469          -1.314          -4.989            5.749
  907 (vir)     1           3.557          -1.542          -1.619          -5.433            5.828
  908 (vir)     1           3.624          -3.037          -3.907         -10.393            7.073
  909 (vir)     1           3.664          -1.524          -1.516          -5.309            5.932
  910 (vir)     1           3.679          -3.583          -4.528         -12.000            7.569
  911 (vir)     1           3.690          -1.834          -1.754          -5.984            6.087
  912 (vir)     1           3.694          -1.596          -1.859          -5.835            6.074
  913 (vir)     1           3.706          -1.961          -2.006          -6.485            6.223
  914 (vir)     1           3.744          -1.456          -1.253          -4.925            5.959
  915 (vir)     1           3.754          -1.589          -1.798          -5.751            6.119
  916 (vir)     1           3.849          -1.728          -2.381          -6.697            6.436
  917 (vir)     1           3.858          -1.627          -1.915          -5.970            6.286
  918 (vir)     1           3.904          -1.772          -1.630          -5.755            6.256
  919 (vir)     1           3.920          -3.793          -4.736         -12.573            7.964
  920 (vir)     1           3.928          -1.602          -1.862          -5.938            6.403
  921 (vir)     1           3.938          -1.915          -1.867          -6.269            6.426
  922 (vir)     1           3.946          -2.116          -3.727          -9.192            7.294
  923 (vir)     1           3.946          -3.012          -3.678         -10.076            7.333
  924 (vir)     1           3.950          -2.106          -3.725          -9.145            7.264
  925 (vir)     1           3.952          -1.866          -2.940          -7.690            6.837
  926 (vir)     1           3.955          -1.472          -1.290          -5.034            6.227
  927 (vir)     1           3.965          -2.080          -3.678          -9.046            7.253
  928 (vir)     1           3.974          -2.080          -3.621          -8.977            7.250
  929 (vir)     1           3.974          -1.945          -3.189          -8.155            6.995
  930 (vir)     1           3.990          -2.007          -3.338          -8.419            7.064
  931 (vir)     1           3.997          -2.003          -3.433          -8.646            7.207
  932 (vir)     1           4.001          -2.024          -3.437          -8.588            7.128
  933 (vir)     1           4.014          -1.983          -3.232          -8.228            7.026
  934 (vir)     1           4.019          -2.027          -3.427          -8.597            7.161
  935 (vir)     1           4.069          -1.620          -2.224          -6.560            6.785
  936 (vir)     1           4.084          -1.659          -1.359          -5.209            6.275
  937 (vir)     1           4.118          -1.624          -1.395          -5.327            6.426
  938 (vir)     1           4.119          -1.668          -2.617          -7.157            6.992
  939 (vir)     1           4.161          -4.080          -5.036         -13.369            8.414
  940 (vir)     1           4.184          -1.553          -1.926          -6.032            6.737
  941 (vir)     1           4.193          -1.410          -1.056          -4.670            6.397
  942 (vir)     1           4.209          -2.067          -2.050          -6.738            6.829
  943 (vir)     1           4.279          -2.539          -2.784          -8.291            7.247
  944 (vir)     1           4.354          -1.618          -2.637          -7.137            7.234
  945 (vir)     1           4.357          -1.625          -2.710          -7.245            7.267
  946 (vir)     1           4.359          -1.571          -1.949          -6.152            6.992
  947 (vir)     1           4.381          -4.234          -5.169         -13.790            8.769
  948 (vir)     1           4.409          -2.419          -2.471          -7.714            7.233
  949 (vir)     1           4.424          -2.075          -1.952          -6.561            6.959
  950 (vir)     1           4.446          -1.439          -1.041          -4.593            6.560
  951 (vir)     1           4.552          -1.606          -1.990          -6.153            7.109
  952 (vir)     1           4.581          -2.785          -3.121          -9.120            7.795
  953 (vir)     1           4.586          -4.369          -5.233         -14.058            9.042
  954 (vir)     1           4.638          -2.647          -2.726          -8.305            7.570
  955 (vir)     1           4.654          -2.062          -1.898          -6.494            7.188
  956 (vir)     1           4.672          -1.884          -3.312          -8.237            7.712
  957 (vir)     1           4.720          -1.452          -1.190          -4.935            7.013
  958 (vir)     1           4.734          -2.247          -4.573         -10.180            8.094
  959 (vir)     1           4.766          -4.430          -5.257         -14.223            9.302
  960 (vir)     1           4.781          -2.745          -6.131         -12.561            8.466
  961 (vir)     1           4.820          -2.805          -6.333         -12.892            8.574
  962 (vir)     1           4.871          -2.725          -6.060         -12.486            8.571
  963 (vir)     1           4.884          -2.757          -3.001          -8.955            8.080
  964 (vir)     1           4.896          -3.165          -3.396         -10.003            8.338
  965 (vir)     1           4.909          -2.603          -5.672         -11.903            8.536
  966 (vir)     1           4.915          -2.863          -6.439         -13.226            8.839
  967 (vir)     1           4.915          -2.870          -6.480         -13.299            8.863
  968 (vir)     1           4.918          -3.197          -7.552         -14.785            8.954
  969 (vir)     1           4.920          -2.868          -3.008          -9.017            8.061
  970 (vir)     1           4.928          -3.406          -3.731         -10.807            8.597
  971 (vir)     1           4.933          -2.870          -6.521         -13.178            8.720
  972 (vir)     1           4.966          -2.477          -5.143         -11.171            8.517
  973 (vir)     1           4.969          -2.606          -5.519         -11.914            8.757
  974 (vir)     1           4.970          -2.554          -5.322         -11.660            8.753
  975 (vir)     1           4.974          -3.211          -7.651         -14.944            9.055
  976 (vir)     1           4.993          -2.870          -6.477         -13.311            8.957
  977 (vir)     1           5.008          -2.428          -4.704         -10.485            8.362
  978 (vir)     1           5.010          -2.241          -4.193          -9.732            8.307
  979 (vir)     1           5.024          -2.559          -5.428         -11.729            8.766
  980 (vir)     1           5.032          -4.715          -5.458         -14.849            9.708
  981 (vir)     1           5.037          -2.715          -5.954         -12.359            8.728
  982 (vir)     1           5.040          -2.877          -6.620         -13.474            9.016
  983 (vir)     1           5.119          -4.821          -5.498         -14.998            9.798
  984 (vir)     1           5.124          -2.565          -5.563         -12.052            9.049
  985 (vir)     1           5.125          -2.328          -4.631         -10.416            8.582
  986 (vir)     1           5.131          -2.663          -5.777         -12.287            8.978
  987 (vir)     1           5.166          -4.771          -5.374         -14.743            9.764
  988 (vir)     1           5.177          -2.701          -2.864          -8.734            8.347
  989 (vir)     1           5.183          -2.593          -5.709         -12.419            9.300
  990 (vir)     1           5.186          -2.016          -1.762          -6.324            7.732
  991 (vir)     1           5.212          -3.058          -3.205          -9.567            8.515
  992 (vir)     1           5.236          -2.208          -4.097          -9.684            8.615
  993 (vir)     1           5.248          -2.502          -5.068         -11.320            8.998
  994 (vir)     1           5.289          -2.222          -4.067          -9.825            8.826
  995 (vir)     1           5.315          -2.005          -3.228          -8.221            8.302
  996 (vir)     1           5.347          -2.764          -5.957         -12.876            9.502
  997 (vir)     1           5.388          -2.805          -6.109         -13.127            9.601
  998 (vir)     1           5.401          -2.990          -6.747         -14.115            9.778
  999 (vir)     1           5.433          -2.845          -6.206         -13.269            9.651
 1000 (vir)     1           5.438          -2.926          -6.463         -13.498            9.547
 1001 (vir)     1           5.465          -2.706          -2.793          -8.658            8.625
 1002 (vir)     1           5.474          -2.948          -6.411         -13.102            9.218
 1003 (vir)     1           5.476          -2.700          -5.642         -12.048            9.182
 1004 (vir)     1           5.482          -1.912          -1.515          -5.820            7.875
 1005 (vir)     1           5.490          -2.400          -4.540         -10.394            8.944
 1006 (vir)     1           5.496          -2.977          -6.684         -14.119            9.955
 1007 (vir)     1           5.499          -3.027          -6.808         -14.421           10.086
 1008 (vir)     1           5.502          -2.977          -6.640         -13.624            9.509
 1009 (vir)     1           5.502          -2.948          -6.231         -13.702           10.026
 1010 (vir)     1           5.504          -3.260          -3.408         -10.149            8.983
 1011 (vir)     1           5.519          -2.974          -6.607         -13.663            9.601
 1012 (vir)     1           5.528          -2.533          -5.053         -11.299            9.240
 1013 (vir)     1           5.543          -2.954          -6.589         -13.540            9.540
 1014 (vir)     1           5.564          -2.990          -6.631         -13.606            9.549
 1015 (vir)     1           5.585          -3.019          -6.709         -14.330           10.188
 1016 (vir)     1           5.586          -2.732          -6.020         -12.628            9.462
 1017 (vir)     1           5.600          -2.811          -6.187         -12.882            9.484
 1018 (vir)     1           5.616          -2.874          -6.302         -13.558            9.998
 1019 (vir)     1           5.638          -2.488          -5.140         -11.232            9.241
 1020 (vir)     1           5.669          -2.913          -6.362         -13.735           10.128
 1021 (vir)     1           5.676          -2.751          -5.919         -12.949            9.956
 1022 (vir)     1           5.715          -3.042          -6.642         -14.395           10.426
 1023 (vir)     1           5.716          -2.587          -5.346         -11.721            9.504
 1024 (vir)     1           5.722          -2.257          -4.184          -9.805            9.087
 1025 (vir)     1           5.739          -3.033          -6.662         -13.783            9.827
 1026 (vir)     1           5.741          -2.871          -6.151         -12.892            9.612
 1027 (vir)     1           5.761          -2.819          -2.815          -8.816            8.942
 1028 (vir)     1           5.777          -2.743          -5.660         -12.085            9.459
 1029 (vir)     1           5.792          -2.817          -5.889         -12.516            9.602
 1030 (vir)     1           5.798          -3.599          -3.702         -10.967            9.464
 1031 (vir)     1           5.807          -1.856          -1.421          -5.676            8.205
 1032 (vir)     1           5.811          -2.742          -5.694         -12.182            9.557
 1033 (vir)     1           5.823          -2.831          -6.095         -12.854            9.750
 1034 (vir)     1           5.827          -2.138          -3.499          -8.732            8.922
 1035 (vir)     1           5.837          -2.759          -5.646         -12.393            9.825
 1036 (vir)     1           5.861          -2.700          -5.693         -12.163            9.631
 1037 (vir)     1           5.889          -2.524          -4.712         -10.925            9.578
 1038 (vir)     1           5.910          -2.617          -4.922         -11.369            9.740
 1039 (vir)     1           5.922          -2.862          -5.990         -12.665            9.734
 1040 (vir)     1           5.939          -2.758          -5.814         -12.429            9.795
 1041 (vir)     1           5.951          -2.766          -5.850         -12.438            9.773
 1042 (vir)     1           5.956          -2.675          -5.307         -11.995            9.969
 1043 (vir)     1           5.978          -2.797          -5.803         -12.274            9.652
 1044 (vir)     1           6.030          -2.823          -6.027         -12.772            9.952
 1045 (vir)     1           6.036          -2.694          -5.112         -11.734            9.965
 1046 (vir)     1           6.043          -2.672          -5.678         -12.244            9.938
 1047 (vir)     1           6.069          -1.996          -2.926          -7.988            9.136
 1048 (vir)     1           6.076          -2.741          -5.710         -12.178            9.803
 1049 (vir)     1           6.077          -2.951          -2.835          -8.986            9.278
 1050 (vir)     1           6.078          -2.456          -4.311         -10.255            9.566
 1051 (vir)     1           6.083          -2.651          -5.603         -12.194           10.022
 1052 (vir)     1           6.095          -3.978          -4.066         -11.981           10.032
 1053 (vir)     1           6.165          -2.447          -4.718         -10.728            9.728
 1054 (vir)     1           6.165          -1.815          -1.319          -5.515            8.546
 1055 (vir)     1           6.184          -2.845          -5.981         -13.024           10.383
 1056 (vir)     1           6.188          -2.161          -3.487          -8.944            9.485
 1057 (vir)     1           6.257          -2.513          -4.643         -11.047           10.147
 1058 (vir)     1           6.257          -2.668          -5.617         -12.395           10.368
 1059 (vir)     1           6.263          -2.843          -6.039         -13.014           10.396
 1060 (vir)     1           6.344          -2.848          -5.973         -12.972           10.494
 1061 (vir)     1           6.361          -2.367          -4.206         -10.048            9.837
 1062 (vir)     1           6.384          -4.396          -4.416         -12.984           10.556
 1063 (vir)     1           6.388          -2.758          -5.443         -12.264           10.450
 1064 (vir)     1           6.388          -2.637          -4.814         -11.406           10.343
 1065 (vir)     1           6.406          -2.120          -3.218          -8.605            9.673
 1066 (vir)     1           6.416          -3.006          -2.800          -9.032            9.642
 1067 (vir)     1           6.483          -2.724          -5.455         -12.125           10.429
 1068 (vir)     1           6.553          -2.922          -5.854         -13.068           10.845
 1069 (vir)     1           6.556          -2.372          -3.759          -9.662           10.087
 1070 (vir)     1           6.563          -1.769          -1.209          -5.337            8.922
 1071 (vir)     1           6.616          -3.003          -6.111         -13.425           10.926
 1072 (vir)     1           6.626          -2.478          -4.237         -10.374           10.285
 1073 (vir)     1           6.652          -4.742          -4.633         -13.677           10.954
 1074 (vir)     1           6.679          -2.934          -5.681         -12.931           10.994
 1075 (vir)     1           6.692          -3.062          -6.108         -13.630           11.152
 1076 (vir)     1           6.701          -2.899          -5.818         -13.079           11.063
 1077 (vir)     1           6.744          -1.937          -2.699          -7.593            9.702
 1078 (vir)     1           6.769          -3.403          -3.159         -10.043           10.250
 1079 (vir)     1           6.776          -2.991          -5.487         -12.935           11.233
 1080 (vir)     1           6.812          -2.725          -4.896         -11.549           10.740
 1081 (vir)     1           6.833          -2.875          -5.737         -12.926           11.148
 1082 (vir)     1           6.837          -3.196          -6.521         -14.216           11.335
 1083 (vir)     1           6.886          -2.723          -4.805         -11.336           10.693
 1084 (vir)     1           6.899          -2.661          -4.519         -10.790           10.510
 1085 (vir)     1           6.902          -4.552          -4.232         -12.847           10.965
 1086 (vir)     1           6.924          -3.121          -6.064         -13.596           11.335
 1087 (vir)     1           6.926          -2.820          -4.876         -11.570           10.801
 1088 (vir)     1           6.962          -3.012          -5.388         -12.463           11.025
 1089 (vir)     1           6.971          -2.934          -5.803         -13.032           11.266
 1090 (vir)     1           6.986          -2.950          -5.240         -12.211           11.006
 1091 (vir)     1           7.002          -2.983          -5.347         -12.330           11.002
 1092 (vir)     1           7.006          -3.092          -5.654         -12.873           11.133
 1093 (vir)     1           7.011          -1.721          -1.095          -5.154            9.348
 1094 (vir)     1           7.035          -3.120          -6.044         -13.642           11.514
 1095 (vir)     1           7.039          -5.139          -4.933         -14.630           11.596
 1096 (vir)     1           7.043          -2.703          -4.347         -10.399           10.392
 1097 (vir)     1           7.087          -2.200          -3.255          -8.727           10.359
 1098 (vir)     1           7.089          -2.967          -5.449         -12.613           11.286
 1099 (vir)     1           7.111          -3.146          -6.296         -13.864           11.534
 1100 (vir)     1           7.157          -2.334          -3.335          -8.990           10.477
 1101 (vir)     1           7.184          -2.732          -4.440         -10.608           10.620
 1102 (vir)     1           7.194          -2.915          -5.281         -12.333           11.330
 1103 (vir)     1           7.201          -5.514          -5.210         -15.467           11.944
 1104 (vir)     1           7.218          -2.911          -5.307         -12.404           11.404
 1105 (vir)     1           7.231          -3.047          -2.597          -8.853           10.441
 1106 (vir)     1           7.234          -2.948          -5.350         -12.400           11.335
 1107 (vir)     1           7.248          -2.841          -4.811         -11.449           11.045
 1108 (vir)     1           7.258          -2.774          -4.839         -11.457           11.102
 1109 (vir)     1           7.281          -2.946          -5.328         -12.331           11.337
 1110 (vir)     1           7.281          -2.939          -5.210         -12.181           11.313
 1111 (vir)     1           7.297          -2.787          -4.924         -11.729           11.315
 1112 (vir)     1           7.319          -5.415          -4.956         -14.928           11.876
 1113 (vir)     1           7.347          -2.634          -4.113         -10.436           11.036
 1114 (vir)     1           7.372          -6.027          -5.333         -15.921           11.933
 1115 (vir)     1           7.374          -2.926          -5.134         -12.082           11.396
 1116 (vir)     1           7.436          -3.130          -5.616         -12.885           11.575
 1117 (vir)     1           7.448          -2.886          -5.093         -11.970           11.439
 1118 (vir)     1           7.453          -2.818          -4.845         -11.628           11.417
 1119 (vir)     1           7.484          -2.944          -5.283         -12.377           11.635
 1120 (vir)     1           7.519          -1.648          -0.983          -4.979            9.867
 1121 (vir)     1           7.527          -2.982          -5.175         -12.192           11.561
 1122 (vir)     1           7.528          -2.908          -4.989         -11.979           11.611
 1123 (vir)     1           7.595          -1.964          -2.415          -7.344           10.559
 1124 (vir)     1           7.648          -2.828          -4.708         -11.423           11.536
 1125 (vir)     1           7.659          -2.990          -5.359         -12.618           11.928
 1126 (vir)     1           7.672          -2.465          -2.165          -7.693           10.734
 1127 (vir)     1           7.685          -3.123          -5.387         -12.666           11.841
 1128 (vir)     1           7.726          -3.071          -5.258         -12.356           11.754
 1129 (vir)     1           7.742          -3.002          -5.394         -12.731           12.077
 1130 (vir)     1           7.752          -3.071          -5.519         -12.911           12.073
 1131 (vir)     1           7.758          -3.039          -5.317         -12.473           11.874
 1132 (vir)     1           7.857          -2.999          -5.029         -12.011           11.839
 1133 (vir)     1           7.898          -3.005          -5.173         -12.318           12.038
 1134 (vir)     1           7.911          -3.111          -3.365         -10.377           11.812
 1135 (vir)     1           7.921          -3.177          -5.245         -12.314           11.813
 1136 (vir)     1           7.951          -3.108          -5.390         -12.630           12.083
 1137 (vir)     1           7.968          -2.829          -4.597         -11.285           11.827
 1138 (vir)     1           7.986          -3.087          -5.381         -12.813           12.331
 1139 (vir)     1           8.005          -3.144          -5.438         -12.959           12.382
 1140 (vir)     1           8.023          -3.058          -3.021          -9.723           11.667
 1141 (vir)     1           8.051          -2.962          -5.159         -12.406           12.336
 1142 (vir)     1           8.051          -2.589          -3.897         -10.176           11.741
 1143 (vir)     1           8.094          -1.578          -0.877          -4.826           10.466
 1144 (vir)     1           8.095          -3.046          -5.247         -12.586           12.388
 1145 (vir)     1           8.098          -2.972          -4.893         -12.021           12.253
 1146 (vir)     1           8.112          -3.231          -5.648         -13.090           12.323
 1147 (vir)     1           8.193          -3.087          -5.255         -12.508           12.358
 1148 (vir)     1           8.250          -3.111          -5.462         -12.929           12.605
 1149 (vir)     1           8.307          -3.086          -5.419         -12.886           12.688
 1150 (vir)     1           8.308          -2.872          -4.578         -11.434           12.292
 1151 (vir)     1           8.348          -3.020          -4.916         -11.927           12.340
 1152 (vir)     1           8.360          -3.022          -4.978         -12.005           12.365
 1153 (vir)     1           8.408          -3.067          -5.144         -12.469           12.666
 1154 (vir)     1           8.413          -3.585          -6.114         -13.718           12.432
 1155 (vir)     1           8.422          -2.135          -1.422          -6.208           11.073
 1156 (vir)     1           8.456          -3.447          -5.855         -13.483           12.637
 1157 (vir)     1           8.465          -2.802          -4.470         -11.103           12.296
 1158 (vir)     1           8.541          -3.241          -5.458         -13.166           13.008
 1159 (vir)     1           8.544          -3.577          -6.000         -14.090           13.056
 1160 (vir)     1           8.593          -3.411          -5.854         -13.698           13.025
 1161 (vir)     1           8.618          -3.360          -5.580         -13.182           12.859
 1162 (vir)     1           8.621          -2.559          -3.596          -9.718           12.184
 1163 (vir)     1           8.631          -2.648          -3.857         -10.235           12.362
 1164 (vir)     1           8.644          -3.303          -5.467         -13.038           12.912
 1165 (vir)     1           8.658          -3.441          -5.844         -13.694           13.067
 1166 (vir)     1           8.715          -1.537          -0.773          -4.689           11.094
 1167 (vir)     1           8.751          -3.115          -5.069         -12.549           13.116
 1168 (vir)     1           8.793          -2.831          -4.113         -10.652           12.502
 1169 (vir)     1           8.794          -3.022          -4.824         -11.942           12.891
 1170 (vir)     1           8.803          -3.390          -5.736         -13.585           13.262
 1171 (vir)     1           8.850          -3.433          -5.440         -13.232           13.209
 1172 (vir)     1           8.862          -3.187          -4.893         -11.977           12.759
 1173 (vir)     1           8.863          -2.780          -3.876         -10.202           12.409
 1174 (vir)     1           8.903          -3.081          -4.916         -12.365           13.272
 1175 (vir)     1           8.915          -2.921          -4.302         -10.998           12.691
 1176 (vir)     1           8.925          -3.556          -5.982         -14.044           13.431
 1177 (vir)     1           8.990          -3.185          -4.805         -11.672           12.672
 1178 (vir)     1           8.991          -3.191          -4.892         -11.817           12.726
 1179 (vir)     1           8.992          -2.746          -3.978         -10.431           12.699
 1180 (vir)     1           9.036          -2.818          -4.307         -10.767           12.678
 1181 (vir)     1           9.056          -3.428          -5.288         -13.019           13.359
 1182 (vir)     1           9.113          -3.551          -6.008         -14.095           13.649
 1183 (vir)     1           9.120          -1.860          -1.020          -5.349           11.589
 1184 (vir)     1           9.145          -4.205          -6.946         -15.945           13.938
 1185 (vir)     1           9.159          -3.544          -5.525         -13.523           13.612
 1186 (vir)     1           9.195          -3.463          -5.642         -13.575           13.664
 1187 (vir)     1           9.210          -4.179          -6.867         -15.763           13.927
 1188 (vir)     1           9.227          -3.475          -5.753         -13.894           13.894
 1189 (vir)     1           9.250          -4.328          -7.146         -16.278           14.054
 1190 (vir)     1           9.269          -2.955          -4.376         -11.225           13.163
 1191 (vir)     1           9.284          -2.936          -4.558         -11.327           13.117
 1192 (vir)     1           9.287          -1.372          -0.677          -4.557           11.795
 1193 (vir)     1           9.356          -3.604          -6.054         -14.407           14.105
 1194 (vir)     1           9.438          -3.603          -5.671         -13.785           13.949
 1195 (vir)     1           9.457          -3.741          -6.080         -14.500           14.136
 1196 (vir)     1           9.472          -3.542          -5.460         -13.557           14.027
 1197 (vir)     1           9.486          -3.475          -5.616         -13.578           13.973
 1198 (vir)     1           9.500          -2.952          -4.464         -11.356           13.440
 1199 (vir)     1           9.569          -3.322          -5.244         -13.015           14.018
 1200 (vir)     1           9.601          -3.366          -5.312         -13.239           14.162
 1201 (vir)     1           9.656          -3.213          -5.038         -12.826           14.231
 1202 (vir)     1           9.718          -3.288          -4.832         -12.191           13.789
 1203 (vir)     1           9.733          -3.461          -5.340         -13.133           14.065
 1204 (vir)     1           9.746          -3.197          -4.849         -11.969           13.669
 1205 (vir)     1           9.756          -3.640          -5.827         -14.058           14.347
 1206 (vir)     1           9.764          -1.423          -0.651          -4.547           12.238
 1207 (vir)     1           9.765          -3.307          -4.875         -12.386           13.969
 1208 (vir)     1           9.933          -3.760          -5.988         -14.886           15.071
 1209 (vir)     1           9.952          -3.413          -4.853         -12.337           14.023
 1210 (vir)     1           9.979          -1.769          -0.876          -5.128           12.463
 1211 (vir)     1          10.012          -3.659          -5.636         -13.067           13.783
 1212 (vir)     1          10.039          -3.758          -6.037         -13.506           13.750
 1213 (vir)     1          10.053          -3.764          -5.936         -14.431           14.783
 1214 (vir)     1          10.065          -3.499          -5.252         -13.125           14.439
 1215 (vir)     1          10.097          -3.718          -5.799         -13.385           13.965
 1216 (vir)     1          10.113          -3.686          -5.440         -13.406           14.393
 1217 (vir)     1          10.125          -3.632          -5.599         -13.143           14.037
 1218 (vir)     1          10.164          -3.615          -5.330         -13.152           14.371
 1219 (vir)     1          10.193          -3.514          -4.986         -12.678           14.371
 1220 (vir)     1          10.237          -3.523          -5.082         -12.608           14.239
 1221 (vir)     1          10.250          -3.542          -5.464         -12.807           14.051
 1222 (vir)     1          10.259          -3.483          -4.800         -12.473           14.450
 1223 (vir)     1          10.283          -3.562          -5.087         -13.139           14.774
 1224 (vir)     1          10.323          -4.084          -6.484         -14.849           14.604
 1225 (vir)     1          10.330          -1.527          -0.698          -4.721           12.827
 1226 (vir)     1          10.332          -4.054          -6.428         -14.734           14.584
 1227 (vir)     1          10.333          -3.484          -5.165         -12.899           14.582
 1228 (vir)     1          10.345          -3.515          -5.286         -13.197           14.741
 1229 (vir)     1          10.398          -3.892          -6.130         -14.005           14.380
 1230 (vir)     1          10.411          -3.585          -5.080         -13.342           15.087
 1231 (vir)     1          10.479          -3.810          -6.125         -13.932           14.476
 1232 (vir)     1          10.486          -3.796          -5.777         -13.906           14.819
 1233 (vir)     1          10.507          -3.176          -4.598         -11.829           14.561
 1234 (vir)     1          10.514          -2.685          -3.530          -9.643           13.942
 1235 (vir)     1          10.541          -3.533          -5.039         -13.127           15.096
 1236 (vir)     1          10.601          -3.756          -5.594         -13.784           15.036
 1237 (vir)     1          10.681          -3.803          -5.600         -13.936           15.213
 1238 (vir)     1          10.691          -3.479          -4.886         -12.862           15.188
 1239 (vir)     1          10.712          -3.922          -5.811         -14.852           15.831
 1240 (vir)     1          10.714          -3.553          -5.038         -12.660           14.784
 1241 (vir)     1          10.780          -3.907          -5.656         -14.016           15.232
 1242 (vir)     1          10.790          -3.893          -5.698         -14.246           15.445
 1243 (vir)     1          10.822          -3.419          -4.573         -12.190           15.019
 1244 (vir)     1          10.838          -3.998          -5.926         -14.533           15.447
 1245 (vir)     1          10.912          -3.843          -5.626         -14.189           15.632
 1246 (vir)     1          10.942          -3.382          -2.287         -10.220           15.492
 1247 (vir)     1          10.948          -2.098          -1.138          -6.255           13.968
 1248 (vir)     1          10.951          -3.560          -5.028         -13.048           15.411
 1249 (vir)     1          10.978          -3.024          -1.978          -9.153           15.128
 1250 (vir)     1          11.017          -3.374          -2.288         -10.230           15.584
 1251 (vir)     1          11.030          -3.356          -4.518         -12.151           15.307
 1252 (vir)     1          11.071          -4.052          -5.840         -15.022           16.202
 1253 (vir)     1          11.079          -3.367          -2.281         -10.211           15.641
 1254 (vir)     1          11.098          -4.121          -6.073         -15.062           15.966
 1255 (vir)     1          11.102          -2.982          -3.765         -10.335           14.691
 1256 (vir)     1          11.114          -2.546          -3.020          -8.863           14.411
 1257 (vir)     1          11.116          -2.696          -3.258          -9.367           14.529
 1258 (vir)     1          11.128          -1.679          -0.742          -4.960           13.666
 1259 (vir)     1          11.145          -2.997          -3.853         -10.489           14.784
 1260 (vir)     1          11.148          -3.794          -5.337         -13.859           15.875
 1261 (vir)     1          11.158          -3.383          -2.290         -10.251           15.736
 1262 (vir)     1          11.175          -4.051          -5.684         -14.405           15.847
 1263 (vir)     1          11.255          -3.391          -2.290         -10.263           15.836
 1264 (vir)     1          11.267          -4.216          -5.834         -14.929           16.147
 1265 (vir)     1          11.340          -3.266          -4.147         -11.362           15.289
 1266 (vir)     1          11.370          -3.403          -2.290         -10.278           15.954
 1267 (vir)     1          11.388          -4.397          -6.359         -15.162           15.795
 1268 (vir)     1          11.395          -3.620          -4.875         -12.906           15.806
 1269 (vir)     1          11.413          -4.352          -6.168         -15.235           16.127
 1270 (vir)     1          11.453          -4.163          -5.801         -14.522           16.010
 1271 (vir)     1          11.453          -4.178          -5.845         -15.353           16.784
 1272 (vir)     1          11.503          -3.418          -2.289         -10.293           16.089
 1273 (vir)     1          11.518          -4.348          -6.277         -15.127           16.021
 1274 (vir)     1          11.539          -4.136          -5.665         -14.674           16.412
 1275 (vir)     1          11.573          -3.918          -5.327         -14.217           16.546
 1276 (vir)     1          11.610          -3.665          -4.717         -12.825           16.054
 1277 (vir)     1          11.622          -4.305          -5.944         -15.233           16.604
 1278 (vir)     1          11.646          -3.944          -5.314         -13.503           15.890
 1279 (vir)     1          11.654          -3.432          -2.286         -10.310           16.245
 1280 (vir)     1          11.710          -4.499          -6.459         -15.720           16.472
 1281 (vir)     1          11.711          -4.164          -5.717         -14.828           16.657
 1282 (vir)     1          11.744          -3.515          -4.506         -12.426           16.149
 1283 (vir)     1          11.795          -3.936          -5.223         -13.928           16.564
 1284 (vir)     1          11.821          -3.772          -5.041         -13.453           16.461
 1285 (vir)     1          11.824          -3.452          -2.283         -10.328           16.417
 1286 (vir)     1          11.843          -3.929          -5.684         -15.325           17.555
 1287 (vir)     1          11.873          -3.523          -4.571         -12.502           16.281
 1288 (vir)     1          11.881          -4.176          -5.579         -14.938           17.063
 1289 (vir)     1          11.936          -1.815          -0.811          -5.309           14.619
 1290 (vir)     1          11.936          -4.237          -5.699         -14.973           16.973
 1291 (vir)     1          11.944          -3.943          -5.146         -13.972           16.826
 1292 (vir)     1          11.957          -3.285          -4.001         -11.429           16.100
 1293 (vir)     1          11.966          -4.558          -6.338         -15.966           17.036
 1294 (vir)     1          12.009          -3.980          -5.218         -14.012           16.823
 1295 (vir)     1          12.012          -3.473          -2.279         -10.347           16.607
 1296 (vir)     1          12.019          -1.794          -0.772          -5.201           14.653
 1297 (vir)     1          12.122          -3.542          -4.420         -12.025           16.184
 1298 (vir)     1          12.189          -4.119          -5.789         -15.767           18.048
 1299 (vir)     1          12.199          -4.302          -5.714         -15.714           17.897
 1300 (vir)     1          12.219          -3.498          -2.274         -10.369           16.816
 1301 (vir)     1          12.230          -4.278          -5.838         -14.888           17.002
 1302 (vir)     1          12.346          -4.551          -6.355         -15.717           17.158
 1303 (vir)     1          12.385          -4.620          -6.069         -15.870           17.566
 1304 (vir)     1          12.442          -4.522          -6.117         -15.677           17.479
 1305 (vir)     1          12.444          -3.525          -2.268         -10.392           17.043
 1306 (vir)     1          12.531          -3.862          -4.787         -13.094           16.976
 1307 (vir)     1          12.582          -4.456          -5.947         -15.437           17.616
 1308 (vir)     1          12.601          -3.231          -3.709         -10.758           16.419
 1309 (vir)     1          12.656          -3.418          -4.240         -11.753           16.752
 1310 (vir)     1          12.688          -3.556          -2.262         -10.417           17.287
 1311 (vir)     1          12.707          -1.940          -0.817          -5.468           15.417
 1312 (vir)     1          12.718          -4.466          -5.592         -15.078           17.738
 1313 (vir)     1          12.737          -1.888          -0.798          -5.409           15.460
 1314 (vir)     1          12.766          -4.834          -6.471         -16.433           17.894
 1315 (vir)     1          12.782          -4.660          -5.806         -15.531           17.847
 1316 (vir)     1          12.798          -4.000          -5.144         -13.788           17.442
 1317 (vir)     1          12.822          -3.579          -2.222         -10.333           17.354
 1318 (vir)     1          12.848          -3.573          -2.223         -10.339           17.391
 1319 (vir)     1          12.874          -4.335          -5.601         -14.872           17.810
 1320 (vir)     1          12.887          -3.573          -2.226         -10.352           17.440
 1321 (vir)     1          12.888          -4.211          -5.179         -14.247           17.744
 1322 (vir)     1          12.893          -4.576          -5.985         -15.795           18.127
 1323 (vir)     1          12.924          -4.557          -5.735         -15.410           18.042
 1324 (vir)     1          12.934          -3.619          -2.264         -10.475           17.526
 1325 (vir)     1          12.941          -3.576          -2.228         -10.365           17.502
 1326 (vir)     1          12.993          -4.050          -4.949         -13.764           17.758
 1327 (vir)     1          13.011          -3.587          -2.231         -10.382           17.574
 1328 (vir)     1          13.062          -4.464          -5.556         -15.068           18.109
 1329 (vir)     1          13.069          -4.816          -6.099         -16.350           18.505
 1330 (vir)     1          13.070          -4.175          -5.155         -14.113           17.853
 1331 (vir)     1          13.097          -3.601          -2.233         -10.399           17.662
 1332 (vir)     1          13.133          -4.568          -5.694         -15.429           18.300
 1333 (vir)     1          13.137          -4.803          -6.083         -16.424           18.675
 1334 (vir)     1          13.163          -4.679          -6.033         -15.842           18.294
 1335 (vir)     1          13.200          -3.615          -2.235         -10.419           17.769
 1336 (vir)     1          13.239          -3.616          -2.243         -10.458           17.837
 1337 (vir)     1          13.241          -3.432          -3.891         -11.394           17.312
 1338 (vir)     1          13.260          -4.725          -5.935         -16.153           18.753
 1339 (vir)     1          13.321          -3.630          -2.235         -10.438           17.893
 1340 (vir)     1          13.329          -4.524          -5.682         -15.927           19.049
 1341 (vir)     1          13.351          -4.739          -5.775         -15.821           18.658
 1342 (vir)     1          13.425          -4.554          -5.424         -15.552           19.000
 1343 (vir)     1          13.446          -4.886          -6.170         -16.182           18.571
 1344 (vir)     1          13.461          -3.649          -2.234         -10.457           18.035
 1345 (vir)     1          13.471          -4.768          -5.870         -16.088           18.921
 1346 (vir)     1          13.513          -4.331          -5.262         -14.814           18.734
 1347 (vir)     1          13.538          -3.657          -2.234         -10.485           18.132
 1348 (vir)     1          13.550          -3.617          -4.270         -12.540           18.203
 1349 (vir)     1          13.564          -4.342          -5.400         -15.087           18.908
 1350 (vir)     1          13.599          -4.772          -5.686         -15.796           18.937
 1351 (vir)     1          13.621          -3.668          -2.232         -10.476           18.197
 1352 (vir)     1          13.745          -4.628          -5.419         -15.174           18.872
 1353 (vir)     1          13.800          -3.687          -2.228         -10.495           18.379
 1354 (vir)     1          13.814          -4.227          -5.033         -14.590           19.145
 1355 (vir)     1          13.851          -4.578          -5.422         -15.401           19.252
 1356 (vir)     1          13.856          -3.695          -2.224         -10.511           18.447
 1357 (vir)     1          13.871          -4.325          -5.356         -15.125           19.315
 1358 (vir)     1          13.882          -3.966          -4.329         -12.902           18.489
 1359 (vir)     1          13.936          -4.085          -4.807         -13.963           19.009
 1360 (vir)     1          13.993          -4.041          -4.462         -13.344           18.834
 1361 (vir)     1          14.001          -3.711          -2.223         -10.513           18.580
 1362 (vir)     1          14.049          -4.681          -5.495         -15.674           19.547
 1363 (vir)     1          14.066          -3.073          -3.122         -10.032           17.903
 1364 (vir)     1          14.084          -3.871          -4.293         -12.932           18.851
 1365 (vir)     1          14.191          -3.736          -2.213         -10.535           18.778
 1366 (vir)     1          14.221          -3.738          -2.217         -10.533           18.800
 1367 (vir)     1          14.224          -4.242          -4.754         -14.059           19.288
 1368 (vir)     1          14.239          -3.530          -3.581         -11.433           18.561
 1369 (vir)     1          14.272          -4.899          -5.552         -15.978           19.799
 1370 (vir)     1          14.274          -4.424          -5.018         -14.688           19.521
 1371 (vir)     1          14.285          -5.028          -6.027         -16.489           19.719
 1372 (vir)     1          14.424          -4.205          -4.464         -13.347           19.102
 1373 (vir)     1          14.438          -4.333          -5.112         -14.794           19.787
 1374 (vir)     1          14.443          -4.067          -4.222         -13.119           19.273
 1375 (vir)     1          14.447          -4.013          -4.731         -13.940           19.643
 1376 (vir)     1          14.461          -3.770          -2.210         -10.557           19.038
 1377 (vir)     1          14.491          -4.272          -4.487         -13.740           19.473
 1378 (vir)     1          14.529          -4.082          -4.206         -12.846           19.086
 1379 (vir)     1          14.538          -4.361          -5.024         -14.575           19.727
 1380 (vir)     1          14.541          -4.339          -4.650         -13.987           19.538
 1381 (vir)     1          14.543          -3.775          -2.201         -10.558           19.125
 1382 (vir)     1          14.646          -4.754          -5.100         -15.181           19.973
 1383 (vir)     1          14.659          -4.239          -4.594         -13.862           19.688
 1384 (vir)     1          14.671          -4.243          -4.581         -13.866           19.713
 1385 (vir)     1          14.707          -3.466          -3.528         -11.131           18.843
 1386 (vir)     1          14.707          -3.830          -2.208         -10.602           19.272
 1387 (vir)     1          14.754          -3.572          -3.481         -11.663           19.364
 1388 (vir)     1          14.766          -4.946          -5.420         -15.770           20.170
 1389 (vir)     1          14.869          -4.398          -4.472         -13.848           19.847
 1390 (vir)     1          14.885          -3.826          -3.425         -11.723           19.357
 1391 (vir)     1          14.901          -3.766          -3.512         -11.960           19.582
 1392 (vir)     1          14.910          -3.816          -2.187         -10.577           19.483
 1393 (vir)     1          14.917          -4.393          -4.422         -13.824           19.926
 1394 (vir)     1          14.921          -4.379          -4.270         -13.509           19.782
 1395 (vir)     1          14.940          -4.700          -4.845         -14.789           20.185
 1396 (vir)     1          14.955          -4.166          -3.932         -12.879           19.736
 1397 (vir)     1          14.955          -4.759          -4.841         -14.897           20.252
 1398 (vir)     1          14.964          -4.640          -4.688         -14.487           20.123
 1399 (vir)     1          14.982          -4.358          -4.259         -13.521           19.886
 1400 (vir)     1          15.046          -4.486          -4.359         -13.814           20.016
 1401 (vir)     1          15.054          -4.526          -4.549         -14.189           20.167
 1402 (vir)     1          15.065          -4.184          -4.082         -12.909           19.709
 1403 (vir)     1          15.066          -4.348          -4.182         -13.397           19.933
 1404 (vir)     1          15.069          -4.357          -4.195         -13.492           20.011
 1405 (vir)     1          15.079          -3.794          -2.172         -10.530           19.643
 1406 (vir)     1          15.112          -4.340          -4.162         -13.390           20.001
 1407 (vir)     1          15.132          -4.468          -4.418         -13.964           20.209
 1408 (vir)     1          15.144          -4.387          -4.199         -13.508           20.066
 1409 (vir)     1          15.168          -4.421          -4.253         -13.702           20.196
 1410 (vir)     1          15.173          -4.404          -4.231         -13.613           20.150
 1411 (vir)     1          15.195          -4.369          -4.374         -13.724           20.176
 1412 (vir)     1          15.221          -4.123          -3.899         -12.866           20.065
 1413 (vir)     1          15.222          -4.152          -3.987         -13.016           20.099
 1414 (vir)     1          15.226          -4.395          -4.341         -13.663           20.153
 1415 (vir)     1          15.229          -4.450          -4.298         -13.751           20.232
 1416 (vir)     1          15.237          -4.495          -4.252         -13.749           20.238
 1417 (vir)     1          15.281          -4.491          -4.522         -14.095           20.363
 1418 (vir)     1          15.288          -4.531          -4.384         -13.994           20.367
 1419 (vir)     1          15.288          -3.853          -2.171         -10.590           19.853
 1420 (vir)     1          15.335          -4.579          -4.441         -14.079           20.394
 1421 (vir)     1          15.341          -4.514          -4.352         -13.792           20.267
 1422 (vir)     1          15.343          -4.533          -4.410         -14.012           20.412
 1423 (vir)     1          15.348          -4.550          -4.420         -14.052           20.430
 1424 (vir)     1          15.364          -3.833          -2.164         -10.560           19.928
 1425 (vir)     1          15.368          -4.481          -4.343         -13.686           20.230
 1426 (vir)     1          15.379          -4.573          -4.517         -14.089           20.377
 1427 (vir)     1          15.407          -3.879          -2.114         -10.414           19.828
 1428 (vir)     1          15.424          -4.437          -4.301         -13.521           20.207
 1429 (vir)     1          15.425          -3.874          -2.117         -10.423           19.858
 1430 (vir)     1          15.452          -3.876          -2.120         -10.437           19.893
 1431 (vir)     1          15.464          -4.559          -4.432         -13.952           20.425
 1432 (vir)     1          15.490          -3.882          -2.126         -10.456           19.938
 1433 (vir)     1          15.500          -4.421          -4.268         -13.431           20.243
 1434 (vir)     1          15.538          -3.893          -2.131         -10.479           19.992
 1435 (vir)     1          15.546          -4.491          -4.428         -13.993           20.619
 1436 (vir)     1          15.575          -4.270          -4.172         -13.436           20.569
 1437 (vir)     1          15.582          -4.409          -4.234         -13.359           20.298
 1438 (vir)     1          15.600          -3.910          -2.138         -10.506           20.057
 1439 (vir)     1          15.645          -4.292          -4.161         -13.434           20.626
 1440 (vir)     1          15.659          -4.401          -4.203         -13.307           20.362
 1441 (vir)     1          15.669          -3.921          -2.140         -10.554           20.162
 1442 (vir)     1          15.681          -3.892          -2.161         -10.576           20.205
 1443 (vir)     1          15.689          -3.870          -2.152         -10.581           20.249
 1444 (vir)     1          15.699          -4.595          -4.548         -14.252           20.807
 1445 (vir)     1          15.710          -4.356          -4.113         -13.278           20.519
 1446 (vir)     1          15.721          -4.324          -4.087         -13.255           20.565
 1447 (vir)     1          15.739          -4.346          -4.065         -13.084           20.411
 1448 (vir)     1          15.749          -4.109          -3.759         -12.596           20.478
 1449 (vir)     1          15.752          -4.133          -3.806         -12.692           20.505
 1450 (vir)     1          15.764          -3.951          -2.152         -10.566           20.227
 1451 (vir)     1          15.766          -4.508          -4.336         -13.775           20.696
 1452 (vir)     1          15.803          -4.266          -4.084         -13.165           20.618
 1453 (vir)     1          15.819          -4.251          -3.899         -12.978           20.648
 1454 (vir)     1          15.841          -4.501          -4.238         -13.741           20.842
 1455 (vir)     1          15.845          -4.345          -3.933         -13.138           20.705
 1456 (vir)     1          15.853          -4.431          -4.134         -13.307           20.594
 1457 (vir)     1          15.855          -4.611          -4.345         -13.965           20.865
 1458 (vir)     1          15.861          -4.535          -4.205         -13.726           20.848
 1459 (vir)     1          15.876          -3.989          -2.156         -10.601           20.332
 1460 (vir)     1          15.890          -4.612          -4.363         -14.098           21.013
 1461 (vir)     1          15.930          -4.676          -4.512         -14.307           21.048
 1462 (vir)     1          15.953          -4.894          -4.772         -14.918           21.205
 1463 (vir)     1          15.960          -4.147          -3.774         -12.511           20.549
 1464 (vir)     1          15.989          -4.898          -4.740         -15.024           21.375
 1465 (vir)     1          15.989          -3.994          -2.161         -10.627           20.462
 1466 (vir)     1          15.996          -4.242          -3.955         -13.059           20.858
 1467 (vir)     1          16.012          -4.511          -4.294         -13.825           21.032
 1468 (vir)     1          16.026          -5.618          -5.933         -17.224           21.698
 1469 (vir)     1          16.037          -3.911          -2.138         -10.598           20.586
 1470 (vir)     1          16.070          -5.040          -4.939         -15.219           21.310
 1471 (vir)     1          16.079          -4.880          -4.683         -14.682           21.198
 1472 (vir)     1          16.081          -3.955          -2.135         -10.599           20.590
 1473 (vir)     1          16.139          -4.044          -2.166         -10.666           20.596
 1474 (vir)     1          16.156          -5.137          -5.008         -15.785           21.795
 1475 (vir)     1          16.210          -5.613          -5.883         -17.174           21.889
 1476 (vir)     1          16.253          -4.801          -4.506         -14.435           21.381
 1477 (vir)     1          16.260          -5.367          -5.132         -16.317           22.078
 1478 (vir)     1          16.276          -4.905          -4.630         -14.773           21.515
 1479 (vir)     1          16.303          -4.087          -2.169         -10.702           20.750
 1480 (vir)     1          16.402          -3.946          -2.124         -10.612           20.944
 1481 (vir)     1          16.436          -4.000          -2.141         -10.645           20.939
 1482 (vir)     1          16.442          -4.074          -3.433         -12.050           20.984
 1483 (vir)     1          16.458          -5.094          -5.002         -15.398           21.760
 1484 (vir)     1          16.482          -3.624          -3.149         -10.930           20.639
 1485 (vir)     1          16.495          -4.549          -4.179         -13.636           21.401
 1486 (vir)     1          16.497          -3.864          -3.458         -11.754           20.929
 1487 (vir)     1          16.507          -4.072          -2.144         -10.671           20.962
 1488 (vir)     1          16.539          -4.159          -3.531         -12.314           21.163
 1489 (vir)     1          16.551          -4.197          -3.576         -12.445           21.222
 1490 (vir)     1          16.562          -4.986          -4.737         -14.896           21.734
 1491 (vir)     1          16.575          -4.217          -3.622         -12.549           21.284
 1492 (vir)     1          16.588          -5.043          -4.793         -15.078           21.830
 1493 (vir)     1          16.601          -4.258          -3.922         -12.738           21.159
 1494 (vir)     1          16.614          -4.341          -3.780         -12.922           21.415
 1495 (vir)     1          16.629          -4.212          -3.578         -12.532           21.371
 1496 (vir)     1          16.650          -4.122          -2.181         -10.783           21.130
 1497 (vir)     1          16.651          -4.941          -4.767         -14.937           21.880
 1498 (vir)     1          16.652          -4.228          -3.595         -12.598           21.428
 1499 (vir)     1          16.669          -4.450          -4.122         -13.287           21.384
 1500 (vir)     1          16.671          -4.240          -3.576         -12.605           21.461
 1501 (vir)     1          16.688          -4.317          -3.649         -12.804           21.526
 1502 (vir)     1          16.759          -4.583          -4.298         -13.753           21.632
 1503 (vir)     1          16.768          -5.084          -4.944         -15.373           22.113
 1504 (vir)     1          16.776          -3.986          -2.110         -10.625           21.306
 1505 (vir)     1          16.807          -5.620          -5.594         -16.827           22.419
 1506 (vir)     1          16.815          -4.073          -2.141         -10.703           21.303
 1507 (vir)     1          16.837          -4.062          -2.185         -10.802           21.392
 1508 (vir)     1          16.865          -5.468          -5.380         -16.385           22.403
 1509 (vir)     1          16.869          -3.829          -3.764         -12.533           21.808
 1510 (vir)     1          16.891          -4.255          -3.721         -12.469           21.384
 1511 (vir)     1          16.924          -4.069          -2.143         -10.702           21.415
 1512 (vir)     1          16.957          -4.897          -4.643         -14.686           22.103
 1513 (vir)     1          17.024          -5.250          -5.093         -15.854           22.535
 1514 (vir)     1          17.061          -4.444          -3.975         -13.050           21.691
 1515 (vir)     1          17.070          -5.508          -5.330         -16.360           22.591
 1516 (vir)     1          17.093          -5.692          -5.529         -16.868           22.741
 1517 (vir)     1          17.104          -4.211          -3.813         -12.751           21.830
 1518 (vir)     1          17.151          -4.018          -2.097         -10.637           21.672
 1519 (vir)     1          17.199          -4.390          -3.831         -12.876           21.854
 1520 (vir)     1          17.204          -4.003          -2.046         -10.454           21.609
 1521 (vir)     1          17.211          -4.528          -4.080         -13.457           22.059
 1522 (vir)     1          17.228          -5.506          -5.324         -16.540           22.937
 1523 (vir)     1          17.334          -5.485          -5.161         -16.193           22.881
 1524 (vir)     1          17.349          -5.443          -5.117         -15.974           22.763
 1525 (vir)     1          17.370          -5.599          -5.326         -16.526           22.972
 1526 (vir)     1          17.433          -5.188          -4.741         -15.166           22.669
 1527 (vir)     1          17.446          -5.362          -4.957         -15.777           22.905
 1528 (vir)     1          17.476          -4.070          -2.048         -10.514           21.873
 1529 (vir)     1          17.508          -4.052          -2.086         -10.651           22.020
 1530 (vir)     1          17.513          -5.618          -5.303         -16.538           23.130
 1531 (vir)     1          17.528          -4.794          -4.439         -14.450           22.744
 1532 (vir)     1          17.571          -4.558          -4.066         -13.617           22.565
 1533 (vir)     1          17.697          -4.210          -2.099         -10.757           22.145
 1534 (vir)     1          17.705          -5.812          -5.422         -16.960           23.430
 1535 (vir)     1          17.728          -5.777          -5.413         -16.935           23.472
 1536 (vir)     1          17.818          -4.083          -2.078         -10.659           22.316
 1537 (vir)     1          17.856          -4.231          -2.021         -10.518           22.123
 1538 (vir)     1          17.893          -4.408          -2.160         -11.023           22.349
 1539 (vir)     1          17.992          -5.164          -4.631         -15.134           23.331
 1540 (vir)     1          18.007          -5.790          -5.291         -16.822           23.748
 1541 (vir)     1          18.018          -4.094          -2.049         -10.580           22.455
 1542 (vir)     1          18.028          -4.544          -2.202         -11.199           22.480
 1543 (vir)     1          18.046          -4.141          -2.023         -10.499           22.382
 1544 (vir)     1          18.060          -5.577          -5.014         -16.130           23.599
 1545 (vir)     1          18.060          -4.128          -2.016         -10.480           22.397
 1546 (vir)     1          18.074          -5.797          -5.411         -17.153           24.018
 1547 (vir)     1          18.094          -4.164          -2.025         -10.510           22.415
 1548 (vir)     1          18.105          -4.126          -2.030         -10.527           22.475
 1549 (vir)     1          18.107          -4.261          -2.028         -10.568           22.386
 1550 (vir)     1          18.132          -4.209          -2.043         -10.565           22.444
 1551 (vir)     1          18.133          -4.168          -2.037         -10.546           22.474
 1552 (vir)     1          18.145          -3.767          -3.046         -11.107           22.440
 1553 (vir)     1          18.192          -3.818          -3.133         -11.348           22.589
 1554 (vir)     1          18.248          -6.004          -5.573         -17.682           24.353
 1555 (vir)     1          18.274          -4.786          -4.053         -13.863           23.299
 1556 (vir)     1          18.310          -5.751          -5.146         -16.541           23.954
 1557 (vir)     1          18.393          -3.857          -3.032         -11.058           22.563
 1558 (vir)     1          18.405          -6.001          -5.474         -17.529           24.459
 1559 (vir)     1          18.411          -4.280          -2.023         -10.593           22.701
 1560 (vir)     1          18.427          -5.422          -4.689         -15.526           23.841
 1561 (vir)     1          18.508          -4.278          -1.997         -10.543           22.776
 1562 (vir)     1          18.513          -5.181          -4.504         -14.725           23.553
 1563 (vir)     1          18.514          -4.300          -2.001         -10.550           22.763
 1564 (vir)     1          18.538          -6.057          -5.470         -17.585           24.595
 1565 (vir)     1          18.546          -5.724          -5.063         -16.160           23.918
 1566 (vir)     1          18.553          -5.159          -4.434         -14.679           23.639
 1567 (vir)     1          18.579          -5.151          -4.340         -14.738           23.827
 1568 (vir)     1          18.597          -4.281          -2.005         -10.584           22.895
 1569 (vir)     1          18.598          -4.303          -2.009         -10.575           22.861
 1570 (vir)     1          18.611          -6.198          -5.575         -17.906           24.744
 1571 (vir)     1          18.619          -5.412          -4.627         -15.158           23.737
 1572 (vir)     1          18.677          -5.131          -4.393         -14.505           23.658
 1573 (vir)     1          18.691          -5.735          -4.983         -16.190           24.163
 1574 (vir)     1          18.709          -4.319          -2.014         -10.610           22.986
 1575 (vir)     1          18.729          -4.349          -2.022         -10.635           22.994
 1576 (vir)     1          18.729          -5.451          -4.742         -15.578           24.115
 1577 (vir)     1          18.750          -4.311          -2.014         -10.619           23.044
 1578 (vir)     1          18.758          -5.224          -4.299         -14.731           23.966
 1579 (vir)     1          18.771          -5.060          -4.265         -14.376           23.822
 1580 (vir)     1          18.786          -5.336          -4.423         -15.076           24.103
 1581 (vir)     1          18.854          -4.376          -2.030         -10.661           23.110
 1582 (vir)     1          18.856          -4.415          -2.035         -10.695           23.101
 1583 (vir)     1          18.865          -3.731          -2.781         -10.450           22.802
 1584 (vir)     1          18.945          -4.500          -2.057         -10.743           23.131
 1585 (vir)     1          18.967          -5.872          -5.050         -16.345           24.391
 1586 (vir)     1          18.978          -5.988          -5.193         -16.982           24.778
 1587 (vir)     1          19.003          -4.302          -2.006         -10.653           23.347
 1588 (vir)     1          19.102          -4.954          -4.082         -13.957           24.023
 1589 (vir)     1          19.107          -4.344          -2.002         -10.648           23.410
 1590 (vir)     1          19.195          -5.059          -4.135         -13.977           23.977
 1591 (vir)     1          19.255          -4.294          -1.986         -10.700           23.675
 1592 (vir)     1          19.288          -6.111          -5.218         -17.180           25.139
 1593 (vir)     1          19.341          -3.711          -2.708         -10.297           23.219
 1594 (vir)     1          19.458          -4.380          -1.986         -10.671           23.764
 1595 (vir)     1          19.462          -5.142          -4.194         -14.404           24.531
 1596 (vir)     1          19.591          -4.359          -1.979         -10.748           24.001
 1597 (vir)     1          19.613          -4.136          -1.968         -10.459           23.968
 1598 (vir)     1          19.620          -5.968          -4.920         -16.565           25.298
 1599 (vir)     1          19.622          -4.593          -3.544         -12.575           24.060
 1600 (vir)     1          19.656          -4.077          -1.968         -10.399           24.010
 1601 (vir)     1          19.703          -5.169          -4.208         -14.620           24.945
 1602 (vir)     1          19.739          -5.046          -4.105         -14.396           24.984
 1603 (vir)     1          19.800          -4.793          -3.746         -13.237           24.498
 1604 (vir)     1          19.818          -5.284          -4.213         -14.670           24.990
 1605 (vir)     1          19.839          -4.777          -3.698         -13.153           24.516
 1606 (vir)     1          19.865          -4.331          -1.965         -10.606           24.175
 1607 (vir)     1          19.929          -5.933          -4.810         -16.356           25.542
 1608 (vir)     1          19.932          -4.423          -1.972         -10.788           24.325
 1609 (vir)     1          19.942          -4.929          -3.849         -13.713           24.878
 1610 (vir)     1          19.944          -6.267          -5.147         -17.148           25.678
 1611 (vir)     1          19.960          -4.438          -1.961         -10.756           24.317
 1612 (vir)     1          20.002          -4.495          -1.964         -10.744           24.287
 1613 (vir)     1          20.028          -4.790          -3.656         -13.152           24.733
 1614 (vir)     1          20.088          -4.474          -1.956         -10.697           24.355
 1615 (vir)     1          20.109          -5.698          -4.546         -15.645           25.510
 1616 (vir)     1          20.138          -5.585          -4.431         -15.321           25.443
 1617 (vir)     1          20.176          -5.798          -4.571         -15.733           25.541
 1618 (vir)     1          20.197          -4.507          -1.973         -10.833           24.550
 1619 (vir)     1          20.201          -4.421          -3.304         -12.228           24.705
 1620 (vir)     1          20.227          -4.479          -1.945         -10.688           24.490
 1621 (vir)     1          20.237          -4.557          -1.949         -10.699           24.430
 1622 (vir)     1          20.257          -5.600          -4.389         -15.260           25.528
 1623 (vir)     1          20.257          -4.432          -1.920         -10.520           24.425
 1624 (vir)     1          20.278          -4.664          -2.005         -10.998           24.607
 1625 (vir)     1          20.305          -5.055          -3.853         -13.892           25.289
 1626 (vir)     1          20.346          -6.106          -4.829         -16.469           25.879
 1627 (vir)     1          20.363          -4.524          -1.956         -10.748           24.631
 1628 (vir)     1          20.366          -4.546          -1.940         -10.685           24.564
 1629 (vir)     1          20.370          -6.219          -4.963         -16.879           26.068
 1630 (vir)     1          20.390          -4.433          -1.914         -10.505           24.547
 1631 (vir)     1          20.399          -4.509          -1.937         -10.679           24.632
 1632 (vir)     1          20.454          -4.919          -3.711         -13.466           25.289
 1633 (vir)     1          20.500          -5.152          -3.907         -14.049           25.490
 1634 (vir)     1          20.512          -5.179          -3.929         -14.165           25.569
 1635 (vir)     1          20.523          -4.514          -1.962         -10.769           24.816
 1636 (vir)     1          20.563          -4.437          -1.911         -10.535           24.750
 1637 (vir)     1          20.654          -6.029          -4.659         -16.179           26.146
 1638 (vir)     1          20.670          -5.004          -3.722         -13.607           25.552
 1639 (vir)     1          20.695          -4.522          -1.951         -10.734           24.956
 1640 (vir)     1          20.706          -4.466          -1.919         -10.650           24.971
 1641 (vir)     1          20.732          -4.475          -1.974         -10.754           25.037
 1642 (vir)     1          20.768          -5.673          -4.320         -15.348           26.124
 1643 (vir)     1          20.778          -4.524          -1.948         -10.795           25.101
 1644 (vir)     1          20.792          -5.235          -3.918         -14.146           25.785
 1645 (vir)     1          20.799          -5.551          -4.166         -14.866           25.949
 1646 (vir)     1          20.800          -4.540          -1.982         -10.837           25.116
 1647 (vir)     1          20.826          -4.181          -1.954         -10.750           25.441
 1648 (vir)     1          20.849          -4.683          -3.388         -12.686           25.464
 1649 (vir)     1          20.851          -5.210          -3.871         -14.020           25.790
 1650 (vir)     1          20.863          -4.460          -1.929         -10.663           25.136
 1651 (vir)     1          20.870          -6.258          -4.794         -16.623           26.441
 1652 (vir)     1          20.895          -4.284          -1.944         -10.718           25.384
 1653 (vir)     1          20.961          -4.403          -1.894         -10.504           25.168
 1654 (vir)     1          20.964          -4.624          -1.977         -10.823           25.185
 1655 (vir)     1          20.968          -5.778          -4.326         -15.262           26.126
 1656 (vir)     1          20.984          -4.427          -1.936         -10.700           25.321
 1657 (vir)     1          21.008          -7.150          -5.527         -18.703           27.035
 1658 (vir)     1          21.019          -4.878          -3.474         -12.913           25.581
 1659 (vir)     1          21.080          -4.575          -1.988         -10.915           25.433
 1660 (vir)     1          21.089          -6.301          -4.812         -16.798           26.775
 1661 (vir)     1          21.092          -4.487          -1.899         -10.555           25.261
 1662 (vir)     1          21.096          -4.494          -1.933         -10.684           25.352
 1663 (vir)     1          21.119          -7.199          -5.522         -18.748           27.145
 1664 (vir)     1          21.182          -7.326          -5.593         -18.980           27.243
 1665 (vir)     1          21.196          -6.209          -4.726         -16.592           26.853
 1666 (vir)     1          21.205          -4.588          -1.928         -10.690           25.379
 1667 (vir)     1          21.255          -5.984          -4.535         -16.061           26.797
 1668 (vir)     1          21.276          -6.478          -4.946         -17.219           27.072
 1669 (vir)     1          21.313          -4.586          -1.909         -10.624           25.442
 1670 (vir)     1          21.320          -4.641          -1.957         -10.805           25.527
 1671 (vir)     1          21.336          -4.648          -1.919         -10.669           25.438
 1672 (vir)     1          21.345          -3.744          -2.353          -9.523           24.772
 1673 (vir)     1          21.352          -4.458          -3.086         -11.941           25.750
 1674 (vir)     1          21.428          -4.614          -1.991         -10.949           25.772
 1675 (vir)     1          21.470          -4.882          -3.487         -13.396           26.497
 1676 (vir)     1          21.475          -4.640          -1.913         -10.616           25.538
 1677 (vir)     1          21.479          -4.837          -3.449         -13.291           26.484
 1678 (vir)     1          21.550          -4.715          -1.922         -10.791           25.705
 1679 (vir)     1          21.562          -4.418          -3.048         -11.915           26.012
 1680 (vir)     1          21.583          -4.706          -1.929         -10.904           25.852
 1681 (vir)     1          21.597          -4.871          -3.353         -12.831           26.204
 1682 (vir)     1          21.647          -4.728          -1.919         -10.779           25.780
 1683 (vir)     1          21.684          -4.922          -3.425         -13.025           26.363
 1684 (vir)     1          21.691          -4.696          -1.934         -10.831           25.893
 1685 (vir)     1          21.711          -4.785          -1.929         -10.892           25.890
 1686 (vir)     1          21.765          -4.686          -1.975         -10.981           26.086
 1687 (vir)     1          21.769          -4.754          -1.899         -10.699           25.815
 1688 (vir)     1          21.843          -4.785          -3.278         -12.622           26.402
 1689 (vir)     1          21.853          -4.452          -2.946         -11.598           26.053
 1690 (vir)     1          21.857          -4.915          -3.404         -12.922           26.459
 1691 (vir)     1          21.919          -4.700          -1.891         -10.664           25.992
 1692 (vir)     1          21.929          -4.821          -1.926         -10.907           26.088
 1693 (vir)     1          21.944          -4.716          -1.903         -10.713           26.039
 1694 (vir)     1          21.953          -3.939          -2.460          -9.926           25.480
 1695 (vir)     1          22.073          -4.799          -3.264         -12.432           26.442
 1696 (vir)     1          22.084          -4.604          -3.067         -11.985           26.398
 1697 (vir)     1          22.106          -4.701          -1.879         -10.651           26.176
 1698 (vir)     1          22.167          -4.833          -1.917         -10.890           26.307
 1699 (vir)     1          22.172          -4.819          -3.193         -12.338           26.499
 1700 (vir)     1          22.217          -4.704          -1.902         -10.771           26.382
 1701 (vir)     1          22.227          -4.784          -1.907         -10.797           26.333
 1702 (vir)     1          22.256          -4.871          -3.303         -12.579           26.661
 1703 (vir)     1          22.299          -4.764          -1.948         -10.919           26.505
 1704 (vir)     1          22.360          -4.722          -1.872         -10.629           26.396
 1705 (vir)     1          22.370          -4.595          -2.919         -11.459           26.315
 1706 (vir)     1          22.379          -4.768          -3.140         -12.157           26.628
 1707 (vir)     1          22.476          -4.915          -3.269         -12.439           26.730
 1708 (vir)     1          22.496          -4.587          -2.851         -11.093           26.152
 1709 (vir)     1          22.527          -4.696          -1.876         -10.755           26.709
 1710 (vir)     1          22.563          -4.754          -1.866         -10.668           26.611
 1711 (vir)     1          22.584          -4.687          -1.885         -10.805           26.816
 1712 (vir)     1          22.659          -4.783          -1.877         -10.697           26.696
 1713 (vir)     1          22.687          -4.044          -2.608         -10.654           26.689
 1714 (vir)     1          22.691          -4.826          -1.927         -10.909           26.848
 1715 (vir)     1          22.697          -4.863          -3.139         -11.975           26.670
 1716 (vir)     1          22.701          -4.094          -2.634         -10.712           26.685
 1717 (vir)     1          22.734          -4.758          -3.087         -11.809           26.698
 1718 (vir)     1          22.874          -4.717          -1.856         -10.612           26.914
 1719 (vir)     1          22.927          -4.184          -1.835         -10.617           27.526
 1720 (vir)     1          22.931          -4.998          -1.875         -10.861           26.919
 1721 (vir)     1          23.018          -4.845          -1.869         -10.768           27.072
 1722 (vir)     1          23.066          -4.821          -1.864         -10.733           27.113
 1723 (vir)     1          23.090          -4.902          -1.876         -10.892           27.204
 1724 (vir)     1          23.195          -4.346          -2.674         -10.744           26.920
 1725 (vir)     1          23.227          -4.796          -1.803         -10.482           27.109
 1726 (vir)     1          23.240          -4.748          -1.887         -10.741           27.346
 1727 (vir)     1          23.264          -4.828          -1.871         -10.882           27.447
 1728 (vir)     1          23.319          -4.277          -2.663         -10.738           27.116
 1729 (vir)     1          23.351          -4.802          -1.861         -10.781           27.470
 1730 (vir)     1          23.377          -4.252          -2.616         -11.138           27.648
 1731 (vir)     1          23.380          -4.288          -2.627         -11.175           27.640
 1732 (vir)     1          23.435          -4.676          -1.864         -10.874           27.768
 1733 (vir)     1          23.437          -4.680          -1.814         -10.484           27.427
 1734 (vir)     1          23.518          -4.356          -2.648         -10.736           27.250
 1735 (vir)     1          23.566          -5.207          -1.850         -10.820           27.329
 1736 (vir)     1          23.575          -4.138          -2.673         -10.333           27.097
 1737 (vir)     1          23.604          -4.803          -1.857         -10.856           27.801
 1738 (vir)     1          23.606          -4.188          -2.700         -10.430           27.147
 1739 (vir)     1          23.607          -4.584          -1.775         -10.402           27.650
 1740 (vir)     1          23.626          -4.894          -1.895         -10.900           27.737
 1741 (vir)     1          23.731          -4.766          -1.771         -10.406           27.599
 1742 (vir)     1          23.736          -4.221          -2.721         -10.590           27.383
 1743 (vir)     1          23.773          -4.863          -1.848         -10.834           27.896
 1744 (vir)     1          23.781          -4.330          -2.633         -10.703           27.520
 1745 (vir)     1          23.914          -4.553          -2.898         -11.793           28.256
 1746 (vir)     1          23.917          -4.551          -2.894         -11.785           28.256
 1747 (vir)     1          23.943          -4.823          -1.840         -10.810           28.090
 1748 (vir)     1          24.005          -4.308          -2.729         -10.769           27.737
 1749 (vir)     1          24.013          -4.785          -1.742         -10.314           27.800
 1750 (vir)     1          24.034          -4.690          -1.752         -10.362           27.954
 1751 (vir)     1          24.068          -4.946          -1.882         -10.903           28.143
 1752 (vir)     1          24.101          -4.362          -2.624         -10.700           27.815
 1753 (vir)     1          24.112          -5.008          -1.835         -10.794           28.062
 1754 (vir)     1          24.348          -4.821          -1.730         -10.309           28.105
 1755 (vir)     1          24.371          -5.006          -1.786         -10.677           28.256
 1756 (vir)     1          24.392          -4.397          -2.717         -10.934           28.212
 1757 (vir)     1          24.425          -4.746          -2.944         -11.832           28.568
 1758 (vir)     1          24.434          -4.729          -2.914         -11.768           28.559
 1759 (vir)     1          24.437          -4.790          -1.704         -10.210           28.152
 1760 (vir)     1          24.453          -4.731          -2.879         -11.693           28.535
 1761 (vir)     1          24.474          -4.390          -2.646         -10.753           28.191
 1762 (vir)     1          24.488          -4.648          -2.837         -11.601           28.604
 1763 (vir)     1          24.519          -4.950          -1.851         -10.850           28.569
 1764 (vir)     1          24.528          -4.925          -1.785         -10.656           28.475
 1765 (vir)     1          24.543          -4.594          -2.790         -11.490           28.649
 1766 (vir)     1          24.619          -4.554          -2.732         -11.344           28.676
 1767 (vir)     1          24.673          -4.720          -1.708         -10.256           28.500
 1768 (vir)     1          24.709          -4.461          -2.660         -11.144           28.732
 1769 (vir)     1          24.733          -4.939          -1.775         -10.625           28.645
 1770 (vir)     1          24.751          -4.425          -2.711         -10.997           28.612
 1771 (vir)     1          24.799          -4.365          -2.555         -10.818           28.697
 1772 (vir)     1          24.851          -4.788          -1.667         -10.102           28.498
 1773 (vir)     1          24.877          -4.314          -2.557         -10.659           28.666
 1774 (vir)     1          24.885          -4.522          -2.721         -10.973           28.615
 1775 (vir)     1          24.960          -4.889          -1.760         -10.583           28.894
 1776 (vir)     1          24.962          -4.967          -1.762         -10.553           28.785
 1777 (vir)     1          25.008          -4.340          -2.670         -10.791           28.788
 1778 (vir)     1          25.016          -4.481          -2.726         -11.023           28.832
 1779 (vir)     1          25.027          -4.889          -1.736         -10.404           28.807
 1780 (vir)     1          25.175          -4.779          -1.639         -10.026           28.784
 1781 (vir)     1          25.200          -4.504          -2.799         -11.015           28.912
 1782 (vir)     1          25.207          -4.945          -1.743         -10.537           29.056
 1783 (vir)     1          25.354          -4.741          -1.621          -9.992           28.985
 1784 (vir)     1          25.431          -4.636          -2.920         -11.245           29.120
 1785 (vir)     1          25.459          -5.119          -1.804         -10.760           29.297
 1786 (vir)     1          25.473          -4.884          -1.724         -10.488           29.352
 1787 (vir)     1          25.509          -4.614          -2.898         -11.388           29.385
 1788 (vir)     1          25.583          -4.642          -3.043         -11.692           29.590
 1789 (vir)     1          25.655          -4.907          -3.083         -11.528           29.194
 1790 (vir)     1          25.694          -4.909          -2.891         -11.579           29.473
 1791 (vir)     1          25.720          -4.912          -2.957         -11.642           29.493
 1792 (vir)     1          25.734          -4.623          -1.555          -9.739           29.295
 1793 (vir)     1          25.758          -4.937          -1.704         -10.438           29.555
 1794 (vir)     1          25.842          -5.063          -3.181         -11.738           29.335
 1795 (vir)     1          25.923          -5.154          -1.787         -10.759           29.741
 1796 (vir)     1          25.973          -4.694          -2.882         -11.554           29.951
 1797 (vir)     1          26.002          -4.737          -2.769         -11.225           29.721
 1798 (vir)     1          26.002          -4.555          -2.556         -10.631           29.522
 1799 (vir)     1          26.006          -5.036          -3.056         -11.575           29.489
 1800 (vir)     1          26.055          -4.736          -1.503          -9.541           29.357
 1801 (vir)     1          26.062          -4.889          -1.683         -10.387           29.877
 1802 (vir)     1          26.146          -4.783          -2.771         -11.196           29.788
 1803 (vir)     1          26.299          -4.484          -2.625         -10.913           30.102
 1804 (vir)     1          26.326          -4.561          -2.927         -11.243           30.081
 1805 (vir)     1          26.326          -4.580          -2.578         -10.917           30.085
 1806 (vir)     1          26.380          -4.817          -1.661         -10.335           30.238
 1807 (vir)     1          26.399          -5.149          -1.760         -10.709           30.199
 1808 (vir)     1          26.532          -5.102          -3.108         -11.489           29.811
 1809 (vir)     1          26.613          -4.471          -2.453         -10.696           30.385
 1810 (vir)     1          26.672          -4.688          -2.481         -10.968           30.472
 1811 (vir)     1          26.710          -4.774          -1.638         -10.282           30.580
 1812 (vir)     1          26.782          -4.562          -2.563         -10.867           30.525
 1813 (vir)     1          26.824          -5.650          -3.551         -12.149           29.772
 1814 (vir)     1          26.876          -5.087          -1.720         -10.626           30.695
 1815 (vir)     1          27.019          -4.404          -2.303         -10.251           30.563
 1816 (vir)     1          27.040          -4.471          -1.943          -9.959           30.585
 1817 (vir)     1          27.043          -4.756          -1.614         -10.227           30.900
 1818 (vir)     1          27.084          -5.597          -3.510         -12.011           29.988
 1819 (vir)     1          27.146          -4.701          -2.462         -11.099           31.083
 1820 (vir)     1          27.178          -4.738          -2.618         -10.977           30.800
 1821 (vir)     1          27.193          -4.777          -2.051         -10.048           30.414
 1822 (vir)     1          27.203          -4.473          -2.107         -10.137           30.759
 1823 (vir)     1          27.373          -4.831          -1.589         -10.164           31.117
 1824 (vir)     1          27.383          -5.271          -1.697         -10.566           30.980
 1825 (vir)     1          27.417          -4.719          -2.520         -10.648           30.826
 1826 (vir)     1          27.489          -4.580          -2.122         -10.134           30.922
 1827 (vir)     1          27.539          -4.332          -2.135         -10.275           31.347
 1828 (vir)     1          27.558          -4.593          -2.468         -10.418           30.914
 1829 (vir)     1          27.609          -4.852          -2.688         -11.196           31.264
 1830 (vir)     1          27.692          -4.677          -1.562         -10.088           31.540
 1831 (vir)     1          27.724          -4.967          -2.793         -11.271           31.235
 1832 (vir)     1          27.748          -4.786          -2.455         -11.279           31.786
 1833 (vir)     1          27.780          -5.203          -2.965         -11.469           31.081
 1834 (vir)     1          27.863          -5.038          -2.196         -10.381           31.010
 1835 (vir)     1          27.898          -5.589          -1.664         -10.463           31.110
 1836 (vir)     1          27.989          -4.772          -1.531          -9.988           31.675
 1837 (vir)     1          28.027          -5.048          -2.203         -10.510           31.286
 1838 (vir)     1          28.219          -4.926          -2.518         -10.802           31.576
 1839 (vir)     1          28.253          -5.453          -1.495          -9.862           31.167
 1840 (vir)     1          28.279          -4.801          -2.344         -11.340           32.474
 1841 (vir)     1          28.356          -5.121          -2.511         -10.784           31.507
 1842 (vir)     1          28.365          -5.109          -2.294         -10.702           31.664
 1843 (vir)     1          28.404          -4.707          -1.688          -9.976           31.986
 1844 (vir)     1          28.437          -5.384          -2.385         -10.751           31.419
 1845 (vir)     1          28.449          -5.930          -3.425         -12.065           31.158
 1846 (vir)     1          28.450          -5.936          -3.434         -12.075           31.155
 1847 (vir)     1          28.450          -3.889          -1.462          -9.734           32.834
 1848 (vir)     1          28.490          -4.797          -1.902          -9.636           31.426
 1849 (vir)     1          28.529          -5.128          -1.853         -10.086           31.635
 1850 (vir)     1          28.589          -4.951          -2.516         -10.901           32.024
 1851 (vir)     1          28.733          -5.297          -2.392         -10.849           31.893
 1852 (vir)     1          28.749          -4.876          -2.500         -10.911           32.284
 1853 (vir)     1          28.801          -5.025          -2.368         -10.953           32.360
 1854 (vir)     1          28.977          -4.953          -2.492         -10.988           32.520
 1855 (vir)     1          29.009          -5.209          -1.606         -10.391           32.586
 1856 (vir)     1          29.138          -4.866          -2.448         -10.938           32.762
 1857 (vir)     1          29.179          -4.969          -2.290         -11.382           33.303
 1858 (vir)     1          29.326          -4.895          -2.360         -10.977           33.049
 1859 (vir)     1          29.377          -4.788          -2.193         -10.945           33.340
 1860 (vir)     1          29.384          -4.794          -2.240         -11.032           33.383
 1861 (vir)     1          29.475          -5.040          -2.372         -11.123           33.187
 1862 (vir)     1          29.541          -4.907          -2.198         -11.092           33.527
 1863 (vir)     1          29.549          -4.928          -2.378         -11.030           33.273
 1864 (vir)     1          29.562          -4.956          -2.307         -11.171           33.470
 1865 (vir)     1          29.563          -4.944          -2.257         -11.180           33.542
 1866 (vir)     1          29.592          -5.289          -1.560         -10.280           33.024
 1867 (vir)     1          29.630          -5.777          -2.513         -11.036           32.376
 1868 (vir)     1          29.721          -4.803          -2.241         -10.564           33.240
 1869 (vir)     1          29.817          -5.086          -2.324         -11.272           33.678
 1870 (vir)     1          29.830          -4.923          -2.227         -11.087           33.766
 1871 (vir)     1          29.906          -5.175          -2.288         -11.187           33.629
 1872 (vir)     1          30.020          -6.105          -2.465         -11.508           32.958
 1873 (vir)     1          30.118          -5.032          -2.193         -11.084           33.978
 1874 (vir)     1          30.171          -4.989          -2.382         -11.337           34.136
 1875 (vir)     1          30.203          -4.991          -1.517         -10.179           33.874
 1876 (vir)     1          30.216          -4.952          -2.280         -10.615           33.600
 1877 (vir)     1          30.235          -5.557          -2.464         -11.323           33.537
 1878 (vir)     1          30.395          -5.906          -2.502         -11.661           33.648
 1879 (vir)     1          30.430          -5.458          -2.458         -11.476           33.991
 1880 (vir)     1          30.477          -4.994          -2.235         -10.808           34.055
 1881 (vir)     1          30.567          -5.901          -2.582         -11.690           33.774
 1882 (vir)     1          30.590          -5.099          -2.379         -11.045           34.157
 1883 (vir)     1          30.597          -6.377          -2.611         -11.826           33.436
 1884 (vir)     1          30.636          -5.571          -2.522         -11.626           34.170
 1885 (vir)     1          30.667          -5.200          -2.205         -10.783           34.044
 1886 (vir)     1          30.772          -5.184          -2.282         -10.939           34.246
 1887 (vir)     1          30.839          -5.472          -1.474         -10.080           33.974
 1888 (vir)     1          30.914          -5.439          -2.479         -11.578           34.574
 1889 (vir)     1          30.956          -5.048          -2.209         -10.860           34.559
 1890 (vir)     1          31.064          -6.146          -2.652         -11.740           34.007
 1891 (vir)     1          31.100          -4.942          -2.042         -10.657           34.773
 1892 (vir)     1          31.134          -5.008          -2.050         -10.640           34.717
 1893 (vir)     1          31.214          -5.222          -2.228         -10.990           34.754
 1894 (vir)     1          31.219          -5.544          -2.475         -11.568           34.768
 1895 (vir)     1          31.271          -5.349          -2.343         -11.507           35.086
 1896 (vir)     1          31.311          -5.409          -2.346         -11.495           35.051
 1897 (vir)     1          31.350          -5.332          -2.341         -11.618           35.295
 1898 (vir)     1          31.417          -5.565          -2.337         -11.268           34.782
 1899 (vir)     1          31.418          -5.442          -2.329         -11.220           34.867
 1900 (vir)     1          31.431          -5.295          -2.438         -11.475           35.174
 1901 (vir)     1          31.442          -5.321          -2.341         -11.218           34.998
 1902 (vir)     1          31.454          -5.631          -2.407         -11.550           34.966
 1903 (vir)     1          31.487          -5.357          -2.283         -11.143           34.990
 1904 (vir)     1          31.492          -5.408          -2.303         -11.245           35.026
 1905 (vir)     1          31.494          -5.796          -1.430          -9.983           34.251
 1906 (vir)     1          31.504          -5.457          -2.401         -11.589           35.235
 1907 (vir)     1          31.526          -6.559          -2.779         -12.121           34.309
 1908 (vir)     1          31.552          -5.609          -2.419         -11.611           35.134
 1909 (vir)     1          31.586          -5.453          -2.363         -11.463           35.233
 1910 (vir)     1          31.595          -5.880          -2.199         -11.062           34.578
 1911 (vir)     1          31.688          -5.479          -2.332         -11.550           35.428
 1912 (vir)     1          31.695          -5.709          -2.443         -11.682           35.225
 1913 (vir)     1          31.783          -5.529          -2.185         -11.159           35.228
 1914 (vir)     1          31.798          -5.688          -2.301         -11.676           35.485
 1915 (vir)     1          31.811          -5.369          -2.211         -11.326           35.557
 1916 (vir)     1          31.820          -5.448          -2.259         -11.372           35.486
 1917 (vir)     1          31.847          -6.923          -2.952         -12.445           34.417
 1918 (vir)     1          31.879          -5.352          -2.240         -11.048           35.335
 1919 (vir)     1          31.941          -5.588          -2.321         -11.660           35.691
 1920 (vir)     1          32.008          -6.510          -2.273         -10.974           34.201
 1921 (vir)     1          32.013          -5.274          -2.187         -11.218           35.770
 1922 (vir)     1          32.019          -5.378          -2.136         -11.082           35.588
 1923 (vir)     1          32.053          -6.693          -3.117         -12.814           35.056
 1924 (vir)     1          32.097          -5.807          -2.784         -11.871           35.377
 1925 (vir)     1          32.103          -5.787          -2.349         -11.796           35.762
 1926 (vir)     1          32.158          -6.346          -1.386          -9.888           34.314
 1927 (vir)     1          32.171          -5.872          -2.240         -10.967           35.026
 1928 (vir)     1          32.189          -6.885          -3.004         -12.832           35.133
 1929 (vir)     1          32.222          -5.913          -2.289         -11.018           35.038
 1930 (vir)     1          32.256          -5.926          -2.399         -11.805           35.736
 1931 (vir)     1          32.266          -5.151          -2.175         -11.115           36.056
 1932 (vir)     1          32.302          -5.942          -2.344         -11.629           35.645
 1933 (vir)     1          32.334          -5.296          -2.158         -11.150           36.029
 1934 (vir)     1          32.357          -6.047          -2.351         -11.692           35.650
 1935 (vir)     1          32.406          -5.782          -2.315         -11.805           36.114
 1936 (vir)     1          32.474          -5.076          -2.031         -11.193           36.559
 1937 (vir)     1          32.494          -5.185          -2.135         -11.317           36.491
 1938 (vir)     1          32.529          -5.846          -2.319         -11.819           36.183
 1939 (vir)     1          32.611          -5.691          -2.222         -11.572           36.270
 1940 (vir)     1          32.628          -5.467          -2.100         -11.389           36.451
 1941 (vir)     1          32.640          -4.915          -2.247         -11.394           36.873
 1942 (vir)     1          32.644          -6.162          -2.246         -11.350           35.586
 1943 (vir)     1          32.670          -5.347          -2.128         -11.340           36.534
 1944 (vir)     1          32.680          -5.381          -2.097         -11.293           36.495
 1945 (vir)     1          32.819          -6.182          -1.343          -9.796           35.089
 1946 (vir)     1          32.843          -5.984          -2.206         -11.391           36.044
 1947 (vir)     1          32.964          -5.645          -2.211         -11.371           36.479
 1948 (vir)     1          33.021          -5.351          -2.223         -11.685           37.132
 1949 (vir)     1          33.088          -5.029          -2.218         -11.326           37.167
 1950 (vir)     1          33.137          -5.157          -2.221         -11.279           37.038
 1951 (vir)     1          33.173          -4.956          -2.213         -11.159           37.163
 1952 (vir)     1          33.184          -5.739          -2.134         -11.257           36.568
 1953 (vir)     1          33.198          -6.726          -2.152         -11.369           35.689
 1954 (vir)     1          33.225          -4.929          -2.219         -10.984           37.062
 1955 (vir)     1          33.229          -5.953          -2.160         -11.378           36.494
 1956 (vir)     1          33.314          -6.280          -2.146         -11.358           36.246
 1957 (vir)     1          33.316          -6.103          -2.425         -11.550           36.338
 1958 (vir)     1          33.319          -5.384          -2.248         -10.969           36.656
 1959 (vir)     1          33.358          -5.954          -2.181         -11.520           36.743
 1960 (vir)     1          33.374          -6.196          -2.412         -11.568           36.333
 1961 (vir)     1          33.438          -6.617          -2.373         -11.504           35.951
 1962 (vir)     1          33.442          -5.783          -2.312         -11.104           36.451
 1963 (vir)     1          33.456          -6.411          -1.302          -9.708           35.451
 1964 (vir)     1          33.480          -5.835          -2.081         -11.247           36.811
 1965 (vir)     1          33.491          -5.933          -2.354         -11.518           36.722
 1966 (vir)     1          33.492          -5.701          -2.077         -11.191           36.905
 1967 (vir)     1          33.531          -5.968          -2.492         -11.741           36.812
 1968 (vir)     1          33.534          -6.354          -2.524         -11.903           36.558
 1969 (vir)     1          33.544          -6.405          -2.489         -11.848           36.497
 1970 (vir)     1          33.549          -6.428          -2.554         -11.966           36.534
 1971 (vir)     1          33.566          -6.027          -2.186         -11.664           37.017
 1972 (vir)     1          33.578          -5.603          -2.455         -11.588           37.109
 1973 (vir)     1          33.591          -6.008          -2.403         -11.438           36.617
 1974 (vir)     1          33.634          -6.618          -2.478         -11.819           36.357
 1975 (vir)     1          33.648          -5.564          -2.341         -11.601           37.344
 1976 (vir)     1          33.660          -6.284          -2.218         -11.375           36.533
 1977 (vir)     1          33.674          -5.903          -2.560         -12.114           37.325
 1978 (vir)     1          33.694          -5.899          -2.314         -11.429           36.910
 1979 (vir)     1          33.699          -6.337          -2.233         -11.189           36.317
 1980 (vir)     1          33.721          -5.799          -2.058         -11.464           37.327
 1981 (vir)     1          33.721          -5.740          -2.394         -11.569           37.156
 1982 (vir)     1          33.741          -5.442          -2.176         -11.321           37.444
 1983 (vir)     1          33.757          -6.631          -2.466         -11.812           36.471
 1984 (vir)     1          33.791          -6.170          -2.214         -11.517           36.924
 1985 (vir)     1          33.818          -6.254          -2.464         -11.867           36.967
 1986 (vir)     1          33.862          -6.258          -2.359         -11.700           36.945
 1987 (vir)     1          33.878          -6.643          -2.313         -11.372           36.294
 1988 (vir)     1          33.886          -6.134          -2.336         -11.512           36.928
 1989 (vir)     1          33.896          -6.600          -2.217         -11.454           36.533
 1990 (vir)     1          33.952          -6.921          -2.536         -11.812           36.308
 1991 (vir)     1          33.955          -5.925          -2.122         -11.710           37.618
 1992 (vir)     1          33.965          -6.934          -2.589         -12.137           36.579
 1993 (vir)     1          34.048          -9.542          -1.263          -9.624           32.866
 1994 (vir)     1          34.056          -7.349          -2.562         -12.019           36.164
 1995 (vir)     1          34.058          -7.554          -2.367         -11.470           35.607
 1996 (vir)     1          34.070          -6.739          -2.563         -11.735           36.504
 1997 (vir)     1          34.074          -6.191          -2.224         -11.309           36.967
 1998 (vir)     1          34.087          -6.184          -2.463         -11.773           37.213
 1999 (vir)     1          34.119          -5.879          -2.058         -11.735           37.918
 2000 (vir)     1          34.127          -6.685          -2.472         -12.146           37.115
 2001 (vir)     1          34.219          -7.036          -2.318         -11.342           36.206
 2002 (vir)     1          34.223          -6.760          -2.387         -11.425           36.501
 2003 (vir)     1          34.230          -6.469          -2.408         -12.075           37.427
 2004 (vir)     1          34.241          -5.834          -2.051         -11.774           38.131
 2005 (vir)     1          34.281          -6.554          -2.347         -11.940           37.319
 2006 (vir)     1          34.300          -6.073          -2.102         -11.746           37.871
 2007 (vir)     1          34.300          -7.187          -2.427         -11.445           36.131
 2008 (vir)     1          34.325          -6.775          -2.365         -11.483           36.668
 2009 (vir)     1          34.333          -5.746          -2.149         -11.538           37.976
 2010 (vir)     1          34.397          -6.121          -2.381         -11.562           37.457
 2011 (vir)     1          34.428          -6.883          -2.376         -11.657           36.827
 2012 (vir)     1          34.453          -7.151          -2.415         -11.374           36.261
 2013 (vir)     1          34.507          -7.789          -2.071         -11.060           35.707
 2014 (vir)     1          34.533          -6.646          -2.342         -11.153           36.699
 2015 (vir)     1          34.566          -3.969          -1.228          -9.545           38.914
 2016 (vir)     1          34.577          -6.708          -2.390         -11.627           37.106
 2017 (vir)     1          34.580          -7.034          -2.406         -11.479           36.620
 2018 (vir)     1          34.726          -6.207          -2.349         -11.053           37.223
 2019 (vir)     1          34.747          -7.114          -2.203         -11.259           36.689
 2020 (vir)     1          34.855          -6.777          -2.353         -11.849           37.575
 2021 (vir)     1          34.856          -6.774          -2.354         -11.827           37.555
 2022 (vir)     1          34.918          -7.578          -2.773         -11.712           36.278
 2023 (vir)     1          34.965          -6.550          -2.450         -11.226           37.190
 2024 (vir)     1          34.980           2.155          -1.198          -9.474           45.410
 2025 (vir)     1          35.003          -7.300          -2.403         -11.538           36.839
 2026 (vir)     1          35.151          -7.380          -2.657         -11.715           36.829
 2027 (vir)     1          35.225          -6.458          -2.379         -11.170           37.558
 2028 (vir)     1          35.252           0.389          -1.177          -9.419           43.882
 2029 (vir)     1          35.296          -7.605          -2.474         -11.688           36.906
 2030 (vir)     1          35.346          -6.700          -2.495         -11.903           38.054
 2031 (vir)     1          35.366          -6.582          -2.476         -12.060           38.368
 2032 (vir)     1          35.427          -6.183          -2.405         -11.764           38.603
 2033 (vir)     1          35.442          -6.273          -2.312         -11.125           37.982
 2034 (vir)     1          35.499          -6.183          -2.247         -12.187           39.257
 2035 (vir)     1          35.500          -7.395          -2.625         -11.836           37.316
 2036 (vir)     1          35.538          -6.567          -2.340         -11.692           38.324
 2037 (vir)     1          35.627          -7.937          -2.529         -11.813           36.974
 2038 (vir)     1          35.640          -6.153          -2.322         -11.589           38.754
 2039 (vir)     1          35.706          -6.618          -2.267         -11.594           38.414
 2040 (vir)     1          35.707          -6.593          -2.260         -11.650           38.504
 2041 (vir)     1          35.755          -6.659          -2.392         -11.313           38.016
 2042 (vir)     1          35.783          -7.112          -2.599         -12.157           38.229
 2043 (vir)     1          35.793          -6.676          -2.219         -11.712           38.610
 2044 (vir)     1          35.798          -6.945          -2.401         -11.979           38.432
 2045 (vir)     1          35.854          -6.670          -2.180         -11.793           38.797
 2046 (vir)     1          35.854          -6.775          -2.183         -11.794           38.691
 2047 (vir)     1          35.883          -7.543          -2.646         -11.973           37.667
 2048 (vir)     1          35.914          -6.944          -2.473         -11.122           37.618
 2049 (vir)     1          35.976          -8.082          -2.627         -11.959           37.225
 2050 (vir)     1          36.024          -7.413          -2.666         -12.387           38.332
 2051 (vir)     1          36.241          -8.427          -2.887         -12.234           37.162
 2052 (vir)     1          36.282          -7.919          -2.665         -12.077           37.775
 2053 (vir)     1          36.297          -9.304          -3.070         -12.293           36.216
 2054 (vir)     1          36.337          -8.618          -2.789         -12.159           37.088
 2055 (vir)     1          36.393          -8.342          -2.818         -12.507           37.740
 2056 (vir)     1          36.604          -8.949          -2.917         -12.307           37.045
 2057 (vir)     1          36.626          -8.208          -2.948         -12.159           37.630
 2058 (vir)     1          36.653          -8.036          -2.779         -12.578           38.416
 2059 (vir)     1          36.701          -9.113          -2.944         -12.403           37.046
 2060 (vir)     1          36.736          -9.571          -3.162         -12.577           36.580
 2061 (vir)     1          36.761          -9.306          -3.039         -12.292           36.708
 2062 (vir)     1          36.764          -9.775          -3.285         -12.854           36.559
 2063 (vir)     1          36.817          -9.250          -3.066         -12.706           37.206
 2064 (vir)     1          36.850         -10.107          -3.326         -12.855           36.272
 2065 (vir)     1          36.931          -7.331          -2.820         -12.064           38.845
 2066 (vir)     1          37.004          -9.488          -3.011         -12.440           36.946
 2067 (vir)     1          37.020          -7.559          -2.523         -12.424           39.361
 2068 (vir)     1          37.116          -8.069          -2.669         -12.212           38.590
 2069 (vir)     1          37.229         -10.073          -3.404         -13.133           36.884
 2070 (vir)     1          37.231          -7.937          -2.637         -11.979           38.636
 2071 (vir)     1          37.287         -10.173          -3.400         -13.109           36.823
 2072 (vir)     1          37.293          -8.717          -2.986         -12.410           38.000
 2073 (vir)     1          37.306          -7.551          -2.515         -12.311           39.552
 2074 (vir)     1          37.355          -9.380          -2.989         -12.479           37.466
 2075 (vir)     1          37.400          -9.490          -3.155         -12.771           37.527
 2076 (vir)     1          37.416          -8.549          -2.794         -12.318           38.392
 2077 (vir)     1          37.475          -8.571          -2.746         -12.441           38.600
 2078 (vir)     1          37.478          -9.678          -3.140         -12.793           37.453
 2079 (vir)     1          37.616          -9.273          -2.967         -12.533           37.908
 2080 (vir)     1          37.618          -7.889          -2.499         -12.361           39.592
 2081 (vir)     1          37.675          -9.604          -2.954         -12.572           37.690
 2082 (vir)     1          37.752          -8.550          -2.696         -12.496           39.001
 2083 (vir)     1          37.755          -9.784          -3.066         -12.586           37.491
 2084 (vir)     1          37.759          -6.784          -2.835         -12.116           40.255
 2085 (vir)     1          37.779          -9.280          -2.915         -12.512           38.096
 2086 (vir)     1          37.860          -7.996          -2.424         -12.197           39.637
 2087 (vir)     1          37.884          -8.947          -2.619         -12.255           38.572
 2088 (vir)     1          37.914          -8.755          -2.806         -12.549           38.902
 2089 (vir)     1          37.936          -8.540          -2.697         -12.519           39.218
 2090 (vir)     1          38.225          -9.018          -2.884         -12.279           38.602
 2091 (vir)     1          38.232         -10.232          -3.041         -12.552           37.511
 2092 (vir)     1          38.364          -9.684          -2.902         -12.555           38.333
 2093 (vir)     1          38.389          -9.615          -2.852         -12.476           38.398
 2094 (vir)     1          38.607          -9.081          -2.911         -12.669           39.284
 2095 (vir)     1          38.619          -8.663          -2.927         -12.662           39.691
 2096 (vir)     1          38.622          -8.594          -2.926         -12.661           39.763
 2097 (vir)     1          38.624          -8.705          -2.717         -12.635           39.838
 2098 (vir)     1          38.730          -9.242          -2.860         -12.380           39.008
 2099 (vir)     1          38.780          -8.570          -2.593         -12.557           40.175
 2100 (vir)     1          38.802         -10.557          -3.025         -12.708           37.928
 2101 (vir)     1          38.837          -8.586          -2.518         -12.616           40.349
 2102 (vir)     1          38.869          -8.787          -2.575         -12.722           40.229
 2103 (vir)     1          39.000          -9.517          -3.144         -12.828           39.168
 2104 (vir)     1          39.037          -9.383          -3.094         -12.776           39.337
 2105 (vir)     1          39.151          -9.352          -2.927         -12.572           39.443
 2106 (vir)     1          39.179         -11.619          -2.901         -12.573           37.232
 2107 (vir)     1          39.348         -11.463          -3.078         -12.774           37.581
 2108 (vir)     1          39.470         -11.505          -3.297         -13.076           37.744
 2109 (vir)     1          39.498         -11.566          -3.318         -13.073           37.687
 2110 (vir)     1          39.572          -7.638          -1.875         -11.734           41.793
 2111 (vir)     1          39.575          -7.329          -1.870         -11.745           42.121
 2112 (vir)     1          39.584         -10.742          -2.733         -12.567           38.676
 2113 (vir)     1          39.634          -7.271          -1.725         -11.524           42.163
 2114 (vir)     1          39.683          -7.786          -1.824         -11.592           41.664
 2115 (vir)     1          39.724         -10.242          -2.029         -11.821           39.274
 2116 (vir)     1          39.811         -12.042          -3.058         -12.844           37.555
 2117 (vir)     1          39.893          -8.488          -2.372         -12.241           41.274
 2118 (vir)     1          39.960         -11.696          -2.954         -12.869           38.179
 2119 (vir)     1          40.068          -9.541          -2.638         -12.494           40.382
 2120 (vir)     1          40.136         -10.282          -2.993         -12.439           39.300
 2121 (vir)     1          40.340         -11.201          -3.145         -13.035           39.029
 2122 (vir)     1          40.492         -12.569          -3.008         -13.096           38.011
 2123 (vir)     1          40.743         -11.763          -3.105         -13.357           39.232
 2124 (vir)     1          40.801         -11.852          -3.328         -13.238           38.858
 2125 (vir)     1          40.865         -11.192          -2.705         -12.306           39.274
 2126 (vir)     1          41.033         -10.676          -3.118         -13.459           40.697
 2127 (vir)     1          41.106         -11.002          -3.259         -13.252           40.098
 2128 (vir)     1          41.296          -9.954          -3.149         -13.547           41.739
 2129 (vir)     1          41.440          -9.684          -3.244         -13.396           41.909
 2130 (vir)     1          41.474         -11.400          -3.150         -12.789           39.714
 2131 (vir)     1          41.491          -8.887          -3.159         -13.627           43.073
 2132 (vir)     1          41.626          -8.669          -3.184         -13.707           43.479
 2133 (vir)     1          41.681          -7.537          -3.831         -13.855           44.168
 2134 (vir)     1          41.749           4.733          -3.168         -13.283           56.597
 2135 (vir)     1          41.814           4.442          -3.790         -13.816           56.282
 2136 (vir)     1          41.880          -4.966          -3.080         -13.412           47.246
 2137 (vir)     1          42.025           4.262          -3.718         -13.736           56.305
 2138 (vir)     1          42.077          -3.078          -2.917         -13.369           49.452
 2139 (vir)     1          42.223         -11.416          -3.073         -13.361           41.095
 2140 (vir)     1          42.230         -12.756          -2.705         -12.074           38.843
 2141 (vir)     1          42.301           3.982          -3.574         -13.596           56.305
 2142 (vir)     1          42.393          -0.838          -2.718         -13.295           52.131
 2143 (vir)     1          42.446           2.355          -1.655          -9.557           52.704
 2144 (vir)     1          42.446           2.358          -1.655          -9.557           52.707
 2145 (vir)     1          42.459           3.345          -3.289         -13.427           55.942
 2146 (vir)     1          42.553           4.043          -3.791         -14.020           56.825
 2147 (vir)     1          42.558           3.600          -3.796         -14.028           56.389
 2148 (vir)     1          42.592           3.646          -3.499         -13.496           56.236
 2149 (vir)     1          42.636           1.662          -2.945         -13.415           54.768
 2150 (vir)     1          42.675           3.838          -3.728         -13.945           56.730
 2151 (vir)     1          42.698           3.207          -3.777         -14.019           56.147
 2152 (vir)     1          42.738           3.253          -3.226         -13.442           56.207
 2153 (vir)     1          42.819           3.149          -3.437         -13.511           56.042
 2154 (vir)     1          42.875           3.393          -3.889         -14.231           56.610
 2155 (vir)     1          42.878           3.800          -3.147         -13.580           57.111
 2156 (vir)     1          42.895           3.050          -3.614         -13.808           56.139
 2157 (vir)     1          43.032           4.163          -3.063         -13.512           57.644
 2158 (vir)     1          43.051           3.536          -3.394         -13.415           56.608
 2159 (vir)     1          43.071           3.525          -3.391         -13.462           56.667
 2160 (vir)     1          43.083           2.928          -3.673         -13.917           56.256
 2161 (vir)     1          43.129           2.402          -3.472         -13.620           55.679
 2162 (vir)     1          43.146           3.982          -3.194         -13.540           57.474
 2163 (vir)     1          43.204           3.592          -3.361         -13.642           57.077
 2164 (vir)     1          43.232           3.290          -3.686         -13.973           56.808
 2165 (vir)     1          43.251           2.928          -3.601         -13.897           56.476
 2166 (vir)     1          43.252           3.079          -3.764         -14.078           56.645
 2167 (vir)     1          43.275           3.456          -3.600         -13.895           57.026
 2168 (vir)     1          43.394           3.282          -3.757         -14.125           57.044
 2169 (vir)     1          43.521           3.051          -3.536         -13.813           56.850
 2170 (vir)     1          43.539           3.202          -3.689         -14.042           57.095
 2171 (vir)     1          43.595           2.776          -3.710         -13.990           56.651
 2172 (vir)     1          43.602           2.602          -3.560         -13.898           56.542
 2173 (vir)     1          43.654           2.681          -3.557         -13.720           56.498
 2174 (vir)     1          43.733           3.009          -3.508         -13.846           57.080
 2175 (vir)     1          43.857           2.532          -3.604         -14.055           56.840
 2176 (vir)     1          43.873           2.877          -2.845         -13.483           57.388
 2177 (vir)     1          43.885           2.595          -3.387         -13.627           56.720
 2178 (vir)     1          43.925           2.720          -3.630         -14.067           57.081
 2179 (vir)     1          43.993           3.606          -3.049         -13.596           58.146
 2180 (vir)     1          44.033           3.132          -3.374         -13.846           57.637
 2181 (vir)     1          44.082           2.234          -3.303         -13.580           56.593
 2182 (vir)     1          44.163           3.355          -3.271         -13.789           58.036
 2183 (vir)     1          44.191           3.253          -3.358         -13.866           57.951
 2184 (vir)     1          44.212           2.554          -3.608         -14.112           57.269
 2185 (vir)     1          44.278           1.960          -3.449         -13.886           56.675
 2186 (vir)     1          44.419           2.456          -3.612         -14.128           57.390
 2187 (vir)     1          44.582           2.444          -3.434         -13.910           57.501
 2188 (vir)     1          44.595           2.225          -3.209         -13.568           57.179
 2189 (vir)     1          44.604           2.292          -3.364         -13.711           57.243
 2190 (vir)     1          44.633           2.477          -3.571         -13.984           57.523
 2191 (vir)     1          44.634           2.010          -3.281         -13.703           57.065
 2192 (vir)     1          44.679           2.257          -3.582         -13.988           57.343
 2193 (vir)     1          44.714           2.522          -3.501         -13.937           57.673
 2194 (vir)     1          44.746           2.823          -3.463         -13.966           58.072
 2195 (vir)     1          44.810           2.742          -3.330         -13.859           58.081
 2196 (vir)     1          44.848           2.745          -3.332         -13.880           58.142
 2197 (vir)     1          44.868           2.373          -2.986         -13.259           57.513
 2198 (vir)     1          44.878           2.368          -2.983         -13.287           57.550
 2199 (vir)     1          44.894           2.610          -3.283         -13.838           58.059
 2200 (vir)     1          44.897           2.132          -3.556         -14.021           57.493
 2201 (vir)     1          44.919           1.955          -3.648         -14.042           57.269
 2202 (vir)     1          44.925           2.458          -3.319         -13.861           57.925
 2203 (vir)     1          45.145           2.459          -2.984         -13.300           57.921
 2204 (vir)     1          45.153           2.410          -3.011         -13.360           57.911
 2205 (vir)     1          45.338           1.602          -3.032         -13.339           57.247
 2206 (vir)     1          45.422           1.636          -3.547         -13.955           57.466
 2207 (vir)     1          45.425           2.132          -2.812         -13.025           57.770
 2208 (vir)     1          45.441           1.892          -3.032         -13.380           57.680
 2209 (vir)     1          45.447           1.578          -3.507         -13.882           57.400
 2210 (vir)     1          45.485           1.718          -3.034         -13.408           57.577
 2211 (vir)     1          45.579           1.470          -3.073         -13.417           57.393
 2212 (vir)     1          45.737           2.827          -2.999         -13.495           59.060
 2213 (vir)     1          45.799           1.402          -3.095         -13.470           57.576
 2214 (vir)     1          45.813           2.356          -3.040         -13.452           58.582
 2215 (vir)     1          45.897           1.361          -3.361         -13.634           57.530
 2216 (vir)     1          45.897           1.584          -3.334         -13.607           57.754
 2217 (vir)     1          45.920           1.416          -3.439         -13.727           57.623
 2218 (vir)     1          45.921           1.076          -3.542         -13.840           57.295
 2219 (vir)     1          45.955           1.418          -3.252         -13.536           57.657
 2220 (vir)     1          45.976           2.148          -3.095         -13.592           58.621
 2221 (vir)     1          46.059           1.317          -3.099         -13.554           57.831
 2222 (vir)     1          46.063           2.141          -3.247         -13.549           58.506
 2223 (vir)     1          46.111           1.694          -3.166         -13.528           58.167
 2224 (vir)     1          46.111           1.689          -3.304         -13.772           58.269
 2225 (vir)     1          46.123           1.554          -3.066         -13.560           58.171
 2226 (vir)     1          46.133           1.976          -3.012         -13.499           58.595
 2227 (vir)     1          46.209         -11.614          -3.050         -13.655           45.200
 2228 (vir)     1          46.232           1.827          -3.231         -13.723           58.551
 2229 (vir)     1          46.297           1.942          -3.061         -13.545           58.724
 2230 (vir)     1          46.352           2.143          -3.169         -13.554           58.880
 2231 (vir)     1          46.386           1.762          -3.273         -13.759           58.634
 2232 (vir)     1          46.408           1.724          -3.387         -13.805           58.550
 2233 (vir)     1          46.473           1.844          -3.225         -13.697           58.790
 2234 (vir)     1          46.482           1.622          -3.238         -13.635           58.501
 2235 (vir)     1          46.555           1.587          -3.090         -13.682           58.733
 2236 (vir)     1          46.712           1.616          -3.115         -13.764           58.977
 2237 (vir)     1          46.826           4.227          -3.178         -13.805           61.679
 2238 (vir)     1          46.849           1.301          -3.132         -13.506           58.525
 2239 (vir)     1          46.874           1.345          -3.341         -13.934           58.812
 2240 (vir)     1          46.884           2.340          -3.238         -13.846           59.832
 2241 (vir)     1          46.907           2.179          -2.895         -12.711           58.902
 2242 (vir)     1          46.924           1.407          -3.056         -13.710           58.985
 2243 (vir)     1          46.933           1.233          -3.062         -13.718           58.822
 2244 (vir)     1          47.273           1.328          -3.173         -13.549           58.977
 2245 (vir)     1          47.493           1.558          -3.304         -13.311           59.057
 2246 (vir)     1          47.543          -1.443          -2.165         -11.679           55.614
 2247 (vir)     1          47.552           1.852          -3.259         -13.541           59.687
 2248 (vir)     1          47.620           1.379          -3.302         -13.301           58.998
 2249 (vir)     1          47.771          -1.079          -3.270         -13.559           56.980
 2250 (vir)     1          47.793           0.760          -3.261         -13.313           58.605
 2251 (vir)     1          47.812          -2.307          -2.990         -13.494           56.009
 2252 (vir)     1          47.813          -2.148          -2.999         -13.503           56.169
 2253 (vir)     1          47.983          -1.249          -3.222         -13.478           56.989
 2254 (vir)     1          48.036          -1.883          -3.208         -13.328           56.274
 2255 (vir)     1          48.099          -0.678          -3.060         -13.103           57.466
 2256 (vir)     1          48.212          -1.530          -3.207         -13.489           56.965
 2257 (vir)     1          48.227          -1.522          -3.133         -13.410           56.981
 2258 (vir)     1          48.531          -4.897          -2.676         -13.081           54.038
 2259 (vir)     1          48.860          -2.688          -2.995         -13.171           56.349
 2260 (vir)     1          48.886          -1.800          -2.751         -13.164           57.499
 2261 (vir)     1          48.888          -2.724          -3.026         -13.229           56.368
 2262 (vir)     1          49.275          -2.071          -2.808         -13.179           57.576
 2263 (vir)     1          49.524          -2.409          -3.000         -13.160           57.275
 2264 (vir)     1          49.608          -2.714          -3.018         -13.202           57.078
 2265 (vir)     1          49.735          -2.968          -2.916         -13.170           57.021
 2266 (vir)     1          49.753          -2.326          -2.883         -13.268           57.812
 2267 (vir)     1          49.761          -3.395          -2.558         -12.674           56.481
 2268 (vir)     1          49.894          -2.788          -3.076         -13.478           57.508
 2269 (vir)     1          49.976          -2.834          -3.125         -13.488           57.504
 2270 (vir)     1          49.982          -3.259          -2.932         -13.223           57.013
 2271 (vir)     1          50.094          -3.495          -2.877         -13.232           56.954
 2272 (vir)     1          50.155          -2.955          -2.727         -13.096           57.569
 2273 (vir)     1          50.176          -3.230          -2.884         -13.163           57.224
 2274 (vir)     1          50.214          -2.509          -3.290         -13.733           58.149
 2275 (vir)     1          50.226          -2.651          -3.182         -13.747           58.140
 2276 (vir)     1          50.334          -1.923          -3.414         -13.987           58.984
 2277 (vir)     1          50.345          -3.701          -2.753         -13.104           56.995
 2278 (vir)     1          50.483          -2.147          -3.400         -13.909           58.846
 2279 (vir)     1          50.515          -4.419          -2.725         -12.971           56.342
 2280 (vir)     1          50.600          -2.668          -3.226         -13.730           58.436
 2281 (vir)     1          50.633          -2.384          -2.771         -12.972           58.450
 2282 (vir)     1          50.698          -2.812          -2.727         -12.953           58.113
 2283 (vir)     1          50.714          -2.422          -3.482         -14.038           58.848
 2284 (vir)     1          50.731          -3.007          -3.212         -13.741           58.253
 2285 (vir)     1          50.747          -3.966          -2.659         -12.929           57.052
 2286 (vir)     1          50.767          -3.626          -2.691         -12.958           57.407
 2287 (vir)     1          50.868          -2.266          -3.569         -14.167           59.200
 2288 (vir)     1          51.090          -4.322          -2.970         -13.131           56.929
 2289 (vir)     1          51.188          -3.204          -2.951         -13.087           58.120
 2290 (vir)     1          51.326          -3.324          -3.142         -13.285           58.145
 2291 (vir)     1          51.343          -3.352          -3.225         -13.951           58.718
 2292 (vir)     1          51.468          -3.300          -3.238         -13.707           58.637
 2293 (vir)     1          51.514          -3.349          -3.153         -13.358           58.370
 2294 (vir)     1          51.721          -3.405          -3.261         -13.612           58.667
 2295 (vir)     1          51.750          -5.438          -2.727         -12.925           56.509
 2296 (vir)     1          51.785          -3.642          -3.239         -13.578           58.481
 2297 (vir)     1          51.857          -5.345          -2.736         -12.932           56.708
 2298 (vir)     1          51.917          -3.846          -3.168         -13.360           58.262
 2299 (vir)     1          52.025          -3.821          -3.315         -13.514           58.403
 2300 (vir)     1          52.064          -4.153          -3.351         -13.566           58.126
 2301 (vir)     1          52.072          -3.231          -3.357         -13.800           59.285
 2302 (vir)     1          52.238          -4.139          -3.246         -13.455           58.307
 2303 (vir)     1          52.393          -4.107          -3.308         -13.675           58.653
 2304 (vir)     1          52.398          -5.413          -2.726         -12.862           57.120
 2305 (vir)     1          52.414          -4.023          -3.327         -13.708           58.771
 2306 (vir)     1          52.501          -5.085          -2.925         -13.236           57.727
 2307 (vir)     1          52.558          -3.953          -3.298         -13.686           58.993
 2308 (vir)     1          52.697          -5.257          -2.855         -13.152           57.737
 2309 (vir)     1          52.815          -4.201          -3.201         -13.551           58.963
 2310 (vir)     1          52.847          -4.204          -3.319         -13.679           59.003
 2311 (vir)     1          52.860          -4.492          -3.356         -13.802           58.815
 2312 (vir)     1          52.898          -4.266          -3.108         -13.503           59.027
 2313 (vir)     1          52.963          -4.358          -3.255         -13.721           59.071
 2314 (vir)     1          52.981          -5.845          -3.056         -13.492           57.572
 2315 (vir)     1          53.044          -5.423          -3.161         -13.664           58.124
 2316 (vir)     1          53.044          -5.568          -3.106         -13.605           57.974
 2317 (vir)     1          53.077          -5.327          -3.196         -13.661           58.215
 2318 (vir)     1          53.269          -5.782          -2.840         -12.979           57.625
 2319 (vir)     1          53.318          -3.916          -3.361         -13.635           59.674
 2320 (vir)     1          53.332          -5.799          -2.770         -13.073           57.836
 2321 (vir)     1          53.364          -4.017          -3.384         -13.768           59.732
 2322 (vir)     1          53.382          -5.315          -3.024         -13.393           58.436
 2323 (vir)     1          53.492           6.119          -2.690         -12.903           69.824
 2324 (vir)     1          53.782          -5.802          -2.901         -13.160           58.239
 2325 (vir)     1          53.927          -5.241          -3.265         -13.534           58.954
 2326 (vir)     1          53.954          -6.651          -2.731         -13.015           57.587
 2327 (vir)     1          54.066          -4.066          -3.234         -13.497           60.263
 2328 (vir)     1          54.078          -1.028          -2.490         -12.244           62.804
 2329 (vir)     1          54.471          -0.457          -2.579         -12.942           64.377
 2330 (vir)     1          54.663          -5.810          -3.194         -13.539           59.198
 2331 (vir)     1          54.863          -4.914          -3.021         -13.345           60.273
 2332 (vir)     1          54.981          -7.008          -2.202         -12.560           58.331
 2333 (vir)     1          55.336          -5.452          -3.383         -13.749           60.250
 2334 (vir)     1          55.398           5.896          -2.482         -12.855           71.668
 2335 (vir)     1          55.544          -1.217          -2.624         -12.765           64.468
 2336 (vir)     1          55.758           4.941          -2.079         -12.350           70.971
 2337 (vir)     1          55.838          -5.653          -3.446         -13.882           60.619
 2338 (vir)     1          55.994          -6.930          -2.551         -12.529           59.042
 2339 (vir)     1          56.136           6.031          -2.292         -12.592           72.468
 2340 (vir)     1          56.157          -6.028          -3.310         -13.689           60.508
 2341 (vir)     1          56.505           4.885          -2.042         -12.276           71.625
 2342 (vir)     1          56.729           5.009          -2.570         -13.008           72.175
 2343 (vir)     1          56.866           5.457          -2.361         -12.696           72.659
 2344 (vir)     1          57.232           5.570          -2.253         -12.622           73.171
 2345 (vir)     1          57.680           5.311          -2.564         -13.088           73.515
 2346 (vir)     1          57.872           4.741          -2.418         -12.944           73.138
 2347 (vir)     1          58.046           5.551          -2.622         -13.281           74.255
 2348 (vir)     1          58.451          -5.582          -2.265         -12.632           63.236
 2349 (vir)     1          58.564           5.046          -2.559         -13.158           74.209
 2350 (vir)     1          58.758           5.513          -2.330         -12.921           74.862
 2351 (vir)     1          59.275           3.340          -1.690         -11.920           72.845
 2352 (vir)     1          59.397           4.113          -2.311         -12.635           73.834
 2353 (vir)     1          59.504           5.078          -2.301         -13.015           75.295
 2354 (vir)     1          59.726           5.020          -2.089         -12.150           74.807
 2355 (vir)     1          59.931           3.622          -2.210         -12.650           73.992
 2356 (vir)     1          59.988           4.497          -2.248         -13.025           75.261
 2357 (vir)     1          60.621           2.260          -1.363         -10.979           72.497
 2358 (vir)     1          60.781           3.215          -2.150         -12.558           74.404
 2359 (vir)     1          60.989           3.163          -2.055         -12.433           74.530
 2360 (vir)     1          61.310           2.798          -1.585         -11.808           74.331
 2361 (vir)     1          62.238           3.133          -2.059         -12.368           75.679
 2362 (vir)     1          62.274           3.062          -2.062         -12.376           75.650
 2363 (vir)     1          63.843           2.179          -1.533         -11.844           76.334
 2364 (vir)     1          64.159           2.093          -1.337         -11.522           76.436
 2365 (vir)     1          65.247           2.298          -1.413         -11.891           78.023
 2366 (vir)     1          65.770           1.361          -1.871         -12.293           77.554
 2367 (vir)     1          65.977           1.490          -1.741         -12.092           77.818
 2368 (vir)     1          66.474           3.150          -1.278         -12.237           80.583
 2369 (vir)     1          66.647           4.239          -1.219         -12.269           81.936
 2370 (vir)     1          66.792           4.098          -1.243         -12.335           81.982
 2371 (vir)     1          66.798           3.059          -1.487         -12.471           80.841
 2372 (vir)     1          66.834           3.275          -1.439         -12.186           80.856
 2373 (vir)     1          66.926           3.405          -1.308         -12.554           81.578
 2374 (vir)     1          66.975           3.607          -1.296         -12.096           81.382
 2375 (vir)     1          67.073           4.321          -1.318         -12.097           82.173
 2376 (vir)     1          67.289           3.716          -1.554         -12.630           82.081
 2377 (vir)     1          67.362           3.625          -1.245         -12.228           81.970
 2378 (vir)     1          67.397           1.409          -1.403         -11.832           79.234
 2379 (vir)     1          67.469           4.150          -1.152         -11.997           82.464
 2380 (vir)     1          67.761           3.495          -1.253         -11.920           81.922
 2381 (vir)     1          67.770           2.660          -1.348         -12.625           81.707
 2382 (vir)     1          67.794           2.565          -1.701         -12.456           81.113
 2383 (vir)     1          68.036           3.998          -1.238         -12.125           82.921
 2384 (vir)     1          68.167           3.821          -1.128         -11.934           82.794
 2385 (vir)     1          68.458           3.328          -1.410         -12.620           82.996
 2386 (vir)     1          68.650           3.662          -1.251         -12.088           83.150
 2387 (vir)     1          68.714           3.149          -1.118         -11.879           82.625
 2388 (vir)     1          68.912           5.058          -1.419         -12.856           85.407
 2389 (vir)     1          69.189           1.740          -1.862         -12.590           81.657
 2390 (vir)     1          69.596           2.113          -1.422         -12.117           82.405
 2391 (vir)     1          69.875           1.383          -1.315         -11.966           81.909
 2392 (vir)     1          70.040           3.003          -1.335         -12.311           84.020
 2393 (vir)     1          70.603           1.154          -1.447         -12.655           82.965
 2394 (vir)     1          70.717          -0.109          -1.400         -12.064           81.271
 2395 (vir)     1          70.834           1.405          -1.777         -12.551           83.013
 2396 (vir)     1          71.016           0.950          -1.388         -12.222           82.799
 2397 (vir)     1          71.410           1.778          -1.406         -12.159           83.941
 2398 (vir)     1          71.462           2.821          -1.522         -12.616           85.378
 2399 (vir)     1          71.831           1.542          -1.328         -12.026           84.071
 2400 (vir)     1          71.922           1.336          -1.485         -12.209           83.982
 2401 (vir)     1          72.345           1.611          -1.624         -12.466           84.799
 2402 (vir)     1          72.914           1.147          -1.577         -12.589           85.074
 2403 (vir)     1          72.919           0.485          -1.546         -12.424           84.282
 2404 (vir)     1          73.157           4.213          -1.463         -12.998           88.905
 2405 (vir)     1          74.043           1.182          -1.285         -12.054           85.994
 2406 (vir)     1          74.533           1.541          -1.760         -12.728           87.041
 2407 (vir)     1          75.517           1.014          -1.180         -11.727           87.079
 2408 (vir)     1          76.023           1.182          -1.724         -12.740           88.221
 2409 (vir)     1          76.109           3.809          -1.475         -13.060           91.503
 2410 (vir)     1          76.744           1.410          -1.174         -12.420           89.400
 2411 (vir)     1          77.102           1.114          -1.669         -12.738           89.285
 2412 (vir)     1          78.541           1.525          -1.507         -13.290           91.850
 2413 (vir)     1          78.983           1.535          -1.112         -12.523           91.929
 2414 (vir)     1          79.538           1.426          -1.394         -13.066           92.636
 2415 (vir)     1          79.703           1.000          -1.103         -11.791           91.391
 2416 (vir)     1          80.928           1.066          -1.300         -12.936           93.629
 2417 (vir)     1          81.350           1.787          -1.379         -12.960           94.718
 2418 (vir)     1          82.210           1.337          -1.429         -13.059           95.177
 2419 (vir)     1          82.606           1.711          -1.342         -12.942           95.917
 2420 (vir)     1          82.972           1.172          -1.264         -12.519           95.400
 2421 (vir)     1          83.403           0.807          -1.028         -11.801           94.983
 2422 (vir)     1          83.507           1.752          -1.376         -13.061           96.944
 2423 (vir)     1          84.424           1.488          -1.395         -13.218           97.735
 2424 (vir)     1          84.709           1.435          -1.424         -13.176           97.896
 2425 (vir)     1          85.167           0.992          -1.360         -12.739           97.539
 2426 (vir)     1          85.619           2.496          -1.332         -13.121           99.904
 2427 (vir)     1          85.957           2.234          -1.391         -13.463          100.263
 2428 (vir)     1          85.975           1.886          -1.353         -13.393           99.901
 2429 (vir)     1          85.979           0.603          -0.980         -11.829           97.431
 2430 (vir)     1          86.469           1.960          -1.392         -13.636          100.673
 2431 (vir)     1          87.791           0.697          -1.493         -13.449          100.444
 2432 (vir)     1          88.508           0.652          -1.458         -13.196          100.898
 2433 (vir)     1          91.665           0.585          -1.489         -13.737          104.499
 2434 (vir)     1          93.111           0.568          -1.496         -13.632          105.816
 2435 (vir)     1          96.177           0.171          -1.477         -14.072          108.943
 2436 (vir)     1          98.347           0.471          -1.526         -14.102          111.394
 2437 (vir)     1         101.216           0.316          -1.461         -14.444          114.514
 2438 (vir)     1         104.067           0.434          -1.555         -14.617          117.562
 2439 (vir)     1         106.546           0.309          -1.446         -14.837          120.245
 2440 (vir)     1         110.191           0.409          -1.585         -15.176          124.191
 2441 (vir)     1         111.755           0.306          -1.433         -15.218          125.846
 2442 (vir)     1         116.248           0.264          -1.423         -15.544          130.633
 2443 (vir)     1         116.619           0.327          -1.614         -15.768          131.100
 2444 (vir)     1         119.334           0.256          -1.417         -15.766          133.939
 2445 (vir)     1         123.165           0.304          -1.642         -16.373          138.199
 2446 (vir)     1         129.472           0.320          -1.668         -16.955          145.079
 2447 (vir)     1         134.950           0.286          -1.690         -17.460          151.006
 2448 (vir)     1         138.784           0.310          -1.706         -17.814          155.202
 
