 
  kpoint:       1             coordinate:     0.0000    0.0000    0.0000
 
    n           k   ϵ_nk^DFT (eV)     Σ^c_nk (eV)     Σ^x_nk (eV)    v_nk^xc (eV)   ϵ_nk^G0W0 (eV)
 
    1 (occ)     1        -266.700          -7.055         -91.572         -61.083         -304.244
    2 (occ)     1        -266.700          -7.055         -91.572         -61.083         -304.244
    3 (occ)     1        -266.699          -7.069         -91.574         -61.085         -304.257
    4 (occ)     1        -266.699          -7.069         -91.574         -61.085         -304.257
    5 (occ)     1        -266.674          -7.708         -91.553         -61.073         -304.861
    6 (occ)     1        -266.674          -7.708         -91.553         -61.073         -304.861
    7 (occ)     1        -266.665          -7.905         -91.621         -61.069         -305.121
    8 (occ)     1        -266.665          -7.905         -91.621         -61.069         -305.122
    9 (occ)     1        -266.665          -7.906         -91.621         -61.070         -305.122
   10 (occ)     1        -266.664          -7.907         -91.622         -61.070         -305.122
   11 (occ)     1        -266.664          -7.907         -91.622         -61.071         -305.123
   12 (occ)     1        -266.664          -7.908         -91.623         -61.071         -305.123
   13 (occ)     1        -266.664          -7.908         -91.623         -61.072         -305.123
   14 (occ)     1        -266.663          -7.909         -91.623         -61.072         -305.124
   15 (occ)     1        -266.663          -7.910         -91.624         -61.073         -305.124
   16 (occ)     1        -266.663          -7.910         -91.624         -61.073         -305.124
   17 (occ)     1        -266.663          -7.911         -91.624         -61.073         -305.124
   18 (occ)     1        -266.662          -7.912         -91.624         -61.074         -305.125
   19 (occ)     1        -266.662          -7.912         -91.624         -61.074         -305.125
   20 (occ)     1        -266.662          -7.913         -91.624         -61.074         -305.125
   21 (occ)     1        -266.661          -7.913         -91.626         -61.076         -305.125
   22 (occ)     1        -266.661          -7.916         -91.620         -61.071         -305.126
   23 (occ)     1        -266.661          -7.912         -91.631         -61.080         -305.123
   24 (occ)     1        -266.661          -7.922         -91.609         -61.062         -305.130
   25 (occ)     1        -266.660          -7.917         -91.620         -61.071         -305.126
   26 (occ)     1        -266.660          -7.914         -91.627         -61.077         -305.124
   27 (occ)     1        -266.660          -7.920         -91.617         -61.069         -305.128
   28 (occ)     1        -266.660          -7.924         -91.611         -61.064         -305.130
   29 (occ)     1        -266.659          -7.924         -91.612         -61.065         -305.130
   30 (occ)     1        -266.659          -7.921         -91.618         -61.070         -305.127
   31 (occ)     1        -266.659          -7.918         -91.623         -61.074         -305.125
   32 (occ)     1        -266.659          -7.921         -91.620         -61.072         -305.127
   33 (occ)     1        -266.658          -7.925         -91.614         -61.068         -305.130
   34 (occ)     1        -266.658          -7.928         -91.613         -61.067         -305.132
   35 (occ)     1        -266.658          -7.930         -91.613         -61.067         -305.133
   36 (occ)     1        -266.658          -7.931         -91.613         -61.068         -305.134
   37 (occ)     1        -266.657          -7.931         -91.615         -61.070         -305.134
   38 (occ)     1        -266.657          -7.931         -91.617         -61.072         -305.134
   39 (occ)     1        -266.657          -7.929         -91.620         -61.074         -305.132
   40 (occ)     1        -266.657          -7.930         -91.622         -61.076         -305.133
   41 (occ)     1        -266.657          -7.927         -91.623         -61.076         -305.130
   42 (occ)     1        -266.657          -7.931         -91.622         -61.076         -305.133
   43 (occ)     1        -266.656          -7.932         -91.618         -61.073         -305.134
   44 (occ)     1        -266.656          -7.933         -91.618         -61.073         -305.134
   45 (occ)     1        -266.656          -7.935         -91.616         -61.071         -305.135
   46 (occ)     1        -266.656          -7.935         -91.616         -61.071         -305.135
   47 (occ)     1        -266.655          -7.935         -91.615         -61.070         -305.134
   48 (occ)     1        -266.655          -7.935         -91.615         -61.070         -305.134
   49 (occ)     1        -266.654          -7.924         -91.622         -61.075         -305.126
   50 (occ)     1        -266.654          -7.924         -91.622         -61.075         -305.126
   51 (occ)     1        -266.653          -7.925         -91.621         -61.074         -305.125
   52 (occ)     1        -266.653          -7.925         -91.621         -61.074         -305.125
   53 (occ)     1        -266.652          -7.935         -91.613         -61.069         -305.131
   54 (occ)     1        -266.652          -7.935         -91.613         -61.069         -305.131
   55 (occ)     1        -266.649          -7.922         -91.620         -61.074         -305.117
   56 (occ)     1        -266.649          -7.922         -91.620         -61.074         -305.117
   57 (occ)     1        -266.649          -7.920         -91.618         -61.072         -305.114
   58 (occ)     1        -266.649          -7.920         -91.618         -61.072         -305.114
   59 (occ)     1        -266.644          -7.953         -91.630         -61.067         -305.161
   60 (occ)     1        -266.644          -7.932         -91.610         -61.068         -305.118
   61 (occ)     1        -266.644          -7.932         -91.610         -61.068         -305.118
   62 (occ)     1        -266.644          -7.953         -91.631         -61.067         -305.161
   63 (occ)     1        -266.644          -7.953         -91.632         -61.068         -305.161
   64 (occ)     1        -266.643          -7.953         -91.633         -61.069         -305.160
   65 (occ)     1        -266.643          -7.953         -91.634         -61.070         -305.160
   66 (occ)     1        -266.643          -7.953         -91.635         -61.071         -305.160
   67 (occ)     1        -266.643          -7.897         -91.623         -61.074         -305.088
   68 (occ)     1        -266.643          -7.897         -91.623         -61.074         -305.088
   69 (occ)     1        -266.643          -7.953         -91.635         -61.072         -305.159
   70 (occ)     1        -266.642          -7.952         -91.636         -61.072         -305.158
   71 (occ)     1        -266.642          -7.951         -91.637         -61.073         -305.158
   72 (occ)     1        -266.642          -7.950         -91.638         -61.074         -305.156
   73 (occ)     1        -266.642          -7.949         -91.639         -61.075         -305.154
   74 (occ)     1        -266.641          -7.947         -91.640         -61.076         -305.152
   75 (occ)     1        -266.641          -7.748         -91.655         -61.082         -304.963
   76 (occ)     1        -266.641          -7.943         -91.641         -61.077         -305.149
   77 (occ)     1        -266.641          -7.753         -91.655         -61.082         -304.967
   78 (occ)     1        -266.641          -7.941         -91.644         -61.079         -305.146
   79 (occ)     1        -266.641          -7.756         -91.655         -61.082         -304.970
   80 (occ)     1        -266.641          -7.759         -91.654         -61.081         -304.972
   81 (occ)     1        -266.641          -7.929         -91.639         -61.075         -305.134
   82 (occ)     1        -266.641          -7.762         -91.652         -61.080         -304.975
   83 (occ)     1        -266.640          -7.942         -91.649         -61.084         -305.148
   84 (occ)     1        -266.640          -7.705         -91.657         -61.083         -304.919
   85 (occ)     1        -266.640          -7.768         -91.649         -61.078         -304.979
   86 (occ)     1        -266.640          -7.777         -91.642         -61.074         -304.986
   87 (occ)     1        -266.640          -7.707         -91.657         -61.083         -304.921
   88 (occ)     1        -266.640          -7.809         -91.623         -61.060         -305.012
   89 (occ)     1        -266.640          -7.860         -91.630         -61.066         -305.064
   90 (occ)     1        -266.640          -7.787         -91.637         -61.070         -304.994
   91 (occ)     1        -266.640          -7.795         -91.632         -61.066         -305.000
   92 (occ)     1        -266.640          -7.711         -91.657         -61.083         -304.924
   93 (occ)     1        -266.640          -7.897         -91.639         -61.075         -305.102
   94 (occ)     1        -266.640          -7.716         -91.656         -61.083         -304.929
   95 (occ)     1        -266.640          -7.907         -91.646         -61.080         -305.112
   96 (occ)     1        -266.640          -7.787         -91.637         -61.070         -304.994
   97 (occ)     1        -266.640          -7.788         -91.636         -61.070         -304.994
   98 (occ)     1        -266.640          -7.762         -91.651         -61.081         -304.972
   99 (occ)     1        -266.640          -7.811         -91.647         -61.079         -305.019
  100 (occ)     1        -266.640          -7.762         -91.650         -61.080         -304.971
  101 (occ)     1        -266.639          -7.774         -91.647         -61.077         -304.983
  102 (occ)     1        -266.639          -7.762         -91.649         -61.079         -304.971
  103 (occ)     1        -266.639          -7.786         -91.638         -61.071         -304.992
  104 (occ)     1        -266.639          -7.786         -91.638         -61.071         -304.993
  105 (occ)     1        -266.639          -7.772         -91.646         -61.077         -304.980
  106 (occ)     1        -266.639          -7.769         -91.647         -61.077         -304.978
  107 (occ)     1        -266.639          -7.942         -91.646         -61.087         -305.141
  108 (occ)     1        -266.639          -7.937         -91.646         -61.087         -305.136
  109 (occ)     1        -266.639          -7.834         -91.647         -61.079         -305.041
  110 (occ)     1        -266.639          -7.834         -91.647         -61.079         -305.040
  111 (occ)     1        -266.639          -7.933         -91.647         -61.087         -305.132
  112 (occ)     1        -266.639          -7.786         -91.639         -61.072         -304.992
  113 (occ)     1        -266.639          -7.786         -91.639         -61.072         -304.992
  114 (occ)     1        -266.639          -7.930         -91.649         -61.088         -305.129
  115 (occ)     1        -266.639          -7.830         -91.649         -61.081         -305.037
  116 (occ)     1        -266.639          -7.830         -91.649         -61.081         -305.037
  117 (occ)     1        -266.639          -7.927         -91.650         -61.089         -305.127
  118 (occ)     1        -266.638          -7.923         -91.653         -61.090         -305.124
  119 (occ)     1        -266.638          -7.919         -91.655         -61.092         -305.120
  120 (occ)     1        -266.638          -7.770         -91.646         -61.077         -304.977
  121 (occ)     1        -266.638          -7.770         -91.646         -61.077         -304.977
  122 (occ)     1        -266.638          -7.912         -91.657         -61.093         -305.114
  123 (occ)     1        -266.638          -7.790         -91.641         -61.073         -304.996
  124 (occ)     1        -266.638          -7.792         -91.641         -61.073         -304.998
  125 (occ)     1        -266.638          -7.910         -91.659         -61.095         -305.112
  126 (occ)     1        -266.638          -7.903         -91.663         -61.098         -305.106
  127 (occ)     1        -266.637          -7.899         -91.664         -61.098         -305.103
  128 (occ)     1        -266.637          -7.810         -91.645         -61.077         -305.016
  129 (occ)     1        -266.637          -7.810         -91.645         -61.077         -305.016
  130 (occ)     1        -266.637          -7.887         -91.672         -61.103         -305.093
  131 (occ)     1        -266.637          -7.901         -91.661         -61.096         -305.104
  132 (occ)     1        -266.637          -7.899         -91.663         -61.097         -305.102
  133 (occ)     1        -266.637          -7.870         -91.648         -61.081         -305.074
  134 (occ)     1        -266.637          -7.870         -91.648         -61.081         -305.074
  135 (occ)     1        -266.637          -7.803         -91.647         -61.079         -305.009
  136 (occ)     1        -266.637          -7.803         -91.648         -61.079         -305.009
  137 (occ)     1        -266.636          -7.884         -91.660         -61.094         -305.086
  138 (occ)     1        -266.636          -7.884         -91.660         -61.094         -305.086
  139 (occ)     1        -266.636          -7.767         -91.646         -61.076         -304.972
  140 (occ)     1        -266.636          -7.767         -91.646         -61.076         -304.972
  141 (occ)     1        -266.636          -7.901         -91.657         -61.093         -305.102
  142 (occ)     1        -266.636          -7.901         -91.657         -61.093         -305.102
  143 (occ)     1        -266.636          -7.731         -91.643         -61.078         -304.932
  144 (occ)     1        -266.636          -7.741         -91.640         -61.076         -304.940
  145 (occ)     1        -266.635          -7.746         -91.638         -61.075         -304.945
  146 (occ)     1        -266.635          -7.791         -91.649         -61.079         -304.995
  147 (occ)     1        -266.635          -7.791         -91.649         -61.079         -304.995
  148 (occ)     1        -266.635          -7.752         -91.637         -61.073         -304.951
  149 (occ)     1        -266.635          -7.877         -91.643         -61.077         -305.078
  150 (occ)     1        -266.635          -7.877         -91.643         -61.077         -305.078
  151 (occ)     1        -266.635          -7.758         -91.635         -61.073         -304.955
  152 (occ)     1        -266.635          -7.763         -91.634         -61.072         -304.959
  153 (occ)     1        -266.635          -7.913         -91.655         -61.092         -305.111
  154 (occ)     1        -266.635          -7.913         -91.655         -61.092         -305.111
  155 (occ)     1        -266.635          -7.924         -91.614         -61.071         -305.102
  156 (occ)     1        -266.635          -7.924         -91.614         -61.071         -305.102
  157 (occ)     1        -266.634          -7.801         -91.647         -61.079         -305.004
  158 (occ)     1        -266.634          -7.806         -91.649         -61.080         -305.009
  159 (occ)     1        -266.634          -7.772         -91.635         -61.073         -304.969
  160 (occ)     1        -266.634          -7.771         -91.633         -61.071         -304.966
  161 (occ)     1        -266.634          -7.808         -91.641         -61.082         -305.001
  162 (occ)     1        -266.634          -7.774         -91.632         -61.071         -304.969
  163 (occ)     1        -266.634          -7.810         -91.639         -61.080         -305.002
  164 (occ)     1        -266.634          -7.811         -91.637         -61.079         -305.003
  165 (occ)     1        -266.634          -7.776         -91.632         -61.071         -304.970
  166 (occ)     1        -266.633          -7.813         -91.636         -61.078         -305.004
  167 (occ)     1        -266.633          -7.814         -91.635         -61.077         -305.005
  168 (occ)     1        -266.633          -7.778         -91.631         -61.071         -304.972
  169 (occ)     1        -266.633          -7.815         -91.633         -61.076         -305.006
  170 (occ)     1        -266.633          -7.811         -91.663         -61.092         -305.015
  171 (occ)     1        -266.633          -7.811         -91.663         -61.092         -305.015
  172 (occ)     1        -266.633          -7.817         -91.633         -61.075         -305.007
  173 (occ)     1        -266.633          -7.779         -91.631         -61.071         -304.972
  174 (occ)     1        -266.633          -7.818         -91.632         -61.075         -305.008
  175 (occ)     1        -266.633          -7.886         -91.639         -61.078         -305.079
  176 (occ)     1        -266.633          -7.886         -91.639         -61.078         -305.079
  177 (occ)     1        -266.633          -7.780         -91.631         -61.071         -304.972
  178 (occ)     1        -266.633          -7.819         -91.631         -61.074         -305.008
  179 (occ)     1        -266.632          -7.819         -91.630         -61.074         -305.008
  180 (occ)     1        -266.632          -7.780         -91.632         -61.071         -304.973
  181 (occ)     1        -266.632          -7.788         -91.640         -61.073         -304.987
  182 (occ)     1        -266.632          -7.779         -91.639         -61.073         -304.977
  183 (occ)     1        -266.632          -7.821         -91.630         -61.073         -305.009
  184 (occ)     1        -266.632          -7.813         -91.629         -61.073         -305.002
  185 (occ)     1        -266.632          -7.774         -91.632         -61.072         -304.966
  186 (occ)     1        -266.632          -7.751         -91.632         -61.072         -304.943
  187 (occ)     1        -266.632          -7.829         -91.628         -61.073         -305.016
  188 (occ)     1        -266.632          -7.793         -91.630         -61.073         -304.982
  189 (occ)     1        -266.631          -7.802         -91.632         -61.073         -304.993
  190 (occ)     1        -266.631          -7.785         -91.633         -61.073         -304.977
  191 (occ)     1        -266.631          -7.872         -91.624         -61.071         -305.057
  192 (occ)     1        -266.631          -7.817         -91.629         -61.073         -305.004
  193 (occ)     1        -266.631          -7.890         -91.648         -61.082         -305.087
  194 (occ)     1        -266.631          -7.884         -91.648         -61.082         -305.081
  195 (occ)     1        -266.631          -7.858         -91.623         -61.070         -305.042
  196 (occ)     1        -266.631          -7.903         -91.624         -61.073         -305.086
  197 (occ)     1        -266.631          -7.882         -91.613         -61.062         -305.063
  198 (occ)     1        -266.631          -7.891         -91.621         -61.070         -305.073
  199 (occ)     1        -266.631          -7.902         -91.624         -61.073         -305.084
  200 (occ)     1        -266.631          -7.862         -91.625         -61.071         -305.046
  201 (occ)     1        -266.631          -7.883         -91.614         -61.064         -305.064
  202 (occ)     1        -266.630          -7.882         -91.625         -61.072         -305.065
  203 (occ)     1        -266.630          -7.838         -91.627         -61.073         -305.024
  204 (occ)     1        -266.630          -7.888         -91.664         -61.097         -305.085
  205 (occ)     1        -266.630          -7.888         -91.663         -61.096         -305.085
  206 (occ)     1        -266.630          -7.842         -91.627         -61.072         -305.028
  207 (occ)     1        -266.630          -7.879         -91.617         -61.066         -305.061
  208 (occ)     1        -266.630          -7.834         -91.627         -61.072         -305.019
  209 (occ)     1        -266.630          -7.857         -91.623         -61.071         -305.040
  210 (occ)     1        -266.630          -7.651         -91.565         -61.078         -304.769
  211 (occ)     1        -266.630          -7.647         -91.564         -61.078         -304.763
  212 (occ)     1        -266.630          -7.855         -91.622         -61.071         -305.037
  213 (occ)     1        -266.630          -7.874         -91.620         -61.069         -305.055
  214 (occ)     1        -266.630          -7.882         -91.621         -61.070         -305.063
  215 (occ)     1        -266.630          -7.875         -91.621         -61.070         -305.057
  216 (occ)     1        -266.630          -7.876         -91.621         -61.069         -305.057
  217 (occ)     1        -266.630          -7.895         -91.620         -61.070         -305.075
  218 (occ)     1        -266.630          -7.899         -91.619         -61.070         -305.079
  219 (occ)     1        -266.630          -7.882         -91.620         -61.069         -305.063
  220 (occ)     1        -266.630          -7.882         -91.620         -61.069         -305.063
  221 (occ)     1        -266.630          -7.900         -91.619         -61.069         -305.079
  222 (occ)     1        -266.630          -7.917         -91.615         -61.067         -305.094
  223 (occ)     1        -266.630          -7.811         -91.639         -61.074         -305.005
  224 (occ)     1        -266.630          -7.811         -91.639         -61.074         -305.005
  225 (occ)     1        -266.630          -7.894         -91.619         -61.069         -305.074
  226 (occ)     1        -266.630          -7.900         -91.618         -61.069         -305.079
  227 (occ)     1        -266.629          -7.882         -91.620         -61.070         -305.062
  228 (occ)     1        -266.629          -7.882         -91.620         -61.070         -305.062
  229 (occ)     1        -266.629          -7.631         -91.573         -61.081         -304.753
  230 (occ)     1        -266.629          -7.631         -91.573         -61.081         -304.753
  231 (occ)     1        -266.629          -7.888         -91.621         -61.070         -305.068
  232 (occ)     1        -266.629          -7.888         -91.621         -61.070         -305.068
  233 (occ)     1        -266.629          -7.884         -91.620         -61.069         -305.063
  234 (occ)     1        -266.629          -7.884         -91.620         -61.069         -305.063
  235 (occ)     1        -266.629          -7.840         -91.627         -61.072         -305.025
  236 (occ)     1        -266.629          -7.840         -91.627         -61.072         -305.025
  237 (occ)     1        -266.629          -7.898         -91.619         -61.069         -305.076
  238 (occ)     1        -266.629          -7.898         -91.619         -61.069         -305.076
  239 (occ)     1        -266.629          -7.791         -91.637         -61.073         -304.984
  240 (occ)     1        -266.629          -7.791         -91.637         -61.073         -304.984
  241 (occ)     1        -266.629          -7.833         -91.624         -61.069         -305.017
  242 (occ)     1        -266.629          -7.833         -91.624         -61.069         -305.017
  243 (occ)     1        -266.628          -7.904         -91.619         -61.069         -305.082
  244 (occ)     1        -266.628          -7.904         -91.619         -61.069         -305.082
  245 (occ)     1        -266.628          -7.863         -91.623         -61.071         -305.043
  246 (occ)     1        -266.628          -7.863         -91.623         -61.071         -305.043
  247 (occ)     1        -266.628          -7.875         -91.621         -61.069         -305.055
  248 (occ)     1        -266.628          -7.875         -91.621         -61.069         -305.055
  249 (occ)     1        -266.627          -7.873         -91.621         -61.070         -305.052
  250 (occ)     1        -266.627          -7.873         -91.621         -61.070         -305.052
  251 (occ)     1        -266.627          -7.889         -91.622         -61.070         -305.068
  252 (occ)     1        -266.627          -7.889         -91.622         -61.070         -305.068
  253 (occ)     1        -266.626          -7.895         -91.656         -61.092         -305.085
  254 (occ)     1        -266.626          -7.895         -91.656         -61.092         -305.085
  255 (occ)     1        -266.626          -7.911         -91.621         -61.071         -305.087
  256 (occ)     1        -266.626          -7.911         -91.621         -61.071         -305.087
  257 (occ)     1        -266.626          -7.836         -91.627         -61.071         -305.019
  258 (occ)     1        -266.626          -7.836         -91.627         -61.071         -305.019
  259 (occ)     1        -266.626          -7.854         -91.646         -61.082         -305.044
  260 (occ)     1        -266.626          -7.854         -91.646         -61.082         -305.044
  261 (occ)     1        -266.625          -7.859         -91.624         -61.072         -305.037
  262 (occ)     1        -266.625          -7.859         -91.624         -61.072         -305.037
  263 (occ)     1        -266.625          -7.858         -91.624         -61.071         -305.036
  264 (occ)     1        -266.625          -7.858         -91.624         -61.071         -305.036
  265 (occ)     1        -266.625          -7.791         -91.643         -61.079         -304.979
  266 (occ)     1        -266.625          -7.791         -91.643         -61.079         -304.979
  267 (occ)     1        -266.624          -7.865         -91.622         -61.070         -305.041
  268 (occ)     1        -266.624          -7.865         -91.622         -61.070         -305.041
  269 (occ)     1        -266.624          -7.800         -91.627         -61.072         -304.979
  270 (occ)     1        -266.624          -7.800         -91.627         -61.072         -304.979
  271 (occ)     1        -266.624          -7.591         -91.569         -61.068         -304.716
  272 (occ)     1        -266.624          -7.591         -91.569         -61.068         -304.716
  273 (occ)     1        -266.623          -7.868         -91.622         -61.068         -305.045
  274 (occ)     1        -266.623          -7.868         -91.622         -61.068         -305.045
  275 (occ)     1        -266.623          -7.916         -91.618         -61.069         -305.088
  276 (occ)     1        -266.623          -7.916         -91.618         -61.069         -305.088
  277 (occ)     1        -266.622          -7.610         -91.559         -61.072         -304.719
  278 (occ)     1        -266.622          -7.610         -91.559         -61.072         -304.719
  279 (occ)     1        -266.622          -7.807         -91.625         -61.069         -304.985
  280 (occ)     1        -266.622          -7.807         -91.625         -61.069         -304.985
  281 (occ)     1        -266.621          -7.822         -91.627         -61.073         -304.997
  282 (occ)     1        -266.621          -7.822         -91.627         -61.073         -304.997
  283 (occ)     1        -266.620          -7.916         -91.644         -61.087         -305.094
  284 (occ)     1        -266.620          -7.916         -91.644         -61.087         -305.094
  285 (occ)     1        -266.619          -7.861         -91.630         -61.082         -305.028
  286 (occ)     1        -266.619          -7.861         -91.630         -61.082         -305.028
  287 (occ)     1        -266.619          -7.892         -91.621         -61.070         -305.061
  288 (occ)     1        -266.619          -7.892         -91.621         -61.070         -305.061
  289 (occ)     1        -266.619          -7.914         -91.618         -61.069         -305.082
  290 (occ)     1        -266.619          -7.914         -91.618         -61.069         -305.082
  291 (occ)     1        -266.618          -7.756         -91.640         -61.078         -304.935
  292 (occ)     1        -266.618          -7.756         -91.640         -61.078         -304.935
  293 (occ)     1        -266.617          -7.726         -91.632         -61.077         -304.898
  294 (occ)     1        -266.617          -7.726         -91.632         -61.077         -304.898
  295 (occ)     1        -266.616          -7.899         -91.621         -61.097         -305.039
  296 (occ)     1        -266.616          -7.899         -91.621         -61.097         -305.039
  297 (occ)     1        -266.616          -7.842         -91.619         -61.071         -305.006
  298 (occ)     1        -266.616          -7.842         -91.619         -61.071         -305.006
  299 (occ)     1        -266.616          -7.844         -91.622         -61.072         -305.010
  300 (occ)     1        -266.616          -7.844         -91.622         -61.072         -305.010
  301 (occ)     1        -266.612          -7.832         -91.619         -61.070         -304.993
  302 (occ)     1        -266.612          -7.832         -91.619         -61.070         -304.993
  303 (occ)     1        -266.611          -7.863         -91.619         -61.071         -305.022
  304 (occ)     1        -266.611          -7.863         -91.619         -61.071         -305.022
  305 (occ)     1        -266.609          -7.860         -91.601         -61.067         -305.003
  306 (occ)     1        -266.609          -7.860         -91.601         -61.067         -305.003
  307 (occ)     1        -266.609          -7.876         -91.608         -61.070         -305.023
  308 (occ)     1        -266.609          -7.876         -91.608         -61.070         -305.023
  309 (occ)     1        -266.605          -7.869         -91.547         -61.069         -304.952
  310 (occ)     1        -266.605          -7.869         -91.547         -61.069         -304.952
  311 (occ)     1        -266.591          -7.612         -91.591         -61.075         -304.719
  312 (occ)     1        -266.591          -7.612         -91.591         -61.075         -304.719
  313 (occ)     1        -266.590          -7.622         -91.592         -61.077         -304.727
  314 (occ)     1        -266.590          -7.622         -91.592         -61.077         -304.727
  315 (occ)     1        -266.397          -8.597         -91.555         -61.084         -305.464
  316 (occ)     1        -266.397          -8.597         -91.555         -61.084         -305.464
  317 (occ)     1        -266.393          -6.251         -91.559         -61.087         -303.115
  318 (occ)     1        -266.393          -6.251         -91.559         -61.087         -303.115
  319 (occ)     1        -266.392          -6.508         -91.564         -61.094         -303.370
  320 (occ)     1        -266.392          -6.508         -91.564         -61.094         -303.370
  321 (occ)     1        -266.356          -6.442         -91.567         -61.092         -303.274
  322 (occ)     1        -266.356          -6.442         -91.567         -61.092         -303.274
  323 (occ)     1        -266.356          -6.442         -91.568         -61.092         -303.274
  324 (occ)     1        -266.356          -6.442         -91.568         -61.092         -303.274
  325 (occ)     1        -266.346          -6.977         -91.643         -61.095         -303.871
  326 (occ)     1        -266.345          -6.978         -91.644         -61.096         -303.871
  327 (occ)     1        -266.345          -6.978         -91.644         -61.096         -303.871
  328 (occ)     1        -266.345          -6.978         -91.645         -61.097         -303.871
  329 (occ)     1        -266.345          -6.978         -91.644         -61.096         -303.871
  330 (occ)     1        -266.345          -6.978         -91.645         -61.097         -303.871
  331 (occ)     1        -266.345          -6.978         -91.644         -61.097         -303.871
  332 (occ)     1        -266.345          -6.978         -91.645         -61.097         -303.871
  333 (occ)     1        -266.345          -6.978         -91.645         -61.097         -303.871
  334 (occ)     1        -266.345          -6.979         -91.646         -61.098         -303.871
  335 (occ)     1        -266.345          -6.979         -91.645         -61.098         -303.871
  336 (occ)     1        -266.345          -6.979         -91.646         -61.098         -303.871
  337 (occ)     1        -266.344          -6.979         -91.646         -61.098         -303.871
  338 (occ)     1        -266.344          -6.979         -91.647         -61.099         -303.871
  339 (occ)     1        -266.344          -6.979         -91.647         -61.099         -303.871
  340 (occ)     1        -266.344          -6.979         -91.647         -61.099         -303.871
  341 (occ)     1        -266.344          -6.979         -91.648         -61.100         -303.871
  342 (occ)     1        -266.344          -6.979         -91.647         -61.100         -303.871
  343 (occ)     1        -266.344          -6.980         -91.649         -61.101         -303.871
  344 (occ)     1        -266.344          -6.980         -91.648         -61.100         -303.871
  345 (occ)     1        -266.344          -6.980         -91.649         -61.101         -303.871
  346 (occ)     1        -266.344          -6.980         -91.649         -61.101         -303.871
  347 (occ)     1        -266.343          -6.980         -91.651         -61.103         -303.871
  348 (occ)     1        -266.343          -6.980         -91.651         -61.103         -303.871
  349 (occ)     1        -266.343          -6.980         -91.650         -61.102         -303.871
  350 (occ)     1        -266.343          -6.980         -91.650         -61.102         -303.871
  351 (occ)     1        -266.343          -6.980         -91.650         -61.102         -303.871
  352 (occ)     1        -266.343          -6.980         -91.651         -61.103         -303.871
  353 (occ)     1        -266.343          -6.980         -91.649         -61.101         -303.870
  354 (occ)     1        -266.343          -6.980         -91.649         -61.101         -303.870
  355 (occ)     1        -266.343          -6.980         -91.650         -61.102         -303.870
  356 (occ)     1        -266.343          -6.980         -91.650         -61.102         -303.870
  357 (occ)     1        -266.342          -6.980         -91.649         -61.101         -303.870
  358 (occ)     1        -266.342          -6.980         -91.649         -61.101         -303.870
  359 (occ)     1        -266.342          -6.980         -91.649         -61.101         -303.870
  360 (occ)     1        -266.342          -6.980         -91.649         -61.101         -303.870
  361 (occ)     1        -266.341          -6.980         -91.648         -61.101         -303.869
  362 (occ)     1        -266.341          -6.980         -91.648         -61.101         -303.869
  363 (occ)     1        -266.341          -6.980         -91.649         -61.101         -303.869
  364 (occ)     1        -266.341          -6.980         -91.649         -61.101         -303.869
  365 (occ)     1        -266.339          -6.980         -91.648         -61.101         -303.867
  366 (occ)     1        -266.339          -6.980         -91.648         -61.101         -303.867
  367 (occ)     1        -266.339          -6.980         -91.648         -61.101         -303.867
  368 (occ)     1        -266.339          -6.980         -91.648         -61.101         -303.867
  369 (occ)     1        -266.338          -6.977         -91.597         -61.061         -303.850
  370 (occ)     1        -266.337          -6.977         -91.598         -61.062         -303.850
  371 (occ)     1        -266.337          -6.977         -91.599         -61.064         -303.850
  372 (occ)     1        -266.337          -6.980         -91.648         -61.100         -303.865
  373 (occ)     1        -266.337          -6.980         -91.648         -61.100         -303.865
  374 (occ)     1        -266.337          -6.980         -91.648         -61.101         -303.865
  375 (occ)     1        -266.337          -6.980         -91.648         -61.101         -303.865
  376 (occ)     1        -266.337          -6.977         -91.600         -61.064         -303.850
  377 (occ)     1        -266.337          -6.978         -91.601         -61.065         -303.850
  378 (occ)     1        -266.337          -6.978         -91.601         -61.065         -303.850
  379 (occ)     1        -266.337          -6.978         -91.602         -61.066         -303.850
  380 (occ)     1        -266.336          -6.978         -91.602         -61.067         -303.850
  381 (occ)     1        -266.336          -6.978         -91.603         -61.068         -303.850
  382 (occ)     1        -266.336          -6.978         -91.604         -61.068         -303.850
  383 (occ)     1        -266.336          -6.978         -91.605         -61.069         -303.850
  384 (occ)     1        -266.336          -6.979         -91.605         -61.070         -303.850
  385 (occ)     1        -266.336          -6.978         -91.606         -61.071         -303.849
  386 (occ)     1        -266.335          -6.979         -91.607         -61.071         -303.850
  387 (occ)     1        -266.335          -6.979         -91.607         -61.072         -303.849
  388 (occ)     1        -266.335          -6.979         -91.608         -61.073         -303.849
  389 (occ)     1        -266.335          -6.979         -91.608         -61.073         -303.849
  390 (occ)     1        -266.335          -6.979         -91.609         -61.074         -303.849
  391 (occ)     1        -266.335          -6.979         -91.610         -61.075         -303.848
  392 (occ)     1        -266.334          -6.979         -91.611         -61.076         -303.849
  393 (occ)     1        -266.334          -6.979         -91.611         -61.076         -303.848
  394 (occ)     1        -266.334          -6.979         -91.613         -61.078         -303.848
  395 (occ)     1        -266.334          -6.978         -91.612         -61.078         -303.848
  396 (occ)     1        -266.334          -6.978         -91.614         -61.080         -303.847
  397 (occ)     1        -266.334          -6.979         -91.612         -61.077         -303.848
  398 (occ)     1        -266.334          -6.979         -91.613         -61.078         -303.848
  399 (occ)     1        -266.334          -6.978         -91.613         -61.078         -303.847
  400 (occ)     1        -266.334          -6.978         -91.613         -61.078         -303.847
  401 (occ)     1        -266.334          -6.981         -91.624         -61.084         -303.854
  402 (occ)     1        -266.334          -6.981         -91.624         -61.084         -303.854
  403 (occ)     1        -266.334          -6.982         -91.635         -61.092         -303.858
  404 (occ)     1        -266.334          -6.982         -91.635         -61.092         -303.858
  405 (occ)     1        -266.334          -6.980         -91.647         -61.100         -303.861
  406 (occ)     1        -266.334          -6.980         -91.647         -61.100         -303.861
  407 (occ)     1        -266.333          -6.979         -91.612         -61.077         -303.847
  408 (occ)     1        -266.333          -6.979         -91.612         -61.077         -303.847
  409 (occ)     1        -266.333          -6.979         -91.611         -61.075         -303.847
  410 (occ)     1        -266.333          -6.979         -91.611         -61.075         -303.847
  411 (occ)     1        -266.333          -6.979         -91.611         -61.077         -303.846
  412 (occ)     1        -266.333          -6.979         -91.611         -61.077         -303.846
  413 (occ)     1        -266.332          -6.980         -91.610         -61.075         -303.847
  414 (occ)     1        -266.332          -6.980         -91.610         -61.075         -303.847
  415 (occ)     1        -266.332          -6.979         -91.611         -61.076         -303.846
  416 (occ)     1        -266.332          -6.979         -91.611         -61.076         -303.846
  417 (occ)     1        -266.330          -6.980         -91.609         -61.074         -303.845
  418 (occ)     1        -266.330          -6.980         -91.609         -61.074         -303.845
  419 (occ)     1        -266.330          -6.979         -91.610         -61.076         -303.844
  420 (occ)     1        -266.330          -6.979         -91.610         -61.076         -303.844
  421 (occ)     1        -266.328          -6.980         -91.609         -61.074         -303.843
  422 (occ)     1        -266.328          -6.980         -91.609         -61.074         -303.843
  423 (occ)     1        -266.328          -6.979         -91.611         -61.076         -303.842
  424 (occ)     1        -266.328          -6.979         -91.611         -61.076         -303.842
  425 (occ)     1        -266.327          -6.974         -91.644         -61.100         -303.846
  426 (occ)     1        -266.327          -6.974         -91.644         -61.100         -303.846
  427 (occ)     1        -266.327          -6.974         -91.644         -61.100         -303.846
  428 (occ)     1        -266.327          -6.974         -91.644         -61.100         -303.846
  429 (occ)     1        -266.325          -6.980         -91.609         -61.074         -303.839
  430 (occ)     1        -266.325          -6.980         -91.609         -61.074         -303.839
  431 (occ)     1        -266.324          -6.979         -91.610         -61.075         -303.838
  432 (occ)     1        -266.324          -6.979         -91.610         -61.075         -303.838
  433 (occ)     1        -266.319          -6.974         -91.605         -61.073         -303.825
  434 (occ)     1        -266.319          -6.974         -91.605         -61.073         -303.825
  435 (occ)     1        -266.318          -6.974         -91.606         -61.075         -303.824
  436 (occ)     1        -266.318          -6.974         -91.606         -61.075         -303.824
  437 (occ)     1        -266.314          -6.939         -91.623         -61.097         -303.779
  438 (occ)     1        -266.314          -6.939         -91.623         -61.097         -303.779
  439 (occ)     1        -266.314          -6.939         -91.623         -61.098         -303.779
  440 (occ)     1        -266.314          -6.939         -91.623         -61.098         -303.779
  441 (occ)     1        -266.303          -6.955         -91.595         -61.076         -303.777
  442 (occ)     1        -266.303          -6.955         -91.595         -61.076         -303.777
  443 (occ)     1        -266.303          -6.955         -91.596         -61.077         -303.776
  444 (occ)     1        -266.303          -6.955         -91.596         -61.077         -303.776
  445 (occ)     1        -266.227          -6.851         -91.579         -61.087         -303.570
  446 (occ)     1        -266.227          -6.851         -91.579         -61.087         -303.570
  447 (occ)     1        -266.227          -6.851         -91.579         -61.087         -303.570
  448 (occ)     1        -266.227          -6.851         -91.579         -61.087         -303.570
  449 (occ)     1         -23.097           8.383         -26.792         -17.010          -24.495
  450 (occ)     1         -23.091           8.378         -26.790         -17.011          -24.492
  451 (occ)     1         -23.083           8.371         -26.787         -17.011          -24.488
  452 (occ)     1         -23.072           8.362         -26.784         -17.012          -24.482
  453 (occ)     1         -23.059           8.351         -26.779         -17.013          -24.474
  454 (occ)     1         -23.044           8.340         -26.773         -17.014          -24.463
  455 (occ)     1         -23.026           8.328         -26.766         -17.015          -24.449
  456 (occ)     1         -23.005           8.316         -26.758         -17.016          -24.432
  457 (occ)     1         -22.982           8.303         -26.750         -17.018          -24.411
  458 (occ)     1         -22.957           8.290         -26.740         -17.019          -24.387
  459 (occ)     1         -22.928           8.276         -26.729         -17.021          -24.360
  460 (occ)     1         -22.897           8.261         -26.717         -17.023          -24.330
  461 (occ)     1         -22.863           8.245         -26.704         -17.025          -24.297
  462 (occ)     1         -22.826           8.228         -26.690         -17.028          -24.261
  463 (occ)     1         -22.786           8.209         -26.675         -17.030          -24.222
  464 (occ)     1         -22.744           8.190         -26.659         -17.033          -24.180
  465 (occ)     1         -22.699           8.170         -26.642         -17.036          -24.136
  466 (occ)     1         -22.651           8.148         -26.625         -17.039          -24.089
  467 (occ)     1         -22.601           8.126         -26.606         -17.042          -24.039
  468 (occ)     1         -22.548           8.102         -26.586         -17.045          -23.986
  469 (occ)     1         -22.492           8.077         -26.565         -17.049          -23.930
  470 (occ)     1         -22.433           8.051         -26.542         -17.052          -23.872
  471 (occ)     1         -22.372           8.024         -26.519         -17.056          -23.811
  472 (occ)     1         -22.308           7.996         -26.495         -17.060          -23.747
  473 (occ)     1         -22.245           8.041         -26.505         -17.054          -23.655
  474 (occ)     1         -22.242           7.967         -26.470         -17.065          -23.681
  475 (occ)     1         -22.238           8.036         -26.503         -17.054          -23.651
  476 (occ)     1         -22.230           8.029         -26.501         -17.055          -23.647
  477 (occ)     1         -22.219           8.021         -26.497         -17.055          -23.640
  478 (occ)     1         -22.206           8.011         -26.492         -17.056          -23.631
  479 (occ)     1         -22.191           8.001         -26.487         -17.057          -23.619
  480 (occ)     1         -22.173           7.936         -26.444         -17.069          -23.612
  481 (occ)     1         -22.173           7.990         -26.480         -17.058          -23.604
  482 (occ)     1         -22.152           7.979         -26.472         -17.060          -23.585
  483 (occ)     1         -22.129           7.967         -26.463         -17.061          -23.564
  484 (occ)     1         -22.103           7.954         -26.453         -17.063          -23.539
  485 (occ)     1         -22.102           7.905         -26.418         -17.074          -23.541
  486 (occ)     1         -22.074           7.940         -26.443         -17.065          -23.511
  487 (occ)     1         -22.043           7.925         -26.431         -17.067          -23.481
  488 (occ)     1         -22.029           7.873         -26.390         -17.079          -23.467
  489 (occ)     1         -22.009           7.910         -26.418         -17.070          -23.447
  490 (occ)     1         -21.972           7.894         -26.404         -17.072          -23.411
  491 (occ)     1         -21.955           7.840         -26.362         -17.085          -23.393
  492 (occ)     1         -21.933           7.876         -26.390         -17.075          -23.371
  493 (occ)     1         -21.891           7.858         -26.374         -17.078          -23.329
  494 (occ)     1         -21.881           7.807         -26.335         -17.092          -23.317
  495 (occ)     1         -21.847           7.838         -26.358         -17.081          -23.285
  496 (occ)     1         -21.811           7.780         -26.310         -17.100          -23.241
  497 (occ)     1         -21.800           7.818         -26.340         -17.085          -23.237
  498 (occ)     1         -21.759           7.775         -26.292         -17.111          -23.164
  499 (occ)     1         -21.750           7.797         -26.322         -17.088          -23.187
  500 (occ)     1         -21.698           7.774         -26.302         -17.092          -23.134
  501 (occ)     1         -21.644           7.751         -26.282         -17.096          -23.079
  502 (occ)     1         -21.587           7.727         -26.261         -17.101          -23.021
  503 (occ)     1         -21.539           7.720         -26.208         -17.096          -22.931
  504 (occ)     1         -21.529           7.702         -26.239         -17.105          -22.961
  505 (occ)     1         -21.471           7.669         -26.181         -17.102          -22.881
  506 (occ)     1         -21.468           7.676         -26.217         -17.111          -22.899
  507 (occ)     1         -21.405           7.649         -26.194         -17.116          -22.835
  508 (occ)     1         -21.388           7.624         -26.150         -17.109          -22.805
  509 (occ)     1         -21.342           7.621         -26.170         -17.122          -22.769
  510 (occ)     1         -21.299           7.581         -26.116         -17.116          -22.717
  511 (occ)     1         -21.277           7.592         -26.146         -17.128          -22.703
  512 (occ)     1         -21.214           7.563         -26.123         -17.135          -22.638
  513 (occ)     1         -21.204           7.540         -26.080         -17.124          -22.621
  514 (occ)     1         -21.152           7.535         -26.100         -17.143          -22.574
  515 (occ)     1         -21.106           7.499         -26.044         -17.131          -22.520
  516 (occ)     1         -21.097           7.510         -26.080         -17.152          -22.515
  517 (occ)     1         -21.054           7.495         -26.064         -17.160          -22.463
  518 (occ)     1         -21.033           7.506         -26.055         -17.168          -22.415
  519 (occ)     1         -21.006           7.457         -26.007         -17.139          -22.416
  520 (occ)     1         -20.903           7.415         -25.969         -17.147          -22.310
  521 (occ)     1         -20.822           7.404         -25.980         -17.076          -22.321
  522 (occ)     1         -20.816           7.400         -25.978         -17.076          -22.318
  523 (occ)     1         -20.808           7.393         -25.975         -17.077          -22.313
  524 (occ)     1         -20.799           7.373         -25.933         -17.153          -22.206
  525 (occ)     1         -20.798           7.385         -25.972         -17.078          -22.307
  526 (occ)     1         -20.785           7.377         -25.968         -17.080          -22.296
  527 (occ)     1         -20.771           7.367         -25.963         -17.080          -22.287
  528 (occ)     1         -20.754           7.357         -25.957         -17.082          -22.272
  529 (occ)     1         -20.735           7.346         -25.950         -17.084          -22.255
  530 (occ)     1         -20.713           7.336         -25.943         -17.086          -22.234
  531 (occ)     1         -20.696           7.329         -25.904         -17.145          -22.127
  532 (occ)     1         -20.688           7.329         -25.925         -17.107          -22.177
  533 (occ)     1         -20.664           7.312         -25.925         -17.092          -22.185
  534 (occ)     1         -20.635           7.300         -25.915         -17.095          -22.154
  535 (occ)     1         -20.606           7.287         -25.901         -17.102          -22.118
  536 (occ)     1         -20.591           7.296         -25.863         -17.168          -21.990
  537 (occ)     1         -20.573           7.274         -25.892         -17.103          -22.089
  538 (occ)     1         -20.571           7.365         -25.887         -17.135          -21.959
  539 (occ)     1         -20.539           7.260         -25.880         -17.108          -22.052
  540 (occ)     1         -20.523           7.335         -25.870         -17.142          -21.916
  541 (occ)     1         -20.505           7.250         -25.867         -17.114          -22.008
  542 (occ)     1         -20.501           7.264         -25.836         -17.175          -21.898
  543 (occ)     1         -20.472           7.238         -25.856         -17.122          -21.967
  544 (occ)     1         -20.457           7.300         -25.846         -17.150          -21.853
  545 (occ)     1         -20.445           7.254         -25.831         -17.162          -21.859
  546 (occ)     1         -20.445           7.241         -25.843         -17.137          -21.910
  547 (occ)     1         -20.380           7.262         -25.817         -17.159          -21.776
  548 (occ)     1         -20.331           7.011         -25.776         -17.118          -21.978
  549 (occ)     1         -20.330           7.016         -25.777         -17.118          -21.974
  550 (occ)     1         -20.295           7.223         -25.786         -17.168          -21.690
  551 (occ)     1         -20.204           7.184         -25.753         -17.177          -21.596
  552 (occ)     1         -20.173           7.155         -25.747         -17.150          -21.615
  553 (occ)     1         -20.166           7.142         -25.747         -17.147          -21.624
  554 (occ)     1         -20.117           7.127         -25.721         -17.167          -21.543
  555 (occ)     1         -20.115           7.108         -25.732         -17.149          -21.590
  556 (occ)     1         -20.109           7.145         -25.718         -17.185          -21.497
  557 (occ)     1         -20.059           7.081         -25.713         -17.156          -21.534
  558 (occ)     1         -20.038           7.083         -25.693         -17.176          -21.472
  559 (occ)     1         -20.010           7.104         -25.683         -17.194          -21.394
  560 (occ)     1         -19.993           7.062         -25.682         -17.176          -21.437
  561 (occ)     1         -19.966           7.036         -25.680         -17.167          -21.442
  562 (occ)     1         -19.908           7.064         -25.646         -17.203          -21.288
  563 (occ)     1         -19.905           7.007         -25.661         -17.171          -21.388
  564 (occ)     1         -19.903           7.038         -25.640         -17.205          -21.300
  565 (occ)     1         -19.845           6.983         -25.637         -17.181          -21.319
  566 (occ)     1         -19.813           6.981         -25.623         -17.193          -21.263
  567 (occ)     1         -19.803           7.022         -25.609         -17.212          -21.179
  568 (occ)     1         -19.770           6.979         -25.595         -17.217          -21.169
  569 (occ)     1         -19.760           6.948         -25.609         -17.189          -21.232
  570 (occ)     1         -19.722           6.935         -25.593         -17.195          -21.185
  571 (occ)     1         -19.709           6.950         -25.591         -17.198          -21.151
  572 (occ)     1         -19.697           6.980         -25.571         -17.221          -21.067
  573 (occ)     1         -19.649           6.940         -25.548         -17.246          -21.011
  574 (occ)     1         -19.588           6.937         -25.533         -17.229          -20.955
  575 (occ)     1         -19.525           6.899         -25.509         -17.266          -20.869
  576 (occ)     1         -19.479           6.894         -25.494         -17.238          -20.842
  577 (occ)     1         -19.395           6.854         -25.473         -17.284          -20.729
  578 (occ)     1         -19.369           6.850         -25.455         -17.245          -20.730
  579 (occ)     1         -19.262           6.807         -25.438         -17.303          -20.590
  580 (occ)     1         -19.262           6.805         -25.417         -17.250          -20.624
  581 (occ)     1         -19.159           6.759         -25.381         -17.251          -20.529
  582 (occ)     1         -19.129           6.760         -25.409         -17.323          -20.454
  583 (occ)     1         -19.109           6.808         -25.523         -17.286          -20.539
  584 (occ)     1         -19.073           6.784         -25.508         -17.292          -20.506
  585 (occ)     1         -19.067           6.711         -25.349         -17.244          -20.461
  586 (occ)     1         -19.031           6.640         -25.343         -17.123          -20.612
  587 (occ)     1         -19.028           6.750         -25.484         -17.300          -20.462
  588 (occ)     1         -19.026           6.636         -25.343         -17.124          -20.609
  589 (occ)     1         -19.020           6.631         -25.342         -17.126          -20.605
  590 (occ)     1         -19.012           6.625         -25.342         -17.129          -20.601
  591 (occ)     1         -19.003           6.618         -25.341         -17.132          -20.594
  592 (occ)     1         -18.996           6.646         -25.331         -17.207          -20.474
  593 (occ)     1         -18.992           6.629         -25.340         -17.154          -20.549
  594 (occ)     1         -18.989           6.718         -25.388         -17.343          -20.315
  595 (occ)     1         -18.981           6.604         -25.340         -17.141          -20.576
  596 (occ)     1         -18.969           6.602         -25.339         -17.148          -20.558
  597 (occ)     1         -18.963           6.721         -25.472         -17.306          -20.407
  598 (occ)     1         -18.957           6.590         -25.335         -17.159          -20.543
  599 (occ)     1         -18.952           6.636         -25.329         -17.198          -20.446
  600 (occ)     1         -18.945           6.595         -25.336         -17.162          -20.524
  601 (occ)     1         -18.937           6.601         -25.334         -17.172          -20.497
  602 (occ)     1         -18.937           6.612         -25.330         -17.186          -20.469
  603 (occ)     1         -18.891           6.690         -25.450         -17.318          -20.333
  604 (occ)     1         -18.858           6.668         -25.365         -17.365          -20.190
  605 (occ)     1         -18.809           6.658         -25.420         -17.338          -20.233
  606 (occ)     1         -18.744           6.625         -25.392         -17.354          -20.157
  607 (occ)     1         -18.703           6.623         -25.354         -17.393          -20.041
  608 (occ)     1         -18.702           6.359         -25.373         -17.259          -20.456
  609 (occ)     1         -18.701           6.358         -25.373         -17.259          -20.457
  610 (occ)     1         -18.652           6.591         -25.388         -17.359          -20.089
  611 (occ)     1         -18.623           6.542         -25.381         -17.304          -20.158
  612 (occ)     1         -18.620           6.545         -25.376         -17.309          -20.142
  613 (occ)     1         -18.597           6.531         -25.379         -17.317          -20.130
  614 (occ)     1         -18.586           6.510         -25.394         -17.321          -20.149
  615 (occ)     1         -18.573           6.580         -25.329         -17.437          -19.885
  616 (occ)     1         -18.561           6.558         -25.371         -17.375          -19.999
  617 (occ)     1         -18.554           6.536         -25.346         -17.341          -20.023
  618 (occ)     1         -18.552           6.484         -25.416         -17.337          -20.147
  619 (occ)     1         -18.517           6.473         -25.423         -17.356          -20.111
  620 (occ)     1         -18.494           6.475         -25.419         -17.372          -20.067
  621 (occ)     1         -18.468           6.525         -25.353         -17.393          -19.903
  622 (occ)     1         -18.465           6.507         -25.321         -17.374          -19.905
  623 (occ)     1         -18.456           6.446         -25.467         -17.398          -20.079
  624 (occ)     1         -18.441           6.537         -25.327         -17.475          -19.756
  625 (occ)     1         -18.421           6.436         -25.482         -17.422          -20.045
  626 (occ)     1         -18.394           6.438         -25.487         -17.441          -20.002
  627 (occ)     1         -18.373           6.493         -25.338         -17.417          -19.801
  628 (occ)     1         -18.363           6.482         -25.283         -17.404          -19.761
  629 (occ)     1         -18.361           6.420         -25.535         -17.473          -20.003
  630 (occ)     1         -18.331           6.415         -25.543         -17.494          -19.965
  631 (occ)     1         -18.315           6.494         -25.333         -17.501          -19.654
  632 (occ)     1         -18.309           6.414         -25.580         -17.520          -19.954
  633 (occ)     1         -18.286           6.410         -25.605         -17.543          -19.938
  634 (occ)     1         -18.273           6.465         -25.331         -17.461          -19.679
  635 (occ)     1         -18.271           6.419         -25.603         -17.553          -19.902
  636 (occ)     1         -18.258           6.414         -25.638         -17.574          -19.908
  637 (occ)     1         -18.255           6.436         -25.604         -17.565          -19.857
  638 (occ)     1         -18.245           6.433         -25.266         -17.438          -19.640
  639 (occ)     1         -18.202           6.445         -25.326         -17.492          -19.592
  640 (occ)     1         -18.167           6.448         -25.360         -17.549          -19.530
  641 (occ)     1         -18.127           6.410         -25.158         -17.431          -19.443
  642 (occ)     1         -18.101           6.402         -25.308         -17.489          -19.518
  643 (occ)     1         -18.061           6.434         -25.422         -17.642          -19.407
  644 (occ)     1         -18.005           6.368         -25.300         -17.508          -19.429
  645 (occ)     1         -18.003           6.369         -25.127         -17.454          -19.307
  646 (occ)     1         -17.970           6.422         -25.495         -17.720          -19.323
  647 (occ)     1         -17.917           6.397         -25.472         -17.700          -19.292
  648 (occ)     1         -17.904           6.358         -25.385         -17.614          -19.317
  649 (occ)     1         -17.876           6.326         -25.102         -17.480          -19.172
  650 (occ)     1         -17.818           6.289         -25.249         -17.514          -19.263
  651 (occ)     1         -17.750           6.283         -25.084         -17.509          -19.041
  652 (occ)     1         -17.731           6.256         -25.230         -17.525          -19.179
  653 (occ)     1         -17.647           6.224         -25.208         -17.533          -19.099
  654 (occ)     1         -17.624           6.242         -25.074         -17.544          -18.913
  655 (occ)     1         -17.567           6.191         -25.183         -17.535          -19.023
  656 (occ)     1         -17.503           6.204         -25.075         -17.583          -18.791
  657 (occ)     1         -17.492           6.159         -25.152         -17.531          -18.954
  658 (occ)     1         -17.424           6.128         -25.114         -17.520          -18.890
  659 (occ)     1         -17.388           6.170         -25.090         -17.630          -18.678
  660 (occ)     1         -17.363           6.098         -25.068         -17.500          -18.834
  661 (occ)     1         -17.311           6.070         -25.016         -17.473          -18.784
  662 (occ)     1         -17.285           6.145         -25.120         -17.682          -18.577
  663 (occ)     1         -17.266           6.044         -24.958         -17.439          -18.741
  664 (occ)     1         -17.230           6.021         -24.897         -17.402          -18.704
  665 (occ)     1         -17.202           6.002         -24.836         -17.364          -18.673
  666 (occ)     1         -17.201           6.132         -25.161         -17.738          -18.493
  667 (occ)     1         -17.182           5.987         -24.776         -17.326          -18.646
  668 (occ)     1         -17.171           5.978         -24.717         -17.289          -18.621
  669 (occ)     1         -17.168           5.973         -24.596         -17.217          -18.574
  670 (occ)     1         -17.167           5.973         -24.654         -17.251          -18.597
  671 (occ)     1         -17.147           6.132         -25.201         -17.784          -18.433
  672 (occ)     1         -16.805           5.542         -24.362         -17.090          -18.535
  673 (occ)     1         -16.804           5.540         -24.372         -17.093          -18.544
  674 (occ)     1         -16.735           5.866         -23.285         -16.771          -17.383
  675 (occ)     1         -16.679           5.832         -23.294         -16.789          -17.351
  676 (occ)     1         -16.595           5.793         -23.297         -16.816          -17.284
  677 (occ)     1         -16.516           5.657         -22.905         -16.364          -17.400
  678 (occ)     1         -16.498           5.647         -22.913         -16.375          -17.389
  679 (occ)     1         -16.488           5.753         -23.310         -16.855          -17.190
  680 (occ)     1         -16.471           5.635         -22.925         -16.392          -17.370
  681 (occ)     1         -16.436           5.620         -22.941         -16.414          -17.342
  682 (occ)     1         -16.391           5.604         -22.958         -16.441          -17.305
  683 (occ)     1         -16.361           5.712         -23.325         -16.901          -17.074
  684 (occ)     1         -16.340           5.586         -22.976         -16.471          -17.258
  685 (occ)     1         -16.281           5.568         -22.994         -16.504          -17.203
  686 (occ)     1         -16.251           5.770         -23.801         -17.204          -17.077
  687 (occ)     1         -16.222           5.669         -23.337         -16.946          -16.944
  688 (occ)     1         -16.216           5.551         -23.020         -16.546          -17.139
  689 (occ)     1         -16.191           5.734         -23.819         -17.226          -17.049
  690 (occ)     1         -16.145           5.530         -23.033         -16.579          -17.069
  691 (occ)     1         -16.115           5.523         -23.252         -16.683          -17.162
  692 (occ)     1         -16.115           5.524         -23.256         -16.685          -17.162
  693 (occ)     1         -16.105           5.694         -23.848         -17.265          -16.993
  694 (occ)     1         -16.103           5.516         -23.257         -16.690          -17.154
  695 (occ)     1         -16.103           5.520         -23.275         -16.704          -17.153
  696 (occ)     1         -16.086           5.505         -23.262         -16.700          -17.143
  697 (occ)     1         -16.085           5.517         -23.302         -16.734          -17.137
  698 (occ)     1         -16.080           5.618         -23.386         -16.993          -16.854
  699 (occ)     1         -16.069           5.508         -23.041         -16.610          -16.992
  700 (occ)     1         -16.064           5.497         -23.274         -16.721          -17.119
  701 (occ)     1         -16.062           5.516         -23.356         -16.782          -17.120
  702 (occ)     1         -16.039           5.491         -23.309         -16.759          -17.099
  703 (occ)     1         -16.034           5.508         -23.381         -16.813          -17.094
  704 (occ)     1         -16.007           5.511         -23.437         -16.881          -17.051
  705 (occ)     1         -16.004           5.458         -23.257         -16.735          -17.068
  706 (occ)     1         -16.001           5.653         -23.869         -17.306          -16.912
  707 (occ)     1         -15.988           5.486         -23.049         -16.643          -16.909
  708 (occ)     1         -15.974           5.442         -23.236         -16.731          -17.037
  709 (occ)     1         -15.952           5.461         -23.248         -16.756          -16.983
  710 (occ)     1         -15.929           5.527         -23.660         -17.078          -16.983
  711 (occ)     1         -15.919           5.488         -23.425         -16.901          -16.954
  712 (occ)     1         -15.903           5.463         -23.059         -16.679          -16.820
  713 (occ)     1         -15.901           5.504         -23.434         -16.964          -16.868
  714 (occ)     1         -15.888           5.610         -23.870         -17.337          -16.811
  715 (occ)     1         -15.879           5.455         -23.362         -16.863          -16.923
  716 (occ)     1         -15.879           5.569         -23.593         -17.159          -16.745
  717 (occ)     1         -15.858           5.511         -23.785         -17.185          -16.947
  718 (occ)     1         -15.840           5.469         -23.482         -16.971          -16.883
  719 (occ)     1         -15.824           5.491         -23.753         -17.175          -16.911
  720 (occ)     1         -15.815           5.441         -23.072         -16.720          -16.726
  721 (occ)     1         -15.810           5.572         -24.099         -17.432          -16.905
  722 (occ)     1         -15.794           5.608         -24.325         -17.602          -16.910
  723 (occ)     1         -15.793           5.388         -23.217         -16.797          -16.824
  724 (occ)     1         -15.768           5.562         -23.835         -17.345          -16.697
  725 (occ)     1         -15.756           5.355         -23.032         -16.683          -16.750
  726 (occ)     1         -15.730           5.516         -23.295         -17.057          -16.452
  727 (occ)     1         -15.724           5.423         -23.107         -16.779          -16.628
  728 (occ)     1         -15.719           5.361         -23.012         -16.707          -16.663
  729 (occ)     1         -15.686           5.341         -22.982         -16.690          -16.637
  730 (occ)     1         -15.655           5.338         -22.967         -16.700          -16.584
  731 (occ)     1         -15.651           5.486         -23.621         -17.215          -16.571
  732 (occ)     1         -15.630           5.340         -22.959         -16.710          -16.538
  733 (occ)     1         -15.626           5.434         -23.309         -16.971          -16.530
  734 (occ)     1         -15.611           5.345         -22.949         -16.717          -16.499
  735 (occ)     1         -15.603           5.358         -22.945         -16.722          -16.467
  736 (occ)     1         -15.561           5.479         -23.250         -17.102          -16.231
  737 (occ)     1         -15.547           5.394         -23.239         -16.952          -16.440
  738 (occ)     1         -15.515           5.463         -23.666         -17.290          -16.428
  739 (occ)     1         -15.452           5.359         -23.160         -16.926          -16.327
  740 (occ)     1         -15.400           5.440         -23.708         -17.365          -16.302
  741 (occ)     1         -15.388           5.428         -23.210         -17.131          -16.038
  742 (occ)     1         -15.360           5.341         -23.166         -16.968          -16.217
  743 (occ)     1         -15.294           5.410         -23.645         -17.362          -16.167
  744 (occ)     1         -15.277           5.339         -23.218         -17.046          -16.109
  745 (occ)     1         -15.215           5.390         -23.514         -17.305          -16.033
  746 (occ)     1         -15.211           5.361         -23.329         -17.168          -16.012
  747 (occ)     1         -15.211           5.374         -23.163         -17.158          -15.842
  748 (occ)     1         -15.031           5.320         -23.112         -17.182          -15.641
  749 (occ)     1         -14.968           5.058         -23.189         -17.034          -16.064
  750 (occ)     1         -14.966           5.061         -23.216         -17.056          -16.066
  751 (occ)     1         -14.849           5.265         -23.059         -17.206          -15.437
  752 (occ)     1         -14.764           5.157         -23.177         -17.064          -15.720
  753 (occ)     1         -14.751           5.163         -23.268         -17.136          -15.720
  754 (occ)     1         -14.702           5.118         -23.116         -17.051          -15.650
  755 (occ)     1         -14.668           5.132         -23.294         -17.187          -15.643
  756 (occ)     1         -14.665           5.209         -23.002         -17.228          -15.231
  757 (occ)     1         -14.623           5.084         -23.076         -17.055          -15.561
  758 (occ)     1         -14.573           5.095         -23.263         -17.196          -15.545
  759 (occ)     1         -14.538           5.054         -23.055         -17.072          -15.467
  760 (occ)     1         -14.518           4.928         -22.538         -16.461          -15.667
  761 (occ)     1         -14.496           4.921         -22.541         -16.485          -15.631
  762 (occ)     1         -14.481           5.147         -22.934         -17.230          -15.038
  763 (occ)     1         -14.476           5.056         -23.198         -17.180          -15.439
  764 (occ)     1         -14.462           4.901         -22.524         -16.483          -15.601
  765 (occ)     1         -14.450           5.026         -23.049         -17.095          -15.378
  766 (occ)     1         -14.417           4.886         -22.514         -16.502          -15.543
  767 (occ)     1         -14.381           5.019         -23.116         -17.152          -15.326
  768 (occ)     1         -14.365           4.867         -22.499         -16.519          -15.477
  769 (occ)     1         -14.364           4.998         -23.055         -17.120          -15.300
  770 (occ)     1         -14.304           4.848         -22.481         -16.537          -15.399
  771 (occ)     1         -14.296           5.093         -22.880         -17.261          -14.822
  772 (occ)     1         -14.292           4.989         -23.046         -17.143          -15.206
  773 (occ)     1         -14.279           4.967         -23.050         -17.123          -15.239
  774 (occ)     1         -14.237           4.832         -22.467         -16.565          -15.307
  775 (occ)     1         -14.213           4.969         -23.068         -17.188          -15.125
  776 (occ)     1         -14.192           4.930         -22.967         -17.076          -15.153
  777 (occ)     1         -14.165           4.811         -22.446         -16.583          -15.217
  778 (occ)     1         -14.147           4.956         -23.131         -17.245          -15.077
  779 (occ)     1         -14.114           5.039         -22.827         -17.289          -14.613
  780 (occ)     1         -14.107           4.894         -22.863         -17.026          -15.050
  781 (occ)     1         -14.095           4.952         -23.213         -17.309          -15.047
  782 (occ)     1         -14.088           4.791         -22.426         -16.605          -15.119
  783 (occ)     1         -14.063           4.959         -23.291         -17.366          -15.029
  784 (occ)     1         -14.024           4.859         -22.761         -16.978          -14.948
  785 (occ)     1         -14.009           4.773         -22.411         -16.635          -15.013
  786 (occ)     1         -13.945           4.827         -22.664         -16.934          -14.848
  787 (occ)     1         -13.942           4.977         -22.766         -17.283          -14.448
  788 (occ)     1         -13.929           4.763         -22.407         -16.690          -14.883
  789 (occ)     1         -13.869           4.797         -22.570         -16.894          -14.749
  790 (occ)     1         -13.857           4.796         -22.473         -16.826          -14.709
  791 (occ)     1         -13.797           4.769         -22.481         -16.858          -14.651
  792 (occ)     1         -13.790           4.784         -22.514         -17.014          -14.506
  793 (occ)     1         -13.779           4.713         -22.384         -16.785          -14.665
  794 (occ)     1         -13.728           4.742         -22.374         -16.809          -14.550
  795 (occ)     1         -13.721           4.660         -20.523         -15.565          -14.019
  796 (occ)     1         -13.698           4.640         -20.555         -15.584          -14.029
  797 (occ)     1         -13.686           4.792         -20.510         -15.793          -13.611
  798 (occ)     1         -13.666           4.617         -20.593         -15.608          -14.033
  799 (occ)     1         -13.663           4.721         -22.304         -16.788          -14.459
  800 (occ)     1         -13.656           4.773         -20.550         -15.829          -13.603
  801 (occ)     1         -13.629           4.596         -20.618         -15.628          -14.024
  802 (occ)     1         -13.611           4.745         -20.604         -15.875          -13.594
  803 (occ)     1         -13.604           4.695         -22.151         -16.707          -14.353
  804 (occ)     1         -13.588           4.579         -20.693         -15.688          -14.014
  805 (occ)     1         -13.560           4.732         -22.248         -16.780          -14.295
  806 (occ)     1         -13.552           4.650         -21.747         -16.442          -14.206
  807 (occ)     1         -13.550           4.716         -20.663         -15.932          -13.566
  808 (occ)     1         -13.542           4.585         -21.014         -15.932          -14.039
  809 (occ)     1         -13.529           4.708         -22.153         -16.728          -14.246
  810 (occ)     1         -13.504           4.644         -21.755         -16.473          -14.143
  811 (occ)     1         -13.494           4.562         -20.926         -15.887          -13.971
  812 (occ)     1         -13.476           4.675         -20.895         -16.077          -13.619
  813 (occ)     1         -13.464           4.670         -22.037         -16.706          -14.126
  814 (occ)     1         -13.456           4.758         -22.225         -16.940          -13.982
  815 (occ)     1         -13.443           4.518         -20.578         -15.650          -13.853
  816 (occ)     1         -13.436           4.676         -22.065         -16.749          -14.076
  817 (occ)     1         -13.430           4.635         -22.012         -16.632          -14.175
  818 (occ)     1         -13.420           4.683         -22.049         -16.751          -14.035
  819 (occ)     1         -13.389           4.646         -20.930         -16.129          -13.544
  820 (occ)     1         -13.387           4.494         -20.478         -15.600          -13.771
  821 (occ)     1         -13.332           4.597         -22.006         -16.651          -14.090
  822 (occ)     1         -13.324           4.476         -20.440         -15.599          -13.689
  823 (occ)     1         -13.301           4.748         -22.305         -17.105          -13.753
  824 (occ)     1         -13.293           4.619         -20.943         -16.177          -13.441
  825 (occ)     1         -13.256           4.460         -20.414         -15.613          -13.597
  826 (occ)     1         -13.230           4.576         -22.096         -16.751          -13.999
  827 (occ)     1         -13.189           4.595         -20.918         -16.212          -13.301
  828 (occ)     1         -13.181           4.444         -20.398         -15.638          -13.497
  829 (occ)     1         -13.153           4.592         -22.070         -16.825          -13.807
  830 (occ)     1         -13.106           4.629         -22.128         -16.985          -13.620
  831 (occ)     1         -13.099           4.428         -20.390         -15.673          -13.388
  832 (occ)     1         -13.075           4.591         -21.113         -16.399          -13.197
  833 (occ)     1         -13.046           4.505         -22.041         -16.748          -13.834
  834 (occ)     1         -13.010           4.413         -20.392         -15.719          -13.270
  835 (occ)     1         -12.975           4.530         -21.105         -16.394          -13.155
  836 (occ)     1         -12.952           4.466         -22.002         -16.738          -13.750
  837 (occ)     1         -12.926           4.629         -22.114         -17.099          -13.312
  838 (occ)     1         -12.913           4.398         -20.404         -15.775          -13.144
  839 (occ)     1         -12.869           4.455         -21.235         -16.437          -13.213
  840 (occ)     1         -12.858           4.448         -21.923         -16.772          -13.561
  841 (occ)     1         -12.809           4.382         -20.424         -15.841          -13.011
  842 (occ)     1         -12.735           4.601         -21.988         -17.127          -12.994
  843 (occ)     1         -12.720           4.504         -21.898         -16.918          -13.197
  844 (occ)     1         -12.699           4.365         -20.452         -15.915          -12.872
  845 (occ)     1         -12.698           4.503         -21.264         -16.595          -12.864
  846 (occ)     1         -12.635           4.445         -21.659         -16.763          -13.087
  847 (occ)     1         -12.583           4.346         -20.488         -15.996          -12.729
  848 (occ)     1         -12.582           4.434         -21.456         -16.679          -12.925
  849 (occ)     1         -12.550           4.563         -22.145         -17.303          -12.829
  850 (occ)     1         -12.536           4.427         -21.390         -16.687          -12.813
  851 (occ)     1         -12.479           4.374         -21.768         -16.816          -13.057
  852 (occ)     1         -12.462           4.327         -20.533         -16.084          -12.583
  853 (occ)     1         -12.419           4.424         -21.062         -16.605          -12.452
  854 (occ)     1         -12.398           4.361         -21.790         -16.868          -12.959
  855 (occ)     1         -12.363           4.487         -22.063         -17.275          -12.665
  856 (occ)     1         -12.338           4.307         -20.589         -16.180          -12.441
  857 (occ)     1         -12.315           4.310         -21.747         -16.822          -12.930
  858 (occ)     1         -12.289           4.392         -21.070         -16.650          -12.318
  859 (occ)     1         -12.255           4.230         -21.601         -16.372          -13.254
  860 (occ)     1         -12.239           4.289         -21.658         -16.802          -12.807
  861 (occ)     1         -12.232           4.218         -21.589         -16.381          -13.223
  862 (occ)     1         -12.215           4.286         -20.671         -16.287          -12.313
  863 (occ)     1         -12.199           4.204         -21.569         -16.393          -13.171
  864 (occ)     1         -12.196           4.387         -21.734         -17.044          -12.500
  865 (occ)     1         -12.175           4.336         -21.870         -17.041          -12.668
  866 (occ)     1         -12.157           4.190         -21.549         -16.414          -13.102
  867 (occ)     1         -12.142           4.359         -21.094         -16.726          -12.151
  868 (occ)     1         -12.123           4.243         -21.761         -16.840          -12.801
  869 (occ)     1         -12.121           4.311         -20.399         -16.105          -12.104
  870 (occ)     1         -12.108           4.178         -21.521         -16.438          -13.013
  871 (occ)     1         -12.100           4.267         -20.801         -16.402          -12.232
  872 (occ)     1         -12.094           4.295         -20.426         -16.137          -12.088
  873 (occ)     1         -12.077           4.237         -21.957         -16.962          -12.835
  874 (occ)     1         -12.055           4.175         -21.478         -16.467          -12.891
  875 (occ)     1         -12.053           4.278         -20.443         -16.167          -12.051
  876 (occ)     1         -12.026           4.355         -21.254         -16.890          -12.035
  877 (occ)     1         -12.015           4.213         -21.238         -16.535          -12.505
  878 (occ)     1         -12.000           4.259         -20.475         -16.215          -12.001
  879 (occ)     1         -11.995           4.353         -21.499         -17.006          -12.135
  880 (occ)     1         -11.994           4.222         -21.244         -16.527          -12.489
  881 (occ)     1         -11.985           4.188         -20.604         -16.147          -12.254
  882 (occ)     1         -11.973           4.221         -21.335         -16.588          -12.499
  883 (occ)     1         -11.954           4.136         -20.623         -16.089          -12.351
  884 (occ)     1         -11.935           4.239         -20.504         -16.266          -11.933
  885 (occ)     1         -11.916           4.113         -20.656         -16.094          -12.365
  886 (occ)     1         -11.890           4.182         -20.779         -16.359          -12.128
  887 (occ)     1         -11.872           4.211         -20.833         -16.475          -12.019
  888 (occ)     1         -11.861           4.209         -20.550         -16.319          -11.883
  889 (occ)     1         -11.850           4.071         -20.577         -16.017          -12.339
  890 (occ)     1         -11.847           3.956         -21.105         -16.292          -12.704
  891 (occ)     1         -11.847           3.965         -21.061         -16.293          -12.650
  892 (occ)     1         -11.831           4.346         -21.772         -17.262          -11.996
  893 (occ)     1         -11.816           4.062         -20.538         -16.003          -12.289
  894 (occ)     1         -11.787           4.040         -20.473         -15.948          -12.271
  895 (occ)     1         -11.778           4.201         -20.563         -16.381          -11.760
  896 (occ)     1         -11.753           4.017         -20.403         -15.886          -12.253
  897 (occ)     1         -11.741           4.231         -20.804         -16.623          -11.691
  898 (occ)     1         -11.717           4.036         -20.430         -15.981          -12.130
  899 (occ)     1         -11.689           4.181         -20.587         -16.438          -11.657
  900 (occ)     1         -11.686           3.988         -20.312         -15.830          -12.180
  901 (occ)     1         -11.674           4.310         -21.744         -17.288          -11.820
  902 (occ)     1         -11.649           3.981         -20.292         -15.834          -12.126
  903 (occ)     1         -11.618           4.029         -20.375         -16.022          -11.942
  904 (occ)     1         -11.596           4.170         -20.688         -16.544          -11.570
  905 (occ)     1         -11.596           4.161         -20.606         -16.493          -11.548
  906 (occ)     1         -11.574           3.948         -20.200         -15.779          -12.047
  907 (occ)     1         -11.542           4.256         -21.579         -17.175          -11.690
  908 (occ)     1         -11.530           3.973         -20.317         -15.933          -11.941
  909 (occ)     1         -11.510           4.063         -20.693         -16.239          -11.901
  910 (occ)     1         -11.506           4.043         -20.797         -16.252          -12.009
  911 (occ)     1         -11.498           4.138         -20.624         -16.540          -11.444
  912 (occ)     1         -11.493           3.967         -20.230         -15.906          -11.851
  913 (occ)     1         -11.462           4.166         -20.681         -16.646          -11.330
  914 (occ)     1         -11.444           3.911         -20.119         -15.769          -11.883
  915 (occ)     1         -11.442           4.005         -20.875         -16.307          -12.004
  916 (occ)     1         -11.437           4.058         -20.616         -16.292          -11.703
  917 (occ)     1         -11.399           4.118         -20.635         -16.591          -11.324
  918 (occ)     1         -11.394           3.900         -20.110         -15.793          -11.811
  919 (occ)     1         -11.364           3.974         -20.885         -16.351          -11.924
  920 (occ)     1         -11.355           3.990         -20.276         -16.091          -11.550
  921 (occ)     1         -11.333           4.038         -20.631         -16.368          -11.557
  922 (occ)     1         -11.327           4.083         -20.545         -16.514          -11.274
  923 (occ)     1         -11.298           4.094         -20.644         -16.634          -11.213
  924 (occ)     1         -11.297           3.877         -20.065         -15.798          -11.687
  925 (occ)     1         -11.277           3.962         -20.802         -16.389          -11.728
  926 (occ)     1         -11.241           3.858         -20.062         -15.822          -11.622
  927 (occ)     1         -11.225           3.964         -20.832         -16.420          -11.673
  928 (occ)     1         -11.222           4.124         -20.612         -16.677          -11.033
  929 (occ)     1         -11.197           4.068         -20.645         -16.669          -11.105
  930 (occ)     1         -11.183           3.874         -20.248         -16.051          -11.506
  931 (occ)     1         -11.173           3.998         -20.568         -16.445          -11.298
  932 (occ)     1         -11.140           3.967         -20.272         -16.195          -11.250
  933 (occ)     1         -11.134           4.128         -21.283         -17.119          -11.169
  934 (occ)     1         -11.133           3.907         -20.912         -16.443          -11.695
  935 (occ)     1         -11.124           3.404         -17.163         -13.511          -11.371
  936 (occ)     1         -11.124           3.406         -17.163         -13.511          -11.369
  937 (occ)     1         -11.124           3.946         -20.735         -16.568          -11.344
  938 (occ)     1         -11.100           4.027         -20.660         -16.675          -11.059
  939 (occ)     1         -11.071           3.858         -20.086         -15.949          -11.351
  940 (occ)     1         -11.069           4.075         -20.809         -16.827          -10.975
  941 (occ)     1         -11.058           3.892         -20.854         -16.477          -11.543
  942 (occ)     1         -11.046           4.014         -20.462         -16.514          -10.981
  943 (occ)     1         -11.032           4.008         -20.780         -16.733          -11.070
  944 (occ)     1         -10.997           4.028         -20.689         -16.690          -10.967
  945 (occ)     1         -10.994           3.889         -20.257         -16.202          -11.160
  946 (occ)     1         -10.988           3.951         -20.695         -16.680          -11.052
  947 (occ)     1         -10.976           4.067         -16.552         -13.227          -10.234
  948 (occ)     1         -10.968           4.060         -16.550         -13.228          -10.231
  949 (occ)     1         -10.964           3.862         -20.799         -16.557          -11.344
  950 (occ)     1         -10.961           3.936         -20.390         -16.421          -10.995
  951 (occ)     1         -10.957           4.051         -16.547         -13.230          -10.224
  952 (occ)     1         -10.943           4.036         -16.543         -13.232          -10.217
  953 (occ)     1         -10.938           4.025         -20.792         -16.771          -10.934
  954 (occ)     1         -10.924           4.023         -16.538         -13.236          -10.203
  955 (occ)     1         -10.921           3.969         -20.424         -16.500          -10.875
  956 (occ)     1         -10.905           4.017         -20.626         -16.656          -10.858
  957 (occ)     1         -10.903           4.009         -16.531         -13.239          -10.185
  958 (occ)     1         -10.902           4.026         -20.455         -16.628          -10.702
  959 (occ)     1         -10.899           3.982         -20.490         -16.548          -10.858
  960 (occ)     1         -10.887           3.900         -20.410         -16.469          -10.927
  961 (occ)     1         -10.877           3.995         -16.522         -13.244          -10.161
  962 (occ)     1         -10.858           4.077         -20.731         -16.873          -10.639
  963 (occ)     1         -10.848           3.977         -16.512         -13.248          -10.135
  964 (occ)     1         -10.847           3.957         -20.843         -16.693          -11.040
  965 (occ)     1         -10.815           3.960         -16.500         -13.253          -10.103
  966 (occ)     1         -10.783           3.938         -20.764         -16.677          -10.932
  967 (occ)     1         -10.779           3.942         -16.487         -13.258          -10.066
  968 (occ)     1         -10.779           3.952         -20.496         -16.696          -10.627
  969 (occ)     1         -10.771           4.046         -20.668         -16.903          -10.491
  970 (occ)     1         -10.750           3.973         -20.502         -16.682          -10.597
  971 (occ)     1         -10.739           3.925         -16.473         -13.263          -10.024
  972 (occ)     1         -10.704           3.903         -20.817         -16.703          -10.915
  973 (occ)     1         -10.696           3.905         -16.456         -13.269           -9.979
  974 (occ)     1         -10.680           4.020         -20.645         -16.928          -10.378
  975 (occ)     1         -10.668           3.969         -20.537         -16.834          -10.402
  976 (occ)     1         -10.649           3.885         -16.439         -13.274           -9.929
  977 (occ)     1         -10.636           3.903         -20.764         -16.736          -10.762
  978 (occ)     1         -10.616           3.973         -20.433         -16.734          -10.342
  979 (occ)     1         -10.599           3.865         -16.420         -13.281           -9.874
  980 (occ)     1         -10.592           3.983         -20.639         -16.913          -10.335
  981 (occ)     1         -10.575           3.938         -20.651         -16.808          -10.481
  982 (occ)     1         -10.562           3.977         -20.559         -16.938          -10.205
  983 (occ)     1         -10.546           3.844         -16.400         -13.287           -9.815
  984 (occ)     1         -10.541           3.928         -20.613         -16.750          -10.476
  985 (occ)     1         -10.512           3.950         -20.506         -16.734          -10.334
  986 (occ)     1         -10.501           3.981         -20.548         -16.902          -10.166
  987 (occ)     1         -10.496           3.990         -20.258         -16.609          -10.155
  988 (occ)     1         -10.496           3.978         -20.461         -16.794          -10.185
  989 (occ)     1         -10.494           3.988         -20.273         -16.622          -10.156
  990 (occ)     1         -10.492           3.987         -20.317         -16.653          -10.170
  991 (occ)     1         -10.489           3.822         -16.379         -13.294           -9.752
  992 (occ)     1         -10.488           3.962         -20.315         -16.656          -10.185
  993 (occ)     1         -10.488           3.953         -20.315         -16.647          -10.202
  994 (occ)     1         -10.474           3.957         -20.383         -16.803          -10.096
  995 (occ)     1         -10.465           3.990         -20.585         -17.038          -10.022
  996 (occ)     1         -10.428           3.800         -16.357         -13.301           -9.684
  997 (occ)     1         -10.418           3.966         -20.580         -17.015          -10.016
  998 (occ)     1         -10.400           4.003         -20.456         -16.909           -9.944
  999 (occ)     1         -10.385           3.954         -20.319         -16.719          -10.031
 1000 (occ)     1         -10.385           3.953         -20.298         -16.742           -9.987
 1001 (occ)     1         -10.364           3.778         -16.333         -13.309           -9.611
 1002 (occ)     1         -10.344           3.912         -20.541         -16.979           -9.994
 1003 (occ)     1         -10.339           3.908         -20.295         -16.740           -9.987
 1004 (occ)     1         -10.305           3.811         -20.246         -16.536          -10.203
 1005 (occ)     1         -10.297           3.755         -16.308         -13.317           -9.534
 1006 (occ)     1         -10.294           3.771         -20.390         -16.735          -10.177
 1007 (occ)     1         -10.292           3.712         -20.396         -16.671          -10.306
 1008 (occ)     1         -10.276           3.783         -20.359         -16.570          -10.282
 1009 (occ)     1         -10.262           3.898         -20.403         -16.860           -9.907
 1010 (occ)     1         -10.251           3.874         -20.507         -16.959           -9.926
 1011 (occ)     1         -10.227           3.731         -16.282         -13.325           -9.453
 1012 (occ)     1         -10.220           3.866         -20.437         -16.922           -9.870
 1013 (occ)     1         -10.214           3.920         -20.374         -16.944           -9.725
 1014 (occ)     1         -10.198           3.867         -19.950         -16.335           -9.946
 1015 (occ)     1         -10.194           3.965         -20.465         -17.104           -9.590
 1016 (occ)     1         -10.193           3.831         -20.509         -16.741          -10.131
 1017 (occ)     1         -10.190           3.910         -20.525         -17.056           -9.749
 1018 (occ)     1         -10.180           3.848         -19.938         -16.316           -9.955
 1019 (occ)     1         -10.162           3.754         -20.205         -16.311          -10.302
 1020 (occ)     1         -10.161           3.746         -20.234         -16.313          -10.337
 1021 (occ)     1         -10.155           3.831         -19.954         -16.345           -9.933
 1022 (occ)     1         -10.153           3.707         -16.255         -13.334           -9.367
 1023 (occ)     1         -10.143           3.750         -20.184         -16.330          -10.247
 1024 (occ)     1         -10.142           3.737         -20.291         -16.378          -10.318
 1025 (occ)     1         -10.133           3.915         -20.539         -17.088           -9.669
 1026 (occ)     1         -10.122           3.811         -19.971         -16.373           -9.908
 1027 (occ)     1         -10.117           3.745         -20.166         -16.359          -10.179
 1028 (occ)     1         -10.115           3.910         -20.398         -17.018           -9.585
 1029 (occ)     1         -10.111           3.703         -20.362         -16.392          -10.377
 1030 (occ)     1         -10.106           3.763         -20.522         -16.647          -10.217
 1031 (occ)     1         -10.087           3.741         -20.218         -16.440          -10.124
 1032 (occ)     1         -10.082           3.903         -20.481         -17.071           -9.588
 1033 (occ)     1         -10.081           3.793         -20.015         -16.420           -9.884
 1034 (occ)     1         -10.076           3.682         -16.226         -13.343           -9.278
 1035 (occ)     1         -10.074           3.689         -20.423         -16.452          -10.356
 1036 (occ)     1         -10.052           3.718         -20.187         -16.407          -10.115
 1037 (occ)     1         -10.048           3.907         -20.457         -17.067           -9.531
 1038 (occ)     1         -10.043           3.918         -20.510         -17.155           -9.480
 1039 (occ)     1         -10.039           3.776         -20.026         -16.453           -9.836
 1040 (occ)     1         -10.035           3.720         -20.487         -16.608          -10.195
 1041 (occ)     1         -10.016           3.733         -20.296         -16.582           -9.996
 1042 (occ)     1         -10.014           3.871         -20.469         -17.087           -9.525
 1043 (occ)     1         -10.014           3.830         -20.335         -16.924           -9.594
 1044 (occ)     1         -10.004           3.725         -20.494         -16.621          -10.152
 1045 (occ)     1          -9.997           3.640         -20.592         -16.576          -10.373
 1046 (occ)     1          -9.996           3.656         -16.197         -13.353           -9.185
 1047 (occ)     1          -9.989           3.761         -20.035         -16.490           -9.773
 1048 (occ)     1          -9.976           3.748         -16.111         -13.270           -9.070
 1049 (occ)     1          -9.976           3.723         -20.072         -16.425           -9.901
 1050 (occ)     1          -9.969           3.737         -16.109         -13.270           -9.071
 1051 (occ)     1          -9.968           3.607         -20.668         -16.556          -10.473
 1052 (occ)     1          -9.960           3.726         -16.105         -13.271           -9.067
 1053 (occ)     1          -9.947           3.712         -16.100         -13.273           -9.062
 1054 (occ)     1          -9.946           3.604         -20.696         -16.574          -10.463
 1055 (occ)     1          -9.937           3.746         -20.059         -16.533           -9.716
 1056 (occ)     1          -9.936           3.651         -20.529         -16.549          -10.265
 1057 (occ)     1          -9.931           3.694         -20.198         -16.472           -9.963
 1058 (occ)     1          -9.931           3.699         -16.094         -13.274           -9.052
 1059 (occ)     1          -9.913           3.630         -16.166         -13.363           -9.086
 1060 (occ)     1          -9.912           3.684         -16.087         -13.276           -9.039
 1061 (occ)     1          -9.906           3.689         -20.393         -16.570          -10.039
 1062 (occ)     1          -9.890           3.671         -16.078         -13.279           -9.019
 1063 (occ)     1          -9.886           3.715         -19.982         -16.448           -9.706
 1064 (occ)     1          -9.882           3.730         -20.116         -16.578           -9.691
 1065 (occ)     1          -9.865           3.655         -16.068         -13.282           -8.997
 1066 (occ)     1          -9.837           3.704         -19.967         -16.466           -9.634
 1067 (occ)     1          -9.837           3.639         -16.057         -13.285           -8.969
 1068 (occ)     1          -9.833           3.712         -20.105         -16.602           -9.624
 1069 (occ)     1          -9.826           3.603         -16.133         -13.373           -8.984
 1070 (occ)     1          -9.805           3.622         -16.044         -13.289           -8.938
 1071 (occ)     1          -9.804           3.649         -20.323         -16.520           -9.958
 1072 (occ)     1          -9.785           3.693         -19.956         -16.485           -9.563
 1073 (occ)     1          -9.778           3.701         -20.108         -16.649           -9.536
 1074 (occ)     1          -9.770           3.607         -16.030         -13.293           -8.900
 1075 (occ)     1          -9.737           3.574         -16.100         -13.384           -8.879
 1076 (occ)     1          -9.734           3.652         -20.258         -16.682           -9.658
 1077 (occ)     1          -9.732           3.591         -16.014         -13.297           -8.858
 1078 (occ)     1          -9.731           3.680         -19.947         -16.507           -9.491
 1079 (occ)     1          -9.726           3.689         -20.123         -16.689           -9.471
 1080 (occ)     1          -9.721           3.684         -20.304         -16.779           -9.562
 1081 (occ)     1          -9.719           3.599         -20.191         -16.416           -9.895
 1082 (occ)     1          -9.700           3.654         -20.268         -16.733           -9.581
 1083 (occ)     1          -9.700           3.644         -20.047         -16.468           -9.634
 1084 (occ)     1          -9.690           3.576         -15.998         -13.302           -8.810
 1085 (occ)     1          -9.678           3.639         -19.961         -16.455           -9.546
 1086 (occ)     1          -9.675           3.666         -19.938         -16.530           -9.417
 1087 (occ)     1          -9.675           3.582         -19.771         -16.109           -9.754
 1088 (occ)     1          -9.659           3.610         -19.854         -16.254           -9.649
 1089 (occ)     1          -9.657           3.618         -20.211         -16.683           -9.567
 1090 (occ)     1          -9.650           3.581         -20.100         -16.446           -9.723
 1091 (occ)     1          -9.645           3.558         -15.980         -13.307           -8.760
 1092 (occ)     1          -9.644           3.543         -16.065         -13.395           -8.771
 1093 (occ)     1          -9.633           3.664         -20.126         -16.721           -9.374
 1094 (occ)     1          -9.617           3.652         -19.931         -16.554           -9.342
 1095 (occ)     1          -9.611           3.574         -19.929         -16.278           -9.689
 1096 (occ)     1          -9.608           3.640         -20.040         -16.571           -9.437
 1097 (occ)     1          -9.597           3.542         -15.961         -13.313           -8.703
 1098 (occ)     1          -9.595           3.626         -20.130         -16.706           -9.392
 1099 (occ)     1          -9.586           3.590         -20.153         -16.665           -9.484
 1100 (occ)     1          -9.585           3.577         -19.998         -16.396           -9.610
 1101 (occ)     1          -9.560           3.636         -20.165         -16.790           -9.300
 1102 (occ)     1          -9.557           3.636         -19.924         -16.579           -9.267
 1103 (occ)     1          -9.555           3.658         -20.158         -16.770           -9.285
 1104 (occ)     1          -9.549           3.512         -16.028         -13.407           -8.658
 1105 (occ)     1          -9.546           3.523         -15.941         -13.319           -8.644
 1106 (occ)     1          -9.546           3.578         -19.987         -16.447           -9.508
 1107 (occ)     1          -9.533           3.573         -20.078         -16.538           -9.501
 1108 (occ)     1          -9.533           3.638         -20.184         -16.820           -9.260
 1109 (occ)     1          -9.518           3.635         -20.192         -16.808           -9.266
 1110 (occ)     1          -9.513           3.609         -20.193         -16.787           -9.310
 1111 (occ)     1          -9.504           3.635         -20.128         -16.746           -9.251
 1112 (occ)     1          -9.500           3.594         -19.971         -16.580           -9.298
 1113 (occ)     1          -9.492           3.589         -20.046         -16.682           -9.266
 1114 (occ)     1          -9.492           3.505         -15.919         -13.325           -8.581
 1115 (occ)     1          -9.489           3.547         -19.925         -16.497           -9.371
 1116 (occ)     1          -9.457           3.624         -20.094         -16.728           -9.199
 1117 (occ)     1          -9.450           3.482         -15.990         -13.419           -8.540
 1118 (occ)     1          -9.441           3.563         -19.901         -16.557           -9.221
 1119 (occ)     1          -9.441           3.592         -20.041         -16.680           -9.210
 1120 (occ)     1          -9.434           3.486         -15.897         -13.332           -8.512
 1121 (occ)     1          -9.408           3.557         -19.918         -16.519           -9.250
 1122 (occ)     1          -9.400           3.640         -20.158         -16.833           -9.085
 1123 (occ)     1          -9.382           3.622         -20.128         -16.877           -9.011
 1124 (occ)     1          -9.373           3.466         -15.874         -13.340           -8.440
 1125 (occ)     1          -9.371           3.630         -19.965         -16.780           -8.925
 1126 (occ)     1          -9.361           3.631         -20.129         -16.765           -9.094
 1127 (occ)     1          -9.354           3.529         -19.871         -16.454           -9.242
 1128 (occ)     1          -9.349           3.450         -15.949         -13.431           -8.417
 1129 (occ)     1          -9.313           3.612         -19.966         -16.814           -8.853
 1130 (occ)     1          -9.309           3.444         -15.849         -13.348           -8.367
 1131 (occ)     1          -9.305           3.554         -19.953         -16.493           -9.210
 1132 (occ)     1          -9.288           3.527         -19.915         -16.459           -9.216
 1133 (occ)     1          -9.280           3.557         -20.081         -16.830           -8.973
 1134 (occ)     1          -9.259           3.605         -19.986         -16.873           -8.767
 1135 (occ)     1          -9.242           3.420         -15.824         -13.356           -8.290
 1136 (occ)     1          -9.223           3.476         -19.792         -16.305           -9.234
 1137 (occ)     1          -9.218           3.612         -19.995         -16.914           -8.687
 1138 (occ)     1          -9.210           3.372         -15.922         -13.456           -8.304
 1139 (occ)     1          -9.203           3.502         -19.930         -16.444           -9.187
 1140 (occ)     1          -9.192           3.635         -20.013         -16.960           -8.610
 1141 (occ)     1          -9.175           3.524         -20.063         -16.864           -8.850
 1142 (occ)     1          -9.172           3.396         -15.798         -13.365           -8.209
 1143 (occ)     1          -9.156           3.333         -15.923         -13.470           -8.276
 1144 (occ)     1          -9.125           3.431         -19.721         -16.281           -9.134
 1145 (occ)     1          -9.108           3.466         -19.925         -16.432           -9.134
 1146 (occ)     1          -9.099           3.369         -15.771         -13.374           -8.127
 1147 (occ)     1          -9.073           3.493         -20.037         -16.882           -8.735
 1148 (occ)     1          -9.033           3.324         -15.833         -13.473           -8.068
 1149 (occ)     1          -9.023           3.340         -15.743         -13.383           -8.043
 1150 (occ)     1          -9.017           3.403         -19.702         -16.340           -8.976
 1151 (occ)     1          -9.009           3.425         -19.898         -16.414           -9.068
 1152 (occ)     1          -8.977           3.465         -20.013         -16.902           -8.623
 1153 (occ)     1          -8.945           3.309         -15.715         -13.394           -7.956
 1154 (occ)     1          -8.919           3.279         -15.788         -13.487           -7.940
 1155 (occ)     1          -8.912           3.383         -19.857         -16.396           -8.989
 1156 (occ)     1          -8.903           3.384         -19.720         -16.434           -8.806
 1157 (occ)     1          -8.886           3.438         -19.990         -16.921           -8.516
 1158 (occ)     1          -8.864           3.278         -15.686         -13.404           -7.868
 1159 (occ)     1          -8.815           3.344         -19.808         -16.391           -8.889
 1160 (occ)     1          -8.805           3.232         -15.742         -13.502           -7.813
 1161 (occ)     1          -8.801           3.414         -19.969         -16.938           -8.418
 1162 (occ)     1          -8.787           3.364         -19.760         -16.512           -8.671
 1163 (occ)     1          -8.781           3.244         -15.657         -13.415           -7.780
 1164 (occ)     1          -8.751           3.387         -19.501         -16.340           -8.525
 1165 (occ)     1          -8.723           3.391         -19.943         -16.945           -8.330
 1166 (occ)     1          -8.718           3.310         -19.757         -16.420           -8.745
 1167 (occ)     1          -8.709           3.371         -19.525         -16.403           -8.460
 1168 (occ)     1          -8.696           3.210         -15.629         -13.426           -7.689
 1169 (occ)     1          -8.688           3.182         -15.696         -13.517           -7.685
 1170 (occ)     1          -8.676           3.328         -19.795         -16.509           -8.634
 1171 (occ)     1          -8.654           3.360         -19.731         -16.702           -8.323
 1172 (occ)     1          -8.650           3.364         -19.735         -16.720           -8.301
 1173 (occ)     1          -8.616           3.292         -19.718         -16.531           -8.511
 1174 (occ)     1          -8.611           3.174         -15.602         -13.437           -7.602
 1175 (occ)     1          -8.589           3.351         -19.865         -16.914           -8.189
 1176 (occ)     1          -8.584           3.338         -19.593         -16.575           -8.265
 1177 (occ)     1          -8.579           3.278         -19.785         -16.446           -8.641
 1178 (occ)     1          -8.570           3.129         -15.648         -13.531           -7.559
 1179 (occ)     1          -8.533           3.339         -19.889         -16.981           -8.103
 1180 (occ)     1          -8.528           3.142         -15.579         -13.449           -7.516
 1181 (occ)     1          -8.511           3.317         -19.556         -16.566           -8.183
 1182 (occ)     1          -8.504           3.288         -19.724         -16.687           -8.253
 1183 (occ)     1          -8.493           3.235         -19.756         -16.413           -8.600
 1184 (occ)     1          -8.485           3.326         -19.873         -16.990           -8.043
 1185 (occ)     1          -8.455           3.120         -15.564         -13.461           -7.437
 1186 (occ)     1          -8.452           3.072         -15.599         -13.543           -7.436
 1187 (occ)     1          -8.444           3.315         -19.855         -16.993           -7.992
 1188 (occ)     1          -8.433           3.298         -19.555         -16.607           -8.082
 1189 (occ)     1          -8.414           3.203         -19.729         -16.415           -8.525
 1190 (occ)     1          -8.411           3.305         -19.837         -16.993           -7.950
 1191 (occ)     1          -8.406           3.127         -15.555         -13.474           -7.361
 1192 (occ)     1          -8.401           3.373         -19.657         -16.888           -7.797
 1193 (occ)     1          -8.394           3.365         -19.664         -16.895           -7.798
 1194 (occ)     1          -8.388           3.268         -19.747         -16.747           -8.120
 1195 (occ)     1          -8.386           3.318         -19.727         -16.930           -7.866
 1196 (occ)     1          -8.384           3.334         -19.765         -16.966           -7.849
 1197 (occ)     1          -8.380           3.048         -15.414         -13.365           -7.381
 1198 (occ)     1          -8.376           3.337         -19.686         -16.915           -7.810
 1199 (occ)     1          -8.374           3.041         -15.412         -13.366           -7.378
 1200 (occ)     1          -8.366           3.330         -19.701         -16.930           -7.808
 1201 (occ)     1          -8.366           3.301         -19.802         -16.991           -7.875
 1202 (occ)     1          -8.365           3.027         -15.411         -13.369           -7.380
 1203 (occ)     1          -8.356           3.330         -19.726         -16.955           -7.797
 1204 (occ)     1          -8.354           3.016         -15.405         -13.370           -7.372
 1205 (occ)     1          -8.353           3.292         -19.693         -16.862           -7.893
 1206 (occ)     1          -8.352           3.304         -19.674         -16.818           -7.904
 1207 (occ)     1          -8.348           3.331         -19.736         -16.952           -7.802
 1208 (occ)     1          -8.346           3.345         -19.787         -17.007           -7.781
 1209 (occ)     1          -8.344           2.998         -15.449         -13.425           -7.370
 1210 (occ)     1          -8.342           3.235         -19.724         -16.930           -7.901
 1211 (occ)     1          -8.341           3.250         -19.729         -16.932           -7.888
 1212 (occ)     1          -8.337           3.185         -19.710         -16.487           -8.375
 1213 (occ)     1          -8.332           3.013         -15.485         -13.481           -7.323
 1214 (occ)     1          -8.323           2.989         -15.394         -13.376           -7.352
 1215 (occ)     1          -8.301           2.982         -15.395         -13.394           -7.320
 1216 (occ)     1          -8.293           3.189         -19.728         -16.517           -8.314
 1217 (occ)     1          -8.283           2.961         -15.382         -13.387           -7.317
 1218 (occ)     1          -8.269           3.259         -19.548         -16.680           -7.878
 1219 (occ)     1          -8.255           2.948         -15.371         -13.394           -7.283
 1220 (occ)     1          -8.246           3.222         -19.731         -16.811           -7.944
 1221 (occ)     1          -8.236           2.935         -15.395         -13.430           -7.267
 1222 (occ)     1          -8.226           3.142         -19.700         -16.428           -8.357
 1223 (occ)     1          -8.206           2.950         -15.436         -13.504           -7.189
 1224 (occ)     1          -8.199           2.913         -15.349         -13.405           -7.230
 1225 (occ)     1          -8.185           3.239         -19.542         -16.713           -7.775
 1226 (occ)     1          -8.171           3.120         -19.688         -16.432           -8.307
 1227 (occ)     1          -8.159           2.903         -15.346         -13.429           -7.173
 1228 (occ)     1          -8.142           3.188         -19.731         -16.743           -7.942
 1229 (occ)     1          -8.135           2.881         -15.340         -13.432           -7.163
 1230 (occ)     1          -8.117           3.146         -19.707         -16.678           -7.999
 1231 (occ)     1          -8.100           3.218         -19.536         -16.744           -7.674
 1232 (occ)     1          -8.092           3.102         -19.681         -16.437           -8.235
 1233 (occ)     1          -8.091           2.929         -15.296         -13.518           -6.941
 1234 (occ)     1          -8.090           2.860         -15.310         -13.429           -7.111
 1235 (occ)     1          -8.088           2.891         -15.393         -13.523           -7.067
 1236 (occ)     1          -8.061           3.093         -19.676         -16.438           -8.207
 1237 (occ)     1          -8.043           3.105         -19.680         -16.459           -8.159
 1238 (occ)     1          -8.040           2.849         -15.312         -13.466           -7.037
 1239 (occ)     1          -8.032           3.104         -19.674         -16.434           -8.168
 1240 (occ)     1          -8.016           2.887         -15.281         -13.526           -6.884
 1241 (occ)     1          -8.015           2.824         -15.300         -13.459           -7.032
 1242 (occ)     1          -8.014           3.196         -19.528         -16.773           -7.574
 1243 (occ)     1          -8.012           3.195         -19.755         -17.061           -7.511
 1244 (occ)     1          -7.964           2.840         -15.348         -13.541           -6.930
 1245 (occ)     1          -7.962           2.800         -15.268         -13.457           -6.973
 1246 (occ)     1          -7.929           3.175         -19.521         -16.800           -7.475
 1247 (occ)     1          -7.923           2.839         -15.252         -13.537           -6.800
 1248 (occ)     1          -7.909           2.797         -15.264         -13.483           -6.893
 1249 (occ)     1          -7.903           3.190         -19.765         -17.166           -7.311
 1250 (occ)     1          -7.888           2.788         -15.289         -13.505           -6.886
 1251 (occ)     1          -7.859           2.827         -15.282         -13.524           -6.790
 1252 (occ)     1          -7.848           2.803         -15.265         -13.502           -6.809
 1253 (occ)     1          -7.845           3.153         -19.513         -16.826           -7.378
 1254 (occ)     1          -7.820           2.787         -15.214         -13.550           -6.698
 1255 (occ)     1          -7.798           3.172         -19.762         -17.225           -7.163
 1256 (occ)     1          -7.761           3.132         -19.505         -16.851           -7.284
 1257 (occ)     1          -7.712           2.732         -15.170         -13.565           -6.586
 1258 (occ)     1          -7.697           3.153         -19.756         -17.274           -7.026
 1259 (occ)     1          -7.679           3.110         -19.498         -16.876           -7.191
 1260 (occ)     1          -7.673           2.608         -15.117         -13.563           -6.620
 1261 (occ)     1          -7.667           2.611         -15.116         -13.555           -6.616
 1262 (occ)     1          -7.604           2.581         -15.120         -13.592           -6.551
 1263 (occ)     1          -7.603           3.135         -19.748         -17.317           -6.899
 1264 (occ)     1          -7.600           2.672         -15.121         -13.580           -6.469
 1265 (occ)     1          -7.600           2.574         -15.093         -13.552           -6.566
 1266 (occ)     1          -7.598           3.090         -19.492         -16.899           -7.101
 1267 (occ)     1          -7.526           2.537         -15.069         -13.569           -6.488
 1268 (occ)     1          -7.519           3.069         -19.487         -16.922           -7.014
 1269 (occ)     1          -7.516           2.547         -15.096         -13.601           -6.464
 1270 (occ)     1          -7.515           3.118         -19.738         -17.354           -6.781
 1271 (occ)     1          -7.484           2.610         -15.069         -13.597           -6.347
 1272 (occ)     1          -7.442           3.050         -19.482         -16.945           -6.929
 1273 (occ)     1          -7.442           2.502         -15.054         -13.608           -6.385
 1274 (occ)     1          -7.435           3.103         -19.726         -17.387           -6.672
 1275 (occ)     1          -7.429           2.499         -15.047         -13.590           -6.387
 1276 (occ)     1          -7.368           3.031         -19.479         -16.968           -6.848
 1277 (occ)     1          -7.366           2.545         -15.013         -13.613           -6.220
 1278 (occ)     1          -7.362           3.089         -19.714         -17.415           -6.572
 1279 (occ)     1          -7.346           2.467         -15.037         -13.643           -6.272
 1280 (occ)     1          -7.345           2.451         -15.003         -13.593           -6.305
 1281 (occ)     1          -7.297           3.013         -19.476         -16.990           -6.770
 1282 (occ)     1          -7.296           3.077         -19.701         -17.439           -6.481
 1283 (occ)     1          -7.260           2.406         -14.970         -13.618           -6.206
 1284 (occ)     1          -7.249           2.425         -14.997         -13.638           -6.183
 1285 (occ)     1          -7.245           2.478         -14.955         -13.631           -6.090
 1286 (occ)     1          -7.238           3.066         -19.688         -17.460           -6.400
 1287 (occ)     1          -7.229           2.997         -19.475         -17.011           -6.696
 1288 (occ)     1          -7.188           3.058         -19.675         -17.477           -6.328
 1289 (occ)     1          -7.167           2.369         -14.948         -13.662           -6.085
 1290 (occ)     1          -7.165           2.981         -19.474         -17.032           -6.626
 1291 (occ)     1          -7.164           2.378         -14.948         -13.618           -6.116
 1292 (occ)     1          -7.144           3.052         -19.663         -17.491           -6.264
 1293 (occ)     1          -7.121           2.409         -14.893         -13.648           -5.958
 1294 (occ)     1          -7.108           3.048         -19.652         -17.503           -6.210
 1295 (occ)     1          -7.105           2.967         -19.475         -17.052           -6.560
 1296 (occ)     1          -7.093           2.332         -14.912         -13.619           -6.054
 1297 (occ)     1          -7.079           3.046         -19.643         -17.511           -6.165
 1298 (occ)     1          -7.079           2.372         -14.923         -13.625           -6.005
 1299 (occ)     1          -7.058           3.047         -19.635         -17.518           -6.128
 1300 (occ)     1          -7.049           2.955         -19.476         -17.071           -6.499
 1301 (occ)     1          -7.043           3.051         -19.630         -17.523           -6.099
 1302 (occ)     1          -7.036           3.062         -19.627         -17.526           -6.075
 1303 (occ)     1          -7.030           2.275         -14.897         -13.710           -5.941
 1304 (occ)     1          -6.998           2.944         -19.478         -17.089           -6.443
 1305 (occ)     1          -6.996           2.337         -14.830         -13.665           -5.823
 1306 (occ)     1          -6.952           2.935         -19.480         -17.106           -6.392
 1307 (occ)     1          -6.924           2.220         -14.874         -13.796           -5.782
 1308 (occ)     1          -6.912           2.927         -19.483         -17.121           -6.347
 1309 (occ)     1          -6.878           2.922         -19.485         -17.134           -6.307
 1310 (occ)     1          -6.870           2.265         -14.764         -13.682           -5.686
 1311 (occ)     1          -6.850           2.920         -19.488         -17.146           -6.273
 1312 (occ)     1          -6.828           2.920         -19.490         -17.154           -6.244
 1313 (occ)     1          -6.813           2.923         -19.492         -17.161           -6.221
 1314 (occ)     1          -6.806           2.934         -19.494         -17.165           -6.200
 1315 (occ)     1          -6.805           2.163         -14.832         -13.829           -5.645
 1316 (occ)     1          -6.742           2.192         -14.696         -13.698           -5.548
 1317 (occ)     1          -6.716           2.149         -14.734         -13.797           -5.504
 1318 (occ)     1          -6.679           2.114         -14.757         -13.832           -5.490
 1319 (occ)     1          -6.658           2.114         -14.699         -13.787           -5.456
 1320 (occ)     1          -6.615           2.121         -14.628         -13.710           -5.412
 1321 (occ)     1          -6.581           2.065         -14.666         -13.799           -5.382
 1322 (occ)     1          -6.568           2.048         -14.711         -13.844           -5.386
 1323 (occ)     1          -6.491           2.056         -14.563         -13.714           -5.284
 1324 (occ)     1          -6.487           2.010         -14.634         -13.832           -5.279
 1325 (occ)     1          -6.462           1.992         -14.649         -13.840           -5.279
 1326 (occ)     1          -6.386           1.985         -14.420         -13.569           -5.252
 1327 (occ)     1          -6.382           1.980         -14.421         -13.571           -5.252
 1328 (occ)     1          -6.382           1.950         -14.603         -13.877           -5.158
 1329 (occ)     1          -6.378           2.007         -14.512         -13.696           -5.187
 1330 (occ)     1          -6.378           1.974         -14.423         -13.574           -5.252
 1331 (occ)     1          -6.372           1.965         -14.425         -13.578           -5.254
 1332 (occ)     1          -6.366           1.955         -14.428         -13.583           -5.256
 1333 (occ)     1          -6.362           1.937         -14.590         -13.843           -5.172
 1334 (occ)     1          -6.358           1.945         -14.432         -13.589           -5.256
 1335 (occ)     1          -6.350           1.935         -14.436         -13.595           -5.257
 1336 (occ)     1          -6.342           1.926         -14.442         -13.603           -5.254
 1337 (occ)     1          -6.332           1.916         -14.447         -13.611           -5.252
 1338 (occ)     1          -6.322           1.912         -14.454         -13.620           -5.244
 1339 (occ)     1          -6.312           1.904         -14.463         -13.630           -5.242
 1340 (occ)     1          -6.306           1.981         -14.494         -13.661           -5.158
 1341 (occ)     1          -6.302           1.910         -14.470         -13.639           -5.223
 1342 (occ)     1          -6.293           1.928         -14.480         -13.649           -5.196
 1343 (occ)     1          -6.290           1.946         -14.489         -13.654           -5.179
 1344 (occ)     1          -6.271           1.889         -14.566         -13.916           -5.032
 1345 (occ)     1          -6.263           1.881         -14.536         -13.856           -5.062
 1346 (occ)     1          -6.219           1.716         -14.526         -13.716           -5.312
 1347 (occ)     1          -6.219           1.716         -14.528         -13.716           -5.315
 1348 (occ)     1          -6.168           1.820         -14.468         -13.827           -4.990
 1349 (occ)     1          -6.167           1.823         -14.491         -13.818           -5.017
 1350 (occ)     1          -6.165           1.823         -14.484         -13.876           -4.949
 1351 (occ)     1          -6.159           1.828         -14.522         -13.946           -4.907
 1352 (occ)     1          -6.151           1.808         -14.502         -13.829           -5.016
 1353 (occ)     1          -6.143           1.817         -14.514         -13.835           -5.006
 1354 (occ)     1          -6.127           1.806         -14.541         -13.847           -5.015
 1355 (occ)     1          -6.122           1.787         -14.460         -13.864           -4.931
 1356 (occ)     1          -6.109           1.769         -14.494         -13.870           -4.964
 1357 (occ)     1          -6.101           1.804         -14.568         -13.874           -4.992
 1358 (occ)     1          -6.088           1.793         -14.572         -13.889           -4.978
 1359 (occ)     1          -6.078           1.802         -14.590         -13.900           -4.965
 1360 (occ)     1          -6.068           1.798         -14.598         -13.913           -4.955
 1361 (occ)     1          -6.066           1.765         -14.435         -13.901           -4.835
 1362 (occ)     1          -6.060           1.804         -14.607         -13.923           -4.940
 1363 (occ)     1          -6.053           1.805         -14.615         -13.933           -4.930
 1364 (occ)     1          -6.051           1.769         -14.476         -13.972           -4.786
 1365 (occ)     1          -6.048           1.816         -14.620         -13.941           -4.912
 1366 (occ)     1          -6.042           1.790         -14.618         -13.940           -4.929
 1367 (occ)     1          -6.042           1.778         -14.621         -13.939           -4.945
 1368 (occ)     1          -6.018           1.661         -14.286         -13.892           -4.751
 1369 (occ)     1          -5.969           1.708         -14.389         -13.929           -4.721
 1370 (occ)     1          -5.948           1.712         -14.430         -14.000           -4.666
 1371 (occ)     1          -5.897           1.600         -14.191         -13.901           -4.588
 1372 (occ)     1          -5.874           1.653         -14.345         -13.953           -4.612
 1373 (occ)     1          -5.851           1.658         -14.390         -14.037           -4.547
 1374 (occ)     1          -5.782           1.602         -14.301         -13.967           -4.514
 1375 (occ)     1          -5.768           1.522         -14.107         -13.917           -4.436
 1376 (occ)     1          -5.764           1.609         -14.361         -14.086           -4.430
 1377 (occ)     1          -5.695           1.556         -14.255         -13.970           -4.424
 1378 (occ)     1          -5.693           1.569         -14.343         -14.135           -4.331
 1379 (occ)     1          -5.642           1.543         -14.327         -14.159           -4.266
 1380 (occ)     1          -5.636           1.437         -14.020         -13.938           -4.281
 1381 (occ)     1          -5.621           1.543         -14.316         -14.152           -4.242
 1382 (occ)     1          -5.600           1.500         -14.203         -13.982           -4.321
 1383 (occ)     1          -5.514           1.449         -14.126         -13.941           -4.250
 1384 (occ)     1          -5.504           1.349         -13.932         -13.961           -4.126
 1385 (occ)     1          -5.421           1.394         -14.064         -13.946           -4.146
 1386 (occ)     1          -5.373           1.260         -13.844         -13.985           -3.971
 1387 (occ)     1          -5.328           1.336         -13.998         -13.952           -4.038
 1388 (occ)     1          -5.244           1.171         -13.756         -14.011           -3.817
 1389 (occ)     1          -5.235           1.274         -13.928         -13.958           -3.930
 1390 (occ)     1          -5.142           1.212         -13.853         -13.963           -3.821
 1391 (occ)     1          -5.119           1.085         -13.671         -14.039           -3.666
 1392 (occ)     1          -5.050           1.147         -13.775         -13.965           -3.713
 1393 (occ)     1          -4.999           1.002         -13.589         -14.067           -3.519
 1394 (occ)     1          -4.959           1.081         -13.693         -13.966           -3.605
 1395 (occ)     1          -4.887           0.925         -13.512         -14.095           -3.379
 1396 (occ)     1          -4.871           1.015         -13.608         -13.963           -3.500
 1397 (occ)     1          -4.784           0.948         -13.519         -13.958           -3.397
 1398 (occ)     1          -4.783           0.856         -13.444         -14.124           -3.247
 1399 (occ)     1          -4.701           0.882         -13.429         -13.951           -3.298
 1400 (occ)     1          -4.693           0.798         -13.384         -14.151           -3.128
 1401 (occ)     1          -4.622           0.817         -13.338         -13.940           -3.202
 1402 (occ)     1          -4.617           0.753         -13.337         -14.176           -3.025
 1403 (occ)     1          -4.561           0.724         -13.302         -14.196           -2.943
 1404 (occ)     1          -4.547           0.754         -13.246         -13.927           -3.112
 1405 (occ)     1          -4.528           0.712         -13.281         -14.210           -2.887
 1406 (occ)     1          -4.477           0.693         -13.154         -13.911           -3.028
 1407 (occ)     1          -4.414           0.637         -13.066         -13.893           -2.950
 1408 (occ)     1          -4.359           0.587         -12.982         -13.875           -2.879
 1409 (occ)     1          -4.313           0.544         -12.904         -13.856           -2.817
 1410 (occ)     1          -4.277           0.511         -12.835         -13.839           -2.762
 1411 (occ)     1          -4.253           0.491         -12.779         -13.826           -2.715
 1412 (occ)     1          -4.241           0.490         -12.732         -13.816           -2.667
 1413 (vir)     1          -2.665          -1.190          -9.092         -14.209            1.262
 1414 (vir)     1          -2.645          -1.197          -9.057         -14.190            1.291
 1415 (vir)     1          -2.616          -1.212          -9.002         -14.159            1.329
 1416 (vir)     1          -2.578          -1.238          -8.929         -14.120            1.375
 1417 (vir)     1          -2.533          -1.271          -8.841         -14.072            1.428
 1418 (vir)     1          -2.481          -1.311          -8.741         -14.019            1.486
 1419 (vir)     1          -2.439          -1.341          -8.712         -13.933            1.441
 1420 (vir)     1          -2.424          -1.356          -8.632         -13.960            1.548
 1421 (vir)     1          -2.400          -1.352          -8.685         -13.935            1.498
 1422 (vir)     1          -2.362          -1.405          -8.515         -13.897            1.615
 1423 (vir)     1          -2.341          -1.376          -8.641         -13.938            1.580
 1424 (vir)     1          -2.297          -1.456          -8.393         -13.830            1.684
 1425 (vir)     1          -2.263          -1.417          -8.579         -13.941            1.682
 1426 (vir)     1          -2.230          -1.508          -8.267         -13.760            1.755
 1427 (vir)     1          -2.170          -1.471          -8.504         -13.943            1.798
 1428 (vir)     1          -2.160          -1.560          -8.137         -13.685            1.828
 1429 (vir)     1          -2.089          -1.610          -8.006         -13.608            1.902
 1430 (vir)     1          -2.063          -1.538          -8.418         -13.945            1.926
 1431 (vir)     1          -2.018          -1.659          -7.873         -13.527            1.977
 1432 (vir)     1          -1.946          -1.614          -8.322         -13.945            2.063
 1433 (vir)     1          -1.946          -1.705          -7.742         -13.445            2.052
 1434 (vir)     1          -1.874          -1.747          -7.618         -13.368            2.129
 1435 (vir)     1          -1.821          -1.696          -8.219         -13.944            2.208
 1436 (vir)     1          -1.803          -1.787          -7.509         -13.305            2.206
 1437 (vir)     1          -1.732          -1.824          -7.425         -13.267            2.286
 1438 (vir)     1          -1.689          -1.782          -8.112         -13.940            2.357
 1439 (vir)     1          -1.661          -1.862          -7.373         -13.264            2.368
 1440 (vir)     1          -1.591          -1.905          -7.377         -13.326            2.453
 1441 (vir)     1          -1.577          -2.001          -7.737         -13.815            2.499
 1442 (vir)     1          -1.552          -1.872          -8.000         -13.934            2.509
 1443 (vir)     1          -1.533          -2.011          -7.670         -13.757            2.544
 1444 (vir)     1          -1.519          -1.955          -7.408         -13.421            2.539
 1445 (vir)     1          -1.462          -2.031          -7.553         -13.658            2.612
 1446 (vir)     1          -1.441          -1.998          -7.372         -13.434            2.624
 1447 (vir)     1          -1.411          -1.962          -7.887         -13.924            2.664
 1448 (vir)     1          -1.375          -2.089          -6.531         -12.665            2.669
 1449 (vir)     1          -1.374          -2.068          -7.471         -13.618            2.705
 1450 (vir)     1          -1.366          -2.084          -6.535         -12.673            2.687
 1451 (vir)     1          -1.354          -2.040          -7.285         -13.391            2.712
 1452 (vir)     1          -1.353          -2.081          -6.542         -12.686            2.711
 1453 (vir)     1          -1.336          -2.079          -6.550         -12.704            2.740
 1454 (vir)     1          -1.314          -2.080          -6.561         -12.728            2.772
 1455 (vir)     1          -1.289          -2.085          -6.574         -12.756            2.808
 1456 (vir)     1          -1.273          -2.116          -7.423         -13.628            2.815
 1457 (vir)     1          -1.266          -2.052          -7.771         -13.911            2.821
 1458 (vir)     1          -1.263          -2.083          -7.181         -13.331            2.804
 1459 (vir)     1          -1.261          -2.094          -6.589         -12.789            2.846
 1460 (vir)     1          -1.228          -2.105          -6.608         -12.829            2.889
 1461 (vir)     1          -1.192          -2.119          -6.624         -12.870            2.934
 1462 (vir)     1          -1.168          -2.128          -7.083         -13.279            2.900
 1463 (vir)     1          -1.161          -2.170          -7.376         -13.645            2.937
 1464 (vir)     1          -1.154          -2.135          -6.646         -12.917            2.982
 1465 (vir)     1          -1.120          -2.143          -7.617         -13.859            2.979
 1466 (vir)     1          -1.112          -2.153          -6.713         -13.011            3.033
 1467 (vir)     1          -1.069          -2.176          -7.007         -13.254            3.002
 1468 (vir)     1          -1.068          -2.174          -6.692         -13.023            3.089
 1469 (vir)     1          -1.042          -2.223          -7.287         -13.614            3.061
 1470 (vir)     1          -1.022          -2.197          -6.720         -13.085            3.146
 1471 (vir)     1          -0.975          -2.227          -6.829         -13.218            3.189
 1472 (vir)     1          -0.971          -2.222          -7.481         -13.827            3.155
 1473 (vir)     1          -0.965          -2.230          -6.978         -13.288            3.114
 1474 (vir)     1          -0.925          -2.246          -6.779         -13.216            3.266
 1475 (vir)     1          -0.923          -2.266          -7.111         -13.477            3.176
 1476 (vir)     1          -0.875          -2.272          -6.820         -13.296            3.330
 1477 (vir)     1          -0.850          -2.299          -7.032         -13.430            3.248
 1478 (vir)     1          -0.826          -2.281          -7.355         -13.858            3.395
 1479 (vir)     1          -0.820          -2.327          -6.974         -13.422            3.301
 1480 (vir)     1          -0.812          -2.303          -6.917         -13.312            3.280
 1481 (vir)     1          -0.774          -2.326          -6.916         -13.477            3.461
 1482 (vir)     1          -0.722          -2.372          -6.821         -13.415            3.500
 1483 (vir)     1          -0.719          -2.377          -7.092         -13.588            3.400
 1484 (vir)     1          -0.705          -2.344          -6.793         -13.227            3.385
 1485 (vir)     1          -0.677          -2.392          -7.099         -13.704            3.535
 1486 (vir)     1          -0.665          -2.416          -7.008         -13.556            3.467
 1487 (vir)     1          -0.624          -2.429          -6.931         -13.618            3.634
 1488 (vir)     1          -0.599          -2.390          -6.727         -13.210            3.494
 1489 (vir)     1          -0.577          -2.461          -6.963         -13.693            3.693
 1490 (vir)     1          -0.577          -2.447          -7.048         -13.624            3.552
 1491 (vir)     1          -0.534          -2.490          -7.025         -13.791            3.742
 1492 (vir)     1          -0.516          -2.488          -7.111         -13.716            3.600
 1493 (vir)     1          -0.491          -2.522          -7.037         -13.857            3.807
 1494 (vir)     1          -0.490          -2.443          -6.730         -13.279            3.616
 1495 (vir)     1          -0.451          -2.553          -7.070         -13.932            3.858
 1496 (vir)     1          -0.439          -2.495          -6.869         -13.488            3.685
 1497 (vir)     1          -0.416          -2.582          -7.105         -14.008            3.905
 1498 (vir)     1          -0.384          -2.608          -7.135         -14.076            3.950
 1499 (vir)     1          -0.367          -2.521          -6.867         -13.521            3.766
 1500 (vir)     1          -0.366          -2.570          -7.043         -13.740            3.760
 1501 (vir)     1          -0.355          -2.628          -7.151         -14.103            3.969
 1502 (vir)     1          -0.333          -2.658          -7.187         -14.193            4.015
 1503 (vir)     1          -0.323          -2.544          -6.822         -13.496            3.808
 1504 (vir)     1          -0.316          -2.679          -7.207         -14.236            4.035
 1505 (vir)     1          -0.303          -2.696          -7.221         -14.269            4.048
 1506 (vir)     1          -0.298          -2.717          -7.230         -14.289            4.045
 1507 (vir)     1          -0.225          -2.621          -7.057         -13.847            3.945
 1508 (vir)     1          -0.214          -2.638          -6.923         -13.668            3.893
 1509 (vir)     1          -0.188          -1.232          -1.565          -4.829            1.844
 1510 (vir)     1          -0.188          -1.232          -1.565          -4.829            1.844
 1511 (vir)     1          -0.186          -2.519          -5.814         -12.332            3.814
 1512 (vir)     1          -0.108          -1.485          -1.842          -5.314            1.880
 1513 (vir)     1          -0.101          -1.482          -1.840          -5.312            1.890
 1514 (vir)     1          -0.090          -1.478          -1.837          -5.308            1.903
 1515 (vir)     1          -0.086          -2.575          -6.105         -12.738            3.971
 1516 (vir)     1          -0.076          -1.474          -1.834          -5.303            1.919
 1517 (vir)     1          -0.073          -1.473          -1.779          -5.237            1.911
 1518 (vir)     1          -0.066          -1.468          -1.778          -5.236            1.923
 1519 (vir)     1          -0.064          -2.683          -6.839         -13.676            4.091
 1520 (vir)     1          -0.062          -2.711          -6.812         -13.625            4.040
 1521 (vir)     1          -0.059          -1.472          -1.830          -5.298            1.937
 1522 (vir)     1          -0.057          -1.461          -1.776          -5.234            1.940
 1523 (vir)     1          -0.045          -1.454          -1.774          -5.230            1.958
 1524 (vir)     1          -0.038          -1.469          -1.826          -5.293            1.959
 1525 (vir)     1          -0.030          -1.447          -1.771          -5.226            1.979
 1526 (vir)     1          -0.014          -1.468          -1.822          -5.288            1.983
 1527 (vir)     1          -0.011          -1.442          -1.767          -5.221            2.001
 1528 (vir)     1           0.010          -1.439          -1.763          -5.216            2.024
 1529 (vir)     1           0.013          -1.467          -1.819          -5.284            2.011
 1530 (vir)     1           0.025          -2.635          -6.204         -12.917            4.103
 1531 (vir)     1           0.034          -1.437          -1.759          -5.211            2.049
 1532 (vir)     1           0.043          -1.466          -1.815          -5.280            2.042
 1533 (vir)     1           0.062          -1.437          -1.755          -5.206            2.076
 1534 (vir)     1           0.077          -1.466          -1.812          -5.277            2.076
 1535 (vir)     1           0.084          -2.707          -6.528         -13.374            4.222
 1536 (vir)     1           0.089          -2.780          -6.702         -13.578            4.185
 1537 (vir)     1           0.092          -1.438          -1.751          -5.201            2.104
 1538 (vir)     1           0.113          -1.466          -1.809          -5.275            2.113
 1539 (vir)     1           0.126          -1.439          -1.748          -5.197            2.136
 1540 (vir)     1           0.153          -1.466          -1.806          -5.273            2.153
 1541 (vir)     1           0.155          -2.734          -6.445         -13.286            4.262
 1542 (vir)     1           0.163          -1.442          -1.745          -5.193            2.170
 1543 (vir)     1           0.195          -1.467          -1.804          -5.272            2.195
 1544 (vir)     1           0.203          -1.445          -1.742          -5.190            2.206
 1545 (vir)     1           0.207          -2.718          -6.240         -13.073            4.322
 1546 (vir)     1           0.240          -2.848          -6.592         -13.527            4.327
 1547 (vir)     1           0.241          -1.469          -1.802          -5.272            2.241
 1548 (vir)     1           0.246          -1.448          -1.739          -5.187            2.246
 1549 (vir)     1           0.290          -1.471          -1.801          -5.272            2.290
 1550 (vir)     1           0.292          -1.452          -1.736          -5.185            2.289
 1551 (vir)     1           0.312          -2.836          -6.616         -13.590            4.450
 1552 (vir)     1           0.319          -2.748          -6.122         -12.977            4.425
 1553 (vir)     1           0.341          -1.474          -1.799          -5.273            2.341
 1554 (vir)     1           0.341          -1.455          -1.733          -5.183            2.335
 1555 (vir)     1           0.391          -2.913          -6.484         -13.473            4.466
 1556 (vir)     1           0.394          -1.459          -1.730          -5.181            2.385
 1557 (vir)     1           0.396          -1.478          -1.799          -5.275            2.395
 1558 (vir)     1           0.430          -2.785          -6.054         -12.936            4.527
 1559 (vir)     1           0.449          -1.463          -1.728          -5.179            2.438
 1560 (vir)     1           0.453          -1.482          -1.798          -5.278            2.452
 1561 (vir)     1           0.476          -2.902          -6.547         -13.603            4.630
 1562 (vir)     1           0.507          -1.466          -1.725          -5.178            2.494
 1563 (vir)     1           0.514          -1.486          -1.798          -5.282            2.511
 1564 (vir)     1           0.540          -2.974          -6.378         -13.416            4.605
 1565 (vir)     1           0.545          -2.833          -6.041         -12.953            4.624
 1566 (vir)     1           0.568          -1.469          -1.722          -5.177            2.554
 1567 (vir)     1           0.577          -1.491          -1.799          -5.286            2.573
 1568 (vir)     1           0.618          -2.901          -6.209         -13.257            4.765
 1569 (vir)     1           0.632          -1.473          -1.720          -5.178            2.616
 1570 (vir)     1           0.643          -1.496          -1.800          -5.291            2.639
 1571 (vir)     1           0.684          -2.928          -6.236         -13.234            4.755
 1572 (vir)     1           0.690          -3.033          -6.274         -13.357            4.739
 1573 (vir)     1           0.698          -1.476          -1.720          -5.180            2.682
 1574 (vir)     1           0.711          -1.501          -1.801          -5.298            2.707
 1575 (vir)     1           0.731          -2.908          -6.004         -13.034            4.852
 1576 (vir)     1           0.766          -1.481          -1.720          -5.186            2.751
 1577 (vir)     1           0.782          -1.507          -1.803          -5.305            2.778
 1578 (vir)     1           0.836          -2.929          -5.899         -12.926            4.934
 1579 (vir)     1           0.837          -1.486          -1.723          -5.194            2.822
 1580 (vir)     1           0.838          -3.090          -6.173         -13.297            4.872
 1581 (vir)     1           0.849          -3.002          -6.289         -13.372            4.931
 1582 (vir)     1           0.856          -1.512          -1.805          -5.313            2.852
 1583 (vir)     1           0.910          -1.492          -1.728          -5.206            2.897
 1584 (vir)     1           0.931          -1.518          -1.808          -5.324            2.928
 1585 (vir)     1           0.939          -2.946          -5.807         -12.817            5.003
 1586 (vir)     1           0.985          -3.143          -6.074         -13.234            5.003
 1587 (vir)     1           0.986          -1.499          -1.734          -5.221            2.974
 1588 (vir)     1           1.001          -3.073          -6.414         -13.693            5.206
 1589 (vir)     1           1.008          -1.523          -1.812          -5.335            3.008
 1590 (vir)     1           1.062          -2.858          -5.130         -11.744            4.817
 1591 (vir)     1           1.065          -1.509          -1.743          -5.240            3.053
 1592 (vir)     1           1.086          -1.529          -1.816          -5.348            3.089
 1593 (vir)     1           1.132          -3.189          -5.977         -13.169            5.135
 1594 (vir)     1           1.133          -2.972          -5.493         -12.434            5.101
 1595 (vir)     1           1.146          -1.518          -1.755          -5.263            3.136
 1596 (vir)     1           1.164          -1.534          -1.818          -5.357            3.170
 1597 (vir)     1           1.195          -2.911          -5.470         -12.170            4.985
 1598 (vir)     1           1.223          -2.988          -5.461         -12.407            5.181
 1599 (vir)     1           1.229          -1.529          -1.769          -5.290            3.221
 1600 (vir)     1           1.241          -1.534          -1.807          -5.347            3.248
 1601 (vir)     1           1.277          -3.238          -5.879         -13.094            5.254
 1602 (vir)     1           1.311          -2.997          -5.384         -12.309            5.238
 1603 (vir)     1           1.314          -1.540          -1.788          -5.324            3.310
 1604 (vir)     1           1.314          -1.513          -1.746          -5.259            3.315
 1605 (vir)     1           1.350          -2.842          -5.173         -11.700            5.034
 1606 (vir)     1           1.377          -1.441          -1.559          -4.972            3.348
 1607 (vir)     1           1.396          -3.035          -5.363         -12.315            5.313
 1608 (vir)     1           1.400          -1.554          -1.814          -5.368            3.399
 1609 (vir)     1           1.419          -3.264          -5.771         -12.992            5.376
 1610 (vir)     1           1.423          -1.359          -1.371          -4.677            3.370
 1611 (vir)     1           1.465          -1.402          -1.494          -4.870            3.440
 1612 (vir)     1           1.468          -2.853          -4.912         -11.459            5.161
 1613 (vir)     1           1.485          -1.568          -1.854          -5.432            3.494
 1614 (vir)     1           1.506          -2.978          -5.254         -12.000            5.274
 1615 (vir)     1           1.514          -1.542          -1.832          -5.405            3.545
 1616 (vir)     1           1.544          -2.867          -4.813         -11.347            5.212
 1617 (vir)     1           1.557          -1.669          -2.108          -5.843            3.624
 1618 (vir)     1           1.558          -3.262          -5.602         -12.761            5.455
 1619 (vir)     1           1.565          -1.592          -1.926          -5.544            3.591
 1620 (vir)     1           1.611          -2.776          -4.520         -10.829            5.144
 1621 (vir)     1           1.637          -2.695          -4.411         -10.520            5.052
 1622 (vir)     1           1.649          -1.473          -1.834          -5.348            3.691
 1623 (vir)     1           1.659          -1.521          -1.924          -5.501            3.714
 1624 (vir)     1           1.664          -1.225          -0.803          -3.785            3.422
 1625 (vir)     1           1.669          -1.214          -0.793          -3.770            3.432
 1626 (vir)     1           1.671          -1.241          -0.852          -3.878            3.457
 1627 (vir)     1           1.675          -2.763          -4.477         -10.717            5.152
 1628 (vir)     1           1.676          -1.682          -1.920          -5.895            3.968
 1629 (vir)     1           1.680          -1.278          -0.945          -4.053            3.510
 1630 (vir)     1           1.686          -2.305          -3.300          -8.488            4.569
 1631 (vir)     1           1.687          -1.540          -1.581          -5.264            3.830
 1632 (vir)     1           1.692          -1.221          -0.856          -3.889            3.504
 1633 (vir)     1           1.698          -1.957          -2.523          -7.058            4.278
 1634 (vir)     1           1.703          -1.398          -1.236          -4.603            3.673
 1635 (vir)     1           1.715          -1.580          -1.675          -5.422            3.881
 1636 (vir)     1           1.716          -1.570          -1.616          -5.335            3.865
 1637 (vir)     1           1.722          -1.885          -2.366          -6.758            4.229
 1638 (vir)     1           1.728          -1.738          -1.983          -6.036            4.043
 1639 (vir)     1           1.729          -1.776          -2.078          -6.217            4.091
 1640 (vir)     1           1.730          -1.254          -0.967          -4.103            3.612
 1641 (vir)     1           1.760          -1.400          -1.304          -4.725            3.781
 1642 (vir)     1           1.783          -1.326          -1.118          -4.402            3.741
 1643 (vir)     1           1.811          -3.034          -5.083         -11.820            5.514
 1644 (vir)     1           1.821          -1.352          -1.195          -4.530            3.803
 1645 (vir)     1           1.849          -1.598          -1.642          -5.447            4.056
 1646 (vir)     1           1.899          -1.404          -1.276          -4.702            3.921
 1647 (vir)     1           1.903          -2.526          -3.495          -9.100            4.982
 1648 (vir)     1           1.935          -1.517          -1.474          -4.962            3.905
 1649 (vir)     1           1.940          -2.024          -2.954          -7.929            4.891
 1650 (vir)     1           1.943          -1.883          -2.664          -7.364            4.760
 1651 (vir)     1           1.959          -1.644          -1.757          -5.653            4.210
 1652 (vir)     1           1.969          -3.039          -4.949         -11.637            5.618
 1653 (vir)     1           1.969          -1.463          -1.447          -4.904            3.963
 1654 (vir)     1           1.986          -1.865          -2.174          -6.477            4.424
 1655 (vir)     1           2.022          -1.542          -1.405          -4.869            3.944
 1656 (vir)     1           2.033          -1.492          -1.538          -5.047            4.049
 1657 (vir)     1           2.040          -2.548          -3.538          -9.167            5.121
 1658 (vir)     1           2.056          -1.494          -1.424          -5.007            4.144
 1659 (vir)     1           2.096          -1.543          -1.481          -4.981            4.053
 1660 (vir)     1           2.118          -1.532          -1.637          -5.209            4.157
 1661 (vir)     1           2.123          -1.526          -1.480          -5.124            4.241
 1662 (vir)     1           2.125          -3.266          -5.245         -12.314            5.927
 1663 (vir)     1           2.151          -2.571          -3.532          -9.179            5.227
 1664 (vir)     1           2.188          -1.543          -1.534          -5.065            4.176
 1665 (vir)     1           2.200          -2.034          -2.476          -7.103            4.793
 1666 (vir)     1           2.215          -1.558          -1.710          -5.333            4.279
 1667 (vir)     1           2.234          -2.830          -4.024         -10.227            5.607
 1668 (vir)     1           2.236          -2.911          -4.179         -10.544            5.691
 1669 (vir)     1           2.244          -1.688          -1.772          -5.715            4.498
 1670 (vir)     1           2.254          -3.332          -5.092         -12.324            6.154
 1671 (vir)     1           2.256          -2.750          -3.877          -9.945            5.575
 1672 (vir)     1           2.267          -2.531          -3.476          -9.078            5.339
 1673 (vir)     1           2.284          -3.327          -5.052         -12.287            6.192
 1674 (vir)     1           2.288          -1.544          -1.569          -5.126            4.302
 1675 (vir)     1           2.297          -3.418          -5.235         -12.612            6.256
 1676 (vir)     1           2.308          -3.037          -4.353         -10.865            5.783
 1677 (vir)     1           2.318          -1.573          -1.748          -5.409            4.407
 1678 (vir)     1           2.320          -2.477          -3.298          -8.811            5.356
 1679 (vir)     1           2.322          -1.523          -1.436          -5.056            4.418
 1680 (vir)     1           2.323          -3.035          -4.464         -11.075            5.900
 1681 (vir)     1           2.329          -1.501          -1.082          -4.573            4.319
 1682 (vir)     1           2.336          -3.449          -5.284         -12.765            6.368
 1683 (vir)     1           2.337          -1.497          -1.079          -4.570            4.330
 1684 (vir)     1           2.347          -1.493          -1.084          -4.577            4.346
 1685 (vir)     1           2.355          -3.550          -5.458         -13.135            6.481
 1686 (vir)     1           2.360          -1.488          -1.080          -4.573            4.364
 1687 (vir)     1           2.363          -1.493          -1.048          -4.526            4.348
 1688 (vir)     1           2.370          -1.488          -1.048          -4.526            4.361
 1689 (vir)     1           2.373          -3.853          -6.047         -14.319            6.792
 1690 (vir)     1           2.378          -1.485          -1.082          -4.575            4.386
 1691 (vir)     1           2.379          -1.480          -1.047          -4.526            4.379
 1692 (vir)     1           2.382          -3.136          -4.584         -11.392            6.053
 1693 (vir)     1           2.390          -1.488          -1.197          -4.703            4.409
 1694 (vir)     1           2.392          -3.093          -4.543         -11.298            6.054
 1695 (vir)     1           2.393          -3.921          -6.138         -14.518            6.852
 1696 (vir)     1           2.394          -1.528          -1.435          -4.989            4.420
 1697 (vir)     1           2.397          -1.484          -1.107          -4.608            4.415
 1698 (vir)     1           2.400          -1.550          -1.480          -5.150            4.521
 1699 (vir)     1           2.406          -1.463          -1.045          -4.526            4.424
 1700 (vir)     1           2.420          -2.046          -2.433          -7.070            5.011
 1701 (vir)     1           2.423          -1.478          -1.080          -4.574            4.440
 1702 (vir)     1           2.425          -1.458          -1.050          -4.533            4.450
 1703 (vir)     1           2.427          -1.573          -1.690          -5.359            4.523
 1704 (vir)     1           2.432          -3.094          -4.356         -10.920            5.904
 1705 (vir)     1           2.446          -1.452          -1.045          -4.527            4.477
 1706 (vir)     1           2.454          -1.487          -1.145          -4.658            4.480
 1707 (vir)     1           2.471          -1.449          -1.044          -4.529            4.506
 1708 (vir)     1           2.482          -1.475          -1.093          -4.595            4.509
 1709 (vir)     1           2.483          -1.781          -1.902          -6.009            4.809
 1710 (vir)     1           2.493          -2.962          -4.259         -10.627            5.899
 1711 (vir)     1           2.495          -1.477          -1.226          -4.749            4.541
 1712 (vir)     1           2.497          -1.828          -1.968          -6.179            4.879
 1713 (vir)     1           2.505          -1.519          -1.422          -4.994            4.558
 1714 (vir)     1           2.520          -1.471          -1.082          -4.582            4.549
 1715 (vir)     1           2.530          -1.445          -1.042          -4.529            4.573
 1716 (vir)     1           2.538          -1.569          -1.652          -5.329            4.646
 1717 (vir)     1           2.544          -2.175          -2.575          -7.371            5.164
 1718 (vir)     1           2.566          -1.494          -1.221          -4.766            4.617
 1719 (vir)     1           2.566          -1.445          -1.045          -4.536            4.612
 1720 (vir)     1           2.576          -1.881          -2.053          -6.354            4.995
 1721 (vir)     1           2.580          -2.801          -3.752          -9.764            5.791
 1722 (vir)     1           2.602          -1.466          -1.172          -4.694            4.657
 1723 (vir)     1           2.603          -1.471          -1.107          -4.620            4.645
 1724 (vir)     1           2.617          -1.531          -1.493          -5.100            4.693
 1725 (vir)     1           2.628          -2.293          -2.853          -7.925            5.407
 1726 (vir)     1           2.633          -1.698          -1.701          -5.614            4.848
 1727 (vir)     1           2.648          -1.443          -1.041          -4.536            4.700
 1728 (vir)     1           2.654          -1.465          -1.084          -4.593            4.697
 1729 (vir)     1           2.659          -1.590          -1.760          -5.490            4.800
 1730 (vir)     1           2.680          -2.746          -3.716          -9.640            5.859
 1731 (vir)     1           2.692          -3.303          -4.572         -11.467            6.283
 1732 (vir)     1           2.696          -1.443          -1.043          -4.542            4.752
 1733 (vir)     1           2.710          -1.471          -1.128          -4.655            4.765
 1734 (vir)     1           2.715          -1.693          -1.687          -5.589            4.925
 1735 (vir)     1           2.724          -1.543          -1.560          -5.202            4.823
 1736 (vir)     1           2.727          -1.780          -1.807          -5.889            5.029
 1737 (vir)     1           2.750          -1.459          -1.123          -4.648            4.816
 1738 (vir)     1           2.754          -1.500          -1.282          -4.866            4.839
 1739 (vir)     1           2.787          -1.572          -1.655          -5.371            4.931
 1740 (vir)     1           2.789          -1.827          -1.922          -6.070            5.109
 1741 (vir)     1           2.790          -3.206          -4.328         -10.995            6.252
 1742 (vir)     1           2.800          -1.446          -1.065          -4.577            4.867
 1743 (vir)     1           2.820          -1.751          -1.712          -5.716            5.072
 1744 (vir)     1           2.822          -1.463          -1.101          -4.629            4.887
 1745 (vir)     1           2.833          -3.236          -4.567         -11.392            6.421
 1746 (vir)     1           2.843          -2.123          -2.451          -7.153            5.422
 1747 (vir)     1           2.843          -1.560          -1.629          -5.315            4.970
 1748 (vir)     1           2.849          -2.712          -3.452          -9.208            5.893
 1749 (vir)     1           2.861          -1.443          -1.045          -4.556            4.930
 1750 (vir)     1           2.890          -1.459          -1.091          -4.620            4.960
 1751 (vir)     1           2.898          -1.611          -1.838          -5.639            5.088
 1752 (vir)     1           2.917          -1.816          -1.805          -5.918            5.213
 1753 (vir)     1           2.925          -1.445          -1.053          -4.572            4.999
 1754 (vir)     1           2.954          -1.560          -1.607          -5.313            5.100
 1755 (vir)     1           2.961          -1.463          -1.124          -4.672            5.047
 1756 (vir)     1           2.989          -2.759          -3.580          -9.490            6.141
 1757 (vir)     1           2.996          -1.461          -1.118          -4.663            5.081
 1758 (vir)     1           3.010          -1.585          -1.685          -5.452            5.191
 1759 (vir)     1           3.026          -2.360          -2.788          -7.918            5.795
 1760 (vir)     1           3.039          -1.503          -1.338          -4.978            5.176
 1761 (vir)     1           3.050          -1.499          -1.296          -4.920            5.174
 1762 (vir)     1           3.083          -1.540          -1.444          -5.118            5.216
 1763 (vir)     1           3.100          -1.503          -1.266          -4.900            5.231
 1764 (vir)     1           3.112          -1.917          -1.898          -6.138            5.436
 1765 (vir)     1           3.123          -1.501          -1.232          -4.852            5.241
 1766 (vir)     1           3.136          -1.573          -1.747          -5.538            5.354
 1767 (vir)     1           3.172          -3.251          -4.374         -11.185            6.732
 1768 (vir)     1           3.173          -1.474          -1.248          -4.861            5.312
 1769 (vir)     1           3.196          -2.379          -2.803          -8.121            6.135
 1770 (vir)     1           3.200          -2.358          -2.786          -8.078            6.135
 1771 (vir)     1           3.224          -1.889          -1.776          -5.914            5.472
 1772 (vir)     1           3.224          -1.526          -1.543          -5.239            5.395
 1773 (vir)     1           3.241          -1.426          -1.061          -4.583            5.337
 1774 (vir)     1           3.273          -1.611          -1.775          -5.618            5.505
 1775 (vir)     1           3.283          -1.478          -1.195          -4.797            5.407
 1776 (vir)     1           3.320          -1.427          -1.021          -4.538            5.411
 1777 (vir)     1           3.321          -1.592          -1.756          -5.573            5.546
 1778 (vir)     1           3.337          -1.967          -1.847          -6.081            5.604
 1779 (vir)     1           3.344          -2.829          -3.152          -8.950            6.313
 1780 (vir)     1           3.360          -2.604          -2.633          -7.837            5.960
 1781 (vir)     1           3.376          -1.474          -1.185          -4.794            5.512
 1782 (vir)     1           3.384          -1.639          -1.894          -5.814            5.665
 1783 (vir)     1           3.403          -3.271          -4.318         -11.170            6.984
 1784 (vir)     1           3.408          -1.427          -1.017          -4.544            5.508
 1785 (vir)     1           3.424          -3.159          -3.659         -10.042            6.649
 1786 (vir)     1           3.428          -1.616          -1.835          -5.720            5.697
 1787 (vir)     1           3.454          -2.390          -2.255          -7.037            5.845
 1788 (vir)     1           3.460          -2.103          -2.008          -6.442            5.791
 1789 (vir)     1           3.474          -1.477          -1.208          -4.839            5.627
 1790 (vir)     1           3.495          -1.656          -1.951          -5.925            5.813
 1791 (vir)     1           3.496          -3.172          -4.149         -10.860            7.036
 1792 (vir)     1           3.503          -1.430          -1.025          -4.565            5.612
 1793 (vir)     1           3.529          -3.469          -4.130         -11.082            7.012
 1794 (vir)     1           3.533          -1.639          -1.915          -5.867            5.847
 1795 (vir)     1           3.558          -2.251          -2.008          -6.522            5.821
 1796 (vir)     1           3.574          -1.486          -1.247          -4.909            5.750
 1797 (vir)     1           3.581          -2.118          -1.996          -6.444            5.911
 1798 (vir)     1           3.602          -1.434          -1.037          -4.591            5.722
 1799 (vir)     1           3.603          -1.675          -2.013          -6.047            5.963
 1800 (vir)     1           3.633          -1.669          -2.024          -6.061            6.001
 1801 (vir)     1           3.645          -3.694          -4.439         -11.795            7.306
 1802 (vir)     1           3.663          -3.183          -4.036         -10.714            7.158
 1803 (vir)     1           3.669          -2.100          -1.866          -6.234            5.937
 1804 (vir)     1           3.677          -1.495          -1.284          -4.980            5.877
 1805 (vir)     1           3.705          -1.704          -2.116          -6.237            6.122
 1806 (vir)     1           3.707          -1.438          -1.049          -4.618            5.838
 1807 (vir)     1           3.708          -2.240          -2.111          -6.716            6.073
 1808 (vir)     1           3.724          -1.707          -2.171          -6.316            6.161
 1809 (vir)     1           3.765          -3.792          -4.627         -12.258            7.605
 1810 (vir)     1           3.781          -1.501          -1.309          -5.034            6.005
 1811 (vir)     1           3.782          -2.195          -1.777          -6.062            5.872
 1812 (vir)     1           3.798          -1.746          -2.269          -6.511            6.293
 1813 (vir)     1           3.804          -1.753          -2.348          -6.622            6.325
 1814 (vir)     1           3.815          -1.447          -1.083          -4.682            5.966
 1815 (vir)     1           3.816          -2.902          -3.461          -9.547            6.999
 1816 (vir)     1           3.846          -2.512          -2.548          -7.716            6.502
 1817 (vir)     1           3.871          -1.796          -2.519          -6.925            6.481
 1818 (vir)     1           3.877          -1.797          -2.460          -6.853            6.473
 1819 (vir)     1           3.885          -1.517          -1.375          -5.155            6.149
 1820 (vir)     1           3.886          -3.883          -4.742         -12.572            7.833
 1821 (vir)     1           3.897          -1.937          -1.701          -5.918            6.177
 1822 (vir)     1           3.916          -1.740          -2.286          -6.601            6.492
 1823 (vir)     1           3.924          -2.154          -3.813          -9.341            7.299
 1824 (vir)     1           3.931          -2.121          -3.734          -9.164            7.240
 1825 (vir)     1           3.932          -2.147          -3.805          -9.327            7.307
 1826 (vir)     1           3.935          -2.028          -3.406          -8.569            7.070
 1827 (vir)     1           3.936          -1.571          -1.583          -5.483            6.265
 1828 (vir)     1           3.937          -1.938          -3.030          -7.889            6.857
 1829 (vir)     1           3.941          -2.109          -3.724          -9.136            7.244
 1830 (vir)     1           3.943          -2.131          -3.761          -9.246            7.298
 1831 (vir)     1           3.949          -2.095          -3.673          -9.036            7.217
 1832 (vir)     1           3.955          -2.056          -3.544          -8.834            7.188
 1833 (vir)     1           3.957          -2.082          -3.658          -9.001            7.218
 1834 (vir)     1           3.961          -2.169          -2.064          -6.690            6.418
 1835 (vir)     1           3.963          -1.965          -3.151          -8.072            6.918
 1836 (vir)     1           3.968          -1.900          -2.863          -7.593            6.797
 1837 (vir)     1           3.968          -2.077          -3.630          -8.943            7.204
 1838 (vir)     1           3.971          -2.090          -3.642          -9.025            7.264
 1839 (vir)     1           3.979          -2.028          -3.425          -8.586            7.113
 1840 (vir)     1           3.986          -2.076          -3.578          -8.897            7.228
 1841 (vir)     1           3.987          -2.026          -3.411          -8.541            7.090
 1842 (vir)     1           3.989          -1.963          -3.166          -8.097            6.957
 1843 (vir)     1           3.989          -3.104          -3.739         -10.258            7.405
 1844 (vir)     1           3.993          -2.014          -3.279          -8.304            7.004
 1845 (vir)     1           3.994          -2.023          -3.339          -8.411            7.044
 1846 (vir)     1           3.996          -1.603          -1.777          -5.840            6.455
 1847 (vir)     1           4.000          -2.060          -3.490          -8.721            7.171
 1848 (vir)     1           4.003          -1.999          -3.289          -8.331            7.046
 1849 (vir)     1           4.007          -3.949          -4.793         -12.748            8.013
 1850 (vir)     1           4.007          -1.730          -1.584          -5.687            6.379
 1851 (vir)     1           4.009          -2.048          -3.414          -8.565            7.112
 1852 (vir)     1           4.010          -2.030          -3.368          -8.476            7.089
 1853 (vir)     1           4.051          -1.444          -1.072          -4.689            6.224
 1854 (vir)     1           4.073          -1.611          -2.115          -6.375            6.722
 1855 (vir)     1           4.074          -2.015          -1.843          -6.262            6.478
 1856 (vir)     1           4.089          -1.578          -1.339          -5.175            6.346
 1857 (vir)     1           4.109          -1.647          -2.443          -6.880            6.899
 1858 (vir)     1           4.127          -4.104          -5.028         -13.334            8.329
 1859 (vir)     1           4.147          -3.078          -3.626         -10.083            7.527
 1860 (vir)     1           4.155          -1.566          -1.863          -5.941            6.667
 1861 (vir)     1           4.163          -1.871          -1.606          -5.781            6.467
 1862 (vir)     1           4.173          -1.437          -1.033          -4.635            6.338
 1863 (vir)     1           4.239          -4.192          -5.145         -13.657            8.560
 1864 (vir)     1           4.242          -2.017          -1.832          -6.262            6.655
 1865 (vir)     1           4.249          -1.524          -1.490          -5.362            6.597
 1866 (vir)     1           4.299          -1.448          -1.103          -4.758            6.506
 1867 (vir)     1           4.306          -3.037          -3.523          -9.931            7.678
 1868 (vir)     1           4.325          -2.627          -2.561          -7.910            7.047
 1869 (vir)     1           4.345          -1.621          -2.668          -7.182            7.237
 1870 (vir)     1           4.348          -1.617          -2.643          -7.140            7.228
 1871 (vir)     1           4.354          -3.893          -4.598         -12.503            8.366
 1872 (vir)     1           4.357          -1.606          -1.931          -6.132            6.953
 1873 (vir)     1           4.388          -2.488          -2.571          -7.921            7.250
 1874 (vir)     1           4.432          -1.463          -0.984          -4.509            6.494
 1875 (vir)     1           4.435          -2.871          -2.999          -8.928            7.495
 1876 (vir)     1           4.457          -2.943          -3.303          -9.517            7.729
 1877 (vir)     1           4.463          -3.591          -4.103         -11.447            8.216
 1878 (vir)     1           4.471          -1.587          -1.667          -5.641            6.859
 1879 (vir)     1           4.513          -2.661          -2.776          -8.380            7.457
 1880 (vir)     1           4.547          -3.904          -4.525         -12.428            8.547
 1881 (vir)     1           4.571          -1.711          -2.250          -6.566            7.175
 1882 (vir)     1           4.573          -1.457          -1.093          -4.768            6.791
 1883 (vir)     1           4.579          -2.601          -2.559          -7.998            7.417
 1884 (vir)     1           4.609          -2.909          -3.189          -9.325            7.836
 1885 (vir)     1           4.646          -1.907          -3.145          -7.967            7.561
 1886 (vir)     1           4.647          -4.397          -5.208         -14.039            9.080
 1887 (vir)     1           4.665          -2.841          -2.993          -8.901            7.732
 1888 (vir)     1           4.695          -2.147          -4.086          -9.423            7.885
 1889 (vir)     1           4.707          -2.311          -1.878          -6.482            7.000
 1890 (vir)     1           4.714          -1.474          -1.144          -4.867            6.963
 1891 (vir)     1           4.730          -2.476          -5.165         -11.072            8.161
 1892 (vir)     1           4.736          -4.533          -5.345         -14.409            9.266
 1893 (vir)     1           4.752          -2.781          -6.169         -12.604            8.408
 1894 (vir)     1           4.761          -2.942          -3.164          -9.327            7.982
 1895 (vir)     1           4.767          -2.906          -6.604         -13.275            8.533
 1896 (vir)     1           4.782          -2.924          -6.676         -13.399            8.581
 1897 (vir)     1           4.802          -2.907          -6.620         -13.330            8.605
 1898 (vir)     1           4.817          -4.599          -5.384         -14.551            9.384
 1899 (vir)     1           4.825          -2.943          -3.098          -9.191            7.974
 1900 (vir)     1           4.828          -2.869          -6.482         -13.138            8.614
 1901 (vir)     1           4.843          -2.061          -1.825          -6.393            7.350
 1902 (vir)     1           4.855          -1.550          -1.429          -5.340            7.216
 1903 (vir)     1           4.856          -2.809          -6.277         -12.836            8.606
 1904 (vir)     1           4.880          -2.887          -6.466         -13.282            8.809
 1905 (vir)     1           4.880          -2.882          -6.442         -13.247            8.802
 1906 (vir)     1           4.883          -2.772          -6.169         -12.663            8.605
 1907 (vir)     1           4.887          -3.244          -7.678         -14.951            8.915
 1908 (vir)     1           4.891          -4.575          -5.320         -14.452            9.448
 1909 (vir)     1           4.903          -3.043          -7.015         -14.039            8.884
 1910 (vir)     1           4.904          -2.816          -6.317         -12.881            8.652
 1911 (vir)     1           4.904          -3.056          -7.044         -14.064            8.868
 1912 (vir)     1           4.905          -2.882          -6.448         -13.260            8.835
 1913 (vir)     1           4.907          -2.940          -6.576         -13.183            8.574
 1914 (vir)     1           4.912          -2.969          -3.169          -9.393            8.167
 1915 (vir)     1           4.928          -3.238          -7.663         -14.952            8.978
 1916 (vir)     1           4.928          -2.701          -5.869         -12.347            8.706
 1917 (vir)     1           4.934          -2.844          -6.363         -13.115            8.841
 1918 (vir)     1           4.934          -2.585          -5.384         -11.785            8.751
 1919 (vir)     1           4.938          -2.618          -5.530         -11.922            8.712
 1920 (vir)     1           4.941          -2.904          -6.528         -13.382            8.891
 1921 (vir)     1           4.944          -2.635          -5.495         -11.629            8.443
 1922 (vir)     1           4.954          -4.612          -5.303         -14.449            9.488
 1923 (vir)     1           4.955          -2.574          -5.366         -11.667            8.682
 1924 (vir)     1           4.958          -3.238          -7.665         -14.968            9.022
 1925 (vir)     1           4.961          -2.567          -5.323         -11.691            8.763
 1926 (vir)     1           4.969          -2.583          -5.365         -11.609            8.630
 1927 (vir)     1           4.975          -2.859          -6.396         -13.176            8.896
 1928 (vir)     1           4.976          -2.626          -5.530         -11.885            8.705
 1929 (vir)     1           4.979          -2.821          -6.245         -12.873            8.786
 1930 (vir)     1           4.985          -2.961          -6.611         -13.433            8.845
 1931 (vir)     1           4.988          -3.009          -3.158          -9.385            8.207
 1932 (vir)     1           4.989          -1.980          -1.817          -6.415            7.607
 1933 (vir)     1           5.001          -2.333          -4.380          -9.963            8.251
 1934 (vir)     1           5.004          -2.511          -5.145         -11.388            8.736
 1935 (vir)     1           5.012          -4.777          -5.469         -14.871            9.637
 1936 (vir)     1           5.012          -3.225          -7.552         -14.857            9.091
 1937 (vir)     1           5.013          -2.385          -4.583         -10.380            8.425
 1938 (vir)     1           5.013          -3.015          -7.012         -14.056            9.042
 1939 (vir)     1           5.017          -3.097          -7.130         -14.251            9.041
 1940 (vir)     1           5.045          -2.512          -5.152         -11.198            8.579
 1941 (vir)     1           5.061          -4.820          -5.474         -14.916            9.682
 1942 (vir)     1           5.063          -3.005          -3.178          -9.468            8.348
 1943 (vir)     1           5.068          -2.291          -4.281          -9.999            8.494
 1944 (vir)     1           5.077          -2.491          -5.044         -11.190            8.731
 1945 (vir)     1           5.083          -2.635          -5.516         -11.925            8.857
 1946 (vir)     1           5.100          -4.816          -5.460         -14.909            9.732
 1947 (vir)     1           5.124          -2.496          -5.234         -11.425            8.819
 1948 (vir)     1           5.131          -4.884          -5.509         -15.044            9.781
 1949 (vir)     1           5.137          -2.245          -1.727          -6.244            7.409
 1950 (vir)     1           5.146          -2.568          -5.406         -11.963            9.135
 1951 (vir)     1           5.152          -4.842          -5.434         -14.885            9.761
 1952 (vir)     1           5.155          -3.076          -3.205          -9.555            8.429
 1953 (vir)     1           5.161          -2.704          -5.712         -12.301            9.046
 1954 (vir)     1           5.161          -1.754          -2.192          -6.568            7.783
 1955 (vir)     1           5.163          -4.919          -5.520         -15.092            9.817
 1956 (vir)     1           5.176          -1.963          -3.117          -7.925            8.022
 1957 (vir)     1           5.190          -2.634          -5.580         -12.330            9.305
 1958 (vir)     1           5.212          -3.039          -3.192          -9.553            8.535
 1959 (vir)     1           5.242          -2.748          -5.821         -12.547            9.220
 1960 (vir)     1           5.247          -2.645          -5.461         -12.211            9.351
 1961 (vir)     1           5.283          -2.226          -3.894          -9.451            8.613
 1962 (vir)     1           5.291          -1.967          -1.557          -5.882            7.650
 1963 (vir)     1           5.292          -1.913          -2.734          -7.489            8.135
 1964 (vir)     1           5.314          -2.310          -4.186         -10.041            8.859
 1965 (vir)     1           5.323          -3.145          -3.250          -9.722            8.650
 1966 (vir)     1           5.324          -2.763          -5.829         -12.616            9.349
 1967 (vir)     1           5.339          -3.020          -6.743         -14.010            9.587
 1968 (vir)     1           5.353          -3.108          -7.040         -14.375            9.580
 1969 (vir)     1           5.356          -2.873          -6.180         -13.303            9.606
 1970 (vir)     1           5.359          -3.100          -3.223          -9.681            8.717
 1971 (vir)     1           5.381          -3.008          -6.708         -13.957            9.622
 1972 (vir)     1           5.388          -2.736          -5.693         -12.475            9.434
 1973 (vir)     1           5.406          -2.771          -5.866         -12.607            9.375
 1974 (vir)     1           5.406          -2.915          -6.302         -13.581            9.771
 1975 (vir)     1           5.413          -2.366          -4.344         -10.099            8.802
 1976 (vir)     1           5.425          -2.730          -5.647         -12.279            9.327
 1977 (vir)     1           5.437          -2.306          -4.126          -9.825            8.829
 1978 (vir)     1           5.450          -3.006          -6.629         -14.105            9.920
 1979 (vir)     1           5.452          -1.893          -1.514          -5.821            7.865
 1980 (vir)     1           5.452          -3.006          -6.655         -13.848            9.639
 1981 (vir)     1           5.454          -2.886          -6.176         -13.018            9.410
 1982 (vir)     1           5.457          -2.976          -6.449         -13.173            9.206
 1983 (vir)     1           5.463          -2.929          -6.366         -13.150            9.317
 1984 (vir)     1           5.466          -2.988          -6.575         -13.539            9.442
 1985 (vir)     1           5.474          -3.043          -6.695         -13.944            9.681
 1986 (vir)     1           5.476          -3.028          -6.664         -13.771            9.556
 1987 (vir)     1           5.479          -2.932          -6.429         -13.610            9.728
 1988 (vir)     1           5.485          -3.036          -6.698         -13.874            9.625
 1989 (vir)     1           5.487          -3.087          -6.763         -14.479           10.115
 1990 (vir)     1           5.493          -3.230          -3.293          -9.890            8.860
 1991 (vir)     1           5.494          -3.040          -6.726         -13.991            9.720
 1992 (vir)     1           5.494          -3.189          -6.878         -14.898           10.326
 1993 (vir)     1           5.495          -3.142          -7.081         -14.930           10.203
 1994 (vir)     1           5.497          -2.588          -5.107         -11.342            9.144
 1995 (vir)     1           5.504          -3.017          -6.671         -13.777            9.592
 1996 (vir)     1           5.507          -3.185          -3.286          -9.884            8.920
 1997 (vir)     1           5.512          -3.033          -6.777         -13.967            9.669
 1998 (vir)     1           5.515          -2.993          -6.607         -13.587            9.501
 1999 (vir)     1           5.529          -2.986          -6.593         -13.542            9.492
 2000 (vir)     1           5.534          -3.160          -7.126         -15.037           10.285
 2001 (vir)     1           5.539          -2.898          -6.278         -13.114            9.477
 2002 (vir)     1           5.543          -2.271          -3.950          -9.485            8.808
 2003 (vir)     1           5.548          -2.897          -6.269         -13.117            9.499
 2004 (vir)     1           5.555          -3.011          -6.633         -14.128           10.039
 2005 (vir)     1           5.557          -2.972          -6.490         -13.379            9.474
 2006 (vir)     1           5.557          -2.977          -6.549         -13.531            9.563
 2007 (vir)     1           5.582          -2.893          -6.205         -13.335            9.819
 2008 (vir)     1           5.583          -2.801          -6.172         -12.867            9.476
 2009 (vir)     1           5.587          -2.794          -6.101         -12.753            9.446
 2010 (vir)     1           5.593          -3.118          -6.977         -14.820           10.318
 2011 (vir)     1           5.618          -1.915          -1.471          -5.760            7.992
 2012 (vir)     1           5.630          -3.099          -6.852         -14.645           10.324
 2013 (vir)     1           5.633          -2.887          -6.280         -13.517            9.984
 2014 (vir)     1           5.655          -3.306          -3.381         -10.170            9.138
 2015 (vir)     1           5.656          -2.449          -4.888         -10.826            9.146
 2016 (vir)     1           5.664          -3.316          -3.338         -10.066            9.076
 2017 (vir)     1           5.669          -3.065          -6.691         -14.384           10.297
 2018 (vir)     1           5.670          -2.858          -6.199         -13.445           10.058
 2019 (vir)     1           5.678          -2.298          -4.293          -9.960            9.048
 2020 (vir)     1           5.695          -2.703          -5.568         -12.217            9.641
 2021 (vir)     1           5.697          -3.080          -6.721         -14.514           10.411
 2022 (vir)     1           5.705          -3.087          -6.719         -13.873            9.772
 2023 (vir)     1           5.707          -3.129          -6.745         -14.583           10.416
 2024 (vir)     1           5.708          -3.090          -6.708         -13.860            9.770
 2025 (vir)     1           5.727          -2.862          -6.024         -12.689            9.530
 2026 (vir)     1           5.728          -2.677          -5.385         -11.677            9.342
 2027 (vir)     1           5.738          -2.772          -5.690         -12.116            9.392
 2028 (vir)     1           5.739          -2.981          -6.397         -13.338            9.699
 2029 (vir)     1           5.740          -2.362          -4.159          -9.733            8.952
 2030 (vir)     1           5.744          -2.659          -5.264         -11.611            9.432
 2031 (vir)     1           5.769          -2.916          -6.173         -12.979            9.660
 2032 (vir)     1           5.770          -2.639          -5.150         -11.287            9.268
 2033 (vir)     1           5.774          -2.816          -5.893         -12.521            9.586
 2034 (vir)     1           5.779          -2.880          -6.156         -12.928            9.671
 2035 (vir)     1           5.785          -2.772          -5.685         -12.150            9.478
 2036 (vir)     1           5.792          -1.937          -1.426          -5.693            8.122
 2037 (vir)     1           5.794          -2.773          -5.599         -12.046            9.468
 2038 (vir)     1           5.794          -2.849          -5.920         -12.575            9.601
 2039 (vir)     1           5.806          -3.451          -3.494         -10.506            9.367
 2040 (vir)     1           5.823          -2.805          -5.739         -12.364            9.642
 2041 (vir)     1           5.830          -2.750          -5.768         -12.275            9.586
 2042 (vir)     1           5.835          -2.235          -3.703          -9.219            9.116
 2043 (vir)     1           5.836          -3.413          -3.397         -10.278            9.304
 2044 (vir)     1           5.845          -2.727          -5.276         -11.989            9.830
 2045 (vir)     1           5.851          -2.954          -6.343         -13.329            9.883
 2046 (vir)     1           5.851          -2.500          -4.481         -10.559            9.429
 2047 (vir)     1           5.856          -2.758          -5.540         -12.045            9.602
 2048 (vir)     1           5.881          -2.779          -5.837         -12.395            9.660
 2049 (vir)     1           5.886          -2.763          -5.452         -12.249            9.920
 2050 (vir)     1           5.891          -2.839          -5.847         -12.483            9.687
 2051 (vir)     1           5.899          -2.490          -4.426         -10.490            9.473
 2052 (vir)     1           5.923          -2.913          -6.180         -13.077            9.908
 2053 (vir)     1           5.930          -2.807          -5.913         -12.529            9.738
 2054 (vir)     1           5.930          -2.945          -6.217         -13.022            9.790
 2055 (vir)     1           5.931          -2.635          -4.967         -11.258            9.587
 2056 (vir)     1           5.934          -2.655          -5.089         -11.692            9.882
 2057 (vir)     1           5.938          -2.810          -5.750         -12.156            9.534
 2058 (vir)     1           5.959          -3.600          -3.597         -10.824            9.586
 2059 (vir)     1           5.961          -2.778          -5.683         -12.067            9.567
 2060 (vir)     1           5.974          -1.898          -1.379          -5.621            8.319
 2061 (vir)     1           5.978          -2.852          -5.981         -12.687            9.833
 2062 (vir)     1           5.984          -2.791          -5.337         -12.086            9.943
 2063 (vir)     1           5.987          -2.188          -3.342          -8.588            9.044
 2064 (vir)     1           5.988          -2.885          -6.157         -12.976            9.921
 2065 (vir)     1           6.008          -3.551          -3.501         -10.600            9.555
 2066 (vir)     1           6.010          -2.459          -4.345         -10.373            9.578
 2067 (vir)     1           6.017          -2.827          -5.954         -12.594            9.830
 2068 (vir)     1           6.020          -2.481          -4.306         -10.264            9.498
 2069 (vir)     1           6.028          -2.837          -5.990         -12.710            9.911
 2070 (vir)     1           6.029          -2.807          -5.944         -12.654            9.932
 2071 (vir)     1           6.046          -2.802          -5.934         -12.627            9.937
 2072 (vir)     1           6.047          -2.830          -5.373         -12.159           10.002
 2073 (vir)     1           6.060          -2.719          -5.667         -12.182            9.855
 2074 (vir)     1           6.068          -2.680          -4.872         -11.244            9.760
 2075 (vir)     1           6.088          -2.752          -5.732         -12.398           10.002
 2076 (vir)     1           6.094          -2.861          -6.036         -12.883           10.079
 2077 (vir)     1           6.111          -2.281          -3.738          -9.372            9.464
 2078 (vir)     1           6.114          -3.702          -3.642         -11.006            9.776
 2079 (vir)     1           6.120          -2.690          -5.499         -11.970            9.901
 2080 (vir)     1           6.145          -2.039          -2.829          -7.886            9.163
 2081 (vir)     1           6.159          -2.511          -4.880         -11.026            9.794
 2082 (vir)     1           6.165          -1.871          -1.328          -5.543            8.509
 2083 (vir)     1           6.172          -3.036          -6.419         -13.776           10.492
 2084 (vir)     1           6.177          -3.785          -3.715         -11.192            9.869
 2085 (vir)     1           6.201          -2.156          -3.333          -8.718            9.431
 2086 (vir)     1           6.231          -2.275          -4.071          -9.792            9.677
 2087 (vir)     1           6.237          -2.888          -6.147         -13.299           10.501
 2088 (vir)     1           6.255          -2.808          -5.859         -12.731           10.318
 2089 (vir)     1           6.256          -2.476          -4.302         -10.483            9.961
 2090 (vir)     1           6.264          -3.165          -6.766         -14.330           10.663
 2091 (vir)     1           6.271          -3.691          -3.550         -10.860            9.891
 2092 (vir)     1           6.294          -3.012          -6.286         -13.550           10.546
 2093 (vir)     1           6.304          -3.040          -6.424         -13.762           10.603
 2094 (vir)     1           6.329          -1.884          -2.336          -7.044            9.153
 2095 (vir)     1           6.339          -2.677          -5.211         -11.780           10.231
 2096 (vir)     1           6.340          -2.578          -4.544         -10.951           10.168
 2097 (vir)     1           6.340          -4.165          -4.090         -12.182           10.267
 2098 (vir)     1           6.365          -1.877          -1.275          -5.459            8.672
 2099 (vir)     1           6.375          -2.430          -4.348         -10.283            9.880
 2100 (vir)     1           6.386          -3.140          -6.486         -14.038           10.799
 2101 (vir)     1           6.416          -3.031          -6.293         -13.608           10.700
 2102 (vir)     1           6.433          -2.496          -4.125         -10.276           10.089
 2103 (vir)     1           6.435          -3.530          -3.265         -10.240            9.880
 2104 (vir)     1           6.466          -2.151          -3.119          -8.454            9.650
 2105 (vir)     1           6.480          -3.067          -6.250         -13.664           10.827
 2106 (vir)     1           6.491          -4.561          -4.487         -13.236           10.679
 2107 (vir)     1           6.510          -3.146          -6.501         -14.051           10.914
 2108 (vir)     1           6.518          -2.214          -3.510          -8.965            9.760
 2109 (vir)     1           6.545          -2.298          -3.391          -9.047            9.903
 2110 (vir)     1           6.569          -2.580          -4.446         -10.786           10.330
 2111 (vir)     1           6.577          -1.868          -1.221          -5.372            8.859
 2112 (vir)     1           6.577          -2.836          -5.489         -12.431           10.683
 2113 (vir)     1           6.608          -3.315          -2.944          -9.522            9.872
 2114 (vir)     1           6.610          -3.143          -6.322         -13.930           11.075
 2115 (vir)     1           6.614          -3.156          -6.438         -13.994           11.014
 2116 (vir)     1           6.625          -3.107          -6.122         -13.603           10.999
 2117 (vir)     1           6.628          -4.873          -4.744         -13.952           10.963
 2118 (vir)     1           6.644          -2.621          -4.529         -10.948           10.441
 2119 (vir)     1           6.648          -2.979          -5.900         -13.122           10.891
 2120 (vir)     1           6.666          -2.869          -5.393         -12.441           10.845
 2121 (vir)     1           6.705          -2.695          -4.911         -11.520           10.619
 2122 (vir)     1           6.707          -2.984          -5.578         -12.744           10.889
 2123 (vir)     1           6.722          -2.887          -5.379         -12.521           10.977
 2124 (vir)     1           6.735          -2.472          -4.238         -10.243           10.267
 2125 (vir)     1           6.741          -3.041          -6.094         -13.526           11.133
 2126 (vir)     1           6.753          -5.070          -4.855         -14.309           11.136
 2127 (vir)     1           6.769          -2.900          -5.282         -12.424           11.011
 2128 (vir)     1           6.775          -3.040          -5.735         -12.999           10.998
 2129 (vir)     1           6.790          -3.021          -5.386         -12.777           11.160
 2130 (vir)     1           6.790          -3.435          -2.970          -9.651           10.036
 2131 (vir)     1           6.801          -1.830          -1.165          -5.282            9.088
 2132 (vir)     1           6.826          -3.201          -6.388         -14.008           11.246
 2133 (vir)     1           6.828          -3.029          -6.022         -13.431           11.208
 2134 (vir)     1           6.833          -3.173          -6.195         -13.834           11.298
 2135 (vir)     1           6.868          -2.786          -4.898         -11.572           10.757
 2136 (vir)     1           6.871          -5.061          -4.646         -13.874           11.038
 2137 (vir)     1           6.878          -2.622          -4.380         -10.501           10.376
 2138 (vir)     1           6.895          -2.838          -4.967         -11.615           10.706
 2139 (vir)     1           6.896          -2.845          -5.027         -11.744           10.768
 2140 (vir)     1           6.910          -1.971          -2.564          -7.506            9.881
 2141 (vir)     1           6.913          -3.040          -5.985         -13.366           11.254
 2142 (vir)     1           6.913          -2.857          -4.920         -11.622           10.758
 2143 (vir)     1           6.919          -3.121          -5.875         -13.294           11.217
 2144 (vir)     1           6.929          -3.001          -5.365         -12.433           10.996
 2145 (vir)     1           6.940          -3.214          -6.334         -14.018           11.410
 2146 (vir)     1           6.941          -3.010          -5.308         -12.330           10.953
 2147 (vir)     1           6.945          -5.378          -4.636         -13.863           10.795
 2148 (vir)     1           6.954          -3.050          -5.441         -12.555           11.018
 2149 (vir)     1           6.966          -3.046          -5.409         -12.495           11.006
 2150 (vir)     1           6.968          -2.771          -4.728         -11.243           10.713
 2151 (vir)     1           6.973          -3.096          -5.722         -12.975           11.130
 2152 (vir)     1           6.981          -3.117          -5.624         -12.826           11.066
 2153 (vir)     1           6.987          -3.018          -5.365         -12.400           11.004
 2154 (vir)     1           6.993          -2.753          -4.435         -10.562           10.367
 2155 (vir)     1           6.995          -3.060          -5.479         -12.545           11.001
 2156 (vir)     1           6.996          -3.133          -5.691         -12.929           11.100
 2157 (vir)     1           6.998          -3.107          -6.106         -13.562           11.346
 2158 (vir)     1           7.017          -3.439          -2.899          -9.590           10.270
 2159 (vir)     1           7.025          -3.107          -5.940         -13.490           11.468
 2160 (vir)     1           7.025          -3.046          -5.668         -12.988           11.299
 2161 (vir)     1           7.039          -1.832          -1.109          -5.192            9.291
 2162 (vir)     1           7.042          -2.713          -4.343         -10.399           10.384
 2163 (vir)     1           7.045          -6.093          -5.125         -15.165           10.991
 2164 (vir)     1           7.068          -3.059          -5.730         -13.166           11.445
 2165 (vir)     1           7.074          -2.379          -3.688          -9.519           10.525
 2166 (vir)     1           7.083          -2.292          -3.183          -8.687           10.295
 2167 (vir)     1           7.103          -3.251          -6.417         -14.062           11.496
 2168 (vir)     1           7.113          -2.963          -5.304         -12.372           11.218
 2169 (vir)     1           7.115          -2.724          -4.360         -10.440           10.471
 2170 (vir)     1           7.128          -5.841          -5.133         -15.250           11.404
 2171 (vir)     1           7.148          -2.853          -5.067         -11.942           11.169
 2172 (vir)     1           7.169          -2.933          -5.297         -12.378           11.317
 2173 (vir)     1           7.182          -2.925          -5.252         -12.333           11.338
 2174 (vir)     1           7.183          -5.270          -4.731         -14.256           11.439
 2175 (vir)     1           7.184          -2.616          -4.088         -10.270           10.750
 2176 (vir)     1           7.192          -2.929          -5.275         -12.371           11.358
 2177 (vir)     1           7.198          -2.751          -4.402         -10.544           10.589
 2178 (vir)     1           7.204          -2.712          -4.406         -10.836           10.922
 2179 (vir)     1           7.207          -2.921          -5.235         -12.286           11.338
 2180 (vir)     1           7.213          -2.932          -5.199         -12.142           11.223
 2181 (vir)     1           7.215          -3.159          -6.116         -13.675           11.615
 2182 (vir)     1           7.216          -2.987          -5.380         -12.382           11.230
 2183 (vir)     1           7.229          -3.074          -5.567         -12.704           11.291
 2184 (vir)     1           7.229          -2.943          -5.272         -12.240           11.254
 2185 (vir)     1           7.236          -3.584          -2.812          -9.461           10.300
 2186 (vir)     1           7.246          -2.948          -5.263         -12.292           11.328
 2187 (vir)     1           7.250          -5.773          -5.269         -15.675           11.883
 2188 (vir)     1           7.253          -2.863          -5.028         -11.893           11.253
 2189 (vir)     1           7.260          -2.846          -4.693         -11.250           10.971
 2190 (vir)     1           7.268          -2.812          -4.526         -10.822           10.752
 2191 (vir)     1           7.273          -2.600          -4.275         -10.514           10.912
 2192 (vir)     1           7.280          -2.635          -4.042         -10.264           10.867
 2193 (vir)     1           7.282          -3.008          -5.360         -12.423           11.337
 2194 (vir)     1           7.288          -2.991          -5.284         -12.294           11.307
 2195 (vir)     1           7.294          -1.775          -1.053          -5.104            9.570
 2196 (vir)     1           7.300          -5.687          -5.183         -15.503           11.932
 2197 (vir)     1           7.320          -2.868          -4.981         -11.848           11.319
 2198 (vir)     1           7.333          -5.812          -5.307         -15.834           12.049
 2199 (vir)     1           7.341          -2.966          -5.185         -12.162           11.353
 2200 (vir)     1           7.345          -2.768          -4.395         -10.943           11.125
 2201 (vir)     1           7.359          -5.843          -5.333         -15.926           12.109
 2202 (vir)     1           7.363          -3.202          -5.815         -13.192           11.538
 2203 (vir)     1           7.373          -5.864          -5.346         -15.969           12.133
 2204 (vir)     1           7.392          -2.928          -5.014         -11.902           11.352
 2205 (vir)     1           7.417          -2.912          -4.863         -11.759           11.401
 2206 (vir)     1           7.419          -2.051          -2.615          -7.701           10.455
 2207 (vir)     1           7.427          -2.947          -5.092         -12.010           11.398
 2208 (vir)     1           7.452          -2.945          -5.255         -12.309           11.561
 2209 (vir)     1           7.455          -3.099          -5.472         -12.675           11.559
 2210 (vir)     1           7.461          -2.714          -1.976          -7.380           10.152
 2211 (vir)     1           7.465          -2.934          -5.199         -12.204           11.537
 2212 (vir)     1           7.485          -3.026          -5.172         -12.189           11.476
 2213 (vir)     1           7.525          -3.026          -5.218         -12.404           11.685
 2214 (vir)     1           7.532          -2.907          -4.861         -11.654           11.419
 2215 (vir)     1           7.553          -3.063          -5.311         -12.429           11.608
 2216 (vir)     1           7.567          -1.740          -0.999          -5.021            9.850
 2217 (vir)     1           7.591          -3.143          -5.434         -12.669           11.683
 2218 (vir)     1           7.619          -3.082          -5.418         -12.763           11.882
 2219 (vir)     1           7.633          -2.208          -2.924          -8.331           10.833
 2220 (vir)     1           7.640          -2.916          -4.767         -11.519           11.476
 2221 (vir)     1           7.661          -3.107          -5.616         -13.018           11.956
 2222 (vir)     1           7.668          -3.091          -5.549         -12.903           11.932
 2223 (vir)     1           7.669          -2.946          -4.924         -11.748           11.547
 2224 (vir)     1           7.689          -3.060          -5.529         -12.960           12.059
 2225 (vir)     1           7.693          -2.711          -1.997          -7.373           10.358
 2226 (vir)     1           7.715          -3.178          -5.400         -12.737           11.874
 2227 (vir)     1           7.740          -3.075          -5.405         -12.669           11.929
 2228 (vir)     1           7.741          -3.116          -5.466         -12.715           11.875
 2229 (vir)     1           7.742          -3.071          -5.548         -13.049           12.172
 2230 (vir)     1           7.748          -2.965          -4.813         -11.612           11.581
 2231 (vir)     1           7.788          -3.070          -5.533         -13.079           12.264
 2232 (vir)     1           7.788          -3.236          -5.603         -12.960           11.909
 2233 (vir)     1           7.824          -3.056          -4.930         -12.039           11.876
 2234 (vir)     1           7.834          -3.117          -5.396         -12.728           12.049
 2235 (vir)     1           7.839          -2.789          -4.287         -10.704           11.466
 2236 (vir)     1           7.847          -3.106          -5.358         -12.477           11.859
 2237 (vir)     1           7.860          -1.700          -0.946          -4.945           10.159
 2238 (vir)     1           7.870          -2.946          -2.875          -9.297           11.345
 2239 (vir)     1           7.873          -2.328          -3.170          -8.764           11.139
 2240 (vir)     1           7.901          -3.210          -5.306         -12.418           11.802
 2241 (vir)     1           7.933          -3.188          -5.508         -13.011           12.248
 2242 (vir)     1           7.934          -3.103          -5.312         -12.447           11.966
 2243 (vir)     1           7.958          -3.269          -5.366         -12.492           11.815
 2244 (vir)     1           7.960          -3.345          -5.773         -13.373           12.214
 2245 (vir)     1           7.960          -3.115          -3.058          -9.768           11.554
 2246 (vir)     1           7.971          -3.221          -5.594         -13.178           12.334
 2247 (vir)     1           7.973          -3.223          -5.543         -13.133           12.339
 2248 (vir)     1           7.997          -3.159          -5.432         -12.863           12.268
 2249 (vir)     1           8.002          -3.279          -5.693         -13.293           12.324
 2250 (vir)     1           8.011          -3.156          -5.378         -12.757           12.233
 2251 (vir)     1           8.038          -3.191          -5.463         -13.024           12.407
 2252 (vir)     1           8.041          -3.154          -5.365         -12.789           12.310
 2253 (vir)     1           8.046          -3.011          -5.168         -12.427           12.294
 2254 (vir)     1           8.056          -2.927          -4.822         -11.740           12.048
 2255 (vir)     1           8.093          -3.021          -5.104         -12.350           12.319
 2256 (vir)     1           8.096          -2.340          -3.120          -8.825           11.461
 2257 (vir)     1           8.104          -2.723          -2.002          -7.492           10.870
 2258 (vir)     1           8.134          -3.527          -6.248         -14.202           12.562
 2259 (vir)     1           8.153          -3.139          -5.277         -12.656           12.394
 2260 (vir)     1           8.172          -1.668          -0.895          -4.877           10.486
 2261 (vir)     1           8.196          -3.026          -4.955         -12.153           12.368
 2262 (vir)     1           8.245          -3.024          -5.054         -12.120           12.287
 2263 (vir)     1           8.266          -3.166          -5.565         -13.101           12.636
 2264 (vir)     1           8.283          -2.374          -3.194          -8.905           11.620
 2265 (vir)     1           8.284          -3.575          -6.212         -14.224           12.720
 2266 (vir)     1           8.309          -3.137          -5.389         -12.958           12.740
 2267 (vir)     1           8.345          -3.064          -4.902         -12.055           12.434
 2268 (vir)     1           8.348          -3.614          -6.172         -13.702           12.264
 2269 (vir)     1           8.371          -3.402          -5.655         -13.104           12.417
 2270 (vir)     1           8.372          -3.793          -6.604         -15.014           12.990
 2271 (vir)     1           8.377          -2.180          -1.361          -6.070           10.906
 2272 (vir)     1           8.394          -3.625          -6.193         -13.811           12.386
 2273 (vir)     1           8.397          -3.000          -4.823         -11.890           12.464
 2274 (vir)     1           8.411          -2.685          -4.086         -10.451           12.091
 2275 (vir)     1           8.420          -3.431          -5.806         -13.541           12.724
 2276 (vir)     1           8.426          -3.460          -5.829         -13.470           12.607
 2277 (vir)     1           8.460          -3.351          -5.611         -13.349           12.847
 2278 (vir)     1           8.468          -3.601          -6.099         -13.806           12.575
 2279 (vir)     1           8.500          -3.666          -6.186         -14.386           13.035
 2280 (vir)     1           8.503          -1.629          -0.846          -4.815           10.843
 2281 (vir)     1           8.506          -2.861          -4.395         -11.081           12.331
 2282 (vir)     1           8.511          -3.465          -5.878         -13.624           12.792
 2283 (vir)     1           8.535          -2.810          -4.153         -10.652           12.224
 2284 (vir)     1           8.543          -3.295          -5.543         -13.304           13.008
 2285 (vir)     1           8.546          -3.213          -5.135         -12.408           12.606
 2286 (vir)     1           8.572          -3.347          -5.635         -13.382           12.972
 2287 (vir)     1           8.595          -3.372          -5.610         -13.210           12.822
 2288 (vir)     1           8.614          -3.419          -5.758         -13.554           12.990
 2289 (vir)     1           8.622          -3.187          -5.164         -12.642           12.913
 2290 (vir)     1           8.641          -2.931          -4.350         -11.096           12.455
 2291 (vir)     1           8.643          -3.128          -5.012         -12.365           12.868
 2292 (vir)     1           8.645          -3.603          -5.924         -14.016           13.135
 2293 (vir)     1           8.677          -3.417          -5.690         -13.352           12.921
 2294 (vir)     1           8.684          -3.274          -5.183         -12.538           12.764
 2295 (vir)     1           8.691          -3.115          -5.023         -12.440           12.994
 2296 (vir)     1           8.700          -3.169          -5.128         -12.562           12.966
 2297 (vir)     1           8.713          -1.990          -1.142          -5.597           11.177
 2298 (vir)     1           8.714          -3.468          -5.826         -13.666           13.085
 2299 (vir)     1           8.720          -2.861          -4.275         -11.092           12.675
 2300 (vir)     1           8.764          -3.125          -5.004         -12.402           13.037
 2301 (vir)     1           8.771          -3.145          -5.088         -12.397           12.934
 2302 (vir)     1           8.773          -2.820          -3.955         -10.396           12.393
 2303 (vir)     1           8.774          -2.775          -3.709         -10.024           12.314
 2304 (vir)     1           8.792          -3.501          -5.872         -14.097           13.516
 2305 (vir)     1           8.795          -3.469          -5.508         -13.324           13.142
 2306 (vir)     1           8.807          -3.321          -5.214         -12.658           12.929
 2307 (vir)     1           8.821          -3.355          -5.534         -13.197           13.129
 2308 (vir)     1           8.822          -2.944          -4.149         -10.725           12.454
 2309 (vir)     1           8.845          -1.585          -0.796          -4.755           11.218
 2310 (vir)     1           8.850          -3.277          -5.368         -13.094           13.299
 2311 (vir)     1           8.853          -2.950          -4.195         -10.751           12.458
 2312 (vir)     1           8.867          -3.278          -5.287         -12.866           13.168
 2313 (vir)     1           8.891          -3.161          -4.774         -11.867           12.823
 2314 (vir)     1           8.901          -2.820          -4.099         -10.631           12.613
 2315 (vir)     1           8.907          -3.074          -4.519         -11.261           12.575
 2316 (vir)     1           8.920          -2.962          -4.595         -11.405           12.769
 2317 (vir)     1           8.922          -3.210          -4.852         -11.861           12.721
 2318 (vir)     1           8.951          -3.517          -5.510         -13.395           13.318
 2319 (vir)     1           8.959          -3.291          -4.986         -12.171           12.853
 2320 (vir)     1           8.972          -3.199          -4.814         -11.730           12.690
 2321 (vir)     1           8.981          -3.629          -6.055         -14.268           13.565
 2322 (vir)     1           8.987          -3.327          -5.117         -12.456           12.999
 2323 (vir)     1           9.005          -3.281          -4.988         -11.961           12.697
 2324 (vir)     1           9.006          -3.251          -4.925         -11.836           12.665
 2325 (vir)     1           9.013          -2.818          -4.249         -10.681           12.627
 2326 (vir)     1           9.048          -2.815          -3.996         -10.459           12.697
 2327 (vir)     1           9.049          -3.686          -5.775         -13.929           13.516
 2328 (vir)     1           9.076          -3.609          -6.095         -14.284           13.657
 2329 (vir)     1           9.084          -3.544          -5.834         -13.838           13.545
 2330 (vir)     1           9.090          -1.881          -1.018          -5.349           11.540
 2331 (vir)     1           9.103          -3.690          -5.764         -13.977           13.627
 2332 (vir)     1           9.112          -4.458          -7.598         -16.832           13.887
 2333 (vir)     1           9.114          -3.888          -6.182         -14.702           13.747
 2334 (vir)     1           9.119          -2.907          -4.424         -11.101           12.889
 2335 (vir)     1           9.129          -3.509          -5.751         -13.735           13.604
 2336 (vir)     1           9.162          -4.377          -7.360         -16.493           13.917
 2337 (vir)     1           9.173          -4.225          -6.874         -15.913           13.988
 2338 (vir)     1           9.179          -3.191          -5.012         -12.316           13.292
 2339 (vir)     1           9.183          -1.538          -0.746          -4.692           11.590
 2340 (vir)     1           9.192          -3.405          -5.485         -13.427           13.730
 2341 (vir)     1           9.220          -3.319          -5.284         -12.819           13.436
 2342 (vir)     1           9.220          -4.355          -7.241         -16.351           13.976
 2343 (vir)     1           9.229          -4.301          -7.037         -16.138           14.030
 2344 (vir)     1           9.246          -3.464          -5.597         -13.519           13.703
 2345 (vir)     1           9.258          -3.517          -5.312         -13.230           13.659
 2346 (vir)     1           9.264          -2.941          -4.464         -11.213           13.073
 2347 (vir)     1           9.266          -4.367          -7.208         -16.332           14.023
 2348 (vir)     1           9.269          -4.350          -7.145         -16.265           14.038
 2349 (vir)     1           9.329          -3.411          -5.528         -13.482           13.872
 2350 (vir)     1           9.356          -3.532          -5.770         -13.788           13.842
 2351 (vir)     1           9.373          -3.130          -4.881         -12.226           13.588
 2352 (vir)     1           9.403          -3.513          -5.242         -13.140           13.788
 2353 (vir)     1           9.443          -3.725          -6.047         -14.442           14.113
 2354 (vir)     1           9.446          -3.549          -5.608         -13.425           13.714
 2355 (vir)     1           9.447          -3.707          -5.983         -14.364           14.120
 2356 (vir)     1           9.453          -3.039          -4.581         -11.558           13.391
 2357 (vir)     1           9.484          -3.477          -5.435         -13.302           13.873
 2358 (vir)     1           9.500          -1.506          -0.708          -4.648           11.934
 2359 (vir)     1           9.505          -1.817          -0.935          -5.208           11.960
 2360 (vir)     1           9.505          -3.332          -5.153         -12.742           13.762
 2361 (vir)     1           9.518          -3.604          -5.813         -14.237           14.338
 2362 (vir)     1           9.551          -3.299          -5.042         -12.557           13.766
 2363 (vir)     1           9.551          -3.476          -5.051         -12.889           13.913
 2364 (vir)     1           9.563          -3.486          -5.437         -13.241           13.881
 2365 (vir)     1           9.592          -3.103          -4.765         -12.172           13.896
 2366 (vir)     1           9.611          -3.064          -4.647         -11.989           13.888
 2367 (vir)     1           9.676          -3.578          -5.606         -13.624           14.116
 2368 (vir)     1           9.682          -3.642          -5.752         -13.899           14.187
 2369 (vir)     1           9.683          -3.424          -4.911         -12.592           13.940
 2370 (vir)     1           9.717          -3.670          -5.834         -14.416           14.629
 2371 (vir)     1           9.733          -3.204          -4.838         -11.955           13.647
 2372 (vir)     1           9.740          -3.233          -4.858         -12.083           13.732
 2373 (vir)     1           9.811          -1.515          -0.704          -4.674           12.266
 2374 (vir)     1           9.815          -3.435          -4.827         -12.542           14.095
 2375 (vir)     1           9.830          -3.635          -5.653         -13.793           14.334
 2376 (vir)     1           9.837          -3.655          -5.674         -13.751           14.259
 2377 (vir)     1           9.884          -3.834          -6.095         -15.103           15.057
 2378 (vir)     1           9.915          -3.435          -4.818         -12.347           14.010
 2379 (vir)     1           9.954          -1.785          -0.879          -5.140           12.430
 2380 (vir)     1           9.970          -3.546          -5.188         -12.579           13.815
 2381 (vir)     1           9.987          -3.674          -5.608         -13.034           13.738
 2382 (vir)     1           9.990          -3.678          -5.650         -13.856           14.518
 2383 (vir)     1           9.997          -3.742          -5.861         -13.320           13.713
 2384 (vir)     1          10.000          -3.714          -5.704         -13.894           14.476
 2385 (vir)     1          10.010          -3.789          -6.050         -13.526           13.697
 2386 (vir)     1          10.028          -3.828          -6.213         -13.698           13.685
 2387 (vir)     1          10.033          -3.955          -6.244         -15.506           15.338
 2388 (vir)     1          10.056          -3.849          -6.299         -13.802           13.710
 2389 (vir)     1          10.073          -3.725          -5.550         -13.424           14.222
 2390 (vir)     1          10.075          -3.718          -5.500         -13.425           14.283
 2391 (vir)     1          10.097          -3.693          -5.466         -13.334           14.273
 2392 (vir)     1          10.098          -3.755          -5.860         -13.449           13.931
 2393 (vir)     1          10.106          -3.704          -5.650         -13.381           14.133
 2394 (vir)     1          10.129          -3.619          -5.264         -13.003           14.249
 2395 (vir)     1          10.135          -3.635          -5.236         -13.159           14.423
 2396 (vir)     1          10.152          -3.705          -5.598         -13.804           14.653
 2397 (vir)     1          10.160          -1.579          -0.724          -4.765           12.623
 2398 (vir)     1          10.162          -3.606          -5.215         -13.048           14.388
 2399 (vir)     1          10.166          -3.721          -5.834         -13.313           13.924
 2400 (vir)     1          10.168          -3.784          -5.768         -14.117           14.733
 2401 (vir)     1          10.175          -3.575          -5.212         -12.865           14.253
 2402 (vir)     1          10.200          -3.519          -4.946         -12.592           14.326
 2403 (vir)     1          10.211          -3.541          -4.936         -12.748           14.483
 2404 (vir)     1          10.231          -3.555          -5.021         -12.929           14.585
 2405 (vir)     1          10.237          -3.478          -4.796         -12.357           14.319
 2406 (vir)     1          10.250          -3.732          -5.932         -13.397           13.982
 2407 (vir)     1          10.252          -3.462          -4.754         -12.325           14.360
 2408 (vir)     1          10.257          -3.452          -4.685         -12.189           14.309
 2409 (vir)     1          10.274          -4.111          -6.494         -14.874           14.544
 2410 (vir)     1          10.276          -4.153          -6.584         -15.006           14.545
 2411 (vir)     1          10.297          -3.623          -5.122         -13.383           14.935
 2412 (vir)     1          10.319          -4.055          -6.429         -14.699           14.534
 2413 (vir)     1          10.320          -3.689          -5.550         -13.715           14.795
 2414 (vir)     1          10.320          -3.750          -5.583         -13.849           14.836
 2415 (vir)     1          10.332          -4.162          -6.606         -15.051           14.615
 2416 (vir)     1          10.339          -3.831          -6.016         -13.741           14.233
 2417 (vir)     1          10.358          -3.622          -5.093         -13.377           15.019
 2418 (vir)     1          10.378          -4.043          -6.405         -14.656           14.586
 2419 (vir)     1          10.408          -3.283          -4.789         -12.117           14.452
 2420 (vir)     1          10.410          -3.682          -5.289         -13.539           14.978
 2421 (vir)     1          10.412          -4.214          -6.695         -15.230           14.733
 2422 (vir)     1          10.421          -3.987          -6.229         -14.288           14.492
 2423 (vir)     1          10.434          -1.784          -0.844          -5.132           12.938
 2424 (vir)     1          10.452          -3.648          -5.216         -13.423           15.009
 2425 (vir)     1          10.474          -3.144          -4.430         -11.388           14.287
 2426 (vir)     1          10.482          -3.799          -5.752         -13.820           14.752
 2427 (vir)     1          10.483          -3.925          -6.219         -14.269           14.608
 2428 (vir)     1          10.496          -3.919          -5.852         -14.530           15.254
 2429 (vir)     1          10.523          -3.563          -5.079         -13.114           14.995
 2430 (vir)     1          10.562          -3.842          -5.679         -14.044           15.085
 2431 (vir)     1          10.569          -1.650          -0.743          -4.875           13.051
 2432 (vir)     1          10.583          -3.692          -5.375         -13.533           15.049
 2433 (vir)     1          10.598          -3.572          -5.049         -13.096           15.074
 2434 (vir)     1          10.613          -3.834          -5.662         -14.029           15.145
 2435 (vir)     1          10.660          -3.614          -5.164         -13.267           15.148
 2436 (vir)     1          10.664          -3.985          -5.875         -14.268           15.073
 2437 (vir)     1          10.674          -3.891          -5.733         -14.126           15.176
 2438 (vir)     1          10.679          -4.001          -5.885         -14.730           15.524
 2439 (vir)     1          10.683          -3.496          -4.890         -12.778           15.076
 2440 (vir)     1          10.702          -3.875          -5.690         -13.746           14.884
 2441 (vir)     1          10.740          -4.007          -5.901         -14.545           15.378
 2442 (vir)     1          10.746          -4.016          -5.897         -14.425           15.258
 2443 (vir)     1          10.772          -3.426          -4.699         -12.374           15.021
 2444 (vir)     1          10.782          -4.098          -6.054         -15.414           16.044
 2445 (vir)     1          10.800          -4.062          -5.867         -14.448           15.319
 2446 (vir)     1          10.807          -3.848          -5.322         -13.555           15.192
 2447 (vir)     1          10.809          -3.644          -4.912         -12.860           15.114
 2448 (vir)     1          10.813          -3.719          -5.391         -13.309           15.011
 2449 (vir)     1          10.835          -3.430          -4.490         -12.069           14.984
 2450 (vir)     1          10.848          -3.970          -5.778         -14.670           15.769
 2451 (vir)     1          10.895          -3.845          -5.516         -13.648           15.183
 2452 (vir)     1          10.919          -3.390          -2.286         -10.214           15.457
 2453 (vir)     1          10.927          -3.390          -2.287         -10.220           15.469
 2454 (vir)     1          10.928          -3.829          -5.577         -14.066           15.588
 2455 (vir)     1          10.928          -1.991          -1.000          -5.780           13.717
 2456 (vir)     1          10.938          -3.356          -2.258         -10.120           15.444
 2457 (vir)     1          10.953          -3.386          -2.287         -10.221           15.501
 2458 (vir)     1          10.976          -3.541          -4.836         -12.767           15.366
 2459 (vir)     1          10.977          -3.234          -2.155          -9.766           15.353
 2460 (vir)     1          10.984          -4.220          -6.124         -15.687           16.326
 2461 (vir)     1          10.995          -3.385          -2.288         -10.226           15.548
 2462 (vir)     1          11.016          -3.688          -5.121         -13.000           15.207
 2463 (vir)     1          11.023          -3.375          -2.276         -10.187           15.560
 2464 (vir)     1          11.025          -3.859          -5.270         -13.616           15.511
 2465 (vir)     1          11.026          -1.700          -0.755          -4.983           13.554
 2466 (vir)     1          11.040          -4.154          -6.140         -15.103           15.849
 2467 (vir)     1          11.052          -3.878          -5.417         -13.867           15.624
 2468 (vir)     1          11.053          -3.391          -2.290         -10.239           15.611
 2469 (vir)     1          11.080          -3.302          -4.265         -11.393           14.906
 2470 (vir)     1          11.086          -3.343          -4.642         -12.069           15.170
 2471 (vir)     1          11.088          -4.227          -6.101         -15.118           15.878
 2472 (vir)     1          11.088          -3.393          -2.290         -10.242           15.647
 2473 (vir)     1          11.103          -2.653          -3.183          -9.202           14.470
 2474 (vir)     1          11.108          -2.823          -3.460          -9.742           14.567
 2475 (vir)     1          11.120          -2.711          -3.079          -9.028           14.358
 2476 (vir)     1          11.125          -2.758          -3.267          -9.354           14.454
 2477 (vir)     1          11.127          -3.399          -2.291         -10.251           15.688
 2478 (vir)     1          11.130          -3.172          -3.967         -10.896           14.887
 2479 (vir)     1          11.142          -3.071          -3.970         -10.703           14.805
 2480 (vir)     1          11.142          -3.318          -4.509         -11.760           15.075
 2481 (vir)     1          11.148          -3.355          -4.326         -11.574           15.041
 2482 (vir)     1          11.171          -3.403          -2.292         -10.257           15.732
 2483 (vir)     1          11.176          -4.222          -6.009         -15.527           16.471
 2484 (vir)     1          11.184          -4.255          -6.045         -15.201           16.085
 2485 (vir)     1          11.218          -3.408          -2.292         -10.264           15.781
 2486 (vir)     1          11.239          -3.957          -5.405         -13.899           15.776
 2487 (vir)     1          11.248          -3.895          -5.393         -14.104           16.064
 2488 (vir)     1          11.270          -3.414          -2.293         -10.271           15.834
 2489 (vir)     1          11.281          -4.292          -6.097         -15.279           16.172
 2490 (vir)     1          11.290          -3.485          -4.554         -12.105           15.356
 2491 (vir)     1          11.326          -3.421          -2.292         -10.278           15.891
 2492 (vir)     1          11.345          -2.955          -3.503          -9.979           14.866
 2493 (vir)     1          11.345          -4.435          -6.380         -15.183           15.713
 2494 (vir)     1          11.352          -4.408          -6.304         -15.047           15.687
 2495 (vir)     1          11.361          -4.228          -5.948         -15.494           16.679
 2496 (vir)     1          11.373          -4.352          -6.086         -15.319           16.254
 2497 (vir)     1          11.387          -3.428          -2.292         -10.286           15.953
 2498 (vir)     1          11.391          -4.435          -6.403         -15.254           15.808
 2499 (vir)     1          11.392          -4.088          -5.481         -14.211           16.033
 2500 (vir)     1          11.418          -4.292          -6.035         -14.651           15.742
 2501 (vir)     1          11.436          -1.853          -0.821          -5.254           14.017
 2502 (vir)     1          11.445          -3.969          -5.472         -14.503           16.507
 2503 (vir)     1          11.451          -3.428          -2.286         -10.273           16.010
 2504 (vir)     1          11.463          -4.448          -6.426         -15.359           15.947
 2505 (vir)     1          11.473          -4.228          -5.861         -14.978           16.362
 2506 (vir)     1          11.489          -3.734          -4.920         -13.010           15.846
 2507 (vir)     1          11.501          -1.745          -0.766          -5.094           14.085
 2508 (vir)     1          11.508          -4.234          -5.857         -14.396           15.814
 2509 (vir)     1          11.520          -3.443          -2.291         -10.302           16.089
 2510 (vir)     1          11.523          -3.944          -5.162         -13.587           16.005
 2511 (vir)     1          11.540          -4.147          -5.625         -14.860           16.628
 2512 (vir)     1          11.556          -4.490          -6.456         -15.520           16.130
 2513 (vir)     1          11.564          -3.503          -4.360         -12.024           15.725
 2514 (vir)     1          11.572          -4.191          -5.718         -14.597           16.261
 2515 (vir)     1          11.584          -4.342          -5.976         -15.297           16.563
 2516 (vir)     1          11.594          -3.451          -2.290         -10.311           16.163
 2517 (vir)     1          11.613          -4.332          -5.959         -15.269           16.591
 2518 (vir)     1          11.618          -3.958          -5.560         -14.769           16.869
 2519 (vir)     1          11.619          -3.966          -5.295         -13.452           15.809
 2520 (vir)     1          11.645          -4.397          -6.054         -15.730           16.925
 2521 (vir)     1          11.650          -4.414          -6.167         -15.541           16.610
 2522 (vir)     1          11.671          -4.519          -6.445         -15.720           16.427
 2523 (vir)     1          11.671          -3.459          -2.289         -10.320           16.243
 2524 (vir)     1          11.672          -4.009          -5.215         -14.010           16.459
 2525 (vir)     1          11.704          -3.598          -4.488         -12.391           16.008
 2526 (vir)     1          11.709          -4.262          -5.832         -15.065           16.680
 2527 (vir)     1          11.745          -3.955          -5.268         -14.070           16.592
 2528 (vir)     1          11.753          -3.469          -2.288         -10.330           16.326
 2529 (vir)     1          11.771          -4.096          -5.542         -14.507           16.640
 2530 (vir)     1          11.771          -3.649          -4.604         -12.693           16.212
 2531 (vir)     1          11.785          -4.491          -6.378         -15.601           16.518
 2532 (vir)     1          11.786          -3.888          -5.487         -14.802           17.213
 2533 (vir)     1          11.834          -4.036          -5.418         -14.305           16.685
 2534 (vir)     1          11.840          -3.479          -2.287         -10.340           16.414
 2535 (vir)     1          11.844          -4.268          -5.760         -15.264           17.080
 2536 (vir)     1          11.873          -3.849          -4.973         -13.496           16.546
 2537 (vir)     1          11.875          -3.771          -4.920         -13.280           16.464
 2538 (vir)     1          11.881          -3.416          -4.173         -11.802           16.093
 2539 (vir)     1          11.897          -3.909          -5.069         -13.360           16.279
 2540 (vir)     1          11.898          -4.471          -6.106         -15.591           16.912
 2541 (vir)     1          11.915          -4.316          -5.690         -15.347           17.257
 2542 (vir)     1          11.918          -1.883          -0.812          -5.311           14.535
 2543 (vir)     1          11.931          -3.489          -2.285         -10.350           16.507
 2544 (vir)     1          11.941          -4.551          -6.256         -15.857           16.991
 2545 (vir)     1          11.953          -3.863          -5.041         -13.555           16.603
 2546 (vir)     1          11.964          -1.819          -0.776          -5.208           14.576
 2547 (vir)     1          11.975          -4.525          -5.916         -15.918           17.453
 2548 (vir)     1          12.009          -4.329          -5.503         -15.031           17.207
 2549 (vir)     1          12.026          -3.500          -2.283         -10.361           16.604
 2550 (vir)     1          12.027          -3.854          -4.845         -13.408           16.737
 2551 (vir)     1          12.034          -3.518          -4.277         -12.093           16.332
 2552 (vir)     1          12.036          -4.342          -5.786         -15.071           16.980
 2553 (vir)     1          12.054          -4.592          -6.229         -15.938           17.171
 2554 (vir)     1          12.086          -3.536          -4.341         -11.916           16.125
 2555 (vir)     1          12.101          -4.590          -6.094         -15.880           17.298
 2556 (vir)     1          12.126          -3.512          -2.281         -10.372           16.706
 2557 (vir)     1          12.182          -4.374          -5.759         -15.756           17.805
 2558 (vir)     1          12.187          -4.389          -5.748         -15.750           17.801
 2559 (vir)     1          12.231          -3.524          -2.278         -10.384           16.812
 2560 (vir)     1          12.251          -4.552          -6.339         -15.618           16.978
 2561 (vir)     1          12.273          -4.374          -5.874         -15.109           17.134
 2562 (vir)     1          12.313          -4.773          -6.505         -16.299           17.333
 2563 (vir)     1          12.315          -3.353          -3.931         -11.111           16.142
 2564 (vir)     1          12.340          -3.536          -2.276         -10.395           16.923
 2565 (vir)     1          12.348          -1.971          -0.814          -5.397           14.960
 2566 (vir)     1          12.374          -4.716          -6.377         -16.110           17.391
 2567 (vir)     1          12.376          -4.378          -5.838         -15.135           17.294
 2568 (vir)     1          12.380          -1.861          -0.788          -5.317           15.048
 2569 (vir)     1          12.453          -3.550          -2.273         -10.408           17.038
 2570 (vir)     1          12.500          -4.437          -5.834         -15.275           17.504
 2571 (vir)     1          12.503          -4.871          -6.663         -16.567           17.535
 2572 (vir)     1          12.524          -3.576          -4.294         -11.921           16.575
 2573 (vir)     1          12.536          -4.201          -5.236         -14.129           17.228
 2574 (vir)     1          12.565          -4.717          -6.058         -15.926           17.717
 2575 (vir)     1          12.571          -3.565          -2.270         -10.421           17.157
 2576 (vir)     1          12.590          -3.367          -4.074         -11.322           16.471
 2577 (vir)     1          12.593          -3.210          -3.597         -10.512           16.297
 2578 (vir)     1          12.606          -4.587          -5.821         -15.488           17.685
 2579 (vir)     1          12.641          -4.544          -5.903         -15.524           17.718
 2580 (vir)     1          12.682          -3.667          -4.589         -12.470           16.896
 2581 (vir)     1          12.684          -4.899          -6.625         -16.588           17.748
 2582 (vir)     1          12.692          -2.007          -0.819          -5.472           15.340
 2583 (vir)     1          12.694          -3.580          -2.266         -10.431           17.279
 2584 (vir)     1          12.711          -4.709          -5.953         -15.863           17.913
 2585 (vir)     1          12.712          -1.935          -0.800          -5.415           15.392
 2586 (vir)     1          12.743          -4.642          -5.833         -15.537           17.805
 2587 (vir)     1          12.758          -3.984          -5.073         -13.596           17.298
 2588 (vir)     1          12.800          -3.588          -2.220         -10.326           17.318
 2589 (vir)     1          12.807          -4.750          -6.022         -15.930           17.965
 2590 (vir)     1          12.807          -3.588          -2.222         -10.332           17.330
 2591 (vir)     1          12.814          -4.265          -5.480         -14.589           17.658
 2592 (vir)     1          12.818          -3.586          -2.222         -10.334           17.344
 2593 (vir)     1          12.820          -3.600          -2.265         -10.451           17.407
 2594 (vir)     1          12.829          -4.573          -5.683         -15.322           17.895
 2595 (vir)     1          12.831          -3.585          -2.224         -10.340           17.362
 2596 (vir)     1          12.848          -3.585          -2.225         -10.346           17.383
 2597 (vir)     1          12.851          -4.653          -5.950         -15.592           17.840
 2598 (vir)     1          12.853          -4.359          -5.609         -14.886           17.770
 2599 (vir)     1          12.868          -3.588          -2.226         -10.352           17.405
 2600 (vir)     1          12.874          -4.447          -5.715         -15.143           17.855
 2601 (vir)     1          12.874          -4.695          -6.016         -15.638           17.801
 2602 (vir)     1          12.892          -3.591          -2.228         -10.359           17.431
 2603 (vir)     1          12.894          -4.722          -5.975         -15.929           18.126
 2604 (vir)     1          12.895          -4.589          -5.766         -15.472           18.012
 2605 (vir)     1          12.914          -3.944          -4.704         -13.109           17.375
 2606 (vir)     1          12.915          -1.971          -0.819          -5.514           15.638
 2607 (vir)     1          12.917          -4.304          -5.278         -14.486           17.821
 2608 (vir)     1          12.919          -3.588          -2.224         -10.349           17.455
 2609 (vir)     1          12.922          -3.928          -4.641         -12.998           17.351
 2610 (vir)     1          12.927          -1.908          -0.811          -5.488           15.696
 2611 (vir)     1          12.935          -3.645          -2.270         -10.496           17.516
 2612 (vir)     1          12.951          -3.600          -2.231         -10.375           17.495
 2613 (vir)     1          12.967          -4.367          -5.419         -14.770           17.952
 2614 (vir)     1          12.976          -4.416          -5.444         -14.744           17.861
 2615 (vir)     1          12.986          -3.605          -2.232         -10.382           17.531
 2616 (vir)     1          12.998          -4.482          -5.591         -14.963           17.888
 2617 (vir)     1          13.015          -4.583          -5.776         -15.451           18.106
 2618 (vir)     1          13.023          -4.895          -6.261         -16.637           18.504
 2619 (vir)     1          13.025          -3.612          -2.234         -10.393           17.572
 2620 (vir)     1          13.031          -4.852          -6.199         -16.502           18.482
 2621 (vir)     1          13.050          -4.699          -5.865         -15.804           18.290
 2622 (vir)     1          13.069          -3.619          -2.235         -10.402           17.616
 2623 (vir)     1          13.095          -4.767          -6.156         -16.031           18.203
 2624 (vir)     1          13.095          -3.626          -2.254         -10.466           17.681
 2625 (vir)     1          13.101          -4.750          -6.088         -16.370           18.632
 2626 (vir)     1          13.116          -3.628          -2.237         -10.412           17.664
 2627 (vir)     1          13.117          -4.736          -6.065         -16.350           18.666
 2628 (vir)     1          13.129          -3.991          -4.686         -13.186           17.638
 2629 (vir)     1          13.168          -3.636          -2.238         -10.422           17.717
 2630 (vir)     1          13.170          -4.826          -5.947         -16.108           18.505
 2631 (vir)     1          13.189          -4.614          -5.932         -16.134           18.777
 2632 (vir)     1          13.219          -4.687          -5.928         -16.254           18.858
 2633 (vir)     1          13.224          -3.645          -2.238         -10.433           17.773
 2634 (vir)     1          13.232          -3.598          -4.076         -11.824           17.382
 2635 (vir)     1          13.235          -3.645          -2.251         -10.482           17.822
 2636 (vir)     1          13.260          -4.976          -6.424         -16.594           18.454
 2637 (vir)     1          13.283          -4.622          -5.875         -16.060           18.846
 2638 (vir)     1          13.285          -3.653          -2.239         -10.443           17.835
 2639 (vir)     1          13.301          -4.847          -5.902         -16.109           18.661
 2640 (vir)     1          13.307          -4.747          -5.696         -15.950           18.815
 2641 (vir)     1          13.350          -3.663          -2.239         -10.453           17.901
 2642 (vir)     1          13.369          -4.699          -5.547         -15.732           18.855
 2643 (vir)     1          13.380          -3.665          -2.247         -10.497           17.966
 2644 (vir)     1          13.393          -4.671          -5.700         -15.908           18.930
 2645 (vir)     1          13.395          -3.290          -3.504         -10.707           17.308
 2646 (vir)     1          13.412          -4.992          -6.350         -16.557           18.628
 2647 (vir)     1          13.418          -4.425          -5.598         -15.505           18.900
 2648 (vir)     1          13.418          -4.671          -5.637         -15.795           18.906
 2649 (vir)     1          13.420          -3.673          -2.239         -10.463           17.972
 2650 (vir)     1          13.429          -4.653          -5.372         -15.477           18.882
 2651 (vir)     1          13.430          -4.821          -5.800         -15.975           18.784
 2652 (vir)     1          13.467          -4.611          -5.764         -15.918           19.010
 2653 (vir)     1          13.495          -3.683          -2.238         -10.474           18.047
 2654 (vir)     1          13.530          -3.685          -2.243         -10.512           18.115
 2655 (vir)     1          13.531          -5.036          -6.323         -16.558           18.731
 2656 (vir)     1          13.533          -4.241          -5.458         -15.215           19.048
 2657 (vir)     1          13.544          -4.715          -5.805         -15.988           19.012
 2658 (vir)     1          13.553          -4.793          -5.684         -15.765           18.840
 2659 (vir)     1          13.572          -3.784          -4.376         -12.774           18.185
 2660 (vir)     1          13.574          -3.692          -2.237         -10.484           18.129
 2661 (vir)     1          13.631          -4.308          -5.077         -14.463           18.709
 2662 (vir)     1          13.651          -3.968          -4.949         -14.116           18.850
 2663 (vir)     1          13.659          -3.702          -2.236         -10.494           18.214
 2664 (vir)     1          13.671          -4.691          -5.489         -15.377           18.867
 2665 (vir)     1          13.685          -3.707          -2.238         -10.527           18.267
 2666 (vir)     1          13.689          -4.685          -5.569         -15.517           18.953
 2667 (vir)     1          13.733          -3.313          -3.923         -11.760           18.258
 2668 (vir)     1          13.748          -3.713          -2.234         -10.504           18.305
 2669 (vir)     1          13.753          -3.553          -3.705         -11.392           17.887
 2670 (vir)     1          13.772          -4.062          -5.086         -14.489           19.114
 2671 (vir)     1          13.773          -3.534          -3.625         -11.230           17.843
 2672 (vir)     1          13.806          -4.769          -5.616         -15.871           19.292
 2673 (vir)     1          13.843          -3.724          -2.232         -10.514           18.400
 2674 (vir)     1          13.845          -3.728          -2.234         -10.542           18.425
 2675 (vir)     1          13.848          -4.763          -5.555         -15.712           19.242
 2676 (vir)     1          13.855          -4.226          -4.832         -13.998           18.795
 2677 (vir)     1          13.857          -4.944          -5.796         -16.300           19.417
 2678 (vir)     1          13.901          -4.461          -5.148         -14.793           19.086
 2679 (vir)     1          13.927          -4.462          -5.249         -14.933           19.149
 2680 (vir)     1          13.937          -3.709          -3.751         -11.681           18.159
 2681 (vir)     1          13.941          -3.643          -3.778         -11.679           18.200
 2682 (vir)     1          13.943          -3.735          -2.230         -10.524           18.502
 2683 (vir)     1          13.994          -4.843          -5.570         -15.854           19.436
 2684 (vir)     1          14.008          -3.749          -2.229         -10.557           18.587
 2685 (vir)     1          14.019          -4.405          -5.049         -14.585           19.149
 2686 (vir)     1          14.025          -4.386          -4.939         -14.325           19.025
 2687 (vir)     1          14.026          -4.217          -4.759         -13.861           18.912
 2688 (vir)     1          14.049          -3.747          -2.227         -10.534           18.608
 2689 (vir)     1          14.063          -4.961          -5.679         -16.154           19.575
 2690 (vir)     1          14.084          -3.279          -3.412         -10.695           18.089
 2691 (vir)     1          14.086          -4.048          -4.548         -13.561           19.052
 2692 (vir)     1          14.124          -4.681          -5.356         -15.407           19.495
 2693 (vir)     1          14.149          -4.050          -4.260         -12.949           18.788
 2694 (vir)     1          14.159          -3.761          -2.224         -10.544           18.719
 2695 (vir)     1          14.177          -3.771          -2.224         -10.571           18.753
 2696 (vir)     1          14.187          -3.952          -4.163         -12.682           18.754
 2697 (vir)     1          14.211          -3.847          -4.100         -12.592           18.857
 2698 (vir)     1          14.232          -4.546          -5.067         -14.820           19.439
 2699 (vir)     1          14.244          -4.955          -5.975         -16.482           19.796
 2700 (vir)     1          14.275          -3.776          -2.220         -10.554           18.833
 2701 (vir)     1          14.279          -5.066          -5.819         -16.378           19.772
 2702 (vir)     1          14.280          -4.165          -4.299         -13.196           19.013
 2703 (vir)     1          14.296          -4.231          -4.648         -13.862           19.279
 2704 (vir)     1          14.312          -4.347          -4.790         -14.199           19.374
 2705 (vir)     1          14.317          -4.954          -5.934         -16.347           19.776
 2706 (vir)     1          14.349          -3.794          -2.219         -10.586           18.923
 2707 (vir)     1          14.374          -3.355          -3.414         -10.816           18.422
 2708 (vir)     1          14.386          -4.220          -4.468         -13.324           19.021
 2709 (vir)     1          14.396          -3.790          -2.217         -10.566           18.956
 2710 (vir)     1          14.406          -4.514          -5.347         -15.239           19.785
 2711 (vir)     1          14.441          -4.119          -4.402         -13.411           19.331
 2712 (vir)     1          14.450          -4.852          -5.398         -15.592           19.793
 2713 (vir)     1          14.452          -3.885          -4.011         -12.446           19.001
 2714 (vir)     1          14.458          -4.240          -4.447         -13.631           19.403
 2715 (vir)     1          14.494          -4.445          -5.079         -14.675           19.646
 2716 (vir)     1          14.499          -3.600          -3.795         -12.056           19.161
 2717 (vir)     1          14.500          -4.225          -4.554         -13.632           19.353
 2718 (vir)     1          14.502          -4.039          -4.160         -12.715           19.018
 2719 (vir)     1          14.520          -4.550          -4.795         -14.332           19.507
 2720 (vir)     1          14.521          -4.276          -4.516         -13.653           19.383
 2721 (vir)     1          14.522          -3.809          -2.213         -10.580           19.079
 2722 (vir)     1          14.526          -3.816          -2.213         -10.600           19.097
 2723 (vir)     1          14.528          -4.270          -4.507         -13.631           19.381
 2724 (vir)     1          14.530          -4.102          -4.332         -13.245           19.341
 2725 (vir)     1          14.599          -4.749          -5.367         -15.376           19.859
 2726 (vir)     1          14.627          -4.740          -5.036         -14.968           19.819
 2727 (vir)     1          14.649          -3.833          -2.211         -10.598           19.203
 2728 (vir)     1          14.654          -4.210          -4.564         -13.810           19.689
 2729 (vir)     1          14.658          -4.252          -4.583         -13.866           19.688
 2730 (vir)     1          14.695          -4.071          -4.235         -12.895           19.283
 2731 (vir)     1          14.707          -3.839          -2.208         -10.614           19.274
 2732 (vir)     1          14.719          -3.648          -3.480         -11.657           19.248
 2733 (vir)     1          14.722          -4.216          -4.458         -13.384           19.432
 2734 (vir)     1          14.768          -3.872          -2.213         -10.634           19.316
 2735 (vir)     1          14.769          -4.640          -4.773         -14.478           19.834
 2736 (vir)     1          14.823          -4.793          -5.021         -15.042           20.051
 2737 (vir)     1          14.824          -4.320          -4.319         -13.511           19.697
 2738 (vir)     1          14.829          -4.457          -4.538         -13.985           19.819
 2739 (vir)     1          14.847          -3.792          -3.359         -11.564           19.260
 2740 (vir)     1          14.850          -3.732          -3.496         -11.867           19.489
 2741 (vir)     1          14.856          -3.659          -3.466         -11.414           19.146
 2742 (vir)     1          14.875          -4.342          -4.263         -13.393           19.662
 2743 (vir)     1          14.875          -3.796          -3.528         -11.993           19.543
 2744 (vir)     1          14.890          -4.420          -4.433         -13.834           19.871
 2745 (vir)     1          14.891          -3.863          -2.202         -10.628           19.454
 2746 (vir)     1          14.892          -3.608          -3.368         -11.189           19.106
 2747 (vir)     1          14.897          -4.320          -4.252         -13.445           19.770
 2748 (vir)     1          14.902          -4.854          -4.952         -15.162           20.258
 2749 (vir)     1          14.902          -4.858          -4.954         -15.173           20.264
 2750 (vir)     1          14.906          -4.324          -4.178         -13.372           19.776
 2751 (vir)     1          14.919          -4.682          -4.715         -14.581           20.103
 2752 (vir)     1          14.935          -4.354          -4.276         -13.562           19.867
 2753 (vir)     1          14.939          -4.723          -4.782         -14.724           20.157
 2754 (vir)     1          14.940          -4.727          -4.776         -14.743           20.181
 2755 (vir)     1          14.941          -4.193          -3.973         -12.918           19.694
 2756 (vir)     1          14.951          -4.454          -4.378         -13.800           19.918
 2757 (vir)     1          14.954          -4.243          -4.031         -13.086           19.766
 2758 (vir)     1          14.976          -4.512          -4.447         -13.954           19.970
 2759 (vir)     1          14.982          -4.773          -4.807         -14.781           20.184
 2760 (vir)     1          14.986          -4.547          -4.549         -14.124           20.015
 2761 (vir)     1          14.990          -4.584          -4.577         -14.262           20.091
 2762 (vir)     1          14.999          -3.827          -2.182         -10.549           19.539
 2763 (vir)     1          15.005          -4.392          -4.261         -13.583           19.935
 2764 (vir)     1          15.019          -4.463          -4.337         -13.728           19.946
 2765 (vir)     1          15.022          -4.598          -4.525         -14.173           20.072
 2766 (vir)     1          15.033          -4.364          -4.308         -13.514           19.876
 2767 (vir)     1          15.039          -4.450          -4.294         -13.672           19.967
 2768 (vir)     1          15.041          -4.380          -4.302         -13.552           19.912
 2769 (vir)     1          15.043          -4.375          -4.176         -13.422           19.913
 2770 (vir)     1          15.051          -4.373          -4.191         -13.421           19.909
 2771 (vir)     1          15.066          -4.385          -4.196         -13.493           19.978
 2772 (vir)     1          15.072          -4.302          -4.213         -13.328           19.885
 2773 (vir)     1          15.075          -3.988          -3.832         -12.245           19.501
 2774 (vir)     1          15.080          -3.886          -2.196         -10.640           19.639
 2775 (vir)     1          15.084          -4.362          -4.170         -13.419           19.971
 2776 (vir)     1          15.099          -4.368          -4.160         -13.387           19.957
 2777 (vir)     1          15.110          -4.515          -4.433         -14.053           20.214
 2778 (vir)     1          15.123          -4.382          -4.179         -13.441           20.003
 2779 (vir)     1          15.126          -3.846          -2.179         -10.570           19.671
 2780 (vir)     1          15.127          -4.405          -4.186         -13.555           20.090
 2781 (vir)     1          15.143          -4.399          -4.202         -13.516           20.059
 2782 (vir)     1          15.151          -4.400          -4.356         -13.716           20.110
 2783 (vir)     1          15.156          -4.406          -4.144         -13.473           20.079
 2784 (vir)     1          15.159          -4.306          -4.318         -13.441           19.976
 2785 (vir)     1          15.160          -4.417          -4.242         -13.648           20.150
 2786 (vir)     1          15.167          -4.413          -4.190         -13.564           20.128
 2787 (vir)     1          15.167          -4.407          -4.311         -13.677           20.126
 2788 (vir)     1          15.194          -4.404          -4.335         -13.687           20.142
 2789 (vir)     1          15.207          -4.413          -4.383         -13.695           20.107
 2790 (vir)     1          15.208          -4.508          -4.233         -13.718           20.186
 2791 (vir)     1          15.211          -4.138          -3.944         -12.945           20.073
 2792 (vir)     1          15.211          -4.144          -3.947         -12.952           20.072
 2793 (vir)     1          15.215          -4.454          -4.283         -13.730           20.208
 2794 (vir)     1          15.218          -4.508          -4.241         -13.734           20.203
 2795 (vir)     1          15.236          -4.511          -4.273         -13.788           20.240
 2796 (vir)     1          15.239          -4.487          -4.421         -13.907           20.238
 2797 (vir)     1          15.250          -4.494          -4.279         -13.766           20.244
 2798 (vir)     1          15.252          -4.485          -4.289         -13.752           20.229
 2799 (vir)     1          15.262          -4.540          -4.347         -13.926           20.301
 2800 (vir)     1          15.271          -3.909          -2.189         -10.652           19.825
 2801 (vir)     1          15.276          -3.869          -2.175         -10.587           19.818
 2802 (vir)     1          15.288          -4.585          -4.624         -14.229           20.308
 2803 (vir)     1          15.292          -4.583          -4.431         -14.092           20.369
 2804 (vir)     1          15.316          -4.604          -4.459         -14.145           20.397
 2805 (vir)     1          15.321          -4.543          -4.356         -13.839           20.261
 2806 (vir)     1          15.321          -4.542          -4.357         -13.835           20.257
 2807 (vir)     1          15.324          -4.563          -4.379         -13.940           20.322
 2808 (vir)     1          15.325          -4.556          -4.365         -13.902           20.306
 2809 (vir)     1          15.327          -4.559          -4.386         -13.918           20.300
 2810 (vir)     1          15.335          -4.537          -4.376         -13.861           20.282
 2811 (vir)     1          15.335          -4.551          -4.428         -14.068           20.424
 2812 (vir)     1          15.335          -4.522          -4.397         -13.927           20.343
 2813 (vir)     1          15.345          -4.602          -4.568         -14.167           20.342
 2814 (vir)     1          15.352          -4.478          -4.326         -13.609           20.157
 2815 (vir)     1          15.376          -4.543          -4.379         -13.857           20.310
 2816 (vir)     1          15.379          -4.458          -4.303         -13.519           20.137
 2817 (vir)     1          15.386          -3.889          -2.113         -10.412           19.796
 2818 (vir)     1          15.387          -4.513          -4.301         -13.715           20.288
 2819 (vir)     1          15.392          -3.888          -2.114         -10.414           19.804
 2820 (vir)     1          15.399          -3.886          -2.115         -10.418           19.816
 2821 (vir)     1          15.408          -3.887          -2.117         -10.423           19.827
 2822 (vir)     1          15.410          -4.535          -4.361         -13.807           20.321
 2823 (vir)     1          15.413          -4.447          -4.281         -13.454           20.139
 2824 (vir)     1          15.420          -3.889          -2.118         -10.429           19.842
 2825 (vir)     1          15.433          -3.892          -2.121         -10.438           19.859
 2826 (vir)     1          15.435          -3.892          -2.170         -10.600           19.974
 2827 (vir)     1          15.450          -3.896          -2.123         -10.446           19.877
 2828 (vir)     1          15.452          -4.440          -4.263         -13.409           20.157
 2829 (vir)     1          15.463          -3.921          -2.166         -10.603           19.978
 2830 (vir)     1          15.468          -4.585          -4.463         -13.998           20.419
 2831 (vir)     1          15.472          -3.913          -2.141         -10.512           19.930
 2832 (vir)     1          15.491          -3.911          -2.129         -10.467           19.919
 2833 (vir)     1          15.493          -4.438          -4.248         -13.376           20.183
 2834 (vir)     1          15.517          -3.919          -2.133         -10.481           19.946
 2835 (vir)     1          15.533          -4.516          -4.429         -13.977           20.565
 2836 (vir)     1          15.534          -4.437          -4.234         -13.349           20.212
 2837 (vir)     1          15.544          -3.927          -2.135         -10.493           19.974
 2838 (vir)     1          15.559          -4.371          -4.282         -13.670           20.576
 2839 (vir)     1          15.575          -4.438          -4.220         -13.323           20.241
 2840 (vir)     1          15.576          -3.939          -2.139         -10.507           20.005
 2841 (vir)     1          15.600          -4.412          -4.326         -13.737           20.599
 2842 (vir)     1          15.602          -3.911          -2.164         -10.611           20.137
 2843 (vir)     1          15.609          -3.950          -2.142         -10.523           20.039
 2844 (vir)     1          15.614          -4.434          -4.203         -13.293           20.269
 2845 (vir)     1          15.648          -3.961          -2.146         -10.537           20.078
 2846 (vir)     1          15.651          -4.431          -4.185         -13.258           20.292
 2847 (vir)     1          15.656          -4.427          -4.315         -13.746           20.660
 2848 (vir)     1          15.662          -3.945          -2.178         -10.669           20.209
 2849 (vir)     1          15.684          -4.433          -4.172         -13.251           20.330
 2850 (vir)     1          15.689          -4.615          -4.561         -14.238           20.752
 2851 (vir)     1          15.690          -3.975          -2.148         -10.552           20.119
 2852 (vir)     1          15.697          -4.049          -3.725         -12.450           20.373
 2853 (vir)     1          15.703          -4.049          -3.706         -12.437           20.386
 2854 (vir)     1          15.703          -4.361          -4.115         -13.280           20.507
 2855 (vir)     1          15.708          -4.326          -4.089         -13.238           20.530
 2856 (vir)     1          15.722          -4.411          -4.134         -13.224           20.401
 2857 (vir)     1          15.724          -4.045          -3.684         -12.402           20.398
 2858 (vir)     1          15.734          -3.981          -2.153         -10.570           20.169
 2859 (vir)     1          15.734          -4.563          -4.306         -13.743           20.609
 2860 (vir)     1          15.737          -4.563          -4.303         -13.739           20.610
 2861 (vir)     1          15.739          -4.488          -4.137         -13.377           20.491
 2862 (vir)     1          15.740          -4.196          -3.863         -12.833           20.514
 2863 (vir)     1          15.747          -4.568          -4.375         -13.880           20.684
 2864 (vir)     1          15.764          -4.212          -3.884         -12.880           20.548
 2865 (vir)     1          15.766          -4.497          -4.287         -13.715           20.697
 2866 (vir)     1          15.770          -4.402          -4.253         -13.445           20.560
 2867 (vir)     1          15.771          -4.199          -3.824         -12.798           20.545
 2868 (vir)     1          15.774          -3.934          -2.157         -10.621           20.304
 2869 (vir)     1          15.787          -4.008          -2.155         -10.589           20.213
 2870 (vir)     1          15.798          -4.222          -3.834         -12.841           20.584
 2871 (vir)     1          15.800          -4.350          -3.997         -13.208           20.661
 2872 (vir)     1          15.810          -4.315          -4.069         -13.116           20.543
 2873 (vir)     1          15.815          -4.737          -4.472         -14.271           20.876
 2874 (vir)     1          15.818          -4.731          -4.431         -14.193           20.848
 2875 (vir)     1          15.826          -4.385          -4.032         -13.309           20.718
 2876 (vir)     1          15.834          -4.002          -2.161         -10.615           20.286
 2877 (vir)     1          15.836          -4.450          -4.078         -13.424           20.731
 2878 (vir)     1          15.838          -4.441          -4.105         -13.466           20.758
 2879 (vir)     1          15.840          -4.457          -4.161         -13.395           20.617
 2880 (vir)     1          15.846          -4.687          -4.444         -14.213           20.928
 2881 (vir)     1          15.851          -4.486          -4.166         -13.632           20.831
 2882 (vir)     1          15.867          -4.594          -4.231         -13.784           20.825
 2883 (vir)     1          15.870          -4.000          -2.164         -10.669           20.375
 2884 (vir)     1          15.871          -4.539          -4.162         -13.631           20.801
 2885 (vir)     1          15.876          -4.759          -4.585         -14.480           21.012
 2886 (vir)     1          15.877          -4.629          -4.362         -14.096           20.982
 2887 (vir)     1          15.891          -4.305          -3.998         -12.987           20.575
 2888 (vir)     1          15.898          -4.033          -2.161         -10.622           20.326
 2889 (vir)     1          15.903          -4.868          -4.670         -14.719           21.084
 2890 (vir)     1          15.913          -4.795          -4.585         -14.623           21.156
 2891 (vir)     1          15.924          -4.819          -4.688         -14.695           21.113
 2892 (vir)     1          15.946          -4.338          -3.927         -12.958           20.640
 2893 (vir)     1          15.952          -3.954          -2.150         -10.630           20.478
 2894 (vir)     1          15.958          -5.089          -4.946         -15.359           21.282
 2895 (vir)     1          15.959          -4.842          -4.692         -14.726           21.151
 2896 (vir)     1          15.963          -4.049          -2.164         -10.641           20.391
 2897 (vir)     1          15.965          -4.965          -4.798         -15.143           21.345
 2898 (vir)     1          15.974          -5.659          -5.950         -17.250           21.615
 2899 (vir)     1          15.980          -5.657          -5.906         -17.221           21.638
 2900 (vir)     1          15.994          -4.423          -4.184         -13.568           20.955
 2901 (vir)     1          15.998          -4.567          -4.344         -13.953           21.039
 2902 (vir)     1          16.011          -4.329          -3.951         -12.949           20.679
 2903 (vir)     1          16.024          -4.049          -2.167         -10.660           20.469
 2904 (vir)     1          16.035          -5.124          -4.982         -15.630           21.560
 2905 (vir)     1          16.041          -5.624          -5.904         -17.153           21.666
 2906 (vir)     1          16.057          -5.685          -5.870         -17.298           21.800
 2907 (vir)     1          16.071          -4.019          -2.159         -10.686           20.579
 2908 (vir)     1          16.075          -4.212          -3.678         -12.479           20.665
 2909 (vir)     1          16.100          -4.078          -2.169         -10.677           20.530
 2910 (vir)     1          16.120          -5.266          -5.117         -16.036           21.773
 2911 (vir)     1          16.136          -3.977          -2.143         -10.639           20.654
 2912 (vir)     1          16.141          -5.118          -5.070         -15.412           21.365
 2913 (vir)     1          16.150          -4.795          -4.595         -14.370           21.131
 2914 (vir)     1          16.155          -5.707          -5.799         -17.310           21.960
 2915 (vir)     1          16.179          -4.098          -2.171         -10.697           20.607
 2916 (vir)     1          16.204          -4.101          -3.477         -12.103           20.730
 2917 (vir)     1          16.208          -5.317          -5.132         -16.203           21.962
 2918 (vir)     1          16.237          -5.429          -5.184         -16.434           22.058
 2919 (vir)     1          16.247          -4.073          -2.167         -10.706           20.713
 2920 (vir)     1          16.251          -5.711          -5.704         -17.247           22.083
 2921 (vir)     1          16.274          -5.676          -5.871         -17.182           21.909
 2922 (vir)     1          16.281          -4.064          -2.157         -10.702           20.762
 2923 (vir)     1          16.312          -4.252          -3.679         -12.609           20.991
 2924 (vir)     1          16.321          -5.539          -5.396         -16.638           22.024
 2925 (vir)     1          16.323          -3.996          -2.135         -10.647           20.839
 2926 (vir)     1          16.341          -4.126          -2.176         -10.737           20.776
 2927 (vir)     1          16.394          -4.180          -3.587         -12.388           21.016
 2928 (vir)     1          16.418          -5.530          -5.575         -16.626           21.940
 2929 (vir)     1          16.431          -4.150          -2.180         -10.762           20.864
 2930 (vir)     1          16.445          -4.130          -3.513         -12.235           21.038
 2931 (vir)     1          16.447          -3.549          -3.144         -10.996           20.750
 2932 (vir)     1          16.452          -3.533          -3.117         -10.939           20.742
 2933 (vir)     1          16.467          -4.051          -2.146         -10.701           20.971
 2934 (vir)     1          16.471          -3.576          -3.185         -11.040           20.750
 2935 (vir)     1          16.479          -4.166          -3.549         -12.333           21.098
 2936 (vir)     1          16.493          -3.695          -3.200         -11.131           20.728
 2937 (vir)     1          16.499          -4.200          -3.589         -12.431           21.141
 2938 (vir)     1          16.513          -4.634          -4.363         -13.860           21.376
 2939 (vir)     1          16.515          -4.017          -2.128         -10.655           21.025
 2940 (vir)     1          16.515          -4.192          -3.553         -12.383           21.154
 2941 (vir)     1          16.526          -4.263          -3.643         -12.595           21.215
 2942 (vir)     1          16.526          -4.417          -4.060         -13.154           21.202
 2943 (vir)     1          16.526          -4.167          -2.179         -10.781           20.962
 2944 (vir)     1          16.537          -4.204          -3.550         -12.413           21.196
 2945 (vir)     1          16.538          -4.710          -4.264         -13.965           21.529
 2946 (vir)     1          16.541          -5.149          -4.912         -15.356           21.836
 2947 (vir)     1          16.547          -4.273          -3.677         -12.677           21.274
 2948 (vir)     1          16.553          -4.247          -3.620         -12.576           21.262
 2949 (vir)     1          16.557          -5.140          -4.876         -15.278           21.819
 2950 (vir)     1          16.561          -4.838          -4.524         -14.421           21.620
 2951 (vir)     1          16.574          -4.417          -4.018         -13.116           21.255
 2952 (vir)     1          16.582          -5.102          -4.861         -15.205           21.825
 2953 (vir)     1          16.589          -4.284          -3.647         -12.672           21.330
 2954 (vir)     1          16.590          -4.247          -3.859         -12.591           21.075
 2955 (vir)     1          16.592          -4.369          -3.755         -12.920           21.389
 2956 (vir)     1          16.604          -4.168          -2.185         -10.806           21.057
 2957 (vir)     1          16.610          -4.240          -3.584         -12.559           21.346
 2958 (vir)     1          16.613          -4.528          -3.988         -13.415           21.512
 2959 (vir)     1          16.620          -4.745          -4.481         -14.163           21.557
 2960 (vir)     1          16.620          -5.009          -4.782         -14.995           21.824
 2961 (vir)     1          16.630          -4.547          -4.051         -13.523           21.554
 2962 (vir)     1          16.633          -4.234          -3.560         -12.541           21.382
 2963 (vir)     1          16.647          -4.313          -3.688         -12.808           21.454
 2964 (vir)     1          16.655          -4.259          -3.575         -12.608           21.430
 2965 (vir)     1          16.666          -4.296          -3.629         -12.734           21.476
 2966 (vir)     1          16.672          -4.723          -4.432         -14.088           21.605
 2967 (vir)     1          16.673          -4.087          -2.140         -10.713           21.160
 2968 (vir)     1          16.673          -4.322          -3.644         -12.793           21.500
 2969 (vir)     1          16.673          -5.075          -4.902         -15.262           21.958
 2970 (vir)     1          16.679          -4.373          -3.702         -12.941           21.544
 2971 (vir)     1          16.690          -3.313          -2.688          -9.509           20.199
 2972 (vir)     1          16.694          -4.210          -2.196         -10.853           21.140
 2973 (vir)     1          16.710          -4.038          -2.121         -10.663           21.214
 2974 (vir)     1          16.731          -5.155          -4.997         -15.474           22.054
 2975 (vir)     1          16.752          -5.687          -5.659         -16.953           22.360
 2976 (vir)     1          16.757          -4.759          -4.493         -14.253           21.758
 2977 (vir)     1          16.771          -4.258          -2.207         -10.903           21.208
 2978 (vir)     1          16.802          -4.931          -4.682         -14.699           21.888
 2979 (vir)     1          16.816          -5.538          -5.407         -16.360           22.230
 2980 (vir)     1          16.820          -4.115          -2.176         -10.810           21.339
 2981 (vir)     1          16.848          -5.282          -5.156         -15.909           22.319
 2982 (vir)     1          16.854          -4.146          -2.198         -10.863           21.373
 2983 (vir)     1          16.863          -4.288          -3.908         -12.868           21.536
 2984 (vir)     1          16.868          -4.190          -3.750         -12.513           21.440
 2985 (vir)     1          16.903          -5.664          -5.558         -16.813           22.494
 2986 (vir)     1          16.905          -5.464          -5.325         -16.265           22.381
 2987 (vir)     1          16.907          -4.059          -2.114         -10.671           21.404
 2988 (vir)     1          16.907          -4.097          -2.141         -10.727           21.397
 2989 (vir)     1          16.943          -5.230          -5.047         -15.670           22.335
 2990 (vir)     1          16.955          -4.800          -4.441         -14.225           21.939
 2991 (vir)     1          16.988          -4.583          -4.177         -13.380           21.608
 2992 (vir)     1          17.007          -5.578          -5.453         -16.661           22.638
 2993 (vir)     1          17.035          -4.507          -4.057         -13.204           21.676
 2994 (vir)     1          17.047          -5.746          -5.568         -16.932           22.665
 2995 (vir)     1          17.063          -4.370          -3.899         -12.892           21.686
 2996 (vir)     1          17.063          -4.921          -4.594         -14.623           22.171
 2997 (vir)     1          17.072          -4.264          -3.838         -12.789           21.760
 2998 (vir)     1          17.073          -4.087          -2.105         -10.659           21.541
 2999 (vir)     1          17.077          -4.265          -3.805         -12.732           21.738
 3000 (vir)     1          17.090          -4.299          -3.808         -12.751           21.735
 3001 (vir)     1          17.097          -5.431          -5.257         -16.299           22.707
 3002 (vir)     1          17.104          -4.077          -2.107         -10.678           21.598
 3003 (vir)     1          17.122          -4.364          -3.796         -12.749           21.712
 3004 (vir)     1          17.148          -5.616          -5.388         -16.552           22.697
 3005 (vir)     1          17.183          -5.792          -5.546         -16.988           22.834
 3006 (vir)     1          17.187          -4.413          -3.824         -12.867           21.818
 3007 (vir)     1          17.199          -5.522          -5.325         -16.525           22.877
 3008 (vir)     1          17.211          -4.800          -4.360         -14.192           22.244
 3009 (vir)     1          17.246          -4.095          -2.092         -10.647           21.705
 3010 (vir)     1          17.282          -4.582          -4.000         -13.372           22.072
 3011 (vir)     1          17.299          -4.096          -2.101         -10.686           21.788
 3012 (vir)     1          17.300          -5.444          -5.156         -16.192           22.892
 3013 (vir)     1          17.304          -5.748          -5.419         -16.791           22.927
 3014 (vir)     1          17.312          -5.733          -5.465         -16.845           22.958
 3015 (vir)     1          17.329          -5.368          -5.011         -15.866           22.816
 3016 (vir)     1          17.354          -5.443          -5.122         -15.970           22.759
 3017 (vir)     1          17.391          -5.542          -5.201         -16.248           22.897
 3018 (vir)     1          17.400          -5.229          -4.757         -15.204           22.619
 3019 (vir)     1          17.404          -5.698          -5.334         -16.603           22.975
 3020 (vir)     1          17.406          -4.122          -2.090         -10.666           21.860
 3021 (vir)     1          17.453          -5.494          -5.008         -15.943           22.894
 3022 (vir)     1          17.466          -5.280          -4.761         -15.344           22.768
 3023 (vir)     1          17.479          -5.692          -5.356         -16.661           23.093
 3024 (vir)     1          17.489          -4.112          -2.096         -10.693           21.975
 3025 (vir)     1          17.494          -5.699          -5.390         -16.701           23.105
 3026 (vir)     1          17.536          -4.615          -4.172         -13.835           22.584
 3027 (vir)     1          17.547          -4.924          -4.527         -14.709           22.805
 3028 (vir)     1          17.552          -4.170          -2.101         -10.736           22.016
 3029 (vir)     1          17.596          -5.834          -5.504         -17.041           23.299
 3030 (vir)     1          17.665          -5.927          -5.536         -17.209           23.411
 3031 (vir)     1          17.670          -4.131          -2.091         -10.699           22.147
 3032 (vir)     1          17.683          -4.245          -2.124         -10.848           22.163
 3033 (vir)     1          17.726          -5.887          -5.498         -17.126           23.467
 3034 (vir)     1          17.756          -4.215          -2.017         -10.505           22.029
 3035 (vir)     1          17.804          -4.328          -2.144         -10.948           22.281
 3036 (vir)     1          17.831          -4.143          -2.087         -10.697           22.299
 3037 (vir)     1          17.836          -4.230          -2.025         -10.539           22.120
 3038 (vir)     1          17.840          -5.949          -5.482         -17.177           23.586
 3039 (vir)     1          17.869          -5.919          -5.465         -17.145           23.630
 3040 (vir)     1          17.908          -4.405          -2.165         -11.046           22.384
 3041 (vir)     1          17.949          -4.264          -2.045         -10.623           22.262
 3042 (vir)     1          17.960          -4.153          -2.078         -10.674           22.403
 3043 (vir)     1          17.971          -5.132          -4.603         -15.050           23.286
 3044 (vir)     1          17.976          -5.572          -5.150         -16.431           23.684
 3045 (vir)     1          17.988          -4.449          -2.169         -11.073           22.442
 3046 (vir)     1          18.017          -5.910          -5.388         -17.051           23.771
 3047 (vir)     1          18.018          -4.132          -2.011         -10.461           22.337
 3048 (vir)     1          18.019          -5.868          -5.316         -16.863           23.699
 3049 (vir)     1          18.025          -4.129          -2.016         -10.477           22.357
 3050 (vir)     1          18.026          -4.529          -2.200         -11.193           22.490
 3051 (vir)     1          18.037          -4.133          -2.013         -10.471           22.362
 3052 (vir)     1          18.039          -4.135          -2.035         -10.538           22.407
 3053 (vir)     1          18.045          -4.584          -2.214         -11.247           22.494
 3054 (vir)     1          18.047          -5.774          -5.369         -17.035           23.939
 3055 (vir)     1          18.056          -4.152          -2.033         -10.533           22.405
 3056 (vir)     1          18.060          -4.139          -2.018         -10.487           22.391
 3057 (vir)     1          18.077          -4.161          -2.026         -10.514           22.404
 3058 (vir)     1          18.083          -4.152          -2.026         -10.513           22.418
 3059 (vir)     1          18.092          -4.259          -2.031         -10.590           22.391
 3060 (vir)     1          18.098          -4.663          -3.970         -13.550           23.014
 3061 (vir)     1          18.099          -4.167          -2.028         -10.520           22.425
 3062 (vir)     1          18.102          -4.173          -2.040         -10.556           22.444
 3063 (vir)     1          18.115          -4.191          -2.039         -10.554           22.438
 3064 (vir)     1          18.118          -4.179          -2.037         -10.546           22.448
 3065 (vir)     1          18.126          -4.208          -2.045         -10.569           22.442
 3066 (vir)     1          18.126          -4.200          -2.041         -10.559           22.444
 3067 (vir)     1          18.134          -5.874          -5.447         -17.293           24.107
 3068 (vir)     1          18.142          -4.480          -3.777         -13.034           22.920
 3069 (vir)     1          18.156          -3.850          -3.105         -11.257           22.458
 3070 (vir)     1          18.188          -5.273          -4.658         -15.200           23.458
 3071 (vir)     1          18.197          -5.822          -5.184         -16.637           23.828
 3072 (vir)     1          18.206          -3.888          -2.983         -10.900           22.235
 3073 (vir)     1          18.223          -6.022          -5.568         -17.663           24.294
 3074 (vir)     1          18.243          -4.274          -2.027         -10.597           22.539
 3075 (vir)     1          18.303          -4.803          -4.025         -13.777           23.253
 3076 (vir)     1          18.308          -6.096          -5.611         -17.827           24.428
 3077 (vir)     1          18.328          -5.903          -5.271         -16.876           24.030
 3078 (vir)     1          18.379          -5.655          -4.971         -16.223           23.976
 3079 (vir)     1          18.388          -4.013          -3.119         -11.291           22.547
 3080 (vir)     1          18.388          -5.961          -5.369         -17.251           24.310
 3081 (vir)     1          18.408          -4.292          -2.025         -10.614           22.706
 3082 (vir)     1          18.454          -6.161          -5.608         -17.907           24.593
 3083 (vir)     1          18.459          -5.561          -4.871         -15.806           23.833
 3084 (vir)     1          18.471          -4.386          -3.546         -12.270           22.810
 3085 (vir)     1          18.473          -4.280          -1.998         -10.538           22.734
 3086 (vir)     1          18.474          -4.279          -1.997         -10.539           22.736
 3087 (vir)     1          18.479          -5.326          -4.539         -15.174           23.788
 3088 (vir)     1          18.495          -5.733          -5.064         -16.126           23.824
 3089 (vir)     1          18.496          -5.585          -4.887         -15.637           23.661
 3090 (vir)     1          18.500          -4.281          -2.001         -10.550           22.768
 3091 (vir)     1          18.503          -4.285          -2.001         -10.554           22.772
 3092 (vir)     1          18.505          -6.100          -5.511         -17.682           24.575
 3093 (vir)     1          18.529          -5.223          -4.490         -14.670           23.486
 3094 (vir)     1          18.540          -4.285          -2.003         -10.568           22.820
 3095 (vir)     1          18.545          -4.297          -2.009         -10.573           22.812
 3096 (vir)     1          18.549          -5.801          -5.105         -16.271           23.913
 3097 (vir)     1          18.553          -5.858          -5.168         -16.839           24.366
 3098 (vir)     1          18.561          -5.030          -4.258         -14.223           23.495
 3099 (vir)     1          18.583          -4.310          -2.021         -10.630           22.883
 3100 (vir)     1          18.585          -5.791          -5.117         -16.680           24.357
 3101 (vir)     1          18.589          -5.326          -4.519         -15.182           23.926
 3102 (vir)     1          18.592          -4.313          -2.013         -10.589           22.855
 3103 (vir)     1          18.598          -4.305          -2.011         -10.598           22.881
 3104 (vir)     1          18.599          -5.739          -4.996         -16.096           23.960
 3105 (vir)     1          18.617          -5.319          -4.576         -15.021           23.743
 3106 (vir)     1          18.620          -6.228          -5.573         -17.909           24.728
 3107 (vir)     1          18.621          -5.463          -4.624         -15.482           24.016
 3108 (vir)     1          18.621          -5.147          -4.321         -14.349           23.502
 3109 (vir)     1          18.650          -5.509          -4.728         -15.434           23.846
 3110 (vir)     1          18.652          -4.322          -2.015         -10.614           22.929
 3111 (vir)     1          18.660          -4.338          -2.021         -10.620           22.921
 3112 (vir)     1          18.664          -4.533          -3.628         -12.698           23.201
 3113 (vir)     1          18.668          -5.478          -4.644         -15.271           23.817
 3114 (vir)     1          18.677          -5.731          -4.966         -16.135           24.116
 3115 (vir)     1          18.700          -5.502          -4.730         -15.462           23.930
 3116 (vir)     1          18.720          -4.359          -2.025         -10.638           22.974
 3117 (vir)     1          18.724          -5.353          -4.605         -15.218           23.985
 3118 (vir)     1          18.727          -4.352          -2.024         -10.651           23.002
 3119 (vir)     1          18.739          -5.002          -4.068         -14.091           23.760
 3120 (vir)     1          18.743          -5.498          -4.598         -15.495           24.143
 3121 (vir)     1          18.767          -4.330          -2.016         -10.644           23.065
 3122 (vir)     1          18.772          -5.190          -4.396         -14.671           23.857
 3123 (vir)     1          18.791          -4.380          -2.029         -10.672           23.054
 3124 (vir)     1          18.795          -4.386          -2.034         -10.670           23.046
 3125 (vir)     1          18.825          -5.354          -4.387         -15.008           24.092
 3126 (vir)     1          18.829          -5.482          -4.526         -15.371           24.192
 3127 (vir)     1          18.842          -5.869          -5.086         -16.619           24.506
 3128 (vir)     1          18.859          -4.413          -2.037         -10.693           23.101
 3129 (vir)     1          18.862          -4.421          -2.043         -10.709           23.108
 3130 (vir)     1          18.912          -3.801          -2.807         -10.503           22.806
 3131 (vir)     1          18.915          -4.482          -2.057         -10.746           23.122
 3132 (vir)     1          18.916          -4.434          -2.046         -10.719           23.154
 3133 (vir)     1          18.933          -5.194          -4.361         -14.577           23.955
 3134 (vir)     1          18.939          -4.472          -2.056         -10.744           23.155
 3135 (vir)     1          18.956          -4.351          -2.010         -10.657           23.252
 3136 (vir)     1          18.962          -6.196          -5.356         -17.148           24.558
 3137 (vir)     1          18.977          -6.133          -5.300         -17.207           24.751
 3138 (vir)     1          19.010          -4.300          -2.000         -10.668           23.377
 3139 (vir)     1          19.025          -5.712          -4.856         -15.918           24.375
 3140 (vir)     1          19.060          -5.458          -4.582         -15.118           24.137
 3141 (vir)     1          19.139          -5.972          -5.080         -16.739           24.826
 3142 (vir)     1          19.149          -4.374          -2.003         -10.670           23.443
 3143 (vir)     1          19.163          -4.304          -1.989         -10.696           23.565
 3144 (vir)     1          19.169          -3.748          -2.724         -10.303           23.001
 3145 (vir)     1          19.187          -5.161          -4.258         -14.442           24.210
 3146 (vir)     1          19.233          -5.025          -4.079         -13.858           23.987
 3147 (vir)     1          19.303          -6.140          -5.206         -17.146           25.103
 3148 (vir)     1          19.343          -4.331          -1.985         -10.724           23.751
 3149 (vir)     1          19.344          -4.392          -1.995         -10.682           23.639
 3150 (vir)     1          19.374          -5.008          -4.066         -14.006           24.306
 3151 (vir)     1          19.435          -3.773          -2.715         -10.321           23.269
 3152 (vir)     1          19.445          -6.080          -5.115         -16.911           25.161
 3153 (vir)     1          19.453          -4.799          -3.805         -13.236           24.084
 3154 (vir)     1          19.524          -4.363          -1.983         -10.661           23.838
 3155 (vir)     1          19.531          -4.360          -1.981         -10.746           23.937
 3156 (vir)     1          19.584          -5.069          -4.002         -14.000           24.512
 3157 (vir)     1          19.608          -4.109          -1.970         -10.469           23.998
 3158 (vir)     1          19.616          -6.169          -5.116         -17.036           25.367
 3159 (vir)     1          19.645          -4.095          -1.970         -10.441           24.021
 3160 (vir)     1          19.670          -4.805          -3.735         -13.226           24.356
 3161 (vir)     1          19.696          -3.877          -2.788         -10.573           23.604
 3162 (vir)     1          19.705          -5.164          -4.206         -14.623           24.958
 3163 (vir)     1          19.707          -5.141          -4.192         -14.590           24.965
 3164 (vir)     1          19.719          -4.385          -1.977         -10.766           24.123
 3165 (vir)     1          19.768          -4.915          -3.826         -13.501           24.527
 3166 (vir)     1          19.770          -6.337          -5.237         -17.443           25.640
 3167 (vir)     1          19.771          -4.345          -1.972         -10.616           24.069
 3168 (vir)     1          19.781          -5.725          -4.625         -15.688           25.118
 3169 (vir)     1          19.798          -6.125          -5.021         -16.736           25.389
 3170 (vir)     1          19.833          -5.286          -4.202         -14.604           24.950
 3171 (vir)     1          19.849          -4.923          -3.813         -13.578           24.691
 3172 (vir)     1          19.880          -6.363          -5.232         -17.331           25.617
 3173 (vir)     1          19.897          -4.419          -1.973         -10.787           24.291
 3174 (vir)     1          19.913          -4.447          -1.963         -10.736           24.239
 3175 (vir)     1          19.917          -5.109          -3.999         -14.127           24.935
 3176 (vir)     1          19.921          -6.357          -5.208         -17.429           25.785
 3177 (vir)     1          19.928          -4.464          -1.963         -10.754           24.255
 3178 (vir)     1          19.933          -4.196          -3.088         -11.508           24.157
 3179 (vir)     1          19.947          -4.429          -1.963         -10.695           24.251
 3180 (vir)     1          19.953          -4.449          -1.963         -10.753           24.295
 3181 (vir)     1          19.973          -4.893          -3.763         -13.327           24.644
 3182 (vir)     1          19.973          -4.434          -1.961         -10.756           24.334
 3183 (vir)     1          19.982          -6.456          -5.283         -17.519           25.762
 3184 (vir)     1          19.999          -5.053          -3.904         -13.913           24.954
 3185 (vir)     1          20.011          -4.464          -1.962         -10.738           24.323
 3186 (vir)     1          20.029          -4.946          -3.782         -13.554           24.856
 3187 (vir)     1          20.047          -4.489          -1.960         -10.725           24.323
 3188 (vir)     1          20.056          -4.452          -1.973         -10.814           24.445
 3189 (vir)     1          20.069          -6.194          -5.000         -16.920           25.795
 3190 (vir)     1          20.085          -4.750          -3.612         -13.106           24.829
 3191 (vir)     1          20.093          -6.567          -5.337         -17.727           25.917
 3192 (vir)     1          20.123          -4.505          -1.957         -10.723           24.384
 3193 (vir)     1          20.135          -5.186          -4.000         -14.222           25.170
 3194 (vir)     1          20.137          -4.462          -1.951         -10.690           24.413
 3195 (vir)     1          20.166          -5.679          -4.489         -15.441           25.439
 3196 (vir)     1          20.180          -4.495          -1.976         -10.851           24.561
 3197 (vir)     1          20.197          -4.633          -3.442         -12.599           24.722
 3198 (vir)     1          20.199          -5.567          -4.357         -15.167           25.442
 3199 (vir)     1          20.201          -4.417          -1.913         -10.479           24.350
 3200 (vir)     1          20.202          -4.501          -1.951         -10.711           24.460
 3201 (vir)     1          20.213          -5.422          -4.204         -14.789           25.376
 3202 (vir)     1          20.214          -5.964          -4.700         -16.081           25.632
 3203 (vir)     1          20.237          -4.494          -1.947         -10.698           24.494
 3204 (vir)     1          20.242          -4.426          -1.916         -10.497           24.397
 3205 (vir)     1          20.252          -4.681          -2.014         -11.031           24.589
 3206 (vir)     1          20.255          -4.579          -1.991         -10.932           24.617
 3207 (vir)     1          20.274          -5.402          -4.177         -14.686           25.382
 3208 (vir)     1          20.285          -4.619          -1.997         -10.966           24.635
 3209 (vir)     1          20.293          -4.616          -1.996         -10.964           24.645
 3210 (vir)     1          20.301          -4.485          -1.940         -10.686           24.561
 3211 (vir)     1          20.302          -4.504          -1.944         -10.695           24.549
 3212 (vir)     1          20.305          -4.434          -1.919         -10.519           24.470
 3213 (vir)     1          20.307          -6.033          -4.753         -16.269           25.791
 3214 (vir)     1          20.312          -6.384          -5.123         -17.322           26.126
 3215 (vir)     1          20.329          -4.546          -1.958         -10.761           24.586
 3216 (vir)     1          20.340          -5.075          -3.837         -13.847           25.276
 3217 (vir)     1          20.343          -5.586          -4.286         -14.998           25.469
 3218 (vir)     1          20.349          -4.899          -3.668         -13.293           25.075
 3219 (vir)     1          20.358          -4.514          -1.941         -10.692           24.595
 3220 (vir)     1          20.376          -4.495          -1.934         -10.674           24.620
 3221 (vir)     1          20.383          -4.445          -1.916         -10.511           24.534
 3222 (vir)     1          20.394          -4.513          -1.956         -10.755           24.679
 3223 (vir)     1          20.398          -6.066          -4.740         -16.259           25.851
 3224 (vir)     1          20.411          -4.506          -1.931         -10.667           24.640
 3225 (vir)     1          20.414          -4.500          -1.930         -10.665           24.649
 3226 (vir)     1          20.422          -5.875          -4.601         -15.853           25.800
 3227 (vir)     1          20.424          -6.348          -5.046         -17.166           26.197
 3228 (vir)     1          20.447          -5.279          -4.010         -14.358           25.516
 3229 (vir)     1          20.458          -5.278          -4.015         -14.318           25.483
 3230 (vir)     1          20.475          -4.523          -1.962         -10.785           24.775
 3231 (vir)     1          20.476          -4.451          -1.915         -10.519           24.630
 3232 (vir)     1          20.509          -5.193          -3.931         -14.132           25.518
 3233 (vir)     1          20.533          -5.168          -3.881         -14.044           25.529
 3234 (vir)     1          20.575          -4.460          -1.913         -10.535           24.737
 3235 (vir)     1          20.577          -4.539          -1.962         -10.805           24.881
 3236 (vir)     1          20.585          -5.423          -4.110         -14.665           25.717
 3237 (vir)     1          20.617          -5.137          -3.831         -13.919           25.568
 3238 (vir)     1          20.663          -5.360          -4.024         -14.459           25.738
 3239 (vir)     1          20.667          -4.466          -1.916         -10.592           24.877
 3240 (vir)     1          20.674          -4.536          -1.958         -10.778           24.958
 3241 (vir)     1          20.690          -5.146          -3.824         -13.904           25.625
 3242 (vir)     1          20.717          -4.496          -1.965         -10.748           25.005
 3243 (vir)     1          20.725          -5.454          -4.091         -14.641           25.821
 3244 (vir)     1          20.737          -4.497          -1.933         -10.709           25.016
 3245 (vir)     1          20.752          -4.522          -1.979         -10.814           25.066
 3246 (vir)     1          20.754          -5.262          -3.922         -14.191           25.762
 3247 (vir)     1          20.768          -6.046          -4.625         -16.109           26.206
 3248 (vir)     1          20.784          -5.168          -3.826         -13.912           25.702
 3249 (vir)     1          20.792          -4.509          -1.941         -10.734           25.076
 3250 (vir)     1          20.796          -4.545          -1.957         -10.757           25.051
 3251 (vir)     1          20.804          -4.575          -1.966         -10.790           25.054
 3252 (vir)     1          20.814          -5.526          -4.161         -14.873           26.000
 3253 (vir)     1          20.815          -5.458          -4.089         -14.648           25.916
 3254 (vir)     1          20.824          -4.543          -1.953         -10.748           25.076
 3255 (vir)     1          20.840          -5.079          -3.736         -13.622           25.647
 3256 (vir)     1          20.844          -5.322          -3.925         -14.225           25.822
 3257 (vir)     1          20.855          -6.518          -4.969         -17.054           26.421
 3258 (vir)     1          20.858          -4.471          -1.922         -10.617           25.081
 3259 (vir)     1          20.858          -4.563          -1.945         -10.721           25.072
 3260 (vir)     1          20.863          -4.587          -1.981         -10.884           25.178
 3261 (vir)     1          20.869          -5.113          -3.760         -13.679           25.674
 3262 (vir)     1          20.901          -4.578          -1.942         -10.716           25.096
 3263 (vir)     1          20.903          -5.212          -3.816         -13.960           25.835
 3264 (vir)     1          20.904          -4.604          -1.974         -10.831           25.156
 3265 (vir)     1          20.908          -6.872          -5.294         -18.008           26.750
 3266 (vir)     1          20.912          -6.163          -4.678         -16.258           26.328
 3267 (vir)     1          20.932          -4.440          -1.901         -10.526           25.116
 3268 (vir)     1          20.946          -4.607          -1.938         -10.707           25.109
 3269 (vir)     1          20.957          -5.110          -3.681         -13.373           25.539
 3270 (vir)     1          20.977          -4.985          -3.549         -13.076           25.519
 3271 (vir)     1          20.983          -7.158          -5.521         -18.682           26.987
 3272 (vir)     1          20.991          -5.711          -4.245         -15.007           26.041
 3273 (vir)     1          20.996          -4.612          -1.935         -10.702           25.150
 3274 (vir)     1          21.008          -4.614          -1.981         -10.910           25.323
 3275 (vir)     1          21.015          -4.468          -1.899         -10.530           25.178
 3276 (vir)     1          21.047          -7.156          -5.496         -18.643           27.038
 3277 (vir)     1          21.052          -6.572          -5.039         -17.393           26.835
 3278 (vir)     1          21.053          -4.613          -1.935         -10.702           25.206
 3279 (vir)     1          21.064          -4.619          -1.964         -10.821           25.302
 3280 (vir)     1          21.097          -7.261          -5.567         -18.871           27.139
 3281 (vir)     1          21.110          -4.624          -1.931         -10.699           25.254
 3282 (vir)     1          21.117          -6.613          -5.063         -17.489           26.931
 3283 (vir)     1          21.122          -4.529          -1.905         -10.570           25.258
 3284 (vir)     1          21.138          -7.300          -5.584         -18.940           27.194
 3285 (vir)     1          21.166          -7.301          -5.569         -18.911           27.207
 3286 (vir)     1          21.168          -4.617          -1.926         -10.682           25.307
 3287 (vir)     1          21.169          -6.558          -5.005         -17.344           26.950
 3288 (vir)     1          21.171          -4.641          -1.983         -10.934           25.481
 3289 (vir)     1          21.182          -7.345          -5.597         -18.999           27.240
 3290 (vir)     1          21.195          -4.396          -2.975         -11.483           25.307
 3291 (vir)     1          21.212          -6.607          -5.048         -17.488           27.045
 3292 (vir)     1          21.214          -4.212          -2.807         -10.816           25.010
 3293 (vir)     1          21.236          -4.615          -1.926         -10.678           25.373
 3294 (vir)     1          21.243          -6.385          -4.843         -16.887           26.902
 3295 (vir)     1          21.254          -4.581          -1.907         -10.595           25.361
 3296 (vir)     1          21.258          -4.628          -1.952         -10.808           25.487
 3297 (vir)     1          21.260          -6.432          -4.906         -17.104           27.027
 3298 (vir)     1          21.265          -6.599          -5.033         -17.451           27.084
 3299 (vir)     1          21.302          -4.626          -1.926         -10.705           25.455
 3300 (vir)     1          21.347          -4.656          -1.982         -10.941           25.651
 3301 (vir)     1          21.368          -4.609          -1.916         -10.653           25.496
 3302 (vir)     1          21.400          -4.607          -1.906         -10.612           25.499
 3303 (vir)     1          21.402          -4.369          -2.970         -11.588           25.651
 3304 (vir)     1          21.440          -4.602          -1.914         -10.634           25.559
 3305 (vir)     1          21.460          -4.808          -3.426         -13.177           26.402
 3306 (vir)     1          21.463          -4.860          -3.476         -13.365           26.492
 3307 (vir)     1          21.466          -4.633          -1.942         -10.802           25.693
 3308 (vir)     1          21.496          -4.628          -1.917         -10.665           25.616
 3309 (vir)     1          21.510          -4.927          -3.422         -13.049           26.210
 3310 (vir)     1          21.516          -4.598          -3.152         -12.215           25.982
 3311 (vir)     1          21.526          -4.684          -1.981         -10.961           25.823
 3312 (vir)     1          21.528          -4.712          -1.931         -10.868           25.753
 3313 (vir)     1          21.531          -3.753          -2.371          -9.601           25.008
 3314 (vir)     1          21.534          -4.733          -1.937         -10.928           25.792
 3315 (vir)     1          21.555          -4.665          -1.913         -10.727           25.703
 3316 (vir)     1          21.571          -4.715          -1.931         -10.902           25.827
 3317 (vir)     1          21.575          -4.732          -1.934         -10.914           25.824
 3318 (vir)     1          21.595          -4.700          -1.926         -10.892           25.861
 3319 (vir)     1          21.598          -4.960          -3.444         -13.105           26.299
 3320 (vir)     1          21.607          -4.719          -3.239         -12.485           26.134
 3321 (vir)     1          21.633          -4.800          -3.275         -12.590           26.147
 3322 (vir)     1          21.648          -4.952          -3.436         -13.055           26.316
 3323 (vir)     1          21.657          -4.761          -1.934         -10.902           25.863
 3324 (vir)     1          21.658          -4.664          -1.949         -10.870           25.916
 3325 (vir)     1          21.695          -4.732          -1.922         -10.803           25.844
 3326 (vir)     1          21.703          -4.708          -1.955         -10.932           25.973
 3327 (vir)     1          21.714          -4.727          -1.911         -10.747           25.823
 3328 (vir)     1          21.718          -4.937          -3.426         -12.999           26.355
 3329 (vir)     1          21.747          -4.530          -3.027         -11.833           26.022
 3330 (vir)     1          21.756          -4.864          -3.329         -12.769           26.332
 3331 (vir)     1          21.773          -4.728          -1.918         -10.794           25.921
 3332 (vir)     1          21.776          -4.700          -1.893         -10.675           25.857
 3333 (vir)     1          21.796          -4.683          -1.958         -10.942           26.097
 3334 (vir)     1          21.802          -4.935          -3.418         -12.952           26.400
 3335 (vir)     1          21.820          -4.793          -1.931         -10.899           25.995
 3336 (vir)     1          21.861          -4.687          -1.889         -10.656           25.941
 3337 (vir)     1          21.863          -3.965          -2.505         -10.033           25.426
 3338 (vir)     1          21.873          -4.747          -3.214         -12.426           26.338
 3339 (vir)     1          21.900          -4.770          -3.250         -12.382           26.262
 3340 (vir)     1          21.913          -4.782          -3.210         -12.395           26.316
 3341 (vir)     1          21.922          -4.710          -1.904         -10.717           26.025
 3342 (vir)     1          21.941          -4.815          -1.931         -10.928           26.124
 3343 (vir)     1          21.952          -4.697          -1.883         -10.646           26.018
 3344 (vir)     1          21.993          -4.932          -3.392         -12.840           26.510
 3345 (vir)     1          22.025          -4.496          -2.926         -11.511           26.113
 3346 (vir)     1          22.034          -4.856          -3.279         -12.621           26.521
 3347 (vir)     1          22.055          -4.688          -1.878         -10.633           26.121
 3348 (vir)     1          22.062          -4.839          -1.928         -10.928           26.223
 3349 (vir)     1          22.075          -4.731          -1.901         -10.729           26.172
 3350 (vir)     1          22.084          -4.799          -1.922         -10.847           26.210
 3351 (vir)     1          22.100          -4.936          -3.379         -12.787           26.572
 3352 (vir)     1          22.145          -4.752          -3.165         -12.265           26.493
 3353 (vir)     1          22.175          -4.416          -2.884         -11.227           26.101
 3354 (vir)     1          22.176          -4.701          -1.878         -10.638           26.235
 3355 (vir)     1          22.177          -4.803          -1.919         -10.882           26.337
 3356 (vir)     1          22.180          -4.837          -1.921         -10.903           26.324
 3357 (vir)     1          22.185          -4.762          -3.140         -12.162           26.446
 3358 (vir)     1          22.210          -4.777          -1.907         -10.798           26.324
 3359 (vir)     1          22.220          -4.765          -1.916         -10.822           26.360
 3360 (vir)     1          22.234          -4.551          -2.982         -11.498           26.198
 3361 (vir)     1          22.275          -4.556          -2.938         -11.523           26.304
 3362 (vir)     1          22.288          -4.823          -1.915         -10.865           26.416
 3363 (vir)     1          22.291          -4.813          -3.192         -12.325           26.612
 3364 (vir)     1          22.306          -4.713          -1.883         -10.662           26.372
 3365 (vir)     1          22.307          -4.809          -1.914         -10.856           26.439
 3366 (vir)     1          22.310          -4.908          -3.320         -12.591           26.674
 3367 (vir)     1          22.378          -4.715          -1.877         -10.694           26.480
 3368 (vir)     1          22.378          -4.753          -3.125         -12.102           26.603
 3369 (vir)     1          22.385          -4.828          -1.917         -10.892           26.532
 3370 (vir)     1          22.392          -4.669          -3.017         -11.739           26.446
 3371 (vir)     1          22.426          -4.916          -3.299         -12.510           26.721
 3372 (vir)     1          22.448          -4.706          -3.056         -11.859           26.546
 3373 (vir)     1          22.456          -4.724          -3.059         -11.859           26.532
 3374 (vir)     1          22.459          -4.763          -1.907         -10.778           26.567
 3375 (vir)     1          22.460          -4.475          -2.884         -11.191           26.292
 3376 (vir)     1          22.525          -4.705          -1.857         -10.611           26.574
 3377 (vir)     1          22.545          -4.719          -1.879         -10.768           26.715
 3378 (vir)     1          22.547          -4.730          -1.882         -10.787           26.722
 3379 (vir)     1          22.553          -4.775          -3.136         -11.968           26.610
 3380 (vir)     1          22.595          -4.800          -1.896         -10.847           26.746
 3381 (vir)     1          22.601          -4.794          -3.152         -12.034           26.688
 3382 (vir)     1          22.645          -4.834          -1.923         -10.889           26.778
 3383 (vir)     1          22.665          -4.700          -1.847         -10.577           26.694
 3384 (vir)     1          22.684          -4.063          -2.622         -10.684           26.683
 3385 (vir)     1          22.684          -4.063          -2.621         -10.682           26.682
 3386 (vir)     1          22.690          -4.690          -3.033         -11.622           26.588
 3387 (vir)     1          22.700          -4.850          -3.164         -12.052           26.738
 3388 (vir)     1          22.772          -4.831          -3.124         -11.904           26.721
 3389 (vir)     1          22.774          -4.747          -3.088         -11.784           26.722
 3390 (vir)     1          22.799          -4.818          -1.879         -10.807           26.909
 3391 (vir)     1          22.807          -4.701          -1.842         -10.566           26.830
 3392 (vir)     1          22.846          -4.876          -1.916         -10.913           26.967
 3393 (vir)     1          22.858          -4.952          -1.863         -10.773           26.815
 3394 (vir)     1          22.889          -4.974          -1.876         -10.844           26.883
 3395 (vir)     1          22.914          -4.849          -1.840         -10.643           26.868
 3396 (vir)     1          22.956          -4.725          -1.846         -10.590           26.974
 3397 (vir)     1          22.965          -4.972          -1.884         -10.905           27.015
 3398 (vir)     1          22.990          -4.816          -1.868         -10.789           27.095
 3399 (vir)     1          23.039          -4.859          -1.877         -10.789           27.092
 3400 (vir)     1          23.044          -4.767          -1.817         -10.521           26.981
 3401 (vir)     1          23.049          -4.956          -1.884         -10.917           27.126
 3402 (vir)     1          23.122          -4.804          -1.872         -10.721           27.167
 3403 (vir)     1          23.136          -4.919          -1.882         -10.919           27.255
 3404 (vir)     1          23.148          -4.337          -2.676         -10.746           26.880
 3405 (vir)     1          23.166          -4.839          -1.858         -10.778           27.246
 3406 (vir)     1          23.181          -4.325          -2.674         -10.745           26.926
 3407 (vir)     1          23.200          -4.841          -1.846         -10.673           27.187
 3408 (vir)     1          23.213          -4.748          -1.807         -10.499           27.156
 3409 (vir)     1          23.225          -4.885          -1.875         -10.890           27.356
 3410 (vir)     1          23.232          -4.321          -2.669         -10.741           26.983
 3411 (vir)     1          23.302          -4.307          -2.663         -10.737           27.068
 3412 (vir)     1          23.312          -4.885          -1.876         -10.909           27.461
 3413 (vir)     1          23.320          -4.883          -1.854         -10.790           27.373
 3414 (vir)     1          23.346          -4.793          -1.895         -10.809           27.467
 3415 (vir)     1          23.366          -4.267          -2.624         -11.109           27.583
 3416 (vir)     1          23.368          -4.265          -2.621         -11.157           27.638
 3417 (vir)     1          23.388          -4.716          -1.831         -10.554           27.394
 3418 (vir)     1          23.393          -4.310          -2.653         -10.783           27.213
 3419 (vir)     1          23.400          -4.746          -1.790         -10.438           27.301
 3420 (vir)     1          23.400          -4.914          -1.872         -10.902           27.516
 3421 (vir)     1          23.456          -4.912          -1.854         -10.815           27.505
 3422 (vir)     1          23.487          -4.926          -1.868         -10.893           27.585
 3423 (vir)     1          23.498          -4.340          -2.649         -10.730           27.239
 3424 (vir)     1          23.550          -4.975          -1.851         -10.827           27.552
 3425 (vir)     1          23.553          -4.155          -2.684         -10.359           27.074
 3426 (vir)     1          23.554          -4.179          -2.679         -10.346           27.042
 3427 (vir)     1          23.562          -4.782          -1.785         -10.451           27.446
 3428 (vir)     1          23.562          -4.168          -2.667         -10.317           27.044
 3429 (vir)     1          23.572          -4.153          -2.696         -10.403           27.126
 3430 (vir)     1          23.572          -4.955          -1.862         -10.876           27.630
 3431 (vir)     1          23.579          -4.942          -1.883         -10.889           27.644
 3432 (vir)     1          23.595          -4.760          -1.777         -10.406           27.465
 3433 (vir)     1          23.606          -4.191          -2.715         -10.480           27.179
 3434 (vir)     1          23.608          -4.987          -1.850         -10.834           27.606
 3435 (vir)     1          23.621          -4.338          -2.641         -10.718           27.359
 3436 (vir)     1          23.658          -4.971          -1.859         -10.871           27.698
 3437 (vir)     1          23.670          -4.222          -2.730         -10.565           27.282
 3438 (vir)     1          23.700          -4.767          -1.773         -10.410           27.569
 3439 (vir)     1          23.744          -4.979          -1.855         -10.858           27.768
 3440 (vir)     1          23.758          -4.343          -2.644         -10.712           27.483
 3441 (vir)     1          23.770          -4.252          -2.731         -10.656           27.443
 3442 (vir)     1          23.784          -4.974          -1.881         -10.911           27.840
 3443 (vir)     1          23.795          -4.771          -1.759         -10.359           27.624
 3444 (vir)     1          23.830          -4.967          -1.850         -10.845           27.857
 3445 (vir)     1          23.854          -4.785          -1.775         -10.430           27.724
 3446 (vir)     1          23.904          -4.302          -2.719         -10.753           27.636
 3447 (vir)     1          23.905          -4.528          -2.896         -11.789           28.269
 3448 (vir)     1          23.905          -4.529          -2.896         -11.789           28.268
 3449 (vir)     1          23.916          -4.350          -2.657         -10.705           27.614
 3450 (vir)     1          23.916          -4.961          -1.846         -10.831           27.940
 3451 (vir)     1          23.986          -4.890          -1.794         -10.567           27.869
 3452 (vir)     1          24.001          -4.793          -1.742         -10.314           27.779
 3453 (vir)     1          24.003          -4.950          -1.841         -10.818           28.029
 3454 (vir)     1          24.031          -4.927          -1.843         -10.749           28.010
 3455 (vir)     1          24.073          -4.371          -2.674         -10.775           27.803
 3456 (vir)     1          24.089          -4.359          -2.698         -10.777           27.808
 3457 (vir)     1          24.089          -4.945          -1.838         -10.807           28.113
 3458 (vir)     1          24.153          -4.841          -1.743         -10.360           27.929
 3459 (vir)     1          24.170          -4.958          -1.840         -10.806           28.178
 3460 (vir)     1          24.210          -4.808          -1.724         -10.264           27.942
 3461 (vir)     1          24.249          -4.995          -1.872         -10.917           28.300
 3462 (vir)     1          24.252          -4.388          -2.636         -10.743           27.970
 3463 (vir)     1          24.295          -4.381          -2.732         -10.905           28.087
 3464 (vir)     1          24.315          -4.842          -1.726         -10.306           28.052
 3465 (vir)     1          24.344          -5.076          -1.792         -10.699           28.175
 3466 (vir)     1          24.408          -4.971          -1.793         -10.692           28.335
 3467 (vir)     1          24.408          -4.737          -2.952         -11.849           28.568
 3468 (vir)     1          24.409          -4.711          -2.941         -11.826           28.583
 3469 (vir)     1          24.412          -4.719          -2.931         -11.806           28.567
 3470 (vir)     1          24.415          -4.710          -2.918         -11.778           28.565
 3471 (vir)     1          24.421          -4.697          -2.902         -11.743           28.565
 3472 (vir)     1          24.423          -4.828          -1.705         -10.210           28.100
 3473 (vir)     1          24.429          -4.674          -2.884         -11.703           28.575
 3474 (vir)     1          24.435          -4.431          -2.636         -10.755           28.123
 3475 (vir)     1          24.441          -4.658          -2.864         -11.660           28.580
 3476 (vir)     1          24.458          -4.637          -2.843         -11.614           28.592
 3477 (vir)     1          24.477          -5.018          -1.865         -10.924           28.518
 3478 (vir)     1          24.477          -4.827          -1.712         -10.264           28.202
 3479 (vir)     1          24.479          -4.621          -2.821         -11.566           28.603
 3480 (vir)     1          24.499          -4.971          -1.792         -10.682           28.418
 3481 (vir)     1          24.506          -4.599          -2.799         -11.514           28.622
 3482 (vir)     1          24.523          -4.442          -2.739         -11.004           28.346
 3483 (vir)     1          24.537          -4.573          -2.775         -11.457           28.647
 3484 (vir)     1          24.575          -4.546          -2.749         -11.392           28.672
 3485 (vir)     1          24.599          -4.982          -1.787         -10.665           28.495
 3486 (vir)     1          24.617          -4.518          -2.719         -11.315           28.695
 3487 (vir)     1          24.619          -4.451          -2.646         -10.789           28.311
 3488 (vir)     1          24.634          -4.857          -1.685         -10.156           28.248
 3489 (vir)     1          24.642          -4.803          -1.697         -10.222           28.364
 3490 (vir)     1          24.663          -4.479          -2.684         -11.222           28.722
 3491 (vir)     1          24.706          -4.970          -1.781         -10.647           28.602
 3492 (vir)     1          24.706          -5.018          -1.851         -10.902           28.740
 3493 (vir)     1          24.712          -4.429          -2.643         -11.105           28.745
 3494 (vir)     1          24.745          -4.515          -2.754         -11.092           28.567
 3495 (vir)     1          24.761          -4.357          -2.591         -10.953           28.766
 3496 (vir)     1          24.796          -4.473          -2.665         -10.841           28.499
 3497 (vir)     1          24.803          -4.264          -2.528         -10.750           28.761
 3498 (vir)     1          24.811          -4.774          -1.683         -10.181           28.536
 3499 (vir)     1          24.817          -4.951          -1.773         -10.625           28.717
 3500 (vir)     1          24.831          -4.128          -2.464         -10.488           28.727
 3501 (vir)     1          24.835          -4.982          -1.667         -10.103           28.290
 3502 (vir)     1          24.846          -4.126          -2.494         -10.430           28.656
 3503 (vir)     1          24.878          -4.150          -2.597         -10.605           28.736
 3504 (vir)     1          24.932          -4.572          -2.765         -11.122           28.716
 3505 (vir)     1          24.933          -4.918          -1.765         -10.602           28.852
 3506 (vir)     1          24.935          -5.009          -1.823         -10.818           28.921
 3507 (vir)     1          24.944          -4.189          -2.682         -10.767           28.841
 3508 (vir)     1          24.953          -4.523          -2.699         -10.924           28.655
 3509 (vir)     1          24.987          -4.778          -1.680         -10.187           28.717
 3510 (vir)     1          25.016          -4.953          -1.651         -10.060           28.472
 3511 (vir)     1          25.038          -4.404          -2.753         -10.896           28.777
 3512 (vir)     1          25.054          -4.888          -1.757         -10.577           28.986
 3513 (vir)     1          25.060          -4.611          -2.773         -11.113           28.789
 3514 (vir)     1          25.066          -4.589          -2.751         -11.042           28.769
 3515 (vir)     1          25.150          -4.830          -1.688         -10.264           28.896
 3516 (vir)     1          25.151          -4.495          -2.819         -11.011           28.849
 3517 (vir)     1          25.161          -5.022          -1.640         -10.029           28.529
 3518 (vir)     1          25.179          -4.868          -1.747         -10.551           29.115
 3519 (vir)     1          25.183          -4.940          -1.781         -10.648           29.111
 3520 (vir)     1          25.254          -4.927          -1.632         -10.008           28.703
 3521 (vir)     1          25.275          -4.571          -2.887         -11.131           28.949
 3522 (vir)     1          25.310          -4.835          -1.738         -10.528           29.264
 3523 (vir)     1          25.341          -4.727          -1.616          -9.967           28.965
 3524 (vir)     1          25.403          -4.684          -2.962         -11.272           29.029
 3525 (vir)     1          25.410          -5.042          -1.815         -10.836           29.389
 3526 (vir)     1          25.445          -4.784          -1.729         -10.502           29.435
 3527 (vir)     1          25.525          -4.823          -3.040         -11.452           29.115
 3528 (vir)     1          25.530          -4.688          -2.950         -11.495           29.386
 3529 (vir)     1          25.531          -4.636          -1.584          -9.844           29.156
 3530 (vir)     1          25.534          -4.690          -2.963         -11.523           29.404
 3531 (vir)     1          25.586          -4.730          -1.718         -10.476           29.613
 3532 (vir)     1          25.600          -4.856          -2.940         -11.680           29.484
 3533 (vir)     1          25.610          -4.840          -2.937         -11.660           29.492
 3534 (vir)     1          25.639          -4.917          -3.101         -11.582           29.203
 3535 (vir)     1          25.644          -5.077          -1.808         -10.837           29.597
 3536 (vir)     1          25.704          -4.797          -2.944         -11.570           29.533
 3537 (vir)     1          25.715          -4.738          -2.894         -11.562           29.645
 3538 (vir)     1          25.719          -4.548          -1.554          -9.732           29.350
 3539 (vir)     1          25.731          -4.720          -1.708         -10.450           29.753
 3540 (vir)     1          25.754          -4.980          -3.122         -11.624           29.277
 3541 (vir)     1          25.810          -5.045          -3.175         -11.746           29.336
 3542 (vir)     1          25.815          -3.866          -3.202         -11.818           30.565
 3543 (vir)     1          25.841          -4.745          -2.947         -11.311           29.460
 3544 (vir)     1          25.848          -4.714          -2.835         -11.403           29.702
 3545 (vir)     1          25.860          -5.116          -3.224         -11.814           29.334
 3546 (vir)     1          25.878          -4.724          -2.910         -11.507           29.752
 3547 (vir)     1          25.880          -5.125          -1.796         -10.818           29.777
 3548 (vir)     1          25.880          -4.733          -1.697         -10.423           29.874
 3549 (vir)     1          25.895          -4.616          -1.526          -9.628           29.381
 3550 (vir)     1          25.943          -5.194          -3.205         -11.803           29.347
 3551 (vir)     1          26.014          -4.535          -2.795         -11.358           30.042
 3552 (vir)     1          26.034          -4.714          -1.686         -10.397           30.031
 3553 (vir)     1          26.041          -4.323          -2.524         -10.649           29.842
 3554 (vir)     1          26.041          -4.561          -1.503          -9.541           29.518
 3555 (vir)     1          26.043          -4.606          -2.708         -11.121           29.850
 3556 (vir)     1          26.098          -5.363          -3.331         -11.992           29.396
 3557 (vir)     1          26.117          -5.139          -1.779         -10.777           29.975
 3558 (vir)     1          26.135          -4.515          -2.599         -10.860           29.880
 3559 (vir)     1          26.138          -4.241          -1.491          -9.498           29.905
 3560 (vir)     1          26.191          -4.729          -1.675         -10.370           30.157
 3561 (vir)     1          26.212          -4.554          -2.633         -11.034           30.059
 3562 (vir)     1          26.217          -4.513          -2.624         -10.868           29.948
 3563 (vir)     1          26.314          -5.479          -3.416         -12.095           29.513
 3564 (vir)     1          26.328          -4.621          -2.640         -10.816           29.882
 3565 (vir)     1          26.352          -4.762          -1.664         -10.344           30.270
 3566 (vir)     1          26.357          -5.280          -1.770         -10.765           30.073
 3567 (vir)     1          26.372          -4.384          -2.546         -10.842           30.283
 3568 (vir)     1          26.473          -4.415          -2.502         -10.762           30.318
 3569 (vir)     1          26.507          -5.232          -3.126         -11.687           29.836
 3570 (vir)     1          26.516          -4.811          -1.652         -10.317           30.369
 3571 (vir)     1          26.533          -4.615          -2.483         -10.930           30.366
 3572 (vir)     1          26.541          -4.896          -2.872         -11.215           29.988
 3573 (vir)     1          26.600          -5.331          -1.756         -10.733           30.246
 3574 (vir)     1          26.608          -4.473          -2.461         -10.723           30.397
 3575 (vir)     1          26.658          -4.587          -2.531         -10.867           30.407
 3576 (vir)     1          26.675          -4.399          -2.450         -10.538           30.364
 3577 (vir)     1          26.681          -4.849          -1.641         -10.289           30.482
 3578 (vir)     1          26.688          -5.606          -3.490         -12.068           29.659
 3579 (vir)     1          26.720          -4.393          -2.433         -10.440           30.334
 3580 (vir)     1          26.729          -4.642          -2.496         -11.003           30.593
 3581 (vir)     1          26.836          -5.332          -1.730         -10.681           30.455
 3582 (vir)     1          26.845          -4.723          -2.603         -10.994           30.514
 3583 (vir)     1          26.848          -4.855          -1.629         -10.262           30.627
 3584 (vir)     1          26.854          -4.468          -2.516         -10.309           30.178
 3585 (vir)     1          26.864          -5.620          -3.499         -12.065           29.810
 3586 (vir)     1          26.973          -4.849          -2.717         -11.209           30.616
 3587 (vir)     1          27.001          -5.427          -3.307         -11.768           30.035
 3588 (vir)     1          27.006          -4.505          -1.910          -9.923           30.514
 3589 (vir)     1          27.015          -4.881          -1.617         -10.233           30.751
 3590 (vir)     1          27.029          -4.399          -1.989          -9.997           30.639
 3591 (vir)     1          27.062          -4.731          -2.528         -11.027           30.830
 3592 (vir)     1          27.079          -4.426          -1.970          -9.993           30.675
 3593 (vir)     1          27.081          -5.599          -3.506         -11.998           29.974
 3594 (vir)     1          27.091          -5.682          -1.725         -10.663           30.348
 3595 (vir)     1          27.094          -4.389          -2.129         -10.111           30.688
 3596 (vir)     1          27.129          -5.529          -3.451         -11.919           30.068
 3597 (vir)     1          27.181          -4.722          -2.588         -10.979           30.850
 3598 (vir)     1          27.182          -4.904          -1.604         -10.202           30.875
 3599 (vir)     1          27.197          -4.361          -2.049         -10.088           30.875
 3600 (vir)     1          27.212          -4.556          -2.083         -10.082           30.655
 3601 (vir)     1          27.306          -4.736          -2.468         -11.173           31.276
 3602 (vir)     1          27.343          -5.969          -1.709         -10.624           30.290
 3603 (vir)     1          27.347          -4.912          -1.591         -10.169           31.012
 3604 (vir)     1          27.367          -4.803          -2.641         -11.038           30.962
 3605 (vir)     1          27.371          -4.577          -2.101         -10.090           30.783
 3606 (vir)     1          27.373          -4.465          -2.079         -10.177           31.006
 3607 (vir)     1          27.477          -4.643          -2.545         -10.696           30.984
 3608 (vir)     1          27.508          -4.919          -1.578         -10.133           31.144
 3609 (vir)     1          27.549          -4.639          -2.127         -10.194           30.976
 3610 (vir)     1          27.556          -4.593          -2.467         -10.399           30.894
 3611 (vir)     1          27.565          -4.813          -2.536         -11.207           31.423
 3612 (vir)     1          27.599          -5.963          -1.693         -10.582           30.525
 3613 (vir)     1          27.608          -4.618          -2.110         -10.285           31.166
 3614 (vir)     1          27.622          -4.826          -2.597         -11.219           31.418
 3615 (vir)     1          27.666          -5.015          -1.564         -10.092           31.179
 3616 (vir)     1          27.670          -4.921          -2.736         -11.187           31.200
 3617 (vir)     1          27.716          -4.970          -2.777         -11.253           31.222
 3618 (vir)     1          27.744          -5.023          -2.822         -11.309           31.209
 3619 (vir)     1          27.760          -5.118          -2.896         -11.393           31.139
 3620 (vir)     1          27.773          -5.250          -3.002         -11.505           31.027
 3621 (vir)     1          27.786          -5.374          -3.093         -11.599           30.919
 3622 (vir)     1          27.788          -4.719          -2.144         -10.359           31.285
 3623 (vir)     1          27.820          -4.953          -1.549         -10.045           31.363
 3624 (vir)     1          27.859          -5.593          -1.676         -10.534           31.124
 3625 (vir)     1          27.870          -4.845          -2.179         -10.380           31.226
 3626 (vir)     1          27.870          -4.805          -2.390         -11.321           31.995
 3627 (vir)     1          27.966          -4.843          -1.532          -9.992           31.584
 3628 (vir)     1          28.054          -4.878          -2.305         -10.398           31.269
 3629 (vir)     1          28.076          -4.712          -2.194         -10.532           31.701
 3630 (vir)     1          28.105          -4.839          -1.515          -9.931           31.683
 3631 (vir)     1          28.123          -5.262          -1.658         -10.470           31.672
 3632 (vir)     1          28.143          -4.835          -2.358         -11.354           32.303
 3633 (vir)     1          28.149          -4.946          -2.545         -10.809           31.466
 3634 (vir)     1          28.191          -4.935          -2.516         -10.799           31.540
 3635 (vir)     1          28.205          -4.707          -2.378         -10.129           31.249
 3636 (vir)     1          28.233          -4.768          -1.496          -9.865           31.834
 3637 (vir)     1          28.259          -4.918          -2.534         -10.822           31.629
 3638 (vir)     1          28.262          -4.785          -2.303         -10.654           31.827
 3639 (vir)     1          28.346          -4.967          -1.478          -9.796           31.697
 3640 (vir)     1          28.346          -4.927          -2.498         -10.817           31.738
 3641 (vir)     1          28.364          -5.118          -2.289         -10.682           31.639
 3642 (vir)     1          28.381          -4.847          -1.665         -10.239           32.108
 3643 (vir)     1          28.403          -4.905          -2.386         -11.410           32.521
 3644 (vir)     1          28.408          -4.961          -2.531         -10.841           31.757
 3645 (vir)     1          28.435          -4.817          -1.462          -9.735           31.891
 3646 (vir)     1          28.439          -5.957          -3.424         -12.067           31.124
 3647 (vir)     1          28.441          -5.923          -3.378         -12.041           31.181
 3648 (vir)     1          28.476          -4.350          -1.889          -9.641           31.878
 3649 (vir)     1          28.492          -4.235          -1.451          -9.691           32.497
 3650 (vir)     1          28.496          -4.608          -1.882          -9.865           31.871
 3651 (vir)     1          28.500          -5.118          -2.401         -10.770           31.751
 3652 (vir)     1          28.502          -4.958          -2.487         -10.870           31.928
 3653 (vir)     1          28.535          -5.147          -2.371         -10.828           31.844
 3654 (vir)     1          28.600          -4.983          -2.515         -10.920           32.022
 3655 (vir)     1          28.654          -4.928          -2.321         -11.405           32.810
 3656 (vir)     1          28.683          -4.420          -1.644         -10.464           33.083
 3657 (vir)     1          28.692          -4.957          -2.537         -10.959           32.157
 3658 (vir)     1          28.790          -4.953          -2.528         -10.985           32.294
 3659 (vir)     1          28.805          -5.080          -2.457         -10.518           31.786
 3660 (vir)     1          28.890          -4.990          -2.311         -11.347           32.935
 3661 (vir)     1          28.897          -4.966          -2.528         -11.019           32.422
 3662 (vir)     1          28.961          -4.191          -1.611         -10.409           33.568
 3663 (vir)     1          29.003          -4.956          -2.509         -11.027           32.566
 3664 (vir)     1          29.092          -5.038          -2.297         -11.415           33.172
 3665 (vir)     1          29.117          -4.967          -2.489         -11.055           32.716
 3666 (vir)     1          29.226          -4.968          -2.467         -11.071           32.862
 3667 (vir)     1          29.249          -4.062          -1.589         -10.356           33.953
 3668 (vir)     1          29.285          -5.061          -2.287         -11.391           33.328
 3669 (vir)     1          29.293          -5.295          -2.492         -10.858           32.364
 3670 (vir)     1          29.330          -4.777          -2.224         -10.931           33.260
 3671 (vir)     1          29.331          -4.969          -2.430         -11.096           33.028
 3672 (vir)     1          29.332          -4.738          -2.192         -10.947           33.350
 3673 (vir)     1          29.380          -4.785          -2.218         -11.016           33.393
 3674 (vir)     1          29.393          -4.801          -2.224         -11.019           33.387
 3675 (vir)     1          29.426          -5.010          -2.412         -11.151           33.156
 3676 (vir)     1          29.447          -4.840          -2.214         -10.974           33.366
 3677 (vir)     1          29.463          -4.831          -2.319         -10.915           33.228
 3678 (vir)     1          29.479          -5.048          -2.396         -11.168           33.204
 3679 (vir)     1          29.488          -4.850          -2.246         -11.064           33.456
 3680 (vir)     1          29.490          -4.797          -2.309         -10.799           33.183
 3681 (vir)     1          29.491          -5.057          -2.295         -11.337           33.476
 3682 (vir)     1          29.544          -4.099          -1.568         -10.305           34.182
 3683 (vir)     1          29.547          -4.828          -2.214         -10.994           33.499
 3684 (vir)     1          29.608          -4.936          -2.282         -11.171           33.561
 3685 (vir)     1          29.608          -4.715          -2.312         -10.737           33.318
 3686 (vir)     1          29.625          -5.173          -2.357         -11.339           33.434
 3687 (vir)     1          29.691          -4.817          -2.172         -10.949           33.651
 3688 (vir)     1          29.697          -5.310          -2.459         -11.031           32.959
 3689 (vir)     1          29.751          -5.157          -2.356         -11.345           33.583
 3690 (vir)     1          29.783          -5.225          -2.345         -11.426           33.639
 3691 (vir)     1          29.812          -4.663          -2.304         -10.578           33.423
 3692 (vir)     1          29.845          -4.846          -2.171         -10.966           33.794
 3693 (vir)     1          29.846          -4.056          -1.547         -10.254           34.497
 3694 (vir)     1          29.882          -5.166          -2.353         -11.329           33.693
 3695 (vir)     1          29.931          -5.346          -2.358         -11.406           33.634
 3696 (vir)     1          29.943          -5.736          -2.497         -11.413           33.123
 3697 (vir)     1          29.999          -4.948          -2.197         -11.052           33.906
 3698 (vir)     1          30.059          -5.371          -2.436         -11.361           33.614
 3699 (vir)     1          30.062          -5.051          -2.387         -11.306           33.930
 3700 (vir)     1          30.089          -4.814          -2.340         -10.660           33.594
 3701 (vir)     1          30.132          -4.967          -2.172         -11.066           34.060
 3702 (vir)     1          30.155          -4.238          -1.526         -10.204           34.595
 3703 (vir)     1          30.199          -5.153          -2.268         -11.190           33.968
 3704 (vir)     1          30.220          -5.488          -2.543         -11.425           33.614
 3705 (vir)     1          30.234          -5.048          -2.283         -11.223           34.127
 3706 (vir)     1          30.290          -5.211          -2.391         -11.579           34.266
 3707 (vir)     1          30.364          -5.621          -2.537         -11.629           33.835
 3708 (vir)     1          30.364          -4.916          -2.357         -10.791           33.882
 3709 (vir)     1          30.373          -5.321          -2.486         -11.502           34.068
 3710 (vir)     1          30.415          -4.980          -2.312         -10.916           34.039
 3711 (vir)     1          30.441          -5.545          -2.527         -11.642           34.011
 3712 (vir)     1          30.446          -4.971          -2.311         -10.915           34.078
 3713 (vir)     1          30.470          -4.426          -1.504         -10.154           34.694
 3714 (vir)     1          30.483          -5.814          -2.564         -11.751           33.855
 3715 (vir)     1          30.511          -5.318          -2.508         -11.565           34.251
 3716 (vir)     1          30.521          -5.156          -2.313         -10.983           34.034
 3717 (vir)     1          30.579          -5.941          -2.646         -11.832           33.824
 3718 (vir)     1          30.582          -6.016          -2.618         -11.849           33.798
 3719 (vir)     1          30.593          -4.960          -2.299         -10.897           34.231
 3720 (vir)     1          30.628          -5.058          -2.313         -10.881           34.137
 3721 (vir)     1          30.649          -6.064          -2.669         -11.905           33.821
 3722 (vir)     1          30.652          -6.159          -2.687         -11.935           33.741
 3723 (vir)     1          30.665          -5.204          -2.506         -11.618           34.574
 3724 (vir)     1          30.691          -5.268          -2.410         -11.224           34.237
 3725 (vir)     1          30.783          -5.347          -2.215         -10.821           34.041
 3726 (vir)     1          30.791          -4.629          -1.482         -10.103           34.783
 3727 (vir)     1          30.846          -5.231          -2.530         -11.670           34.755
 3728 (vir)     1          30.865          -5.276          -2.459         -11.237           34.367
 3729 (vir)     1          30.911          -5.357          -2.447         -11.346           34.454
 3730 (vir)     1          30.984          -5.445          -2.255         -10.959           34.243
 3731 (vir)     1          31.011          -5.182          -2.463         -11.564           34.930
 3732 (vir)     1          31.101          -4.975          -2.075         -10.719           34.770
 3733 (vir)     1          31.105          -5.292          -2.423         -11.233           34.623
 3734 (vir)     1          31.116          -4.954          -1.460         -10.053           34.756
 3735 (vir)     1          31.127          -5.072          -2.122         -10.788           34.722
 3736 (vir)     1          31.140          -5.628          -2.565         -11.639           34.587
 3737 (vir)     1          31.189          -5.487          -2.321         -11.176           34.558
 3738 (vir)     1          31.198          -5.373          -2.536         -11.716           35.006
 3739 (vir)     1          31.259          -5.315          -2.326         -11.617           35.235
 3740 (vir)     1          31.273          -5.335          -2.330         -11.626           35.233
 3741 (vir)     1          31.294          -5.366          -2.339         -11.610           35.199
 3742 (vir)     1          31.314          -5.470          -2.578         -11.844           35.112
 3743 (vir)     1          31.320          -5.385          -2.348         -11.627           35.213
 3744 (vir)     1          31.322          -5.215          -2.323         -11.183           34.967
 3745 (vir)     1          31.353          -5.584          -2.480         -11.666           34.954
 3746 (vir)     1          31.374          -5.455          -2.377         -11.517           35.058
 3747 (vir)     1          31.375          -5.586          -2.345         -11.252           34.697
 3748 (vir)     1          31.376          -5.519          -2.345         -11.257           34.768
 3749 (vir)     1          31.381          -5.731          -2.560         -11.875           34.966
 3750 (vir)     1          31.394          -5.564          -2.345         -11.158           34.644
 3751 (vir)     1          31.400          -5.604          -2.344         -11.273           34.724
 3752 (vir)     1          31.402          -5.513          -2.339         -11.270           34.821
 3753 (vir)     1          31.410          -5.523          -2.435         -11.454           34.905
 3754 (vir)     1          31.434          -5.464          -2.365         -11.552           35.156
 3755 (vir)     1          31.435          -5.542          -2.319         -11.228           34.802
 3756 (vir)     1          31.436          -5.501          -2.337         -11.256           34.855
 3757 (vir)     1          31.443          -5.575          -2.414         -11.488           34.942
 3758 (vir)     1          31.446          -5.073          -1.438         -10.003           34.939
 3759 (vir)     1          31.461          -5.528          -2.321         -11.198           34.809
 3760 (vir)     1          31.464          -5.529          -2.414         -11.673           35.195
 3761 (vir)     1          31.472          -5.483          -2.299         -11.202           34.892
 3762 (vir)     1          31.478          -5.503          -2.311         -11.268           34.932
 3763 (vir)     1          31.492          -5.468          -2.269         -11.114           34.868
 3764 (vir)     1          31.496          -5.446          -2.280         -11.160           34.929
 3765 (vir)     1          31.512          -5.356          -2.325         -11.320           35.150
 3766 (vir)     1          31.523          -5.465          -2.375         -11.493           35.176
 3767 (vir)     1          31.528          -5.424          -2.452         -11.632           35.283
 3768 (vir)     1          31.533          -5.393          -2.342         -11.384           35.181
 3769 (vir)     1          31.535          -5.614          -2.438         -11.629           35.112
 3770 (vir)     1          31.579          -5.621          -2.439         -11.684           35.204
 3771 (vir)     1          31.584          -6.184          -2.870         -12.262           34.792
 3772 (vir)     1          31.598          -5.454          -2.391         -11.590           35.342
 3773 (vir)     1          31.652          -5.514          -2.379         -11.647           35.406
 3774 (vir)     1          31.662          -5.621          -2.454         -11.703           35.291
 3775 (vir)     1          31.692          -5.163          -2.225         -11.050           35.354
 3776 (vir)     1          31.699          -5.595          -2.356         -11.633           35.380
 3777 (vir)     1          31.727          -5.511          -2.331         -11.595           35.479
 3778 (vir)     1          31.743          -6.221          -2.785         -12.254           34.992
 3779 (vir)     1          31.745          -5.625          -2.206         -11.386           35.301
 3780 (vir)     1          31.763          -5.870          -2.414         -11.812           35.291
 3781 (vir)     1          31.765          -5.477          -2.325         -11.466           35.429
 3782 (vir)     1          31.779          -5.392          -2.235         -11.416           35.567
 3783 (vir)     1          31.779          -5.801          -1.415          -9.954           34.517
 3784 (vir)     1          31.823          -5.646          -2.299         -11.629           35.506
 3785 (vir)     1          31.841          -5.596          -2.223         -11.158           35.180
 3786 (vir)     1          31.856          -5.354          -2.248         -11.320           35.573
 3787 (vir)     1          31.859          -5.379          -2.252         -11.140           35.369
 3788 (vir)     1          31.862          -5.284          -2.176         -11.249           35.652
 3789 (vir)     1          31.887          -6.619          -3.058         -12.609           34.820
 3790 (vir)     1          31.904          -5.698          -2.315         -11.631           35.522
 3791 (vir)     1          31.976          -5.324          -2.228         -11.273           35.697
 3792 (vir)     1          31.978          -5.308          -2.149         -11.152           35.673
 3793 (vir)     1          31.983          -5.760          -2.304         -11.768           35.687
 3794 (vir)     1          31.990          -6.386          -2.950         -12.482           35.136
 3795 (vir)     1          31.993          -5.826          -2.598         -11.614           35.183
 3796 (vir)     1          32.014          -5.712          -2.304         -11.142           35.139
 3797 (vir)     1          32.071          -6.896          -3.151         -12.853           34.877
 3798 (vir)     1          32.073          -5.804          -2.332         -11.803           35.739
 3799 (vir)     1          32.081          -5.950          -2.719         -11.796           35.209
 3800 (vir)     1          32.095          -5.183          -2.149         -11.080           35.842
 3801 (vir)     1          32.109          -6.425          -2.976         -12.201           34.909
 3802 (vir)     1          32.114          -5.265          -2.206         -11.223           35.866
 3803 (vir)     1          32.114          -5.879          -1.393          -9.905           34.747
 3804 (vir)     1          32.134          -6.956          -3.139         -12.954           34.993
 3805 (vir)     1          32.159          -5.849          -2.365         -11.880           35.826
 3806 (vir)     1          32.171          -5.417          -2.252         -11.030           35.532
 3807 (vir)     1          32.188          -6.871          -3.048         -12.904           35.173
 3808 (vir)     1          32.208          -5.207          -2.231         -11.031           35.801
 3809 (vir)     1          32.212          -6.362          -2.447         -11.605           35.008
 3810 (vir)     1          32.242          -6.200          -2.560         -12.097           35.579
 3811 (vir)     1          32.247          -5.383          -2.212         -11.150           35.801
 3812 (vir)     1          32.250          -6.061          -2.491         -12.107           35.805
 3813 (vir)     1          32.274          -5.333          -2.157         -11.134           35.919
 3814 (vir)     1          32.302          -6.106          -2.501         -12.140           35.836
 3815 (vir)     1          32.328          -5.856          -2.342         -11.872           36.002
 3816 (vir)     1          32.339          -5.218          -2.104         -10.950           35.967
 3817 (vir)     1          32.367          -5.215          -2.094         -11.189           36.247
 3818 (vir)     1          32.383          -5.747          -2.294         -11.772           36.114
 3819 (vir)     1          32.409          -5.714          -2.260         -11.719           36.153
 3820 (vir)     1          32.415          -5.597          -2.161         -11.271           35.927
 3821 (vir)     1          32.447          -5.566          -2.168         -11.291           36.004
 3822 (vir)     1          32.447          -6.779          -1.371          -9.857           34.155
 3823 (vir)     1          32.455          -5.224          -2.100         -11.290           36.420
 3824 (vir)     1          32.466          -5.636          -2.247         -11.670           36.253
 3825 (vir)     1          32.512          -5.814          -2.303         -11.791           36.187
 3826 (vir)     1          32.538          -5.264          -2.138         -11.374           36.510
 3827 (vir)     1          32.556          -5.563          -2.115         -11.468           36.346
 3828 (vir)     1          32.558          -5.759          -2.278         -11.718           36.240
 3829 (vir)     1          32.597          -5.620          -2.224         -11.583           36.335
 3830 (vir)     1          32.607          -5.468          -2.096         -11.372           36.415
 3831 (vir)     1          32.613          -5.240          -2.194         -11.384           36.562
 3832 (vir)     1          32.625          -5.827          -2.228         -11.318           35.887
 3833 (vir)     1          32.630          -5.478          -2.167         -11.443           36.429
 3834 (vir)     1          32.643          -5.528          -2.126         -11.372           36.360
 3835 (vir)     1          32.656          -5.383          -2.106         -11.295           36.462
 3836 (vir)     1          32.663          -5.418          -2.105         -11.305           36.445
 3837 (vir)     1          32.667          -5.686          -2.231         -11.285           36.035
 3838 (vir)     1          32.671          -5.285          -2.085         -11.232           36.533
 3839 (vir)     1          32.674          -5.386          -2.091         -11.250           36.446
 3840 (vir)     1          32.778          -6.731          -1.349          -9.809           34.507
 3841 (vir)     1          32.783          -6.977          -2.208         -11.353           34.951
 3842 (vir)     1          32.883          -5.833          -2.205         -11.372           36.217
 3843 (vir)     1          32.970          -5.652          -2.217         -11.833           36.933
 3844 (vir)     1          32.989          -5.918          -2.194         -11.321           36.198
 3845 (vir)     1          33.003          -5.609          -2.211         -11.549           36.731
 3846 (vir)     1          33.034          -5.462          -2.208         -11.307           36.671
 3847 (vir)     1          33.062          -5.172          -2.212         -11.175           36.852
 3848 (vir)     1          33.090          -5.390          -2.221         -11.139           36.618
 3849 (vir)     1          33.103          -7.277          -1.327          -9.763           34.262
 3850 (vir)     1          33.118          -5.590          -2.225         -11.158           36.460
 3851 (vir)     1          33.142          -5.907          -2.143         -11.255           36.347
 3852 (vir)     1          33.144          -5.543          -2.222         -11.149           36.528
 3853 (vir)     1          33.152          -5.892          -2.153         -11.368           36.475
 3854 (vir)     1          33.156          -5.862          -2.152         -11.334           36.476
 3855 (vir)     1          33.169          -5.312          -2.221         -11.060           36.697
 3856 (vir)     1          33.184          -5.881          -2.151         -11.391           36.542
 3857 (vir)     1          33.190          -5.896          -2.149         -11.363           36.509
 3858 (vir)     1          33.204          -5.370          -2.228         -10.974           36.579
 3859 (vir)     1          33.232          -5.863          -2.147         -11.407           36.629
 3860 (vir)     1          33.249          -5.907          -2.149         -11.391           36.583
 3861 (vir)     1          33.251          -5.222          -2.239         -10.950           36.740
 3862 (vir)     1          33.286          -6.067          -2.450         -11.550           36.320
 3863 (vir)     1          33.294          -5.933          -2.142         -11.402           36.622
 3864 (vir)     1          33.305          -6.110          -2.438         -11.564           36.321
 3865 (vir)     1          33.307          -5.908          -2.094         -11.249           36.553
 3866 (vir)     1          33.308          -5.322          -2.249         -10.956           36.694
 3867 (vir)     1          33.319          -5.930          -2.299         -11.468           36.558
 3868 (vir)     1          33.339          -5.650          -2.272         -11.471           36.887
 3869 (vir)     1          33.354          -6.316          -2.411         -11.568           36.195
 3870 (vir)     1          33.373          -5.854          -2.134         -11.364           36.748
 3871 (vir)     1          33.373          -5.506          -2.260         -10.979           36.586
 3872 (vir)     1          33.386          -6.218          -2.398         -11.554           36.325
 3873 (vir)     1          33.397          -5.943          -2.225         -11.535           36.764
 3874 (vir)     1          33.420          -6.266          -2.325         -11.530           36.358
 3875 (vir)     1          33.420          -6.717          -1.306          -9.718           35.115
 3876 (vir)     1          33.442          -5.668          -2.290         -11.052           36.536
 3877 (vir)     1          33.443          -5.558          -2.392         -11.523           37.016
 3878 (vir)     1          33.460          -5.864          -2.066         -11.189           36.719
 3879 (vir)     1          33.468          -5.751          -2.103         -11.215           36.829
 3880 (vir)     1          33.482          -6.632          -2.365         -11.470           35.954
 3881 (vir)     1          33.484          -6.322          -2.579         -11.960           36.543
 3882 (vir)     1          33.489          -5.702          -2.188         -11.564           37.163
 3883 (vir)     1          33.490          -6.413          -2.618         -12.105           36.565
 3884 (vir)     1          33.495          -7.391          -2.530         -11.916           35.489
 3885 (vir)     1          33.497          -7.090          -2.528         -11.917           35.796
 3886 (vir)     1          33.518          -5.780          -2.362         -11.306           36.682
 3887 (vir)     1          33.520          -6.293          -2.518         -11.866           36.575
 3888 (vir)     1          33.525          -5.946          -2.337         -11.460           36.703
 3889 (vir)     1          33.530          -6.294          -2.571         -12.030           36.695
 3890 (vir)     1          33.532          -6.757          -2.522         -11.906           36.159
 3891 (vir)     1          33.535          -6.777          -2.509         -11.904           36.154
 3892 (vir)     1          33.555          -5.850          -2.315         -11.418           36.808
 3893 (vir)     1          33.557          -5.944          -1.937         -10.946           36.622
 3894 (vir)     1          33.566          -5.950          -2.128         -11.284           36.773
 3895 (vir)     1          33.570          -6.416          -2.418         -11.678           36.414
 3896 (vir)     1          33.581          -5.974          -2.515         -11.891           36.984
 3897 (vir)     1          33.589          -6.885          -2.485         -11.888           36.106
 3898 (vir)     1          33.589          -6.203          -2.434         -11.708           36.660
 3899 (vir)     1          33.593          -5.811          -2.123         -11.523           37.182
 3900 (vir)     1          33.607          -5.986          -2.476         -11.723           36.867
 3901 (vir)     1          33.613          -5.956          -2.326         -11.276           36.606
 3902 (vir)     1          33.628          -6.595          -2.368         -11.610           36.275
 3903 (vir)     1          33.639          -5.909          -2.455         -11.796           37.071
 3904 (vir)     1          33.651          -6.730          -2.437         -11.822           36.306
 3905 (vir)     1          33.657          -6.148          -2.321         -11.413           36.602
 3906 (vir)     1          33.664          -6.040          -2.429         -11.749           36.945
 3907 (vir)     1          33.667          -5.707          -2.143         -11.640           37.457
 3908 (vir)     1          33.674          -6.580          -2.202         -11.280           36.172
 3909 (vir)     1          33.683          -6.481          -2.340         -11.610           36.473
 3910 (vir)     1          33.701          -5.963          -2.365         -11.502           36.876
 3911 (vir)     1          33.703          -5.945          -2.386         -11.667           37.039
 3912 (vir)     1          33.711          -6.219          -2.254         -11.491           36.730
 3913 (vir)     1          33.726          -6.436          -1.286          -9.674           35.678
 3914 (vir)     1          33.728          -6.093          -2.334         -11.511           36.812
 3915 (vir)     1          33.737          -6.692          -2.430         -11.785           36.400
 3916 (vir)     1          33.738          -6.066          -2.400         -11.734           37.005
 3917 (vir)     1          33.745          -5.918          -2.102         -11.209           36.934
 3918 (vir)     1          33.762          -5.904          -2.222         -11.642           37.277
 3919 (vir)     1          33.770          -8.555          -2.233         -11.350           34.332
 3920 (vir)     1          33.772          -6.134          -2.376         -11.707           36.969
 3921 (vir)     1          33.798          -5.857          -2.295         -11.415           37.061
 3922 (vir)     1          33.801          -6.424          -2.467         -11.864           36.774
 3923 (vir)     1          33.803          -6.047          -2.273         -11.553           37.035
 3924 (vir)     1          33.806          -6.019          -2.396         -11.751           37.142
 3925 (vir)     1          33.833          -6.103          -2.397         -11.816           37.149
 3926 (vir)     1          33.849          -5.943          -2.236         -11.544           37.214
 3927 (vir)     1          33.857          -5.565          -2.269         -11.389           37.412
 3928 (vir)     1          33.868          -6.172          -2.415         -11.829           37.110
 3929 (vir)     1          33.876          -5.894          -2.305         -11.481           37.157
 3930 (vir)     1          33.887          -6.039          -2.217         -11.621           37.252
 3931 (vir)     1          33.903          -6.247          -2.493         -11.995           37.158
 3932 (vir)     1          33.931          -5.642          -2.423         -11.653           37.519
 3933 (vir)     1          33.940          -5.936          -2.245         -11.490           37.249
 3934 (vir)     1          33.948          -5.825          -2.294         -11.423           37.252
 3935 (vir)     1          33.972          -6.624          -2.607         -12.120           36.860
 3936 (vir)     1          33.974          -5.962          -2.182         -11.654           37.484
 3937 (vir)     1          33.977          -6.098          -2.501         -11.890           37.268
 3938 (vir)     1          33.996          -6.704          -2.733         -12.168           36.727
 3939 (vir)     1          34.012          -6.961          -2.634         -11.883           36.300
 3940 (vir)     1          34.018          -6.602          -1.266          -9.631           35.780
 3941 (vir)     1          34.033          -6.030          -2.238         -11.488           37.252
 3942 (vir)     1          34.044          -6.060          -2.296         -11.394           37.083
 3943 (vir)     1          34.046          -6.595          -2.500         -11.821           36.772
 3944 (vir)     1          34.056          -6.660          -2.620         -12.088           36.864
 3945 (vir)     1          34.058          -5.958          -2.160         -11.650           37.590
 3946 (vir)     1          34.058          -6.365          -2.621         -12.115           37.188
 3947 (vir)     1          34.082          -6.505          -2.434         -11.728           36.871
 3948 (vir)     1          34.122          -5.335          -2.234         -11.266           37.818
 3949 (vir)     1          34.124          -5.877          -2.089         -11.756           37.913
 3950 (vir)     1          34.127          -6.636          -2.452         -11.949           36.988
 3951 (vir)     1          34.148          -6.148          -2.350         -11.452           37.103
 3952 (vir)     1          34.153          -6.329          -2.394         -11.459           36.889
 3953 (vir)     1          34.187          -6.717          -2.444         -12.163           37.189
 3954 (vir)     1          34.191          -5.842          -2.048         -11.775           38.076
 3955 (vir)     1          34.223          -6.165          -2.370         -11.340           37.028
 3956 (vir)     1          34.226          -6.271          -2.378         -11.278           36.855
 3957 (vir)     1          34.227          -6.687          -2.431         -12.134           37.242
 3958 (vir)     1          34.241          -5.979          -2.044         -11.777           37.995
 3959 (vir)     1          34.254          -6.706          -2.424         -12.099           37.222
 3960 (vir)     1          34.269          -6.613          -2.380         -11.981           37.257
 3961 (vir)     1          34.270          -6.402          -2.433         -11.535           36.971
 3962 (vir)     1          34.273          -6.094          -2.070         -11.759           37.868
 3963 (vir)     1          34.281          -6.480          -2.326         -11.920           37.394
 3964 (vir)     1          34.287          -6.241          -2.224         -11.584           37.406
 3965 (vir)     1          34.288          -6.222          -2.106         -11.750           37.710
 3966 (vir)     1          34.290          -6.348          -1.247          -9.589           36.284
 3967 (vir)     1          34.294          -6.296          -2.128         -11.739           37.609
 3968 (vir)     1          34.300          -6.544          -2.395         -11.618           36.979
 3969 (vir)     1          34.315          -5.875          -2.020         -11.292           37.712
 3970 (vir)     1          34.325          -6.505          -2.384         -11.601           37.038
 3971 (vir)     1          34.350          -6.405          -2.407         -11.514           37.052
 3972 (vir)     1          34.351          -6.255          -2.424         -11.383           37.055
 3973 (vir)     1          34.367          -5.699          -1.949         -11.038           37.757
 3974 (vir)     1          34.414          -6.216          -2.338         -11.249           37.108
 3975 (vir)     1          34.420          -6.921          -2.384         -11.645           36.760
 3976 (vir)     1          34.429          -6.370          -2.418         -11.363           37.005
 3977 (vir)     1          34.451          -5.498          -1.977         -10.924           37.899
 3978 (vir)     1          34.497          -6.091          -2.305         -11.098           37.199
 3979 (vir)     1          34.501          -6.147          -2.413         -11.405           37.346
 3980 (vir)     1          34.504          -6.808          -2.388         -11.631           36.939
 3981 (vir)     1          34.541          -6.342          -1.230          -9.549           36.518
 3982 (vir)     1          34.557           2.515          -2.052         -10.964           45.983
 3983 (vir)     1          34.562          -6.521          -2.406         -11.481           37.116
 3984 (vir)     1          34.568          -6.543          -2.394         -11.601           37.232
 3985 (vir)     1          34.593          -6.037          -2.290         -11.053           37.319
 3986 (vir)     1          34.605          -6.341          -2.401         -11.554           37.417
 3987 (vir)     1          34.608          -6.561          -2.398         -11.587           37.236
 3988 (vir)     1          34.676          -6.495          -2.161         -11.030           37.050
 3989 (vir)     1          34.698          -6.941          -2.258         -11.071           36.569
 3990 (vir)     1          34.766          -6.125          -1.214          -9.511           36.938
 3991 (vir)     1          34.799          -6.082          -2.320         -11.024           37.421
 3992 (vir)     1          34.815          -6.720          -2.212         -11.226           37.108
 3993 (vir)     1          34.845          -6.735          -2.353         -11.838           37.595
 3994 (vir)     1          34.845          -6.735          -2.353         -11.838           37.595
 3995 (vir)     1          34.858          -8.152          -2.891         -11.890           35.706
 3996 (vir)     1          34.897          -7.905          -2.808         -11.793           35.976
 3997 (vir)     1          34.924          -6.301          -2.388         -11.101           37.336
 3998 (vir)     1          34.956          -6.894          -2.294         -11.377           37.145
 3999 (vir)     1          34.960          -6.626          -1.199          -9.475           36.610
 4000 (vir)     1          34.978          -7.886          -2.822         -11.857           36.127
 4001 (vir)     1          35.053          -6.173          -2.366         -11.076           37.588
 4002 (vir)     1          35.093          -7.749          -2.771         -11.851           36.425
 4003 (vir)     1          35.101          -7.035          -2.330         -11.456           37.192
 4004 (vir)     1          35.119          -5.993          -1.187          -9.444           37.383
 4005 (vir)     1          35.187          -6.249          -2.352         -11.090           37.676
 4006 (vir)     1          35.237          -6.378          -1.178          -9.419           37.101
 4007 (vir)     1          35.238          -7.607          -2.715         -11.850           36.766
 4008 (vir)     1          35.256          -7.275          -2.386         -11.550           37.146
 4009 (vir)     1          35.309          -7.320          -1.172          -9.403           36.220
 4010 (vir)     1          35.310          -6.913          -2.532         -11.973           37.838
 4011 (vir)     1          35.316          -7.059          -2.531         -11.973           37.700
 4012 (vir)     1          35.317          -6.325          -2.330         -11.104           37.766
 4013 (vir)     1          35.341          -6.786          -2.492         -11.972           38.035
 4014 (vir)     1          35.362          -6.914          -2.494         -11.928           37.882
 4015 (vir)     1          35.388          -6.703          -2.432         -12.021           38.274
 4016 (vir)     1          35.404          -7.330          -2.608         -11.729           37.196
 4017 (vir)     1          35.418          -7.397          -2.442         -11.644           37.223
 4018 (vir)     1          35.423          -6.697          -2.445         -11.824           38.105
 4019 (vir)     1          35.430          -6.544          -2.369         -11.251           37.768
 4020 (vir)     1          35.454          -6.546          -2.343         -12.135           38.700
 4021 (vir)     1          35.487          -6.538          -2.399         -11.765           38.316
 4022 (vir)     1          35.496          -6.359          -2.268         -11.085           37.954
 4023 (vir)     1          35.529          -6.278          -2.178         -12.198           39.272
 4024 (vir)     1          35.553          -6.232          -2.361         -11.739           38.699
 4025 (vir)     1          35.587          -7.553          -2.502         -11.738           37.270
 4026 (vir)     1          35.595          -7.595          -2.654         -11.927           37.272
 4027 (vir)     1          35.614          -6.160          -2.332         -11.714           38.835
 4028 (vir)     1          35.658          -6.339          -2.289         -11.602           38.631
 4029 (vir)     1          35.662          -6.264          -2.294         -11.472           38.576
 4030 (vir)     1          35.675          -6.381          -2.340         -11.474           38.428
 4031 (vir)     1          35.695          -6.264          -2.269         -11.571           38.733
 4032 (vir)     1          35.696          -6.443          -2.259         -11.648           38.643
 4033 (vir)     1          35.713          -7.594          -2.776         -12.326           37.669
 4034 (vir)     1          35.733          -6.535          -2.323         -11.538           38.414
 4035 (vir)     1          35.740          -6.261          -2.240         -11.732           38.972
 4036 (vir)     1          35.741          -6.437          -2.301         -11.479           38.481
 4037 (vir)     1          35.761          -7.776          -2.569         -11.832           37.249
 4038 (vir)     1          35.780          -6.394          -2.207         -11.773           38.952
 4039 (vir)     1          35.781          -6.543          -2.217         -11.751           38.772
 4040 (vir)     1          35.791          -7.664          -2.636         -11.966           37.458
 4041 (vir)     1          35.810          -6.460          -2.309         -11.509           38.551
 4042 (vir)     1          35.815          -6.565          -2.253         -11.868           38.864
 4043 (vir)     1          35.820          -7.324          -2.592         -12.282           38.187
 4044 (vir)     1          35.821          -6.382          -2.330         -11.441           38.550
 4045 (vir)     1          35.841          -6.454          -2.182         -11.797           39.003
 4046 (vir)     1          35.841          -6.369          -2.180         -11.795           39.088
 4047 (vir)     1          35.856          -6.426          -2.174         -11.800           39.057
 4048 (vir)     1          35.856          -6.344          -2.173         -11.802           39.140
 4049 (vir)     1          35.898          -6.236          -2.473         -11.117           38.306
 4050 (vir)     1          35.941          -8.020          -2.640         -11.929           37.211
 4051 (vir)     1          35.944          -7.337          -2.598         -12.384           38.393
 4052 (vir)     1          35.959          -6.515          -2.483         -11.096           38.057
 4053 (vir)     1          35.993          -7.762          -2.633         -12.012           37.610
 4054 (vir)     1          36.076          -7.366          -2.581         -12.387           38.516
 4055 (vir)     1          36.126          -8.201          -2.714         -12.032           37.243
 4056 (vir)     1          36.196          -7.942          -2.662         -12.080           37.671
 4057 (vir)     1          36.202          -7.742          -2.679         -12.322           38.103
 4058 (vir)     1          36.272          -8.734          -2.970         -12.271           36.839
 4059 (vir)     1          36.312          -8.546          -2.926         -12.379           37.219
 4060 (vir)     1          36.313          -8.383          -2.794         -12.149           37.286
 4061 (vir)     1          36.391          -8.336          -2.749         -12.198           37.505
 4062 (vir)     1          36.408          -7.646          -2.620         -12.478           38.620
 4063 (vir)     1          36.493          -8.751          -2.904         -12.312           37.151
 4064 (vir)     1          36.519          -9.077          -2.992         -12.117           36.567
 4065 (vir)     1          36.551          -7.516          -2.547         -12.457           38.945
 4066 (vir)     1          36.566          -9.029          -2.934         -12.419           37.022
 4067 (vir)     1          36.591          -8.856          -2.984         -12.147           36.899
 4068 (vir)     1          36.635          -9.818          -3.202         -12.634           36.249
 4069 (vir)     1          36.679          -9.458          -3.033         -12.399           36.587
 4070 (vir)     1          36.680          -9.860          -3.144         -12.479           36.155
 4071 (vir)     1          36.690          -9.015          -3.002         -12.449           37.121
 4072 (vir)     1          36.700          -7.821          -2.653         -12.277           38.502
 4073 (vir)     1          36.746          -9.916          -3.223         -12.704           36.312
 4074 (vir)     1          36.757          -9.812          -3.198         -12.761           36.508
 4075 (vir)     1          36.766         -10.036          -3.200         -12.551           36.081
 4076 (vir)     1          36.794          -9.574          -3.124         -12.686           36.782
 4077 (vir)     1          36.800          -9.158          -3.013         -12.635           37.263
 4078 (vir)     1          36.826          -9.628          -3.047         -12.366           36.518
 4079 (vir)     1          36.849          -8.541          -2.768         -12.122           37.662
 4080 (vir)     1          36.901          -7.831          -2.584         -12.392           38.878
 4081 (vir)     1          36.934          -8.532          -2.766         -12.319           37.955
 4082 (vir)     1          36.964          -9.502          -2.989         -12.351           36.823
 4083 (vir)     1          37.016          -8.622          -2.779         -12.078           37.693
 4084 (vir)     1          37.048          -7.605          -2.487         -12.353           39.309
 4085 (vir)     1          37.109          -8.255          -2.660         -12.280           38.474
 4086 (vir)     1          37.125          -6.874          -2.199         -11.335           39.387
 4087 (vir)     1          37.138          -9.517          -2.968         -12.365           37.018
 4088 (vir)     1          37.189          -7.919          -2.521         -11.845           38.594
 4089 (vir)     1          37.195          -7.461          -2.429         -12.373           39.679
 4090 (vir)     1          37.202          -9.065          -2.961         -12.271           37.447
 4091 (vir)     1          37.204         -10.174          -3.445         -13.195           36.780
 4092 (vir)     1          37.222          -9.929          -3.334         -13.019           36.978
 4093 (vir)     1          37.239         -10.152          -3.422         -13.150           36.815
 4094 (vir)     1          37.267          -8.158          -2.646         -12.131           38.595
 4095 (vir)     1          37.270         -10.121          -3.376         -13.071           36.845
 4096 (vir)     1          37.295          -8.508          -2.706         -12.348           38.429
 4097 (vir)     1          37.297         -10.018          -3.336         -13.037           36.980
 4098 (vir)     1          37.333          -9.606          -2.947         -12.385           37.165
 4099 (vir)     1          37.345         -10.089          -3.339         -13.005           36.923
 4100 (vir)     1          37.347          -7.901          -2.555         -12.468           39.360
 4101 (vir)     1          37.370          -8.643          -2.812         -12.326           38.242
 4102 (vir)     1          37.389          -9.385          -3.072         -12.630           37.562
 4103 (vir)     1          37.432          -9.190          -2.980         -12.342           37.604
 4104 (vir)     1          37.451          -9.552          -3.092         -12.773           37.580
 4105 (vir)     1          37.461          -8.506          -2.666         -12.393           38.683
 4106 (vir)     1          37.475          -8.959          -2.900         -12.456           38.072
 4107 (vir)     1          37.507          -8.022          -2.556         -12.425           39.353
 4108 (vir)     1          37.540          -9.261          -2.831         -12.371           37.820
 4109 (vir)     1          37.544          -9.774          -3.092         -12.703           37.381
 4110 (vir)     1          37.580          -9.144          -2.946         -12.532           38.022
 4111 (vir)     1          37.620          -9.412          -2.949         -12.417           37.676
 4112 (vir)     1          37.624          -9.045          -2.780         -12.467           38.266
 4113 (vir)     1          37.637          -7.855          -2.457         -12.316           39.641
 4114 (vir)     1          37.671          -9.346          -2.863         -12.253           37.715
 4115 (vir)     1          37.680          -9.152          -2.949         -12.564           38.143
 4116 (vir)     1          37.717          -8.563          -2.625         -12.408           38.937
 4117 (vir)     1          37.749          -9.252          -2.824         -12.436           38.109
 4118 (vir)     1          37.759          -7.888          -2.429         -12.244           39.686
 4119 (vir)     1          37.772          -9.282          -2.944         -12.579           38.125
 4120 (vir)     1          37.819         -10.002          -2.973         -12.485           37.330
 4121 (vir)     1          37.826          -8.806          -2.742         -12.522           38.800
 4122 (vir)     1          37.857          -8.774          -2.627         -12.268           38.723
 4123 (vir)     1          37.862          -8.012          -2.416         -12.172           39.606
 4124 (vir)     1          37.875          -8.720          -2.719         -12.494           38.931
 4125 (vir)     1          37.891          -9.225          -2.783         -12.093           37.977
 4126 (vir)     1          37.909          -8.833          -2.736         -12.531           38.872
 4127 (vir)     1          37.934          -8.079          -2.395         -12.107           39.567
 4128 (vir)     1          37.934          -8.374          -2.471         -12.133           39.221
 4129 (vir)     1          37.958          -8.616          -2.657         -12.488           39.173
 4130 (vir)     1          37.968          -8.683          -2.669         -12.502           39.117
 4131 (vir)     1          38.060         -10.550          -3.045         -12.511           36.976
 4132 (vir)     1          38.132          -9.338          -2.815         -12.158           38.138
 4133 (vir)     1          38.318         -10.683          -3.040         -12.539           37.134
 4134 (vir)     1          38.336          -9.664          -2.903         -12.463           38.231
 4135 (vir)     1          38.361          -9.712          -2.885         -12.527           38.290
 4136 (vir)     1          38.411          -9.480          -2.797         -12.289           38.422
 4137 (vir)     1          38.553          -9.794          -2.941         -12.598           38.416
 4138 (vir)     1          38.606          -9.042          -2.919         -12.627           39.273
 4139 (vir)     1          38.611          -8.928          -2.923         -12.658           39.417
 4140 (vir)     1          38.613          -8.896          -2.772         -12.643           39.588
 4141 (vir)     1          38.644          -9.476          -2.816         -12.318           38.671
 4142 (vir)     1          38.665          -9.709          -2.855         -12.641           38.741
 4143 (vir)     1          38.724          -8.517          -2.527         -12.537           40.218
 4144 (vir)     1          38.725          -8.809          -2.667         -12.562           39.811
 4145 (vir)     1          38.778          -8.558          -2.509         -12.555           40.265
 4146 (vir)     1          38.810          -8.605          -2.534         -12.583           40.253
 4147 (vir)     1          38.846          -8.680          -2.514         -12.631           40.284
 4148 (vir)     1          38.851          -8.985          -2.603         -12.758           40.020
 4149 (vir)     1          38.857          -9.133          -2.655         -12.650           39.719
 4150 (vir)     1          38.861          -8.853          -2.564         -12.713           40.157
 4151 (vir)     1          38.868          -9.644          -2.811         -12.683           39.097
 4152 (vir)     1          38.880         -10.186          -2.826         -12.374           38.242
 4153 (vir)     1          38.892         -10.301          -2.958         -12.633           38.266
 4154 (vir)     1          38.994          -9.687          -3.124         -12.803           38.987
 4155 (vir)     1          39.026          -9.654          -3.087         -12.762           39.048
 4156 (vir)     1          39.111         -10.459          -2.841         -12.472           38.283
 4157 (vir)     1          39.136          -9.950          -2.936         -12.562           38.812
 4158 (vir)     1          39.190         -11.382          -3.054         -12.702           37.456
 4159 (vir)     1          39.330         -10.775          -2.852         -12.569           38.272
 4160 (vir)     1          39.432         -11.116          -3.160         -12.866           38.022
 4161 (vir)     1          39.448         -12.103          -3.100         -12.831           37.076
 4162 (vir)     1          39.472         -11.663          -3.305         -13.078           37.581
 4163 (vir)     1          39.532         -10.795          -2.783         -12.593           38.547
 4164 (vir)     1          39.539          -7.788          -1.843         -11.726           41.633
 4165 (vir)     1          39.539          -6.225          -1.863         -11.736           43.188
 4166 (vir)     1          39.559          -8.205          -1.790         -11.648           41.212
 4167 (vir)     1          39.562          -7.766          -1.889         -11.759           41.666
 4168 (vir)     1          39.577         -10.924          -3.060         -12.631           38.223
 4169 (vir)     1          39.587          -9.651          -1.777         -11.612           39.771
 4170 (vir)     1          39.602          -6.300          -1.843         -11.675           43.133
 4171 (vir)     1          39.627          -6.946          -1.884         -11.710           42.508
 4172 (vir)     1          39.646          -6.960          -1.693         -11.455           42.448
 4173 (vir)     1          39.682          -6.619          -1.666         -11.387           42.783
 4174 (vir)     1          39.702          -7.139          -1.782         -11.513           42.293
 4175 (vir)     1          39.709         -12.399          -3.087         -12.850           37.073
 4176 (vir)     1          39.715          -7.256          -2.033         -11.827           42.252
 4177 (vir)     1          39.719         -11.122          -2.808         -12.689           38.477
 4178 (vir)     1          39.836          -8.641          -2.341         -12.188           41.042
 4179 (vir)     1          39.871         -10.460          -2.672         -12.612           39.352
 4180 (vir)     1          39.965         -12.631          -3.093         -12.910           37.151
 4181 (vir)     1          39.995         -10.181          -2.686         -12.525           39.653
 4182 (vir)     1          40.020         -10.716          -2.773         -12.675           39.207
 4183 (vir)     1          40.025         -11.011          -2.880         -12.482           38.616
 4184 (vir)     1          40.261         -12.921          -3.098         -12.855           37.097
 4185 (vir)     1          40.385         -12.113          -2.996         -12.882           38.159
 4186 (vir)     1          40.420         -11.056          -3.062         -13.130           39.431
 4187 (vir)     1          40.443         -12.191          -2.936         -12.767           38.083
 4188 (vir)     1          40.551         -11.281          -3.053         -13.217           39.435
 4189 (vir)     1          40.690         -11.439          -3.102         -13.357           39.505
 4190 (vir)     1          40.753           4.122          -3.377         -13.190           54.688
 4191 (vir)     1          40.804         -11.841          -2.757         -12.291           38.497
 4192 (vir)     1          40.841         -11.543          -3.110         -13.421           39.610
 4193 (vir)     1          40.879         -11.489          -3.301         -13.057           39.145
 4194 (vir)     1          40.967         -12.298          -3.251         -12.759           38.177
 4195 (vir)     1          40.991         -11.447          -3.125         -13.472           39.891
 4196 (vir)     1          41.070         -11.466          -3.302         -13.334           39.636
 4197 (vir)     1          41.131         -10.679          -3.126         -13.505           40.831
 4198 (vir)     1          41.240         -11.030          -3.288         -13.359           40.281
 4199 (vir)     1          41.266          -9.858          -3.145         -13.556           41.820
 4200 (vir)     1          41.363         -11.393          -3.267         -13.374           40.076
 4201 (vir)     1          41.370          -9.890          -3.076         -13.361           41.765
 4202 (vir)     1          41.455         -12.352          -2.822         -12.342           38.623
 4203 (vir)     1          41.482          -9.060          -3.165         -13.634           42.891
 4204 (vir)     1          41.509         -11.145          -3.251         -13.438           40.551
 4205 (vir)     1          41.565          -7.183          -3.161         -13.603           44.824
 4206 (vir)     1          41.582           4.146          -3.195         -13.152           55.684
 4207 (vir)     1          41.614          -6.220          -3.183         -13.703           45.915
 4208 (vir)     1          41.631           3.962          -3.842         -13.867           55.618
 4209 (vir)     1          41.645          -5.254          -3.188         -13.723           46.926
 4210 (vir)     1          41.667           3.959          -3.832         -13.857           55.650
 4211 (vir)     1          41.702          -4.170          -3.182         -13.001           47.351
 4212 (vir)     1          41.724           3.893          -3.801         -13.819           55.635
 4213 (vir)     1          41.730          -3.030          -3.174         -13.456           48.982
 4214 (vir)     1          41.800           3.756          -3.789         -13.815           55.582
 4215 (vir)     1          41.848           4.757          -3.111         -13.363           56.856
 4216 (vir)     1          41.898           3.833          -3.757         -13.780           55.753
 4217 (vir)     1          41.910          -1.896          -3.055         -13.431           50.391
 4218 (vir)     1          42.004          -1.526          -2.965         -13.397           50.910
 4219 (vir)     1          42.012           3.810          -3.714         -13.742           55.850
 4220 (vir)     1          42.066          -1.134          -2.911         -13.377           51.397
 4221 (vir)     1          42.143           3.900          -3.543         -13.642           56.142
 4222 (vir)     1          42.154          -0.048          -2.893         -13.411           52.624
 4223 (vir)     1          42.223           4.063          -3.040         -13.251           56.496
 4224 (vir)     1          42.289          -5.407          -2.740         -12.005           46.146
 4225 (vir)     1          42.291           3.544          -3.591         -13.602           55.846
 4226 (vir)     1          42.311           0.875          -2.783         -13.306           53.708
 4227 (vir)     1          42.330           3.681          -3.160         -13.259           56.111
 4228 (vir)     1          42.431         -11.342          -2.879         -13.318           41.529
 4229 (vir)     1          42.436          -2.726          -1.655          -9.557           47.612
 4230 (vir)     1          42.436          -3.351          -1.655          -9.557           46.987
 4231 (vir)     1          42.439           3.662          -3.535         -13.555           56.122
 4232 (vir)     1          42.501           4.636          -2.818         -13.306           57.625
 4233 (vir)     1          42.506           3.500          -3.802         -14.031           56.234
 4234 (vir)     1          42.506           3.438          -3.803         -14.032           56.173
 4235 (vir)     1          42.539           3.465          -3.793         -14.022           56.233
 4236 (vir)     1          42.541           3.404          -3.797         -14.028           56.177
 4237 (vir)     1          42.582           3.718          -3.415         -13.468           56.353
 4238 (vir)     1          42.592           3.370          -3.774         -14.002           56.190
 4239 (vir)     1          42.597           3.318          -3.786         -14.021           56.151
 4240 (vir)     1          42.611           3.271          -3.340         -13.448           55.990
 4241 (vir)     1          42.623         -11.372          -2.864         -13.342           41.730
 4242 (vir)     1          42.661           3.304          -3.736         -13.961           56.189
 4243 (vir)     1          42.675           3.256          -3.770         -14.009           56.170
 4244 (vir)     1          42.701           3.658          -3.319         -13.418           56.459
 4245 (vir)     1          42.742           4.026          -3.057         -13.422           57.133
 4246 (vir)     1          42.744           3.264          -3.645         -13.843           56.205
 4247 (vir)     1          42.758           3.289          -3.403         -13.476           56.120
 4248 (vir)     1          42.779           3.251          -3.800         -14.057           56.287
 4249 (vir)     1          42.785           3.482          -3.340         -13.451           56.378
 4250 (vir)     1          42.823           3.293          -3.422         -13.542           56.236
 4251 (vir)     1          42.858           3.874          -3.068         -13.507           57.171
 4252 (vir)     1          42.867           3.143          -3.842         -14.151           56.319
 4253 (vir)     1          42.876           3.058          -3.707         -13.941           56.167
 4254 (vir)     1          42.939           4.064          -2.979         -13.477           57.501
 4255 (vir)     1          42.977           2.992          -3.749         -14.016           56.237
 4256 (vir)     1          43.004           2.929          -3.335         -13.331           55.930
 4257 (vir)     1          43.017           2.917          -3.707         -13.951           56.179
 4258 (vir)     1          43.017           3.915          -3.029         -13.495           57.398
 4259 (vir)     1          43.049           3.346          -3.411         -13.456           56.440
 4260 (vir)     1          43.050           3.363          -3.401         -13.445           56.457
 4261 (vir)     1          43.082           3.848          -3.090         -13.505           57.346
 4262 (vir)     1          43.129           3.666          -3.174         -13.538           57.159
 4263 (vir)     1          43.157           3.513          -3.260         -13.564           56.973
 4264 (vir)     1          43.164           3.325          -3.352         -13.573           56.709
 4265 (vir)     1          43.165           2.623          -3.536         -13.547           55.799
 4266 (vir)     1          43.166           2.749          -3.712         -14.004           56.207
 4267 (vir)     1          43.167           3.351          -3.365         -13.549           56.703
 4268 (vir)     1          43.182           3.143          -3.792         -14.135           56.667
 4269 (vir)     1          43.183           3.107          -3.841         -14.191           56.640
 4270 (vir)     1          43.189           3.300          -3.458         -13.713           56.743
 4271 (vir)     1          43.193           2.738          -3.571         -13.759           56.120
 4272 (vir)     1          43.225           3.089          -3.841         -14.204           56.676
 4273 (vir)     1          43.227           3.248          -3.463         -13.677           56.689
 4274 (vir)     1          43.238           3.094          -3.749         -14.049           56.632
 4275 (vir)     1          43.282           3.160          -3.767         -14.096           56.771
 4276 (vir)     1          43.319           3.136          -3.734         -14.068           56.789
 4277 (vir)     1          43.324           2.576          -3.683         -14.000           56.218
 4278 (vir)     1          43.332           2.982          -3.541         -13.698           56.471
 4279 (vir)     1          43.361           2.872          -3.689         -13.945           56.489
 4280 (vir)     1          43.398           3.139          -3.739         -14.102           56.900
 4281 (vir)     1          43.475           3.116          -3.737         -14.111           56.965
 4282 (vir)     1          43.476           2.482          -3.626         -13.974           56.306
 4283 (vir)     1          43.510           3.166          -3.477         -13.634           56.834
 4284 (vir)     1          43.553           3.111          -3.623         -13.933           56.975
 4285 (vir)     1          43.554           3.167          -3.727         -14.105           57.099
 4286 (vir)     1          43.609           2.417          -3.632         -13.850           56.244
 4287 (vir)     1          43.613           2.457          -3.606         -13.815           56.279
 4288 (vir)     1          43.631           3.226          -3.741         -14.111           57.228
 4289 (vir)     1          43.666           2.468          -3.524         -13.844           56.454
 4290 (vir)     1          43.710           2.886          -3.635         -13.982           56.943
 4291 (vir)     1          43.789           2.547          -3.525         -13.883           56.693
 4292 (vir)     1          43.824           4.061          -2.800         -13.444           58.529
 4293 (vir)     1          43.857           4.016          -2.833         -13.474           58.515
 4294 (vir)     1          43.871           2.840          -3.491         -13.905           57.126
 4295 (vir)     1          43.876           2.454          -3.613         -14.062           56.779
 4296 (vir)     1          43.880           2.501          -3.619         -14.063           56.824
 4297 (vir)     1          43.912           3.633          -2.995         -13.556           58.106
 4298 (vir)     1          43.948           3.396          -3.198         -13.732           57.877
 4299 (vir)     1          43.963           2.579          -3.214         -13.359           56.687
 4300 (vir)     1          44.000           3.088          -3.264         -13.765           57.589
 4301 (vir)     1          44.033           3.580          -3.104         -13.666           58.175
 4302 (vir)     1          44.040           2.379          -3.580         -14.007           56.846
 4303 (vir)     1          44.068           2.238          -3.597         -14.111           56.820
 4304 (vir)     1          44.105           3.492          -3.149         -13.697           58.144
 4305 (vir)     1          44.107           3.214          -3.394         -13.879           57.807
 4306 (vir)     1          44.162           2.269          -3.609         -14.121           56.943
 4307 (vir)     1          44.166           3.378          -3.297         -13.816           58.063
 4308 (vir)     1          44.175           3.266          -3.394         -13.897           57.944
 4309 (vir)     1          44.205           2.758          -3.420         -13.903           57.447
 4310 (vir)     1          44.207           3.320          -3.358         -13.863           58.032
 4311 (vir)     1          44.219           2.492          -3.459         -13.927           57.180
 4312 (vir)     1          44.239           2.558          -3.282         -13.581           57.096
 4313 (vir)     1          44.264           2.359          -3.616         -14.132           57.139
 4314 (vir)     1          44.364           2.049          -3.421         -13.881           56.874
 4315 (vir)     1          44.367           2.237          -3.620         -14.140           57.124
 4316 (vir)     1          44.384           2.297          -3.338         -13.768           57.110
 4317 (vir)     1          44.466           2.229          -3.617         -14.139           57.217
 4318 (vir)     1          44.554           2.280          -3.574         -14.087           57.347
 4319 (vir)     1          44.592           2.354          -3.403         -13.778           57.321
 4320 (vir)     1          44.599           2.254          -3.433         -13.780           57.201
 4321 (vir)     1          44.606           2.283          -3.256         -13.654           57.287
 4322 (vir)     1          44.607           2.362          -3.249         -13.649           57.369
 4323 (vir)     1          44.620           2.466          -3.588         -14.029           57.527
 4324 (vir)     1          44.634           2.553          -3.579         -13.962           57.569
 4325 (vir)     1          44.664           2.403          -3.580         -14.039           57.526
 4326 (vir)     1          44.675           2.440          -3.562         -13.994           57.546
 4327 (vir)     1          44.692           2.428          -3.517         -13.928           57.531
 4328 (vir)     1          44.714           2.547          -3.472         -13.970           57.759
 4329 (vir)     1          44.743           2.536          -3.392         -13.879           57.767
 4330 (vir)     1          44.767           2.491          -3.419         -13.941           57.779
 4331 (vir)     1          44.782           2.184          -3.543         -13.942           57.365
 4332 (vir)     1          44.792           2.282          -3.503         -13.986           57.556
 4333 (vir)     1          44.799           2.502          -3.365         -13.900           57.836
 4334 (vir)     1          44.822           2.483          -3.299         -13.847           57.853
 4335 (vir)     1          44.839           2.454          -3.284         -13.847           57.856
 4336 (vir)     1          44.860           2.387          -3.275         -13.837           57.809
 4337 (vir)     1          44.862           2.388          -2.984         -13.272           57.537
 4338 (vir)     1          44.862           2.386          -2.985         -13.273           57.536
 4339 (vir)     1          44.875           2.382          -3.333         -13.878           57.801
 4340 (vir)     1          44.892           2.001          -3.553         -14.014           57.354
 4341 (vir)     1          44.895           2.332          -3.292         -13.848           57.783
 4342 (vir)     1          44.907           1.929          -3.648         -14.060           57.249
 4343 (vir)     1          44.910           2.329          -3.316         -13.860           57.783
 4344 (vir)     1          44.917           2.257          -3.304         -13.850           57.719
 4345 (vir)     1          44.982           1.710          -3.660         -14.058           57.089
 4346 (vir)     1          44.987           1.792          -3.673         -14.095           57.200
 4347 (vir)     1          45.130           3.170          -2.968         -13.277           58.610
 4348 (vir)     1          45.134           3.031          -2.985         -13.310           58.491
 4349 (vir)     1          45.223           3.611          -2.903         -13.137           59.068
 4350 (vir)     1          45.226           2.359          -2.849         -13.038           57.775
 4351 (vir)     1          45.312           3.008          -2.926         -13.190           58.584
 4352 (vir)     1          45.334           2.045          -3.056         -13.408           57.731
 4353 (vir)     1          45.361           2.050          -3.020         -13.385           57.776
 4354 (vir)     1          45.368           2.936          -2.961         -13.205           58.549
 4355 (vir)     1          45.423           1.592          -3.526         -13.918           57.406
 4356 (vir)     1          45.423           1.912          -3.090         -13.442           57.687
 4357 (vir)     1          45.424           1.588          -3.527         -13.918           57.402
 4358 (vir)     1          45.431           2.995          -2.887         -13.227           58.765
 4359 (vir)     1          45.503           2.773          -2.920         -13.180           58.536
 4360 (vir)     1          45.506           2.122          -3.046         -13.395           57.977
 4361 (vir)     1          45.568           1.963          -3.097         -13.450           57.884
 4362 (vir)     1          45.579           2.395          -2.967         -13.394           58.401
 4363 (vir)     1          45.639           1.945          -3.043         -13.451           57.991
 4364 (vir)     1          45.702           2.631          -3.041         -13.352           58.644
 4365 (vir)     1          45.722           2.301          -2.977         -13.402           58.447
 4366 (vir)     1          45.734           2.335          -3.049         -13.360           58.381
 4367 (vir)     1          45.797           2.144          -2.939         -13.433           58.436
 4368 (vir)     1          45.832           1.757          -3.127         -13.519           57.981
 4369 (vir)     1          45.872           1.493          -3.306         -13.574           57.633
 4370 (vir)     1          45.872           1.465          -3.306         -13.573           57.605
 4371 (vir)     1          45.881           1.499          -3.336         -13.608           57.651
 4372 (vir)     1          45.881           1.365          -3.350         -13.623           57.519
 4373 (vir)     1          45.892           1.248          -3.417         -13.697           57.420
 4374 (vir)     1          45.892           1.435          -3.382         -13.661           57.606
 4375 (vir)     1          45.902           1.248          -3.450         -13.739           57.439
 4376 (vir)     1          45.903           1.242          -3.499         -13.792           57.437
 4377 (vir)     1          45.908           1.649          -3.105         -13.513           57.964
 4378 (vir)     1          45.909           1.122          -3.570         -13.874           57.335
 4379 (vir)     1          45.911           1.213          -3.503         -13.799           57.421
 4380 (vir)     1          45.912           2.136          -3.008         -13.525           58.564
 4381 (vir)     1          45.924           1.397          -3.237         -13.518           57.602
 4382 (vir)     1          45.961           1.489          -3.098         -13.375           57.726
 4383 (vir)     1          45.983           1.523          -3.115         -13.580           57.971
 4384 (vir)     1          46.002           1.732          -3.010         -13.489           58.213
 4385 (vir)     1          46.017           1.769          -3.126         -13.420           58.080
 4386 (vir)     1          46.030           2.003          -3.360         -13.714           58.387
 4387 (vir)     1          46.031           1.848          -3.315         -13.699           58.263
 4388 (vir)     1          46.053           1.635          -3.092         -13.584           58.180
 4389 (vir)     1          46.066           1.415          -3.075         -13.555           57.960
 4390 (vir)     1          46.076           1.920          -3.329         -13.727           58.394
 4391 (vir)     1          46.105           1.699          -3.073         -13.556           58.287
 4392 (vir)     1          46.111           1.824          -3.278         -13.761           58.419
 4393 (vir)     1          46.112           1.772          -3.091         -13.544           58.337
 4394 (vir)     1          46.147           1.722          -3.025         -13.530           58.373
 4395 (vir)     1          46.157           1.549          -2.969         -13.309           58.046
 4396 (vir)     1          46.169           1.737          -3.235         -13.740           58.412
 4397 (vir)     1          46.178           2.636          -3.028         -13.628           59.414
 4398 (vir)     1          46.214           1.763          -3.025         -13.674           58.627
 4399 (vir)     1          46.216           1.778          -3.199         -13.708           58.503
 4400 (vir)     1          46.242           1.936          -3.070         -13.270           58.378
 4401 (vir)     1          46.271           1.772          -3.182         -13.721           58.582
 4402 (vir)     1          46.304           1.741          -3.144         -13.663           58.564
 4403 (vir)     1          46.344           1.696          -3.211         -13.735           58.564
 4404 (vir)     1          46.352           1.632          -3.136         -13.564           58.413
 4405 (vir)     1          46.378           1.654          -3.247         -13.681           58.465
 4406 (vir)     1          46.382           1.701          -3.306         -13.776           58.553
 4407 (vir)     1          46.392           1.755          -3.369         -13.791           58.568
 4408 (vir)     1          46.394           1.694          -3.390         -13.809           58.508
 4409 (vir)     1          46.396           1.692          -3.403         -13.808           58.492
 4410 (vir)     1          46.436           1.390          -3.169         -13.625           58.282
 4411 (vir)     1          46.497           1.344          -3.164         -13.561           58.238
 4412 (vir)     1          46.517           1.530          -3.092         -13.668           58.622
 4413 (vir)     1          46.553           1.683          -3.073         -13.421           58.583
 4414 (vir)     1          46.602           1.536          -3.083         -13.698           58.753
 4415 (vir)     1          46.668           4.682          -2.745         -12.906           61.512
 4416 (vir)     1          46.703           1.513          -3.087         -13.746           58.874
 4417 (vir)     1          46.770           4.050          -3.053         -13.434           61.200
 4418 (vir)     1          46.782           1.852          -3.085         -13.734           59.282
 4419 (vir)     1          46.838           2.171          -3.149         -13.792           59.651
 4420 (vir)     1          46.848          -1.756          -3.413         -13.998           55.677
 4421 (vir)     1          46.854          -4.775          -3.387         -13.972           52.664
 4422 (vir)     1          46.866           3.180          -3.301         -13.897           60.642
 4423 (vir)     1          46.873           2.155          -3.246         -13.852           59.635
 4424 (vir)     1          46.891           1.398          -3.099         -13.741           58.931
 4425 (vir)     1          46.894           1.244          -3.167         -13.789           58.759
 4426 (vir)     1          46.900           2.518          -2.891         -12.785           59.312
 4427 (vir)     1          46.916           1.278          -3.066         -13.717           58.845
 4428 (vir)     1          46.918           1.849          -3.041         -13.704           59.429
 4429 (vir)     1          46.934           1.522          -2.995         -13.674           59.135
 4430 (vir)     1          46.935           1.715          -2.994         -13.674           59.330
 4431 (vir)     1          47.011          -0.835          -3.042         -13.296           56.431
 4432 (vir)     1          47.180          -4.937          -3.113         -13.528           52.658
 4433 (vir)     1          47.341          -5.321          -3.167         -13.568           52.422
 4434 (vir)     1          47.450          -5.770          -3.214         -13.536           52.003
 4435 (vir)     1          47.456           1.230          -3.328         -13.267           58.626
 4436 (vir)     1          47.489           0.979          -3.320         -13.300           58.448
 4437 (vir)     1          47.530           0.549          -3.300         -13.352           58.131
 4438 (vir)     1          47.558          -4.389          -3.282         -13.518           53.405
 4439 (vir)     1          47.590           0.367          -3.241         -13.267           57.982
 4440 (vir)     1          47.625          -7.866          -2.117         -11.591           49.233
 4441 (vir)     1          47.639          -3.625          -3.222         -13.321           54.113
 4442 (vir)     1          47.677          -2.720          -3.003         -12.960           54.914
 4443 (vir)     1          47.684           0.374          -3.293         -13.337           58.102
 4444 (vir)     1          47.742          -0.899          -3.284         -13.523           57.082
 4445 (vir)     1          47.799          -0.083          -3.234         -13.267           57.749
 4446 (vir)     1          47.801          -1.440          -2.991         -13.495           56.865
 4447 (vir)     1          47.802          -1.475          -2.995         -13.498           56.830
 4448 (vir)     1          47.844          -0.888          -3.264         -13.498           57.190
 4449 (vir)     1          47.889          -0.430          -3.241         -13.355           57.573
 4450 (vir)     1          47.947          -0.899          -3.241         -13.445           57.252
 4451 (vir)     1          48.007          -0.900          -3.199         -13.413           57.321
 4452 (vir)     1          48.052          -0.876          -3.209         -13.344           57.311
 4453 (vir)     1          48.075          -1.140          -3.145         -13.313           57.102
 4454 (vir)     1          48.103          -1.496          -3.117         -13.275           56.765
 4455 (vir)     1          48.181          -1.241          -3.179         -13.440           57.202
 4456 (vir)     1          48.195          -1.600          -3.066         -13.206           56.734
 4457 (vir)     1          48.227          -1.010          -3.183         -13.353           57.387
 4458 (vir)     1          48.268          -1.310          -3.125         -13.236           57.068
 4459 (vir)     1          48.414          -2.532          -2.647         -13.045           56.280
 4460 (vir)     1          48.514          -1.910          -2.671         -13.071           57.003
 4461 (vir)     1          48.671          -1.554          -2.712         -13.124           57.530
 4462 (vir)     1          48.822          -2.872          -2.575         -12.765           56.140
 4463 (vir)     1          48.864          -2.583          -3.012         -13.203           56.472
 4464 (vir)     1          48.865          -2.581          -3.012         -13.205           56.477
 4465 (vir)     1          48.958           0.556          -2.277         -12.117           59.353
 4466 (vir)     1          49.068          -1.873          -2.795         -13.211           57.611
 4467 (vir)     1          49.308          -2.000          -2.802         -13.184           57.690
 4468 (vir)     1          49.502          -2.047          -2.846         -13.226           57.836
 4469 (vir)     1          49.528          -2.521          -2.972         -13.154           57.188
 4470 (vir)     1          49.535          -2.646          -3.009         -13.207           57.087
 4471 (vir)     1          49.603          -2.457          -2.916         -13.144           57.374
 4472 (vir)     1          49.617          -2.615          -3.031         -13.322           57.294
 4473 (vir)     1          49.739          -2.034          -2.870         -13.253           58.088
 4474 (vir)     1          49.752          -2.630          -3.060         -13.432           57.493
 4475 (vir)     1          49.753          -2.601          -2.868         -13.112           57.395
 4476 (vir)     1          49.794          -3.422          -2.561         -12.714           56.526
 4477 (vir)     1          49.885          -2.394          -3.043         -13.369           57.817
 4478 (vir)     1          49.886          -2.403          -3.083         -13.420           57.820
 4479 (vir)     1          49.917          -2.726          -3.087         -13.535           57.639
 4480 (vir)     1          49.935          -2.476          -3.052         -13.394           57.801
 4481 (vir)     1          49.960          -2.294          -3.135         -13.500           58.031
 4482 (vir)     1          49.972          -2.763          -2.849         -13.127           57.487
 4483 (vir)     1          49.982          -2.690          -2.767         -13.104           57.630
 4484 (vir)     1          50.048          -2.823          -2.905         -13.219           57.539
 4485 (vir)     1          50.057          -2.681          -2.907         -13.256           57.725
 4486 (vir)     1          50.080          -2.349          -3.108         -13.503           58.125
 4487 (vir)     1          50.088          -2.825          -3.095         -13.590           57.758
 4488 (vir)     1          50.159          -2.499          -2.793         -13.168           58.035
 4489 (vir)     1          50.191          -2.470          -3.165         -13.585           58.141
 4490 (vir)     1          50.197          -2.800          -3.107         -13.624           57.914
 4491 (vir)     1          50.209          -2.446          -2.836         -13.223           58.151
 4492 (vir)     1          50.254          -3.229          -2.716         -13.041           57.350
 4493 (vir)     1          50.287          -2.571          -2.926         -13.258           58.047
 4494 (vir)     1          50.302          -2.386          -3.273         -13.863           58.506
 4495 (vir)     1          50.302          -1.734          -3.452         -14.001           59.118
 4496 (vir)     1          50.327          -2.320          -3.332         -13.808           58.483
 4497 (vir)     1          50.330          -1.933          -3.414         -13.989           58.972
 4498 (vir)     1          50.340          -2.025          -3.353         -13.939           58.901
 4499 (vir)     1          50.367          -2.976          -2.847         -13.176           57.720
 4500 (vir)     1          50.460          -2.328          -3.369         -13.870           58.633
 4501 (vir)     1          50.510          -3.317          -2.809         -13.118           57.502
 4502 (vir)     1          50.543          -2.706          -3.036         -13.418           58.219
 4503 (vir)     1          50.563          -3.751          -2.784         -13.046           57.074
 4504 (vir)     1          50.579          -2.395          -3.272         -13.737           58.648
 4505 (vir)     1          50.598          -2.613          -2.781         -12.975           58.179
 4506 (vir)     1          50.601          -3.728          -2.849         -13.139           57.163
 4507 (vir)     1          50.619          -2.922          -2.771         -12.973           57.899
 4508 (vir)     1          50.648          -2.664          -2.754         -12.966           58.196
 4509 (vir)     1          50.675          -2.816          -3.193         -13.670           58.335
 4510 (vir)     1          50.682          -2.849          -3.127         -13.561           58.267
 4511 (vir)     1          50.685          -2.613          -2.737         -12.965           58.300
 4512 (vir)     1          50.700          -3.131          -3.024         -13.418           57.963
 4513 (vir)     1          50.725          -3.202          -2.716         -12.968           57.775
 4514 (vir)     1          50.749          -3.830          -2.679         -12.953           57.194
 4515 (vir)     1          50.762          -3.480          -2.691         -12.975           57.565
 4516 (vir)     1          50.772          -3.581          -2.680         -12.964           57.475
 4517 (vir)     1          50.783          -2.260          -3.532         -14.115           59.106
 4518 (vir)     1          50.789          -3.232          -3.091         -13.379           57.845
 4519 (vir)     1          50.852          -2.224          -3.570         -14.170           59.227
 4520 (vir)     1          50.894          -2.172          -3.586         -14.192           59.329
 4521 (vir)     1          50.915          -3.549          -3.142         -13.191           57.415
 4522 (vir)     1          51.019          -3.565          -3.069         -13.124           57.509
 4523 (vir)     1          51.201          -3.292          -3.041         -13.139           58.007
 4524 (vir)     1          51.248          -2.861          -3.062         -13.196           58.520
 4525 (vir)     1          51.299          -3.053          -2.970         -13.178           58.455
 4526 (vir)     1          51.312          -3.273          -3.212         -13.927           58.753
 4527 (vir)     1          51.312          -3.595          -3.191         -13.965           58.491
 4528 (vir)     1          51.329          -3.443          -3.256         -13.946           58.576
 4529 (vir)     1          51.384          -3.167          -3.296         -13.885           58.806
 4530 (vir)     1          51.414          -3.194          -3.044         -13.170           58.347
 4531 (vir)     1          51.474          -3.066          -3.348         -13.909           58.969
 4532 (vir)     1          51.558          -3.511          -3.031         -13.189           58.205
 4533 (vir)     1          51.603          -2.999          -3.365         -13.880           59.119
 4534 (vir)     1          51.715          -3.625          -3.151         -13.358           58.297
 4535 (vir)     1          51.726          -3.102          -2.971         -13.103           58.756
 4536 (vir)     1          51.750          -3.306          -3.331         -13.791           58.904
 4537 (vir)     1          51.788          -5.135          -2.730         -12.924           56.848
 4538 (vir)     1          51.792          -5.130          -2.727         -12.920           56.855
 4539 (vir)     1          51.853          -3.447          -3.135         -13.267           58.538
 4540 (vir)     1          51.859          -3.700          -3.183         -13.380           58.357
 4541 (vir)     1          51.917          -3.357          -3.352         -13.805           59.013
 4542 (vir)     1          51.917          -3.638          -3.168         -13.353           58.463
 4543 (vir)     1          51.982          -3.902          -3.280         -13.484           58.283
 4544 (vir)     1          52.010          -4.005          -3.290         -13.486           58.201
 4545 (vir)     1          52.040          -3.871          -3.345         -13.544           58.367
 4546 (vir)     1          52.052          -3.971          -3.357         -13.554           58.278
 4547 (vir)     1          52.059          -3.850          -3.377         -13.575           58.407
 4548 (vir)     1          52.081          -3.396          -3.364         -13.808           59.129
 4549 (vir)     1          52.194          -3.539          -3.244         -13.469           58.881
 4550 (vir)     1          52.251          -4.023          -2.783         -12.895           58.340
 4551 (vir)     1          52.267          -3.610          -3.319         -13.665           59.003
 4552 (vir)     1          52.367          -3.880          -3.238         -13.554           58.803
 4553 (vir)     1          52.391          -4.185          -3.314         -13.684           58.576
 4554 (vir)     1          52.393          -4.173          -3.320         -13.693           58.592
 4555 (vir)     1          52.437          -4.721          -2.939         -13.254           58.031
 4556 (vir)     1          52.481          -4.603          -2.922         -13.231           58.188
 4557 (vir)     1          52.554          -4.750          -2.892         -13.193           58.105
 4558 (vir)     1          52.647          -4.029          -3.253         -13.606           58.970
 4559 (vir)     1          52.658          -5.181          -2.855         -13.145           57.767
 4560 (vir)     1          52.687          -3.899          -3.210         -13.512           59.090
 4561 (vir)     1          52.789          -5.206          -2.888         -13.168           57.863
 4562 (vir)     1          52.818          -4.092          -3.408         -13.844           59.162
 4563 (vir)     1          52.818          -3.925          -3.396         -13.830           59.327
 4564 (vir)     1          52.835          -4.050          -3.394         -13.806           59.197
 4565 (vir)     1          52.838          -4.063          -3.394         -13.792           59.174
 4566 (vir)     1          52.856          -4.543          -3.157         -13.301           58.457
 4567 (vir)     1          52.865          -4.081          -3.306         -13.681           59.159
 4568 (vir)     1          52.878          -4.531          -3.196         -13.603           58.754
 4569 (vir)     1          52.910          -4.382          -3.250         -13.677           58.955
 4570 (vir)     1          52.930          -4.521          -3.178         -13.631           58.862
 4571 (vir)     1          52.965          -4.588          -3.199         -13.645           58.822
 4572 (vir)     1          52.978          -4.752          -3.120         -13.562           58.667
 4573 (vir)     1          53.009          -4.959          -3.145         -13.598           58.503
 4574 (vir)     1          53.012          -4.858          -3.084         -13.521           58.591
 4575 (vir)     1          53.035          -5.154          -3.062         -13.531           58.349
 4576 (vir)     1          53.036          -5.075          -3.095         -13.570           58.435
 4577 (vir)     1          53.043          -4.226          -2.633         -12.733           58.918
 4578 (vir)     1          53.044          -5.221          -3.073         -13.592           58.341
 4579 (vir)     1          53.054          -5.952          -2.923         -13.180           57.359
 4580 (vir)     1          53.065          -5.938          -2.869         -13.320           57.578
 4581 (vir)     1          53.098          -3.883          -3.418         -13.788           59.585
 4582 (vir)     1          53.107          -5.464          -2.972         -13.431           58.103
 4583 (vir)     1          53.130          -6.005          -2.757         -13.103           57.472
 4584 (vir)     1          53.187          -4.219          -3.360         -13.731           59.339
 4585 (vir)     1          53.236          -4.824          -3.153         -13.532           58.791
 4586 (vir)     1          53.301          -4.070          -3.343         -13.617           59.504
 4587 (vir)     1          53.341          -6.573          -2.690         -12.983           57.060
 4588 (vir)     1          53.358          -6.412          -2.737         -13.029           57.238
 4589 (vir)     1          53.398          -4.445          -3.378         -13.743           59.317
 4590 (vir)     1          53.443          -6.331          -2.873         -13.155           57.394
 4591 (vir)     1          53.500          -5.355          -3.004         -13.072           58.212
 4592 (vir)     1          53.597          -4.314          -3.289         -13.546           59.541
 4593 (vir)     1          53.610          -6.152          -2.838         -13.074           57.694
 4594 (vir)     1          53.621          -6.329          -2.837         -13.108           57.563
 4595 (vir)     1          53.653          -4.778          -3.341         -13.664           59.199
 4596 (vir)     1          53.748          -4.750          -2.877         -13.102           59.222
 4597 (vir)     1          53.750          -6.247          -2.849         -13.079           57.733
 4598 (vir)     1          53.977          -7.193          -2.683         -12.999           57.100
 4599 (vir)     1          53.988          -4.376          -3.360         -13.633           59.885
 4600 (vir)     1          54.010          -5.309          -3.234         -13.454           58.921
 4601 (vir)     1          54.219          -5.383          -2.916         -13.219           59.139
 4602 (vir)     1          54.252          -1.129          -2.352         -12.005           62.775
 4603 (vir)     1          54.327          -7.870          -2.594         -12.953           56.818
 4604 (vir)     1          54.367          -4.566          -3.377         -13.673           60.097
 4605 (vir)     1          54.657          -5.697          -2.883         -13.214           59.291
 4606 (vir)     1          54.658          -6.066          -3.015         -13.072           58.648
 4607 (vir)     1          54.747          -5.197          -3.234         -13.445           59.761
 4608 (vir)     1          54.782           5.931          -2.557         -12.932           71.088
 4609 (vir)     1          54.812           4.212          -2.107         -12.207           69.123
 4610 (vir)     1          54.985          -0.534          -2.101         -12.403           64.753
 4611 (vir)     1          55.052          -4.683          -3.409         -13.764           60.723
 4612 (vir)     1          55.118          -6.065          -2.820         -13.153           59.385
 4613 (vir)     1          55.201          -0.983          -2.201         -12.605           64.622
 4614 (vir)     1          55.305           5.721          -2.500         -12.875           71.401
 4615 (vir)     1          55.356          -4.969          -3.399         -13.777           60.764
 4616 (vir)     1          55.562          -6.268          -2.931         -13.301           59.665
 4617 (vir)     1          55.611          -5.590          -3.218         -13.595           60.398
 4618 (vir)     1          55.616          -7.742          -2.239         -12.634           58.269
 4619 (vir)     1          55.787           5.210          -2.409         -12.781           71.369
 4620 (vir)     1          55.820          -5.452          -3.449         -13.881           60.800
 4621 (vir)     1          55.983          -5.246          -3.361         -13.744           61.120
 4622 (vir)     1          56.074           5.367          -2.192         -12.491           71.739
 4623 (vir)     1          56.101          -6.595          -2.899         -13.301           59.908
 4624 (vir)     1          56.112           2.672          -2.399         -12.153           68.538
 4625 (vir)     1          56.129          -5.863          -3.208         -13.646           60.703
 4626 (vir)     1          56.198          -5.486          -3.442         -13.897           61.167
 4627 (vir)     1          56.244           5.445          -2.286         -12.643           72.047
 4628 (vir)     1          56.340           4.650          -2.170         -12.403           71.222
 4629 (vir)     1          56.672          -1.113          -2.533         -12.855           65.881
 4630 (vir)     1          56.716           4.516          -2.339         -12.691           71.585
 4631 (vir)     1          56.784           5.831          -2.273         -12.656           72.998
 4632 (vir)     1          57.116           6.031          -2.526         -12.941           73.561
 4633 (vir)     1          57.193           4.524          -2.447         -12.907           72.177
 4634 (vir)     1          57.383           5.420          -2.262         -12.640           73.181
 4635 (vir)     1          57.626           5.814          -2.530         -13.011           73.921
 4636 (vir)     1          57.714           4.723          -2.452         -12.990           72.976
 4637 (vir)     1          57.811           5.430          -2.339         -12.579           73.480
 4638 (vir)     1          57.978           5.328          -2.259         -12.631           73.678
 4639 (vir)     1          58.217           4.246          -2.419         -12.998           73.042
 4640 (vir)     1          58.248           3.333          -2.168         -12.134           71.547
 4641 (vir)     1          58.251           5.703          -2.566         -13.154           74.542
 4642 (vir)     1          58.505           5.356          -2.270         -12.629           74.220
 4643 (vir)     1          58.542           4.405          -1.582         -11.644           73.009
 4644 (vir)     1          58.608           5.196          -2.471         -12.982           74.315
 4645 (vir)     1          58.664           4.121          -2.318         -12.911           73.378
 4646 (vir)     1          58.897           4.549          -2.299         -12.660           73.806
 4647 (vir)     1          58.944           5.138          -1.652         -11.744           74.173
 4648 (vir)     1          59.022           4.682          -2.337         -12.781           74.149
 4649 (vir)     1          59.103           4.355          -2.355         -13.044           74.147
 4650 (vir)     1          59.442           1.570          -1.467         -11.243           70.789
 4651 (vir)     1          59.471           4.627          -2.301         -13.006           74.803
 4652 (vir)     1          59.626           3.842          -2.081         -12.258           73.645
 4653 (vir)     1          59.665           4.139          -2.373         -12.821           74.251
 4654 (vir)     1          59.738           4.507          -2.260         -13.001           74.987
 4655 (vir)     1          59.875           4.054          -2.105         -12.311           74.134
 4656 (vir)     1          59.959           4.972          -2.251         -13.029           75.710
 4657 (vir)     1          60.047           2.859          -1.772         -12.167           73.301
 4658 (vir)     1          60.096           4.127          -2.105         -12.787           74.905
 4659 (vir)     1          60.300           3.856          -2.288         -12.702           74.570
 4660 (vir)     1          60.610           3.629          -2.203         -12.618           74.653
 4661 (vir)     1          60.659           3.538          -2.018         -12.284           74.463
 4662 (vir)     1          60.885           3.474          -2.110         -12.506           74.755
 4663 (vir)     1          60.986           3.243          -2.074         -12.469           74.624
 4664 (vir)     1          61.111           3.194          -2.040         -12.436           74.700
 4665 (vir)     1          61.133           3.318          -2.051         -12.462           74.862
 4666 (vir)     1          61.212           1.491          -1.594         -11.895           73.003
 4667 (vir)     1          61.275           0.882          -1.273         -10.800           71.684
 4668 (vir)     1          62.245           2.828          -2.061         -12.372           75.384
 4669 (vir)     1          62.245           2.827          -2.061         -12.371           75.383
 4670 (vir)     1          62.513           3.024          -1.558         -11.875           75.854
 4671 (vir)     1          63.265           0.779          -1.262         -11.125           73.906
 4672 (vir)     1          63.956           2.294          -1.506         -11.824           76.568
 4673 (vir)     1          64.621           0.918          -1.358         -11.627           75.809
 4674 (vir)     1          65.423           3.025          -1.825         -12.193           78.816
 4675 (vir)     1          65.467           3.257          -1.826         -12.198           79.096
 4676 (vir)     1          65.498           1.161          -1.346         -11.744           77.057
 4677 (vir)     1          65.587           2.285          -1.419         -11.726           78.179
 4678 (vir)     1          65.778           2.459          -1.782         -12.126           78.582
 4679 (vir)     1          65.885           1.462          -1.879         -12.326           77.794
 4680 (vir)     1          66.397           1.297          -1.265         -11.889           78.319
 4681 (vir)     1          66.411           1.546          -1.911         -12.419           78.464
 4682 (vir)     1          66.454           3.313          -1.596         -12.028           80.199
 4683 (vir)     1          66.603           3.338          -1.276         -12.468           81.133
 4684 (vir)     1          66.605           3.694          -1.219         -12.289           81.369
 4685 (vir)     1          66.634           3.413          -1.233         -12.300           81.115
 4686 (vir)     1          66.644           2.980          -1.273         -12.452           80.803
 4687 (vir)     1          66.737           2.815          -1.273         -12.259           80.538
 4688 (vir)     1          66.761           3.447          -1.240         -12.316           81.284
 4689 (vir)     1          66.770           3.468          -1.282         -12.426           81.381
 4690 (vir)     1          66.779           2.568          -1.287         -12.366           80.426
 4691 (vir)     1          66.874           4.877          -1.180         -12.134           82.704
 4692 (vir)     1          66.891           3.451          -1.312         -12.566           81.596
 4693 (vir)     1          67.011           3.646          -1.238         -12.264           81.683
 4694 (vir)     1          67.032           2.260          -1.696         -12.560           80.156
 4695 (vir)     1          67.050           2.125          -1.408         -12.239           80.007
 4696 (vir)     1          67.167           3.873          -1.216         -12.083           81.907
 4697 (vir)     1          67.186           2.991          -1.245         -11.940           80.873
 4698 (vir)     1          67.256           3.144          -1.340         -12.647           81.707
 4699 (vir)     1          67.286           2.499          -1.581         -12.623           80.827
 4700 (vir)     1          67.286          -0.689          -1.243         -12.162           77.516
 4701 (vir)     1          67.345           2.813          -1.389         -11.906           80.675
 4702 (vir)     1          67.430          -1.014          -1.153         -12.009           77.272
 4703 (vir)     1          67.589           2.298          -1.651         -12.428           80.664
 4704 (vir)     1          67.604           1.895          -1.320         -12.314           80.493
 4705 (vir)     1          67.649          -6.228          -1.234         -12.156           72.342
 4706 (vir)     1          67.706           0.241          -1.261         -11.957           78.642
 4707 (vir)     1          67.779           1.627          -1.287         -12.234           80.353
 4708 (vir)     1          67.784          -5.647          -1.148         -12.009           72.999
 4709 (vir)     1          67.859           2.736          -1.369         -12.534           81.761
 4710 (vir)     1          68.017           4.721          -1.239         -12.126           83.625
 4711 (vir)     1          68.110          -2.339          -1.184         -11.896           76.483
 4712 (vir)     1          68.215           1.167          -1.379         -11.992           79.996
 4713 (vir)     1          68.229           2.477          -1.380         -12.723           82.049
 4714 (vir)     1          68.245           0.737          -1.888         -12.568           79.663
 4715 (vir)     1          68.312           3.858          -1.253         -11.937           82.853
 4716 (vir)     1          68.350          -4.613          -1.246         -12.085           74.576
 4717 (vir)     1          68.383           1.259          -1.251         -12.011           80.403
 4718 (vir)     1          68.446           5.955          -1.121         -11.900           85.180
 4719 (vir)     1          68.498           2.136          -1.356         -12.419           81.697
 4720 (vir)     1          68.633          -0.771          -1.251         -12.089           78.701
 4721 (vir)     1          68.700          -1.588          -1.121         -11.885           77.876
 4722 (vir)     1          68.814           5.399          -1.255         -12.081           85.039
 4723 (vir)     1          68.858          -1.202          -1.117         -11.872           78.411
 4724 (vir)     1          68.931           2.703          -1.418         -12.877           83.094
 4725 (vir)     1          69.001           1.293          -1.877         -12.562           80.979
 4726 (vir)     1          69.060           2.540          -1.444         -12.666           82.821
 4727 (vir)     1          69.221           1.569          -1.351         -11.781           81.220
 4728 (vir)     1          69.634           1.626          -1.440         -12.075           81.895
 4729 (vir)     1          69.711           1.856          -1.616         -12.302           82.252
 4730 (vir)     1          69.745           2.460          -1.435         -12.907           83.677
 4731 (vir)     1          69.809           2.146          -1.449         -12.661           83.167
 4732 (vir)     1          69.884           1.573          -1.321         -11.950           82.087
 4733 (vir)     1          70.128           1.061          -1.324         -11.895           81.761
 4734 (vir)     1          70.249           2.442          -1.370         -12.008           83.330
 4735 (vir)     1          70.502           1.614          -1.691         -12.421           82.846
 4736 (vir)     1          70.620           1.984          -1.485         -12.678           83.798
 4737 (vir)     1          70.667           2.035          -1.447         -12.819           84.073
 4738 (vir)     1          70.777           1.675          -1.546         -12.254           83.160
 4739 (vir)     1          71.052           1.786          -1.366         -12.043           83.515
 4740 (vir)     1          71.150           2.224          -1.489         -12.188           84.073
 4741 (vir)     1          71.378           1.810          -1.420         -12.217           83.986
 4742 (vir)     1          71.438           1.776          -1.494         -12.588           84.308
 4743 (vir)     1          71.527          -0.957          -1.762         -12.578           81.386
 4744 (vir)     1          71.532           0.379          -1.428         -12.246           82.729
 4745 (vir)     1          71.671           1.655          -1.341         -12.030           84.015
 4746 (vir)     1          71.893           1.344          -1.451         -12.955           84.742
 4747 (vir)     1          72.009           1.875          -1.401         -12.218           84.702
 4748 (vir)     1          72.190           1.591          -1.501         -12.387           84.668
 4749 (vir)     1          72.329           1.995          -1.531         -12.446           85.239
 4750 (vir)     1          72.405          -0.538          -1.703         -12.519           82.683
 4751 (vir)     1          72.796           1.346          -1.522         -12.345           84.965
 4752 (vir)     1          72.954           0.797          -1.565         -12.348           84.534
 4753 (vir)     1          73.139           1.629          -1.464         -12.997           86.302
 4754 (vir)     1          73.185           0.728          -1.516         -12.266           84.664
 4755 (vir)     1          73.372           1.211          -1.232         -11.734           85.085
 4756 (vir)     1          73.465           2.312          -1.672         -12.612           86.717
 4757 (vir)     1          74.035           0.187          -1.270         -12.136           85.088
 4758 (vir)     1          74.341           1.312          -1.762         -12.714           86.604
 4759 (vir)     1          74.581           1.704          -1.468         -13.001           87.818
 4760 (vir)     1          75.169           1.386          -1.746         -12.726           87.535
 4761 (vir)     1          75.411           0.879          -1.182         -12.310           87.418
 4762 (vir)     1          75.470           0.843          -1.185         -11.732           86.861
 4763 (vir)     1          75.929           1.385          -1.713         -12.726           88.327
 4764 (vir)     1          76.126           1.234          -1.473         -13.040           88.927
 4765 (vir)     1          76.542           1.533          -1.679         -12.738           89.133
 4766 (vir)     1          76.791           1.220          -1.179         -12.447           89.279
 4767 (vir)     1          77.048           1.349          -1.696         -12.759           89.460
 4768 (vir)     1          77.358           1.287          -1.688         -12.764           89.721
 4769 (vir)     1          77.590           1.141          -1.217         -12.054           89.569
 4770 (vir)     1          77.600           0.894          -1.410         -12.835           89.920
 4771 (vir)     1          77.986           2.621          -1.131         -12.506           91.982
 4772 (vir)     1          78.665           2.824          -1.506         -13.272           93.254
 4773 (vir)     1          78.987           1.508          -1.110         -12.522           91.907
 4774 (vir)     1          79.079           2.175          -1.495         -13.241           93.000
 4775 (vir)     1          79.234           2.079          -1.442         -13.126           92.997
 4776 (vir)     1          79.626           1.378          -1.376         -13.036           92.663
 4777 (vir)     1          79.665           1.354          -1.098         -11.759           91.680
 4778 (vir)     1          79.683           1.334          -1.087         -12.498           92.428
 4779 (vir)     1          80.311           3.096          -1.321         -12.967           95.054
 4780 (vir)     1          81.116           2.119          -1.267         -12.886           94.853
 4781 (vir)     1          81.397           0.670          -1.379         -12.939           93.627
 4782 (vir)     1          81.557           1.549          -1.413         -12.986           94.678
 4783 (vir)     1          81.619           0.746          -1.060         -11.777           93.082
 4784 (vir)     1          81.821           1.040          -1.350         -12.902           94.414
 4785 (vir)     1          81.852           1.676          -1.208         -12.759           95.079
 4786 (vir)     1          82.222           1.718          -1.449         -13.038           95.528
 4787 (vir)     1          82.702           1.104          -1.326         -12.910           95.390
 4788 (vir)     1          83.111           1.396          -1.294         -12.622           95.835
 4789 (vir)     1          83.206           1.463          -1.317         -12.752           96.103
 4790 (vir)     1          83.227           1.011          -1.473         -13.112           95.878
 4791 (vir)     1          83.378           0.525          -1.031         -11.811           94.683
 4792 (vir)     1          83.789           0.785          -1.319         -12.980           96.235
 4793 (vir)     1          84.398           2.133          -1.317         -12.531           97.745
 4794 (vir)     1          84.483           1.174          -1.483         -13.203           97.377
 4795 (vir)     1          84.631           1.930          -1.299         -12.707           97.970
 4796 (vir)     1          84.831           2.727          -1.327         -13.100           99.331
 4797 (vir)     1          84.845           1.095          -1.000         -11.814           96.754
 4798 (vir)     1          85.366           2.051          -1.331         -13.028           99.114
 4799 (vir)     1          85.505           1.083          -1.379         -12.804           98.014
 4800 (vir)     1          85.636           2.140          -1.339         -13.250           99.688
 4801 (vir)     1          85.870           3.234          -1.413         -13.584          101.274
 4802 (vir)     1          85.873           1.665          -1.362         -13.242           99.416
 4803 (vir)     1          85.961           0.704          -0.980         -11.829           97.515
 4804 (vir)     1          85.977           0.827          -1.493         -13.306           98.618
 4805 (vir)     1          86.205           1.665          -1.350         -13.323           99.843
 4806 (vir)     1          86.210           2.118          -1.350         -13.393          100.372
 4807 (vir)     1          86.211           1.549          -1.342         -13.278           99.696
 4808 (vir)     1          86.461           1.921          -1.398         -13.666          100.650
 4809 (vir)     1          86.591           1.874          -1.370         -13.549          100.644
 4810 (vir)     1          86.617           1.957          -1.375         -13.581          100.780
 4811 (vir)     1          86.657           0.712          -0.968         -11.839           98.240
 4812 (vir)     1          87.209           1.062          -1.436         -13.043           99.878
 4813 (vir)     1          87.620           0.761          -1.502         -13.434          100.313
 4814 (vir)     1          89.209           0.838          -1.461         -13.255          101.841
 4815 (vir)     1          89.445           0.793          -1.501         -13.570          102.306
 4816 (vir)     1          91.431           1.022          -1.480         -13.468          104.441
 4817 (vir)     1          91.439           0.616          -1.497         -13.718          104.276
 4818 (vir)     1          93.597           0.542          -1.491         -13.879          106.526
 4819 (vir)     1          93.822           0.773          -1.496         -13.686          106.784
 4820 (vir)     1          95.910           0.548          -1.484         -14.051          109.025
 4821 (vir)     1          96.353           0.603          -1.512         -13.915          109.359
 4822 (vir)     1          98.365           0.446          -1.475         -14.232          111.567
 4823 (vir)     1          99.009           0.762          -1.527         -14.154          112.398
 4824 (vir)     1         100.937           0.403          -1.467         -14.423          114.296
 4825 (vir)     1         101.779           0.693          -1.542         -14.404          115.334
 4826 (vir)     1         103.595           0.369          -1.458         -14.619          117.125
 4827 (vir)     1         104.654           0.463          -1.557         -14.666          118.226
 4828 (vir)     1         106.293           0.404          -1.450         -14.818          120.065
 4829 (vir)     1         107.626           0.401          -1.572         -14.938          121.393
 4830 (vir)     1         108.972           0.302          -1.442         -15.015          122.847
 4831 (vir)     1         110.686           0.609          -1.587         -15.219          124.927
 4832 (vir)     1         111.562           0.446          -1.435         -15.204          125.778
 4833 (vir)     1         113.820           0.414          -1.602         -15.508          128.140
 4834 (vir)     1         113.980           0.428          -1.429         -15.380          128.359
 4835 (vir)     1         116.135           0.305          -1.424         -15.536          130.552
 4836 (vir)     1         117.009           0.276          -1.616         -15.804          131.473
 4837 (vir)     1         117.934           0.328          -1.420         -15.666          132.509
 4838 (vir)     1         119.292           0.267          -1.417         -15.764          133.906
 4839 (vir)     1         120.137           0.291          -1.415         -15.825          134.837
 4840 (vir)     1         120.229           0.362          -1.630         -16.102          135.063
 4841 (vir)     1         123.443           0.332          -1.644         -16.399          138.530
 4842 (vir)     1         126.601           0.312          -1.657         -16.691          141.948
 4843 (vir)     1         129.640           0.317          -1.669         -16.972          145.259
 4844 (vir)     1         132.479           0.305          -1.681         -17.234          148.337
 4845 (vir)     1         135.022           0.300          -1.691         -17.469          151.100
 4846 (vir)     1         137.163           0.288          -1.699         -17.666          153.418
 4847 (vir)     1         138.793           0.290          -1.706         -17.816          155.193
 4848 (vir)     1         139.815           0.275          -1.710         -17.910          156.289
 
